#,Opening Line,Sheet: Identified Source,API: published source,Source check,Original-Language Source (proposed V),Original confidence,Check,Original opening (matched),Ocean of Lights,Phelps Inventory,API source link
1,"Lauded and glorified art Thou, O Lord, my God!",Gleanings from the Writings of Bahá’u’lláh,Gleanings from the Writings of Bahá’u’lláh,agree,"O My God, Purify Me From Love of Aught Save Thee (BH08307) — «فسبحانک اللهم یا الهی کیف اذکرک بعد الذی ایقنت بان السن العارفین کلت عن ذکرک و ثنائک و منعت طیور افئدة المشتاقین عن الصعود الی سماء عزک و عرفانک لو اقول یا الهی» — https://oceanoflights.org/bahaullah-inba-092-fa/",linked translation,,فسبحانک اللهم یا الهی کیف اذکرک بعد الذی ایقنت بان السن العارفین کلت عن ذکرک و ثنائک و منعت طیور افئدة المشتاقین عن الصعود الی سماء عزک و عرفانک لو اقول یا الهی,https://oceanoflights.org/bahaullah-inba-092-fa/,https://portlandiator.github.io/PI_browser/?id=BH08307,https://oceanlibrary.com/gleanings-from-the-writings-of-bahaullah
2,"I testify that Thou art God, and that there is none other God besides Thee.",Prayers and Meditations,Prayers and Meditations,agree,On the Powerlessness of Knowledge and Speech to Attain unto God (al-Munáját:135) — «سُبْحَانَكَ اللَّهُمَّ يا إِلهِي أَشْهَدُ أَنَّكَ أَنْتَ اللَّهُ لا إِلهَ إِلاَّ أَنْتَ لَمْ تَزَلْ كُنْتَ مُقَدَّسًا عَنْ ذِكْرِ غَيْرِكَ وَمُتَعالِيًا عَنْ وَ» — https://oceanoflights.org/bahaullah-pm01-135-ar/,linked translation,,سُبْحَانَكَ اللَّهُمَّ يا إِلهِي أَشْهَدُ أَنَّكَ أَنْتَ اللَّهُ لا إِلهَ إِلاَّ أَنْتَ لَمْ تَزَلْ كُنْتَ مُقَدَّسًا عَنْ ذِكْرِ غَيْرِكَ وَمُتَعالِيًا عَنْ وَ,https://oceanoflights.org/bahaullah-pm01-135-ar/,,https://oceanlibrary.com/prayers-and-meditations-by-bahaullah?paraId=para_860
3,"Behold, how many are the mysteries that lie as yet unravelled within the tabernacle of the knowledge of God, and how numerous the gems of His wisdom that are still concealed in His inviolable treasuri",The Purposes and Objectives of Bahá’í Scholarship: Compilation and commentary',The Kitáb-i-Íqán,DIFFERS,Kitab-i-Iqan (The Book of Certitude) (BH00002) — «که چقدر از اسرار در سرادق علم الهی مستور است و چه مقدار جواهر علم او در خزائن عصمت مکنون تا یقین نمائی که صنع او را بدایت و نهایتی نبوده و نخواهد بود و فضای قضا» — https://oceanoflights.org/bahaullah-st-017-fa/,linked translation,,که چقدر از اسرار در سرادق علم الهی مستور است و چه مقدار جواهر علم او در خزائن عصمت مکنون تا یقین نمائی که صنع او را بدایت و نهایتی نبوده و نخواهد بود و فضای قضا,https://oceanoflights.org/bahaullah-st-017-fa/,https://portlandiator.github.io/PI_browser/?id=BH00002,https://oceanlibrary.com/kitab-i-iqan_bahaullah?paraId=para_190
4,"Praise be to God, the All-Possessing, the King of incomparable glory, a praise which is immeasurably above the understanding of all created things, and is exalted beyond the grasp of the minds of men.",Gleanings from the Writings of Bahá’u’lláh,Gleanings from the Writings of Bahá’u’lláh,agree,Tablet of Unity — «حمد مقدّس از عرفان ممکنات و منزّه از ادراک مدرکات مليک عزّ بی مثالی را سزاست که لم يزل مقدّس از ذکر دون خود بوده و لايزال متعالی از وصف ما سوی خواهد بود احدی بس» — https://oceanoflights.org/bahaullah-pub02-26-fa/,linked translation,,حمد مقدّس از عرفان ممکنات و منزّه از ادراک مدرکات مليک عزّ بی مثالی را سزاست که لم يزل مقدّس از ذکر دون خود بوده و لايزال متعالی از وصف ما سوی خواهد بود احدی بس,https://oceanoflights.org/bahaullah-pub02-26-fa/,,https://oceanlibrary.com/gleanings-from-the-writings-of-bahaullah
5,"The door of the knowledge of the Ancient Being hath ever been, and will continue for ever to be, closed in the face of men.",The Ocean of His Word,Gleanings from the Writings of Bahá’u’lláh,DIFFERS,Lawh-i-Salman I (BH00066) — «ای سلمان * سبيل کل بذات قِدَم مسدود بوده و طريق کلّ مقطوع خواهد بود * و محض فضل و عنايت شموس مشرقه از أفق أحديّه را بين ناس ظاهر فرموده و عرفان اين انفس مقدّسه » — https://oceanoflights.org/bahaullah-pub01-12-fa/,linked translation,,ای سلمان * سبيل کل بذات قِدَم مسدود بوده و طريق کلّ مقطوع خواهد بود * و محض فضل و عنايت شموس مشرقه از أفق أحديّه را بين ناس ظاهر فرموده و عرفان اين انفس مقدّسه ,https://oceanoflights.org/bahaullah-pub01-12-fa/,https://portlandiator.github.io/PI_browser/?id=BH00066,https://oceanlibrary.com/gleanings-from-the-writings-of-bahaullah
6,The Person of the Manifestation hath ever been the representative and mouthpiece of God.,Gleanings from the Writings of Bahá’u’lláh,Gleanings from the Writings of Bahá’u’lláh,agree,Glorified Be He Who Hath Made Manifest His Cause (Alváḥ-i-Mubárakih:17) (BH01652) — «هيكل ظهور قائم مقام حقّ بوده و هست اوست مطلع أسماء حسنى و مشرق صفات عليا * اگر از براى او شبهى ومثلى باشد كيف يثبت تقديس ذاته تعالى عن الشبه وتنزيه كينونته عن ا» — https://oceanoflights.org/bahaullah-pub01-17-fa/,linked translation,,هيكل ظهور قائم مقام حقّ بوده و هست اوست مطلع أسماء حسنى و مشرق صفات عليا * اگر از براى او شبهى ومثلى باشد كيف يثبت تقديس ذاته تعالى عن الشبه وتنزيه كينونته عن ا,https://oceanoflights.org/bahaullah-pub01-17-fa/,https://portlandiator.github.io/PI_browser/?id=BH01652,https://oceanlibrary.com/gleanings-from-the-writings-of-bahaullah
7,"To every discerning and illumined heart it is evident that God, the unknowable Essence, the Divine Being, is immensely exalted beyond every human attribute, such as corporeal existence, ascent and des",The Kitáb-i-Íqán,Gleanings from the Writings of Bahá’u’lláh,DIFFERS,Book of Certitude — «و بر اولی العلم و افئده منيره واضح است که غيب هُويّه و ذات احديّه مقدّس از بروز و ظهور و صعود و نزول و دخول و خروج بوده و متعاليست از وصف هر واصفی و ادراک هر مد» — https://oceanoflights.org/bahaullah-pub02-19-fa/,linked translation,,و بر اولی العلم و افئده منيره واضح است که غيب هُويّه و ذات احديّه مقدّس از بروز و ظهور و صعود و نزول و دخول و خروج بوده و متعاليست از وصف هر واصفی و ادراک هر مد,https://oceanoflights.org/bahaullah-pub02-19-fa/,,https://oceanlibrary.com/gleanings-from-the-writings-of-bahaullah
8,Know thou of a certainty that the Unseen can in no wise incarnate His essence and reveal it unto men.,Gleanings from the Writings of Bahá’u’lláh,Gleanings from the Writings of Bahá’u’lláh,agree,The Unseen Can in No Wise Incarnate His Essence (Muntakhabát-i-Áthár:20) — «قل إنّ الغيب لم يکن له من هيکل ليظهر به إنّه لم يزل کان مقدّسًا عمّا يذکر ويبصر إنّه لبالمنظر الأکبر ينطق إنّي أنا اللّه لا إله إلّا أنا العليم الحکيم قد أظهرت » — https://oceanoflights.org/bahaullah-pub02-20-ar/,linked translation,,قل إنّ الغيب لم يکن له من هيکل ليظهر به إنّه لم يزل کان مقدّسًا عمّا يذکر ويبصر إنّه لبالمنظر الأکبر ينطق إنّي أنا اللّه لا إله إلّا أنا العليم الحکيم قد أظهرت ,https://oceanoflights.org/bahaullah-pub02-20-ar/,,https://oceanlibrary.com/gleanings-from-the-writings-of-bahaullah
9,"Regard thou the one true God as One Who is apart from, and immeasurably exalted above, all created things.",Gleanings from the Writings of Bahá’u’lláh,Gleanings from the Writings of Bahá’u’lláh,agree,On the True Meaning of Divine Unity (Muntakhabát-i-Áthár:84) — «...حقّ را مقدّس از کلّ مشاهده کن او است مجلّی بر کلّ و مقدّس از کلّ اصل معنی توحید این است که حقّ وحده را مهیمن بر کلّ و مجلّی بر مرایای موجودات مشاهده نمائید ک» — https://oceanoflights.org/bahaullah-pub02-84-fa/,linked translation,,...حقّ را مقدّس از کلّ مشاهده کن او است مجلّی بر کلّ و مقدّس از کلّ اصل معنی توحید این است که حقّ وحده را مهیمن بر کلّ و مجلّی بر مرایای موجودات مشاهده نمائید ک,https://oceanoflights.org/bahaullah-pub02-84-fa/,,https://oceanlibrary.com/gleanings-from-the-writings-of-bahaullah
10,These Prophets and chosen Ones of God are the recipients and revealers of all the unchangeable attributes and names of God.,Divine Philosophy,The Kitáb-i-Íqán,DIFFERS,Kitab-i-Iqan (The Book of Certitude) (BH00002) — «و ایشانند محالّ و مظاهر جمیع صفات ازلیّه و اسماء الهیّه. و ایشانند مرایائی که تمام حکایت می نمایند و جمیع آنچه به ایشان راجع است فی الحقیقه به حضرت ظاهر مستور ر» — https://oceanoflights.org/bahaullah-st-017-fa/,linked translation,,و ایشانند محالّ و مظاهر جمیع صفات ازلیّه و اسماء الهیّه. و ایشانند مرایائی که تمام حکایت می نمایند و جمیع آنچه به ایشان راجع است فی الحقیقه به حضرت ظاهر مستور ر,https://oceanoflights.org/bahaullah-st-017-fa/,https://portlandiator.github.io/PI_browser/?id=BH00002,https://oceanlibrary.com/kitab-i-iqan_bahaullah?paraId=para_163
11,Know thou assuredly that the essence of all the Prophets of God is one and the same.,Gleanings from the Writings of Bahá’u’lláh,Gleanings from the Writings of Bahá’u’lláh,agree,Tablet to Mánikchí Ṣáḥib (Muntakhabát-i-Áthár:34) — «میان پیمبران جدائی ننهیم چون خواست همه یکی است و راز همگی یکسان جدائی و برتری میان ایشان روا نه پیمبر راستگو خود را بنام پیمبر پیشین خوانده پس چون کسی بنهان این» — https://oceanoflights.org/bahaullah-pub02-34-fa/,linked translation,,میان پیمبران جدائی ننهیم چون خواست همه یکی است و راز همگی یکسان جدائی و برتری میان ایشان روا نه پیمبر راستگو خود را بنام پیمبر پیشین خوانده پس چون کسی بنهان این,https://oceanoflights.org/bahaullah-pub02-34-fa/,,https://oceanlibrary.com/gleanings-from-the-writings-of-bahaullah
12,"Moreover, consider the hardships and the bitterness of the lives of those Revealers of the divine Beauty.",The Kitáb-i-Íqán,The Kitáb-i-Íqán,agree,Kitab-i-Iqan (The Book of Certitude) (BH00002) — «و دیگر زحمت و مرارت آن طلعات را ملاحظه نما که بی ناصر و معین ظاهری در مقابل جمیع اهل ارض اقامهٴ حدود اللّه می فرمایند. با آن همه ایذاء که بر آن وجود های مبارکهٴ» — https://oceanoflights.org/bahaullah-st-017-fa/,linked translation,,و دیگر زحمت و مرارت آن طلعات را ملاحظه نما که بی ناصر و معین ظاهری در مقابل جمیع اهل ارض اقامهٴ حدود اللّه می فرمایند. با آن همه ایذاء که بر آن وجود های مبارکهٴ,https://oceanoflights.org/bahaullah-st-017-fa/,https://portlandiator.github.io/PI_browser/?id=BH00002,https://oceanlibrary.com/kitab-i-iqan_bahaullah?paraId=para_57
13,"Furthermore, it is evident to thee that the Bearers of the trust of God are made manifest unto the peoples of the earth as the Exponents of a new Cause and the Bearers of a new Message.",The Kitáb-i-Íqán,Gleanings from the Writings of Bahá’u’lláh,DIFFERS,Book of Certitude — «يکی مقام صرف تجريد و جوهر تفريد و در اين مقام» — https://oceanoflights.org/bahaullah-pub02-22-fa/,linked translation,,يکی مقام صرف تجريد و جوهر تفريد و در اين مقام,https://oceanoflights.org/bahaullah-pub02-22-fa/,,https://oceanlibrary.com/gleanings-from-the-writings-of-bahaullah
14,"Having created the world and all that liveth and moveth therein, He, through the direct operation of His unconstrained and sovereign Will, chose to confer upon man the unique distinction and capacity",Gleanings from the Writings of Bahá’u’lláh,Gleanings from the Writings of Bahá’u’lláh,agree,On the Twofold Station of the Manifestation of God (Muntakhabát-i-Áthár:27) — «و بعد از خلق کلّ ممکنات و ایجاد موجودات بتجلّی اسم یا مختار انسانرا از بین امم و خلایق برای معرفت و محبّت خود که علّت غائی و سبب خلقت کائنات بود اختیار نمود....» — https://oceanoflights.org/bahaullah-pub02-27-fa/,linked translation,,و بعد از خلق کلّ ممکنات و ایجاد موجودات بتجلّی اسم یا مختار انسانرا از بین امم و خلایق برای معرفت و محبّت خود که علّت غائی و سبب خلقت کائنات بود اختیار نمود....,https://oceanoflights.org/bahaullah-pub02-27-fa/,,https://oceanlibrary.com/gleanings-from-the-writings-of-bahaullah
15,"And yet, is not the object of every Revelation to effect a transformation in the whole character of mankind, a transformation that shall manifest itself, both outwardly and inwardly, that shall affect",Social and Economic Development,The Kitáb-i-Íqán,DIFFERS,Kitab-i-Iqan (The Book of Certitude) (BH00002) — «و از جملهٴ کلمات مدلّه بر شرع جدید … با اینکه مقصود از هر ظهور، ظهور تغییر و تبدیل است در ارکان عالم سرّا و جهرا، ظاهرا و باطنا، چه اگر به هیچ وجه امورات ارض تغ» — https://oceanoflights.org/bahaullah-st-017-fa/,linked translation,,و از جملهٴ کلمات مدلّه بر شرع جدید … با اینکه مقصود از هر ظهور، ظهور تغییر و تبدیل است در ارکان عالم سرّا و جهرا، ظاهرا و باطنا، چه اگر به هیچ وجه امورات ارض تغ,https://oceanoflights.org/bahaullah-st-017-fa/,https://portlandiator.github.io/PI_browser/?id=BH00002,https://oceanlibrary.com/kitab-i-iqan_bahaullah?paraId=para_282
16,The Prophets and Messengers of God have been sent down for the sole purpose of guiding mankind to the straight Path of Truth.,"Bahá'u'lláh, A Brief Life: The Word Made Flesh",Gleanings from the Writings of Bahá’u’lláh,DIFFERS,"Possibly: Praise be unto God! Thanks be unto His loved ones, and glory unto His chosen ones who have… (BH00070) — «الّا علی قدر معلوم انبیا و مرسلین محض هدایت خلق بصراط مستقیم حقّ آمده‌اند و مقصود آنکه عباد تربیت شوند تا در حین صعود با کمال تقدیس و تنزیه و انقطاع قصد رفیق اع»",possible — verify,,الّا علی قدر معلوم انبیا و مرسلین محض هدایت خلق بصراط مستقیم حقّ آمده‌اند و مقصود آنکه عباد تربیت شوند تا در حین صعود با کمال تقدیس و تنزیه و انقطاع قصد رفیق اع,,https://portlandiator.github.io/PI_browser/?id=BH00070,https://oceanlibrary.com/gleanings-from-the-writings-of-bahaullah
17,God’s purpose in sending His Prophets unto men is twofold.,Gleanings from the Writings of Bahá’u’lláh,Peace,DIFFERS,Tablet to Mánikchí Ṣáḥib (Muntakhabát-i-Áthár:34) — «نمودار شد خواست یزدان از پدیداری فرستادگان دو چیز بود نخستین رهانیدن مردمان از تیرگی نادانی و رهنمائی بروشنائی دانائی دویم آسایش ایشان و شناختن و دانستن راههای » — https://oceanoflights.org/bahaullah-pub02-34-fa/,linked translation,,نمودار شد خواست یزدان از پدیداری فرستادگان دو چیز بود نخستین رهانیدن مردمان از تیرگی نادانی و رهنمائی بروشنائی دانائی دویم آسایش ایشان و شناختن و دانستن راههای ,https://oceanoflights.org/bahaullah-pub02-34-fa/,,https://oceanlibrary.com/peace_bahaullah?paraId=para_12
18,No man shall attain the shores of the ocean of true understanding except he be detached from all that is in heaven and on earth.,Gleanings from the Writings of Bahá’u’lláh,The Kitáb-i-Íqán,DIFFERS,Kitab-i-Iqan (The Book of Certitude) (BH00002) — «أنّ العباد لن یصلوا إلی شاطئ بحر العرفان إلّا بالانقطاع الصّرف عن کلّ من فی السّموات و الأرض. قدّسوا أنفسکم یا أهل الأرض لعلّ تصلنّ إلی المقام الّذی قدّر اللّه » — https://oceanoflights.org/bahaullah-st-017-fa/,linked translation,,أنّ العباد لن یصلوا إلی شاطئ بحر العرفان إلّا بالانقطاع الصّرف عن کلّ من فی السّموات و الأرض. قدّسوا أنفسکم یا أهل الأرض لعلّ تصلنّ إلی المقام الّذی قدّر اللّه ,https://oceanoflights.org/bahaullah-st-017-fa/,https://portlandiator.github.io/PI_browser/?id=BH00002,https://oceanlibrary.com/kitab-i-iqan_bahaullah?paraId=para_11
19,Consider the former generations.,Gleanings from the Writings of Bahá’u’lláh,Gleanings from the Writings of Bahá’u’lláh,agree,On the Rejection and Suffering of the Prophets Throughout History (Muntakhabát-i-Áthár:23) (BH02046) — «در قرون اولی تفکّر نما هر هنگام که آفتاب عنايت الهی از افق ظهور طالع شد ناس بر اعراض و اعتراض قيام نمودند و نفوسی که پيشوای خلق بودند لم يزل و لايزال ناس را از » — https://oceanoflights.org/bahaullah-pub02-23-fa/,linked translation,,در قرون اولی تفکّر نما هر هنگام که آفتاب عنايت الهی از افق ظهور طالع شد ناس بر اعراض و اعتراض قيام نمودند و نفوسی که پيشوای خلق بودند لم يزل و لايزال ناس را از ,https://oceanoflights.org/bahaullah-pub02-23-fa/,https://portlandiator.github.io/PI_browser/?id=BH02046,https://oceanlibrary.com/gleanings-from-the-writings-of-bahaullah
20,"He Who is the Dayspring of Truth is, no doubt, fully capable of rescuing from such remoteness wayward souls and of causing them to draw nigh unto His court and attain His Presence….",Gleanings from the Writings of Bahá’u’lláh,Gleanings from the Writings of Bahá’u’lláh,agree,The Purpose of Creation Is the Knowledge of God (Muntakhabát-i-Áthár:29) — «بلی آن سماء حقیقت قادر و مقتدر است که جمیع ناس را از شمال بعد و هوی بیمین قرب و لقا رساند … لو شآء الله لیکون النّاس أُمَّةً وَاحِدَةً ولکن مقصود صعود انفس طیّب» — https://oceanoflights.org/bahaullah-pub02-29-fa/,linked translation,,بلی آن سماء حقیقت قادر و مقتدر است که جمیع ناس را از شمال بعد و هوی بیمین قرب و لقا رساند … لو شآء الله لیکون النّاس أُمَّةً وَاحِدَةً ولکن مقصود صعود انفس طیّب,https://oceanoflights.org/bahaullah-pub02-29-fa/,,https://oceanlibrary.com/gleanings-from-the-writings-of-bahaullah
21,"That which the Lord hath ordained as the sovereign remedy and mightiest instrument for the healing of all the world is the union of all its peoples in one universal Cause, one common Faith.",Summons of the Lord of Hosts,Summons of the Lord of Hosts,agree,Lawh-i-Malikah Victoria (Tablet to Queen Victoria) (BH00662) — «وَالَّذِي جَعَلَهُ اللهُ الدِّرْياقَ الأَعْظَمَ وَالسَّبَبَ الأَتَمَّ لِصِحَّتِهِ هُوَ اتِّحادُ مَنْ عَلَى الأَرْضِ عَلَى أَمْرٍ وَاحِدٍ وَشَرِيعَةٍ واحِدَةٍ، ه» — https://oceanoflights.org/bahaullah-pub09-04-ar/,linked translation,,وَالَّذِي جَعَلَهُ اللهُ الدِّرْياقَ الأَعْظَمَ وَالسَّبَبَ الأَتَمَّ لِصِحَّتِهِ هُوَ اتِّحادُ مَنْ عَلَى الأَرْضِ عَلَى أَمْرٍ وَاحِدٍ وَشَرِيعَةٍ واحِدَةٍ، ه,https://oceanoflights.org/bahaullah-pub09-04-ar/,https://portlandiator.github.io/PI_browser/?id=BH00662,https://oceanlibrary.com/summons-of-the-lord-of-hosts_bahaullah
22,"Beware, O believers in the Unity of God, lest ye be tempted to make any distinction between any of the Manifestations of His Cause, or to discriminate against the signs that have accompanied and procl",Gleanings from the Writings of Bahá’u’lláh,Gleanings from the Writings of Bahá’u’lláh,agree,"Súriy-i-Madínatu't-Tawḥíd (City of Unity), excerpt (Muntakhabát-i-Áthár:24) — «... إيّاکم يا ملأ التّوحيد لا تفرّقوا في مظاهر أمر اللّه ولا فيما نزل عليهم من الآيات وهذا حقّ التّوحيد إن أنتم لمن الموقنين وکذلک في أفعالهم وأعمالهم وکلّما ظه» — https://oceanoflights.org/bahaullah-pub02-24-ar/",linked translation,,... إيّاکم يا ملأ التّوحيد لا تفرّقوا في مظاهر أمر اللّه ولا فيما نزل عليهم من الآيات وهذا حقّ التّوحيد إن أنتم لمن الموقنين وکذلک في أفعالهم وأعمالهم وکلّما ظه,https://oceanoflights.org/bahaullah-pub02-24-ar/,,https://oceanlibrary.com/gleanings-from-the-writings-of-bahaullah
23,O contending peoples and kindreds of the earth!,Gleanings from the Writings of Bahá’u’lláh,Gleanings from the Writings of Bahá’u’lláh,agree,Lawḥ-i-Ittiḥád (Tablet of Unity) (Muntakhabát-i-Áthár:111) — «ای احزاب مختلفه باتّحاد توجّه نمائید و بنور اتّفاق منوّر گردید لوجه الله در مقرّی حاضر شوید و آنچه سبب اختلاف است از میان بردارید تا جمیع عالم بانوار نیّر اعظم » — https://oceanoflights.org/bahaullah-pub02-111-fa/,linked translation,,ای احزاب مختلفه باتّحاد توجّه نمائید و بنور اتّفاق منوّر گردید لوجه الله در مقرّی حاضر شوید و آنچه سبب اختلاف است از میان بردارید تا جمیع عالم بانوار نیّر اعظم ,https://oceanoflights.org/bahaullah-pub02-111-fa/,,https://oceanlibrary.com/gleanings-from-the-writings-of-bahaullah
24,"The beginning of religion is love for God and for His Chosen Ones, and its end is to manifest that love to His servants.",,The Call of the Divine Beloved,sheet empty,"I addressed unto thee aforetime an Epistle in the lucid Arabian tongue (BH01050) — «اوّل دین محبّت بخدا و اولیای او است و آخر دین اظهار حبّ بعباد او ولکن قسم بخدا که»",linked translation,,"اوّل دین محبّت بخدا و اولیای او است و آخر دین اظهار حبّ بعباد او ولکن قسم بخدا که",,https://portlandiator.github.io/PI_browser/?id=BH01050,https://oceanlibrary.com/call-of-the-divine-beloved_bahaullah?paraId=para_169
25,"Immerse yourselves in the ocean of My words, that ye may unravel its secrets, and discover all the pearls of wisdom that lie hid in its depths.",The Kitáb-i-Aqdas,The Kitáb-i-Aqdas,agree,"The World's Equilibrium Hath Been Upset Through the Vibrating Influence of This Most Great, This New World Order (Muntakhabát-i-Áthár:70) — «اغتمسوا في بحر بياني لعلّ تطّلعون بما فيه من لئالئ الحكمة والأسرار إيّاكم أن توقّفوا في هذا الأمر الّذي به ظهرت سلطنة الله واقتداره أسرعوا إليه بوجوه بيضآء هذا» — https://oceanoflights.org/bahaullah-pub02-70-ar/",linked translation,,اغتمسوا في بحر بياني لعلّ تطّلعون بما فيه من لئالئ الحكمة والأسرار إيّاكم أن توقّفوا في هذا الأمر الّذي به ظهرت سلطنة الله واقتداره أسرعوا إليه بوجوه بيضآء هذا,https://oceanoflights.org/bahaullah-pub02-70-ar/,,https://oceanlibrary.com/kitab-i-aqdas_bahaullah
26,"Every word that proceedeth out of the mouth of God is endowed with such potency as can instil new life into every human frame, if ye be of them that comprehend this truth.",The Ocean of His Utterances,Gleanings from the Writings of Bahá’u’lláh,DIFFERS,On the Creative Power of the Word of God (Muntakhabát-i-Áthár:74) — «قل کلّ ما یخرج من فمه إنّه لمحیي الأبدان لو أنتم من العارفین کلّ ما أنتم تشهدون في الأرض إنّه قد ظهر بأمره العالي المتعالي المحکم البدیع إذا استشرق عن أفق فمه ش» — https://oceanoflights.org/bahaullah-pub02-74-ar/,linked translation,,قل کلّ ما یخرج من فمه إنّه لمحیي الأبدان لو أنتم من العارفین کلّ ما أنتم تشهدون في الأرض إنّه قد ظهر بأمره العالي المتعالي المحکم البدیع إذا استشرق عن أفق فمه ش,https://oceanoflights.org/bahaullah-pub02-74-ar/,,https://oceanlibrary.com/gleanings-from-the-writings-of-bahaullah
27,The vitality of men’s belief in God is dying out in every land; nothing short of His wholesome medicine can ever restore it.,Gleanings from the Writings of Bahá’u’lláh,Gleanings from the Writings of Bahá’u’lláh,agree,The Elixir of His Potent Revelation (Muntakhabát-i-Áthár:99) — «قوّه و بنیهٴ ایمان در اقطار عالم ضعیف شده دریاق اعظم لازم سواد نحاس امم را اخذ نموده اکسیر اعظم باید یا حکیم آیا اکلیل غلبه دارای آن قدرت بوده که اجزاء مختلفهٴ » — https://oceanoflights.org/bahaullah-pub02-99-fa/,linked translation,,قوّه و بنیهٴ ایمان در اقطار عالم ضعیف شده دریاق اعظم لازم سواد نحاس امم را اخذ نموده اکسیر اعظم باید یا حکیم آیا اکلیل غلبه دارای آن قدرت بوده که اجزاء مختلفهٴ ,https://oceanoflights.org/bahaullah-pub02-99-fa/,,https://oceanlibrary.com/gleanings-from-the-writings-of-bahaullah
28,"Weigh not the Book of God with such standards and sciences as are current amongst you, for the Book itself is the unerring Balance established amongst men.",The Kitáb-i-Aqdas,The Kitáb-i-Aqdas,agree,Kitab-i-Aqdas (The Most Holy Book) (BH00001) — «60 (99) قل يا معشر العلمآء لا تزنوا كتاب الله بما عندكم من القواعد والعلوم انّه لقسطاس الحقّ بين الخلق قد يوزن ما عند الامم بهذا القسطاس الاعظم» — https://oceanoflights.org/bahaullah-st-015-ar/,linked translation,,60 (99) قل يا معشر العلمآء لا تزنوا كتاب الله بما عندكم من القواعد والعلوم انّه لقسطاس الحقّ بين الخلق قد يوزن ما عند الامم بهذا القسطاس الاعظم,https://oceanoflights.org/bahaullah-st-015-ar/,https://portlandiator.github.io/PI_browser/?id=BH00001,https://oceanlibrary.com/kitab-i-aqdas_bahaullah
29,"Know assuredly that just as thou firmly believest that the Word of God, exalted be His glory, endureth forever, thou must, likewise, believe with undoubting faith that its meaning can never be exhaust",Gleanings from the Writings of Bahá’u’lláh,Gleanings from the Writings of Bahá’u’lláh,agree,Tafsir-i-Va'sh-Shams (Commentary on the Surih of the Sun) (BH00271) — «فاعلم بأنّك كما أيقنتَ بأنّ لا نفاد لكلماته تعالى أيقن بأنّ لمعانيها لا نفاد أيضا ولكن عند مبيّنها وخزنة أسرارها * والّذين ينظرون الكتب ويتَّخذون منها ما يعترضو» — https://oceanoflights.org/bahaullah-pub01-01-ar/,linked translation,,فاعلم بأنّك كما أيقنتَ بأنّ لا نفاد لكلماته تعالى أيقن بأنّ لمعانيها لا نفاد أيضا ولكن عند مبيّنها وخزنة أسرارها * والّذين ينظرون الكتب ويتَّخذون منها ما يعترضو,https://oceanoflights.org/bahaullah-pub01-01-ar/,https://portlandiator.github.io/PI_browser/?id=BH00271,https://oceanlibrary.com/gleanings-from-the-writings-of-bahaullah
30,It is evident unto thee that the Birds of Heaven and Doves of Eternity speak a twofold language.,Mahatma Gandhi and the Bahá’ís: Striving towards a Nonviolent Civilization,The Kitáb-i-Íqán,DIFFERS,"Possibly: Praise befitteth the Best-Beloved Who, through His pure and consummate power, created the … (BH00029) — «و دیگر آنکه مرقوم داشته بود که این رسولان گفته‌اند حکم بیان منسوخ شده و مرایا و احکام او باطل گشته این فکری است که تازه شیاطین انسی نموده‌اند و بوحی شیاطین نفسی»",possible — verify,,و دیگر آنکه مرقوم داشته بود که این رسولان گفته‌اند حکم بیان منسوخ شده و مرایا و احکام او باطل گشته این فکری است که تازه شیاطین انسی نموده‌اند و بوحی شیاطین نفسی,,https://portlandiator.github.io/PI_browser/?id=BH00029,https://oceanlibrary.com/kitab-i-iqan_bahaullah?paraId=para_295
31,The understanding of His words and the comprehension of the utterances of the Birds of Heaven are in no wise dependent upon human learning.,Bahá’í Hermeneutics: An Academic and Primary Source Inquiry,The Kitáb-i-Íqán,DIFFERS,Kitab-i-Iqan (The Book of Certitude) (BH00002) — «فهم کلمات الهیّه و درک بیانات حمامات معنویّه هیچ دخلی به علم ظاهری ندارد. این منوط به صفای قلب و تزکیهٴ نفوس و فراغت روح است. چنانچه حال عبادی چند موجودند که حر» — https://oceanoflights.org/bahaullah-st-017-fa/,linked translation,,فهم کلمات الهیّه و درک بیانات حمامات معنویّه هیچ دخلی به علم ظاهری ندارد. این منوط به صفای قلب و تزکیهٴ نفوس و فراغت روح است. چنانچه حال عبادی چند موجودند که حر,https://oceanoflights.org/bahaullah-st-017-fa/,https://portlandiator.github.io/PI_browser/?id=BH00002,https://oceanlibrary.com/kitab-i-iqan_bahaullah?paraId=para_245
32,"O Son of Man! Veiled in My immemorial being and in the ancient eternity of My essence, I knew My love for thee; therefore I created thee, have engraved on thee Mine image and revealed to thee My beaut",The Hidden Words of Bahá’u’lláh,The Hidden Words of Bahá’u’lláh,agree,Kalimat-i-Maknunih (Hidden Words - Arabic) (BH00386) — «كُنْتُ فِي قِدَمِ ذاتِي وَأَزَلِيَّةِ كَيْنُونَتِي؛ عَرَفْتُ حُبّي فِيكَ خَلَقْتُكَ، وَأَلْقَيْتُ عَلَيْكَ مِثالِي وَأَظْهَرْتُ لَكَ جَمَالي.» — https://oceanoflights.org/bahaullah-pub01-02-ar/,linked translation,,كُنْتُ فِي قِدَمِ ذاتِي وَأَزَلِيَّةِ كَيْنُونَتِي؛ عَرَفْتُ حُبّي فِيكَ خَلَقْتُكَ، وَأَلْقَيْتُ عَلَيْكَ مِثالِي وَأَظْهَرْتُ لَكَ جَمَالي.,https://oceanoflights.org/bahaullah-pub01-02-ar/,https://portlandiator.github.io/PI_browser/?id=BH00386,https://oceanlibrary.com/hidden-words-of-bahaullah?paraId=para_17
33,The generations that have gone on before you—whither are they fled?,Gleanings from the Writings of Bahá’u’lláh,Gleanings from the Writings of Bahá’u’lláh,agree,Where Are They Who Were Before You (Muntakhabát-i-Áthár:123) — «[أَیْنَ] الّذین کانوا قبلکم وتطوف في حولهم ذوات الجمال أن اعتبروا یا قوم ولا تکوننّ من الغافلین سوف یأتي دونکم ویتصرّف في أموالکم ویسکن في بیوتکم اسمعوا قولي ول» — https://oceanoflights.org/bahaullah-pub02-123-ar/,linked translation,,[أَیْنَ] الّذین کانوا قبلکم وتطوف في حولهم ذوات الجمال أن اعتبروا یا قوم ولا تکوننّ من الغافلین سوف یأتي دونکم ویتصرّف في أموالکم ویسکن في بیوتکم اسمعوا قولي ول,https://oceanoflights.org/bahaullah-pub02-123-ar/,,https://oceanlibrary.com/gleanings-from-the-writings-of-bahaullah
34,"Ponder then in thine heart: Matters being such as thou dost witness, and as We also witness, where canst thou flee, and with whom shalt thou take refuge?",Gems of Divine Mysteries,Gems of Divine Mysteries,agree,Javahiru'l-Asrar (Gems of Divine Mysteries) (BH00012) — «16 إِذًا فكّر في نفسك؛ لمّا تشهدُ الأمر كذلك، ونشهدُ كذلك، من أين تفرُّ وإلى مَن تركضُ وإلى من تتوجّه وبأيّ أرض تسكن وبأيّ فراش تجلس وبأيّ صراط تستقيم وبأيّ ساع» — https://oceanoflights.org/bahaullah-st-157-ar/,linked translation,,16 إِذًا فكّر في نفسك؛ لمّا تشهدُ الأمر كذلك، ونشهدُ كذلك، من أين تفرُّ وإلى مَن تركضُ وإلى من تتوجّه وبأيّ أرض تسكن وبأيّ فراش تجلس وبأيّ صراط تستقيم وبأيّ ساع,https://oceanoflights.org/bahaullah-st-157-ar/,https://portlandiator.github.io/PI_browser/?id=BH00012,https://oceanlibrary.com/gems-of-divine-mysteries_bahaullah?paraId=para_25
35,Consider a pearl which shineth by virtue of its inherent nature.,,Summons of the Lord of Hosts,sheet empty,Lawh-i-Napoleon II (BH00259) — «و ما ینبغی له لا بما تلعب به الصبیان فاعلم ان زینتک حب الله و انقطاعک عما سویه لا بما عندک من الزخارف دعها لاهلها و اقبل الی الله مجری الانهار کلما نزل من الامث» — https://oceanoflights.org/bahaullah-pub05-001-fa/,linked translation,,و ما ینبغی له لا بما تلعب به الصبیان فاعلم ان زینتک حب الله و انقطاعک عما سویه لا بما عندک من الزخارف دعها لاهلها و اقبل الی الله مجری الانهار کلما نزل من الامث,https://oceanoflights.org/bahaullah-pub05-001-fa/,https://portlandiator.github.io/PI_browser/?id=BH00259,https://oceanlibrary.com/summons-of-the-lord-of-hosts_bahaullah
36,"If the veil were lifted, and the full glory of the station of those that have turned wholly towards God, and have, in their love for Him, renounced the world, were made manifest, the entire creation w",,Gleanings from the Writings of Bahá’u’lláh,sheet empty,Tablet of the Interpretation of a Couplet of Sa'dí — «آن نفوس را مع این نفوس لو کشف الغطآء لینصعق من فی الأکوان من مقامات الّذین توجّهوا الی الله و انقطعوا فی حبّه عن العالمین و موحّد در این دو طائفه تجلّی این دو ا» — https://oceanoflights.org/bahaullah-pub02-93-fa/,linked translation,,آن نفوس را مع این نفوس لو کشف الغطآء لینصعق من فی الأکوان من مقامات الّذین توجّهوا الی الله و انقطعوا فی حبّه عن العالمین و موحّد در این دو طائفه تجلّی این دو ا,https://oceanoflights.org/bahaullah-pub02-93-fa/,,https://oceanlibrary.com/gleanings-from-the-writings-of-bahaullah
37,"The purpose of God in creating man hath been, and will ever be, to enable him to know his Creator and to attain His Presence.",Gleanings from the Writings of Bahá’u’lláh,Gleanings from the Writings of Bahá’u’lláh,agree,The Purpose of Creation Is the Knowledge of God (Muntakhabát-i-Áthár:29) — «مقصود از آفرینش عرفان حقّ و لقای او بوده و خواهد بود چنانچه در جمیع کتب الهیّه و صحف متقنهٴ ربّانیّه من غیر حجاب این مطلب احلی و مقصود اعلی مذکور و واضحست و هر » — https://oceanoflights.org/bahaullah-pub02-29-fa/,linked translation,,مقصود از آفرینش عرفان حقّ و لقای او بوده و خواهد بود چنانچه در جمیع کتب الهیّه و صحف متقنهٴ ربّانیّه من غیر حجاب این مطلب احلی و مقصود اعلی مذکور و واضحست و هر ,https://oceanoflights.org/bahaullah-pub02-29-fa/,,https://oceanlibrary.com/gleanings-from-the-writings-of-bahaullah
38,"I am the one, O Lord, whose heart and soul, whose limbs, whose inner and outer tongue testify to Thy unity and Thy oneness, and bear witness that Thou art God and that there is no God but Thee.",Tablets of Bahá’u’lláh Revealed After the Kitáb-i-Aqdas,Tablets of Bahá’u’lláh Revealed After the Kitáb-i-Aqdas,agree,Ishraqat (Splendours) (BH00053) — «أَیْ رَبِّ أَنَا الَّذِی شَهِدَ قَلْبِی وَ کَبِدِی وَ جَوَارِحِی وَ لِسَانُ ظَاهِرِی وَ بَاطِنِی بِوَحْدَانِيَّتِکَ وَ فَرْدَانِيَّتِکَ وَ بِأَنَّکَ أَنْتَ اللّ» — https://oceanoflights.org/bahaullah-pub03-08-fa/,linked translation,,أَیْ رَبِّ أَنَا الَّذِی شَهِدَ قَلْبِی وَ کَبِدِی وَ جَوَارِحِی وَ لِسَانُ ظَاهِرِی وَ بَاطِنِی بِوَحْدَانِيَّتِکَ وَ فَرْدَانِيَّتِکَ وَ بِأَنَّکَ أَنْتَ اللّ,https://oceanoflights.org/bahaullah-pub03-08-fa/,https://portlandiator.github.io/PI_browser/?id=BH00053,https://siftersearch.com/library/bahai/core-publications/tablets-of-bahaullah-revealed-after-the-kitab-i-aqdas#p252
39,"We have counselled all people, in the most clear and eloquent language, to adorn their characters with trustworthiness and godliness, and with such qualities as are conducive to the elevation of man’s",Divine Virtues and Spiritual Qualities: A Compilation from Sacred Texts,Trustworthiness,DIFFERS,"O servant of God! Upon thee be the glory of God. We herald unto thee, at the outset of thi… (BH00961) — «انّا ذکرنا احبّائنا فی البآء و الدّال و کل را بافصح بیان وصیّت نموده و مینمائیم بامانت و دیانت و ما یرتفع به مقام الانسان فی الامکان اینمظلوم شهادت میدهد بر این»",linked translation,,انّا ذکرنا احبّائنا فی البآء و الدّال و کل را بافصح بیان وصیّت نموده و مینمائیم بامانت و دیانت و ما یرتفع به مقام الانسان فی الامکان اینمظلوم شهادت میدهد بر این,,https://portlandiator.github.io/PI_browser/?id=BH00961,https://oceanlibrary.com/trustworthiness_bahaullah?paraId=para_67
40,"The purpose underlying the revelation of every heavenly Book, nay, of every divinely revealed verse, is to endue all men with righteousness and understanding, so that peace and tranquillity may be fir",Gleanings from the Writings of Bahá’u’lláh,Gleanings from the Writings of Bahá’u’lláh,agree,On the Purpose of the Divine Books and the Training of Mankind (Muntakhabát-i-Áthár:101) (BH04829) — «مقصود از کتابهای آسمانی و آیات الهی آنکه مردمان بآدابی تربیت شوند که سبب راحت خود و سایر بندگان شود هر امری که قلب را راحت نماید و بر بزرگی انسان بیفزاید و ناس » — https://oceanoflights.org/bahaullah-pub02-101-fa/,linked translation,,مقصود از کتابهای آسمانی و آیات الهی آنکه مردمان بآدابی تربیت شوند که سبب راحت خود و سایر بندگان شود هر امری که قلب را راحت نماید و بر بزرگی انسان بیفزاید و ناس ,https://oceanoflights.org/bahaullah-pub02-101-fa/,https://portlandiator.github.io/PI_browser/?id=BH04829,https://oceanlibrary.com/gleanings-from-the-writings-of-bahaullah
41,"Wert thou to attain to but a dewdrop of the crystal waters of divine knowledge, thou wouldst readily realize that true life is not the life of the flesh but the life of the spirit.","Bahá’í Ethics in Light of Scripture, Vol. 1",The Kitáb-i-Íqán,DIFFERS,Possibly: Kitab-i-Iqan (The Book of Certitude) (BH00002) — «زیرا که در حیات جسد همهٴ ناس و حیوانات شریکند و لیکن این حیات مخصوص است به صاحبان افئدهٴ منیره که از بحر ایمان شاربند و از ثمرهٴ ایقان مرزوق. و این حیات را موت » — https://oceanoflights.org/bahaullah-st-017-fa/,possible — verify,,زیرا که در حیات جسد همهٴ ناس و حیوانات شریکند و لیکن این حیات مخصوص است به صاحبان افئدهٴ منیره که از بحر ایمان شاربند و از ثمرهٴ ایقان مرزوق. و این حیات را موت ,https://oceanoflights.org/bahaullah-st-017-fa/,https://portlandiator.github.io/PI_browser/?id=BH00002,https://oceanlibrary.com/kitab-i-iqan_bahaullah?paraId=para_140
42,"Whatever is in the heavens and whatever is on the earth is a direct evidence of the revelation within it of the attributes and names of God, inasmuch as within every atom are enshrined the signs that",Gleanings from the Writings of Bahá’u’lláh,Gleanings from the Writings of Bahá’u’lláh,agree,Book of Certitude — «آنچه در آسمانها و زمین است محالّ بروز صفات و اسمای الهی هستند چنانچه در هر ذرّه آثار تجلّی آن شمس حقیقی ظاهر و هویداست که گویا بدون ظهور آن تجلّی در عالم ملکی ه» — https://oceanoflights.org/bahaullah-pub02-90-fa/,linked translation,,آنچه در آسمانها و زمین است محالّ بروز صفات و اسمای الهی هستند چنانچه در هر ذرّه آثار تجلّی آن شمس حقیقی ظاهر و هویداست که گویا بدون ظهور آن تجلّی در عالم ملکی ه,https://oceanoflights.org/bahaullah-pub02-90-fa/,,https://oceanlibrary.com/gleanings-from-the-writings-of-bahaullah
43,People for the most part delight in superstitions.,Robe of Light: The Persian Years of the Supreme Prophet Bahá'u'lláh 1817-1853,Tablets of Bahá’u’lláh Revealed After the Kitáb-i-Aqdas,DIFFERS,Words of Paradise (Kalimát-i-Firdawsíyyih) (Alváḥ ba‘d az Aqdas:6) — «و نيستند مگر قليلی وَ قَلِيْلٌ مِنْ عِبَادِی الشَّکُورُ اکثری از عباد باوهام انس دارند يک قطره از دريای وهم را بر بحر ايقان ترجيح ميدهند از معنی محروم باسم متمس» — https://oceanoflights.org/bahaullah-pub03-06-fa/,linked translation,,و نيستند مگر قليلی وَ قَلِيْلٌ مِنْ عِبَادِی الشَّکُورُ اکثری از عباد باوهام انس دارند يک قطره از دريای وهم را بر بحر ايقان ترجيح ميدهند از معنی محروم باسم متمس,https://oceanoflights.org/bahaullah-pub03-06-fa/,,https://siftersearch.com/library/bahai/core-publications/tablets-of-bahaullah-revealed-after-the-kitab-i-aqdas#p119
44,"Ever since the seeking of preference and distinction came into play, the world hath been laid waste.",,Issues Related to the Study of the Bahá'í Faith,sheet empty,Possibly: On Shunning the Pursuit of Distinction and Superiority (Amr va Khalq 3:56) — «که به میان آمد عالم خراب شد و ویران مشاهده گشت نفوسی که از بحر بیان رحمن آشامیده‌اند و به افق اعلی ناظرند باید خود را در یک صقع و در یک مقام مشاهده کنند اگر این» — https://oceanoflights.org/bahaullah-pub25-056/,possible — verify,,که به میان آمد عالم خراب شد و ویران مشاهده گشت نفوسی که از بحر بیان رحمن آشامیده‌اند و به افق اعلی ناظرند باید خود را در یک صقع و در یک مقام مشاهده کنند اگر این,https://oceanoflights.org/bahaullah-pub25-056/,,https://oceanlibrary.com/issues-related-to-the-study-of-the-bahai-faith_bahaullah?paraId=para_106
45,Consider the pettiness of men’s minds.,The Kitáb-i-Aqdas,The Kitáb-i-Aqdas,agree,The Most Holy Book (excerpt on liberty) — «إنّ الحرّيّة تنتهي عواقبها إلى الفتنة الّتي لا تخمد نارها كذلك يخبركم المحصي العليم فاعلموا أنّ مطالع الحرّيّة ومظاهرها هي الحيوان وللإنسان ينبغي أن يكون تحت س» — https://oceanoflights.org/bahaullah-pub02-159-ar/,linked translation,,إنّ الحرّيّة تنتهي عواقبها إلى الفتنة الّتي لا تخمد نارها كذلك يخبركم المحصي العليم فاعلموا أنّ مطالع الحرّيّة ومظاهرها هي الحيوان وللإنسان ينبغي أن يكون تحت س,https://oceanoflights.org/bahaullah-pub02-159-ar/,,https://oceanlibrary.com/kitab-i-aqdas_bahaullah
46,"Men at all times and under all conditions stand in need of one to exhort them, guide them and to instruct and teach them.",Gleanings from the Writings of Bahá’u’lláh,Tablets of Bahá’u’lláh Revealed After the Kitáb-i-Aqdas,DIFFERS,Lawh-i-Maqsud (BH00140) — «حال مذکّر و هادی و معرّف و معلّم لازم لذا سفرا و انبياء و اصفياء فرستاد تا ناس را از مقصود از تنزيل کتب و ارسال رسل آگاه نمايند و کلّ عارف شوند بوديعه ربّانيّه » — https://oceanoflights.org/bahaullah-st-057-fa/,linked translation,,حال مذکّر و هادی و معرّف و معلّم لازم لذا سفرا و انبياء و اصفياء فرستاد تا ناس را از مقصود از تنزيل کتب و ارسال رسل آگاه نمايند و کلّ عارف شوند بوديعه ربّانيّه ,https://oceanoflights.org/bahaullah-st-057-fa/,https://portlandiator.github.io/PI_browser/?id=BH00140,https://siftersearch.com/library/bahai/core-publications/tablets-of-bahaullah-revealed-after-the-kitab-i-aqdas#p389
47,"Know thou, O fruit of My Tree, that the decrees of the Sovereign Ordainer, as related to fate and predestination, are of two kinds.",Gleanings from the Writings of Bahá’u’lláh,Gleanings from the Writings of Bahá’u’lláh,agree,"O My Fruit and O My Leaf, Grieve Not (Muntakhabát-i-Áthár:68) — «یا ثمرتی دو امر از آمر حقیقی ظاهر و این در مقامات قضا و قدر است اطاعتش لازم و تسلیم واجب اجلیست محتوم و همچنین اجلیست بقول خلق معلّق امّا اوّل باید بآن تسلیم نم» — https://oceanoflights.org/bahaullah-pub02-68-fa/",linked translation,,یا ثمرتی دو امر از آمر حقیقی ظاهر و این در مقامات قضا و قدر است اطاعتش لازم و تسلیم واجب اجلیست محتوم و همچنین اجلیست بقول خلق معلّق امّا اوّل باید بآن تسلیم نم,https://oceanoflights.org/bahaullah-pub02-68-fa/,,https://oceanlibrary.com/gleanings-from-the-writings-of-bahaullah
48,"And now, concerning thy question regarding the creation of man.",Gleanings from the Writings of Bahá’u’lláh,Gleanings from the Writings of Bahá’u’lláh,agree,On the Nature of Human Creation and Free Will (Muntakhabát-i-Áthár:77) — «وأمّا ما سألت عن الفطرة فاعلم بأنّ کلّ النّاس قد خلقوا علی فطرة الله المهیمن القیّوم وقدّر لکلّ نفس مقادیر الأمر علی ما رقم في ألواح عزّ محفوظ ولکن یظهر کلّ ذلک» — https://oceanoflights.org/bahaullah-pub02-77-ar/,linked translation,,وأمّا ما سألت عن الفطرة فاعلم بأنّ کلّ النّاس قد خلقوا علی فطرة الله المهیمن القیّوم وقدّر لکلّ نفس مقادیر الأمر علی ما رقم في ألواح عزّ محفوظ ولکن یظهر کلّ ذلک,https://oceanoflights.org/bahaullah-pub02-77-ar/,,https://oceanlibrary.com/gleanings-from-the-writings-of-bahaullah?paraId=para_456
49,"The beginning of all things is the knowledge of God, and the end of all things is strict observance of whatsoever hath been sent down from the empyrean of the Divine Will that pervadeth all that is in",Gleanings from the Writings of Bahá’u’lláh,Gleanings from the Writings of Bahá’u’lláh,agree,"O People of the Bayán, the Lord of Servants Hath Come (Áthár-i-Qalam-i-A‘lá 2:2) (BH00026) — «انّه من المخلصين فى کتاب مبين اوّل الامر عرفان اللّه و اخره هو التّمسک بما نزّل من سمآء مشيّة المهيمنة علی من فى السّموات و الارضين من شرب اليوم رحيقى المختوم ب» — https://oceanoflights.org/bahaullah-pub06-002-ar/",linked translation,,انّه من المخلصين فى کتاب مبين اوّل الامر عرفان اللّه و اخره هو التّمسک بما نزّل من سمآء مشيّة المهيمنة علی من فى السّموات و الارضين من شرب اليوم رحيقى المختوم ب,https://oceanoflights.org/bahaullah-pub06-002-ar/,https://portlandiator.github.io/PI_browser/?id=BH00026,https://oceanlibrary.com/gleanings-from-the-writings-of-bahaullah
50,"The first duty prescribed by God for His servants is the recognition of Him Who is the Dayspring of His Revelation and the Fountain of His laws, Who representeth the Godhead in both the Kingdom of His",The Kitáb-i-Aqdas,Gleanings from the Writings of Bahá’u’lláh,DIFFERS,Kitáb-i-Aqdas — «إنّ أوّل ما كتب الله على العباد عرفان مشرق وحيه ومطلع أمره الّذي كان مقام نفسه في عالم الأمر والخلق من فاز به قد فاز بكلّ الخير والّذي منع إنّه من أهل الضّلال و» — https://oceanoflights.org/bahaullah-pub02-155-ar/,linked translation,,إنّ أوّل ما كتب الله على العباد عرفان مشرق وحيه ومطلع أمره الّذي كان مقام نفسه في عالم الأمر والخلق من فاز به قد فاز بكلّ الخير والّذي منع إنّه من أهل الضّلال و,https://oceanoflights.org/bahaullah-pub02-155-ar/,,https://oceanlibrary.com/gleanings-from-the-writings-of-bahaullah
51,"The first and foremost duty prescribed unto men, next to the recognition of Him Who is the Eternal Truth, is the duty of steadfastness in His Cause.",Gleanings from the Writings of Bahá’u’lláh,Gleanings from the Writings of Bahá’u’lláh,agree,On Steadfastness in the Cause of God (Muntakhabát-i-Áthár:134) — «وبعد از عرفان حقّ اعظم امور استقامت بر امر او است تمسّک بها و کن من الرّاسخین هیچ عملی اعظم از این نبوده و نیست او است سلطان اعمال وربّک العلیّ العظیم... … وبعد» — https://oceanoflights.org/bahaullah-pub02-134-fa/,linked translation,,وبعد از عرفان حقّ اعظم امور استقامت بر امر او است تمسّک بها و کن من الرّاسخین هیچ عملی اعظم از این نبوده و نیست او است سلطان اعمال وربّک العلیّ العظیم... … وبعد,https://oceanoflights.org/bahaullah-pub02-134-fa/,,https://oceanlibrary.com/gleanings-from-the-writings-of-bahaullah
52,"Seize ye, O loved ones of the All-Merciful, the chalice of eternal life proffered by the hand of the bountiful favours of your Lord, the Possessor of the entire creation, then drink ye deep therefrom.",Fountain of Wisdom : Tablets of Bahá’u’lláh,Tablets of Bahá’u’lláh Revealed After the Kitáb-i-Aqdas,DIFFERS,Hearken Unto What the Spirit Uttereth Unto Thee (Alváḥ ba‘d az Aqdas:38) (BH02113) — «خذوا يا أحبّاء الرّحمن كؤوس الحيوان من أيادي ألطاف ربّكم مالك الإمكان ثمّ اشربوا منها تاللّه إنّها تجذبكم على شأن تقومنّ على الذّكر والبيان بين ملأ الأكوان وتمل» — https://oceanoflights.org/bahaullah-pub03-38-ar/,linked translation,,خذوا يا أحبّاء الرّحمن كؤوس الحيوان من أيادي ألطاف ربّكم مالك الإمكان ثمّ اشربوا منها تاللّه إنّها تجذبكم على شأن تقومنّ على الذّكر والبيان بين ملأ الأكوان وتمل,https://oceanoflights.org/bahaullah-pub03-38-ar/,https://portlandiator.github.io/PI_browser/?id=BH02113,https://siftersearch.com/library/bahai/core-publications/tablets-of-bahaullah-revealed-after-the-kitab-i-aqdas#p655
53,"He, in truth, hath, throughout eternity, been one in His Essence, one in His attributes, one in His works.",Gleanings from the Writings of Bahá’u’lláh,Gleanings from the Writings of Bahá’u’lláh,agree,On the Unity of God and the Question of the Two Deities (Muntakhabát-i-Áthár:94) (BH01640) — «وإنّه لم یزل ولا یزال کان متوحّدًا في ذاته ومتفرّدا في صفاته وواحدًا في أفعاله وإنّ الشّبیه وصف خلقه والشّریک نعت عباده سبحان نفسه من أن یوصف بوصف خلقه وإنّه کا» — https://oceanoflights.org/bahaullah-pub02-94-ar/,linked translation,,وإنّه لم یزل ولا یزال کان متوحّدًا في ذاته ومتفرّدا في صفاته وواحدًا في أفعاله وإنّ الشّبیه وصف خلقه والشّریک نعت عباده سبحان نفسه من أن یوصف بوصف خلقه وإنّه کا,https://oceanoflights.org/bahaullah-pub02-94-ar/,https://portlandiator.github.io/PI_browser/?id=BH01640,https://oceanlibrary.com/gleanings-from-the-writings-of-bahaullah
54,"O My brother! A pure heart is as a mirror; cleanse it with the burnish of love and severance from all save God, that the true sun may shine therein and the eternal morning dawn.",The Call of the Divine Beloved,The Seven Valleys and the Four Valleys,DIFFERS,Haft Vadi (The Seven Valleys) (BH00047) — «وَ لَوْ يُؤَاخِذُ اللّهُ النَّاسَ بِمَا کَسَبُوا مَا تَرَکَ عَلَی ظَهْرِهَا مِنْ دَابَّةٍ وَ لَکِنْ يُؤَخِّرُهُمْ اِلَی اَجَلٍ مُسَمَّی ﴾ ای برادر من قلب لطيف ب» — https://oceanoflights.org/bahaullah-pub06-068-fa/,linked translation,,وَ لَوْ يُؤَاخِذُ اللّهُ النَّاسَ بِمَا کَسَبُوا مَا تَرَکَ عَلَی ظَهْرِهَا مِنْ دَابَّةٍ وَ لَکِنْ يُؤَخِّرُهُمْ اِلَی اَجَلٍ مُسَمَّی ﴾ ای برادر من قلب لطيف ب,https://oceanoflights.org/bahaullah-pub06-068-fa/,https://portlandiator.github.io/PI_browser/?id=BH00047,https://oceanlibrary.com/seven-valleys-and-the-four-valleys?paraId=para_71
55,"Tear asunder, in My Name, the veils that have grievously blinded your vision, and, through the power born of your belief in the unity of God, scatter the idols of vain imitation.",Gleanings from the Writings of Bahá’u’lláh,Gleanings from the Writings of Bahá’u’lláh,agree,Lawḥ-i-Naṣír (excerpt) (Muntakhabát-i-Áthár:75) — «به اسمم حجبات غلیظ را بردرید و اصنام تقلید را بقوّت توحید بشکنید و بفضای رضوان قدس رحمن وارد شوید نفس را از آلایش ما سوی الله مطهّر نمائید و در موطن امن کبری و » — https://oceanoflights.org/bahaullah-pub02-75-fa/,linked translation,,به اسمم حجبات غلیظ را بردرید و اصنام تقلید را بقوّت توحید بشکنید و بفضای رضوان قدس رحمن وارد شوید نفس را از آلایش ما سوی الله مطهّر نمائید و در موطن امن کبری و ,https://oceanoflights.org/bahaullah-pub02-75-fa/,,https://oceanlibrary.com/gleanings-from-the-writings-of-bahaullah
56,"O My servants! Were ye to discover the hidden, the shoreless oceans of My incorruptible wealth, ye would, of a certainty, esteem as nothing the world, nay, the entire creation.",Gleanings from the Writings of Bahá’u’lláh,Gleanings from the Writings of Bahá’u’lláh,agree,Lawh-i-Ahmad (Persian) (BH00249) — «ای عباد اگر از بحور غنای مستورهء احدیه مطلع شوید از کون و امکان هر دو غنی و بی نیاز گردید نار طلب در جان بر افروزید تا بمطلب رفیع منیع که مقام قرب و لقای جانان » — https://oceanoflights.org/bahaullah-pub17-020-fa/,linked translation,,ای عباد اگر از بحور غنای مستورهء احدیه مطلع شوید از کون و امکان هر دو غنی و بی نیاز گردید نار طلب در جان بر افروزید تا بمطلب رفیع منیع که مقام قرب و لقای جانان ,https://oceanoflights.org/bahaullah-pub17-020-fa/,https://portlandiator.github.io/PI_browser/?id=BH00249,https://oceanlibrary.com/gleanings-from-the-writings-of-bahaullah
57,"As to the words—“Immediately after the oppression of those days”—they refer to the time when men shall become oppressed and afflicted, the time when the lingering traces of the Sun of Truth and the fr",The Kitáb-i-Íqán,The Kitáb-i-Íqán,agree,Possibly: Kitab-i-Iqan (The Book of Certitude) (BH00002) — «قوله: ﴿مِنْ بَعْدِ ضِیْقِ تَلْکَ الأَیَّام﴾، یعنی وقتی که ناس در سختی و تنگی مبتلا شوند، و این در وقتی است که آثار شمس حقیقت و اثمار سدرهٴ علم و حکمت از میان مر» — https://oceanoflights.org/bahaullah-st-017-fa/,possible — verify,,قوله: ﴿مِنْ بَعْدِ ضِیْقِ تَلْکَ الأَیَّام﴾، یعنی وقتی که ناس در سختی و تنگی مبتلا شوند، و این در وقتی است که آثار شمس حقیقت و اثمار سدرهٴ علم و حکمت از میان مر,https://oceanoflights.org/bahaullah-st-017-fa/,https://portlandiator.github.io/PI_browser/?id=BH00002,https://oceanlibrary.com/kitab-i-iqan_bahaullah?paraId=para_38
58,O my beloved! Immeasurably exalted is the celestial Melody above the strivings of human ear to hear or mind to grasp its mystery!,The Kitáb-i-Íqán,The Kitáb-i-Íqán,agree,Kitab-i-Iqan (The Book of Certitude) (BH00002) — «باری ای حبیب من، مقدّس است نغمهٴ لاهوت که به استماع و عقول ناسوت محدود شود. نملهٴ وجود کجا تواند به عرصهٴ معبود قدم گذارد؟ اگر چه نفوس ضعیفه از عدم ادراک، این ب» — https://oceanoflights.org/bahaullah-st-017-fa/,linked translation,,باری ای حبیب من، مقدّس است نغمهٴ لاهوت که به استماع و عقول ناسوت محدود شود. نملهٴ وجود کجا تواند به عرصهٴ معبود قدم گذارد؟ اگر چه نفوس ضعیفه از عدم ادراک، این ب,https://oceanoflights.org/bahaullah-st-017-fa/,https://portlandiator.github.io/PI_browser/?id=BH00002,https://oceanlibrary.com/kitab-i-iqan_bahaullah?paraId=para_192
59,"Say: If ye be seekers after this life and the vanities thereof, ye should have sought them while ye were still enclosed in your mothers’ wombs, for at that time ye were continually approaching them, c",Summons of the Lord of Hosts,Summons of the Lord of Hosts,agree,Súriy-i-Mulúk — «قل ان كنتم تریدون الدّنیا وزخرفها ینبغی لكم بأن تطلبوها في الأیّام الّتی كنتم في بطون امّهاتكم لأنّ في تلك الأیّام في كلّ آن تقرّبتم الی الدّنیا وتبعّدتم عنها ا» — https://oceanoflights.org/bahaullah-pub02-66-ar/,linked translation,,قل ان كنتم تریدون الدّنیا وزخرفها ینبغی لكم بأن تطلبوها في الأیّام الّتی كنتم في بطون امّهاتكم لأنّ في تلك الأیّام في كلّ آن تقرّبتم الی الدّنیا وتبعّدتم عنها ا,https://oceanoflights.org/bahaullah-pub02-66-ar/,,https://oceanlibrary.com/summons-of-the-lord-of-hosts_bahaullah
60,"But, O my brother, when a true seeker determineth to take the step of search in the path leading to the knowledge of the Ancient of Days, he must, before all else, cleanse and purify his heart, which",The Kitáb-i-Íqán,Gleanings from the Writings of Bahá’u’lláh,DIFFERS,The Book of Certitude — «که اراده نمود قدم طلب و سلوک در سبیل معرفت سلطان قدم گذارد باید در بدایت امر قلب را که محلّ ظهور و بروز تجلّی اسرار غیبی الهی است از جمیع غبارات تیرهٔ علوم اکتس» — https://oceanoflights.org/bahaullah-pub02-125-fa/,linked translation,,که اراده نمود قدم طلب و سلوک در سبیل معرفت سلطان قدم گذارد باید در بدایت امر قلب را که محلّ ظهور و بروز تجلّی اسرار غیبی الهی است از جمیع غبارات تیرهٔ علوم اکتس,https://oceanoflights.org/bahaullah-pub02-125-fa/,,https://oceanlibrary.com/gleanings-from-the-writings-of-bahaullah
61,"By My Self! Whoso hath in bygone ages asked Us to produce the signs of God, hath, no sooner had We revealed them to him, repudiated God’s truth.",Gleanings from the Writings of Bahá’u’lláh,Gleanings from the Writings of Bahá’u’lláh,agree,Lawh-i-Amr (BH01822) — «لعمری من سئل الآیات فی القرون الخالیة اذا اظهرنا له کفر بالله و لکن الناس اکثرهم غافلون ان الذین فتحت ابصارهم بنور العرفان یجدون نفحات الرحمن و یقبلون الیه الا » — https://oceanoflights.org/bahaullah-pub05-024-ar/,linked translation,,لعمری من سئل الآیات فی القرون الخالیة اذا اظهرنا له کفر بالله و لکن الناس اکثرهم غافلون ان الذین فتحت ابصارهم بنور العرفان یجدون نفحات الرحمن و یقبلون الیه الا ,https://oceanoflights.org/bahaullah-pub05-024-ar/,https://portlandiator.github.io/PI_browser/?id=BH01822,https://oceanlibrary.com/gleanings-from-the-writings-of-bahaullah
62,"It is clear and evident that when the veils that conceal the realities of the manifestations of the Names and Attributes of God, nay of all created things visible or invisible, have been rent asunder,",Gleanings from the Writings of Bahá’u’lláh,Gleanings from the Writings of Bahá’u’lláh,agree,Lawḥ-i-Hádí (Muntakhabát-i-Áthár:73) — «معلوم آن جناب بوده که کلّ اسماء و صفات و جمیع اشیاء از آنچه ظاهر و مشهود است و از آنچه باطن و غیر مشهود بعد از کشف حجبات عن وجهها لن یبقی منها الّا آیة الله الّ» — https://oceanoflights.org/bahaullah-pub02-73-fa/,linked translation,,معلوم آن جناب بوده که کلّ اسماء و صفات و جمیع اشیاء از آنچه ظاهر و مشهود است و از آنچه باطن و غیر مشهود بعد از کشف حجبات عن وجهها لن یبقی منها الّا آیة الله الّ,https://oceanoflights.org/bahaullah-pub02-73-fa/,,https://oceanlibrary.com/gleanings-from-the-writings-of-bahaullah
63,"He is indeed a true believer in the unity of God who, in this Day, will regard Him as One immeasurably exalted above all the comparisons and likenesses with which men have compared Him.",A Journey through the Seven Valleys,Gleanings from the Writings of Bahá’u’lláh,DIFFERS,Tablet to Shaykh Fání — «موحّد الیوم نفسیست که حقّ را مقدّس از اشباح و امثال ملاحظه نماید نه آنکه امثال و اشباح را حقّ داند مثلاً ملاحظه کن از صانع صنعی ظاهر میشود و از نقّاش نقشی حال ا» — https://oceanoflights.org/bahaullah-pub02-160-fa/,linked translation,,موحّد الیوم نفسیست که حقّ را مقدّس از اشباح و امثال ملاحظه نماید نه آنکه امثال و اشباح را حقّ داند مثلاً ملاحظه کن از صانع صنعی ظاهر میشود و از نقّاش نقشی حال ا,https://oceanoflights.org/bahaullah-pub02-160-fa/,,https://oceanlibrary.com/gleanings-from-the-writings-of-bahaullah
64,Contemplate with thine inward eye the chain of successive Revelations that hath linked the Manifestation of Adam with that of the Báb.,Gleanings from the Writings of Bahá’u’lláh,Gleanings from the Writings of Bahá’u’lláh,agree,Súriy-i-'Ibád — «فانظر بطرف البدء فیما نظرت إلی آدم الأولی ثمّ من بعده إلی أن یصل الأمر إلی عَلِيٍّ قبل نبیل قل تالله کلّهم قد جاؤوا عن مشرق الأمر بکتاب وصحیفة ولوح عظیم واوتوا » — https://oceanoflights.org/bahaullah-pub02-31-ar/,linked translation,,فانظر بطرف البدء فیما نظرت إلی آدم الأولی ثمّ من بعده إلی أن یصل الأمر إلی عَلِيٍّ قبل نبیل قل تالله کلّهم قد جاؤوا عن مشرق الأمر بکتاب وصحیفة ولوح عظیم واوتوا ,https://oceanoflights.org/bahaullah-pub02-31-ar/,,https://oceanlibrary.com/gleanings-from-the-writings-of-bahaullah
65,"Verily I say, this is the Day in which mankind can behold the Face, and hear the Voice, of the Promised One.",Gleanings from the Writings of Bahá’u’lláh,Gleanings from the Writings of Bahá’u’lláh,agree,This Is the Day in Which Mankind Can Behold the Face and Hear the Voice (Muntakhabát-i-Áthár:7) — «فی الحقيقه امروز روز مشاهده و اصغاست هم ندای الهی مرتفع است و هم أنوار وجه از أفق ظهور مشرق و لائح بايد جميع آنچه شنيده شد محو نمود و بعدل و انصاف در آيات و بيّ» — https://oceanoflights.org/bahaullah-pub02-07-fa/,linked translation,,فی الحقيقه امروز روز مشاهده و اصغاست هم ندای الهی مرتفع است و هم أنوار وجه از أفق ظهور مشرق و لائح بايد جميع آنچه شنيده شد محو نمود و بعدل و انصاف در آيات و بيّ,https://oceanoflights.org/bahaullah-pub02-07-fa/,,https://oceanlibrary.com/gleanings-from-the-writings-of-bahaullah
66,"It is evident that every age in which a Manifestation of God hath lived is divinely ordained, and may, in a sense, be characterized as God’s appointed Day.",Gleanings from the Writings of Bahá’u’lláh,Gleanings from the Writings of Bahá’u’lláh,agree,It Is Evident That Every Age in Which a Manifestation of God Hath Lived Is Divinely Ordained (Muntakhabát-i-Áthár:25) — «... شکی نبوده و نيست که ايّام مظاهر حق جلّ جلاله بحق منسوب و در مقامی بايّام اللّه مذکور ولکن اين يوم غير ايّام است از ختميّت خاتم مقام اين يوم ظاهر و مشهود ...» — https://oceanoflights.org/bahaullah-pub02-25-fa/,linked translation,,... شکی نبوده و نيست که ايّام مظاهر حق جلّ جلاله بحق منسوب و در مقامی بايّام اللّه مذکور ولکن اين يوم غير ايّام است از ختميّت خاتم مقام اين يوم ظاهر و مشهود ...,https://oceanoflights.org/bahaullah-pub02-25-fa/,,https://oceanlibrary.com/gleanings-from-the-writings-of-bahaullah
67,"All glory be to this Day, the Day in which the fragrances of mercy have been wafted over all created things, a Day so blest that past ages and centuries can never hope to rival it, a Day in which the",Fountain of Wisdom : Tablets of Bahá’u’lláh,Tablets of Bahá’u’lláh Revealed After the Kitáb-i-Aqdas,DIFFERS,Lawh-i-Karmil (Tablet of Carmel) (BH02324) — «حبّذا هذا اليوم الّذي فيه تضوّعت نفحات الرّحمن في الإمكان حبّذا هذا اليوم المبارك الّذي لا تعادله القرون والأعصار حبّذا هذا اليوم إذ توجّه وجه القدم إلى مقامه إ» — https://oceanoflights.org/bahaullah-st-051-ar/,linked translation,,حبّذا هذا اليوم الّذي فيه تضوّعت نفحات الرّحمن في الإمكان حبّذا هذا اليوم المبارك الّذي لا تعادله القرون والأعصار حبّذا هذا اليوم إذ توجّه وجه القدم إلى مقامه إ,https://oceanoflights.org/bahaullah-st-051-ar/,https://portlandiator.github.io/PI_browser/?id=BH02324,https://siftersearch.com/library/bahai/core-publications/tablets-of-bahaullah-revealed-after-the-kitab-i-aqdas#p0
68,This Day a door is open wider than both heaven and earth.,Day of God (Yawmu’lláh) and the Days of God (Ayyamu’lláh),"These are the days of Divine manifestation, when the Sun of bounty hath dawned and the Oce…",DIFFERS,"Possibly: These are the days of Divine manifestation, when the Sun of bounty hath dawned and the Oce… (BH03999) — «امروز بابی مفتوحست اوسع از سموات و ارض و لحاظ فضل مقصود عالمیان متوجّه کلّ عمل بسیار جزئی در مرآت علم الهی اکبر از جبل مشاهده میشود یک قطرهٴ آب اگر در سبیلش داد»",possible — verify,,امروز بابی مفتوحست اوسع از سموات و ارض و لحاظ فضل مقصود عالمیان متوجّه کلّ عمل بسیار جزئی در مرآت علم الهی اکبر از جبل مشاهده میشود یک قطرهٴ آب اگر در سبیلش داد,,https://portlandiator.github.io/PI_browser/?id=BH03999,https://portlandiator.github.io/PI_browser/?id=BH03999
69,"This is the Day in which God’s most excellent favours have been poured out upon men, the Day in which His most mighty grace hath been infused into all created things.",Gleanings from the Writings of Bahá’u’lláh,Gleanings from the Writings of Bahá’u’lláh,agree,Today Is the Day of the Greatest Grace (Muntakhabát-i-Áthár:4) (BH10163) — «امروز روز فضل اعظم و فيض اکبر است بايد کلّ بکمال اتّحاد و اتّفاق در ظلّ سدره عنايت الهی ساکن و مستريح باشند و تمسّک نمايند بآنچه اليوم سبب عزّت و ارتفاع است … ف» — https://oceanoflights.org/bahaullah-pub02-04-fa/,linked translation,,امروز روز فضل اعظم و فيض اکبر است بايد کلّ بکمال اتّحاد و اتّفاق در ظلّ سدره عنايت الهی ساکن و مستريح باشند و تمسّک نمايند بآنچه اليوم سبب عزّت و ارتفاع است … ف,https://oceanoflights.org/bahaullah-pub02-04-fa/,https://portlandiator.github.io/PI_browser/?id=BH10163,https://oceanlibrary.com/gleanings-from-the-writings-of-bahaullah
70,The time foreordained unto the peoples and kindreds of the earth is now come.,Gleanings from the Writings of Bahá’u’lláh,Gleanings from the Writings of Bahá’u’lláh,agree,On the Fulfilment of the Promises of God Recorded in the Holy Scriptures (Muntakhabát-i-Áthár:10) — «ميقات امم منقضی شد و وعده‌های إلهی که در کتب مقدّسه مذکور است جميع ظاهر گشت و شريعة اللّه از صهيون جاری و أراضی و جبال أورشليم بتجلّيات أنوار ربّ مزيّن طوبی لمن» — https://oceanoflights.org/bahaullah-pub02-10-fa/,linked translation,,ميقات امم منقضی شد و وعده‌های إلهی که در کتب مقدّسه مذکور است جميع ظاهر گشت و شريعة اللّه از صهيون جاری و أراضی و جبال أورشليم بتجلّيات أنوار ربّ مزيّن طوبی لمن,https://oceanoflights.org/bahaullah-pub02-10-fa/,,https://oceanlibrary.com/gleanings-from-the-writings-of-bahaullah
71,This is a matchless Day.,Questions from Christians,Gleanings from the Writings of Bahá’u’lláh,DIFFERS,"Say: O Servants, This Day is Another Day (Muntakhabát-i-Áthár:16) — «بگو ای عباد امروز روز ديگر است لسان ديگر بايد تا قابل ثنای مقصود عالم شود و عمل ديگر بايد تا مقبول درگاه گردد جميع عالم طالب اين يوم بودند که شايد موفّق شوند بآ» — https://oceanoflights.org/bahaullah-pub02-16-fa/",linked translation,,بگو ای عباد امروز روز ديگر است لسان ديگر بايد تا قابل ثنای مقصود عالم شود و عمل ديگر بايد تا مقبول درگاه گردد جميع عالم طالب اين يوم بودند که شايد موفّق شوند بآ,https://oceanoflights.org/bahaullah-pub02-16-fa/,,https://oceanlibrary.com/gleanings-from-the-writings-of-bahaullah
72,"The Revelation which, from time immemorial, hath been acclaimed as the Purpose and Promise of all the Prophets of God, and the most cherished Desire of His Messengers, hath now, by virtue of the perva",Gleanings from the Writings of Bahá’u’lláh,Gleanings from the Writings of Bahá’u’lláh,agree,The Cause Which Hath Ever Been the Object of the Prophets' Desire (Muntakhabát-i-Áthár:3) — «امريکه لم يزل و لا يزال مقصود نبيّين و غاية رجای مرسلين بوده باراده مطلقه و مشيّت نافذه ظاهر شده اوست موعودی که جميع کتب الهی باو بشارت داده مع ذلک اهل ارض از ا» — https://oceanoflights.org/bahaullah-pub02-03-fa/,linked translation,,امريکه لم يزل و لا يزال مقصود نبيّين و غاية رجای مرسلين بوده باراده مطلقه و مشيّت نافذه ظاهر شده اوست موعودی که جميع کتب الهی باو بشارت داده مع ذلک اهل ارض از ا,https://oceanoflights.org/bahaullah-pub02-03-fa/,,https://oceanlibrary.com/gleanings-from-the-writings-of-bahaullah
73,"Release yourselves, O nightingales of God, from the thorns and brambles of wretchedness and misery, and wing your flight to the rose-garden of unfading splendour.",Gleanings from the Writings of Bahá’u’lláh,Gleanings from the Writings of Bahá’u’lláh,agree,Lawh-i-'Ashiq va Ma'shuq (BH02198) — «ای بلبلان الهی از خارستان ذلّت بگلستان معنوی بشتابید و ای یاران ترابی قصد آشیان روحانی فرمائید مژده بجان دهید که جانان تاج ظهور بر سر نهاده و ابوابهای گلزار قدم» — https://oceanoflights.org/bahaullah-pub02-151-fa/,linked translation,,ای بلبلان الهی از خارستان ذلّت بگلستان معنوی بشتابید و ای یاران ترابی قصد آشیان روحانی فرمائید مژده بجان دهید که جانان تاج ظهور بر سر نهاده و ابوابهای گلزار قدم,https://oceanoflights.org/bahaullah-pub02-151-fa/,https://portlandiator.github.io/PI_browser/?id=BH02198,https://oceanlibrary.com/gleanings-from-the-writings-of-bahaullah
74,"The Ancient Beauty hath consented to be bound with chains that mankind may be released from its bondage, and hath accepted to be made a prisoner within this most mighty Stronghold that the whole world",Gleanings from the Writings of Bahá’u’lláh,Gleanings from the Writings of Bahá’u’lláh,agree,The Ancient Beauty Hath Consented to Be Bound with Chains That Mankind May Be Released from Its Bondage (Muntakhabát-i-Áthár:45) — «قد قُیِّدَ جمال القِدم لإطلاق العالم وحُبس في الحصن الأعظم لعتق العالمین واختار لنفسه الأحزان لسرور من في الأكوان. هذا من رحمة ربّك الرّحمن الرّحیم. قد قبلنا ال» — https://oceanoflights.org/bahaullah-pub02-45-ar/,linked translation,,قد قُیِّدَ جمال القِدم لإطلاق العالم وحُبس في الحصن الأعظم لعتق العالمین واختار لنفسه الأحزان لسرور من في الأكوان. هذا من رحمة ربّك الرّحمن الرّحیم. قد قبلنا ال,https://oceanoflights.org/bahaullah-pub02-45-ar/,,https://oceanlibrary.com/gleanings-from-the-writings-of-bahaullah
75,The All-Knowing Physician hath His finger on the pulse of mankind.,Gleanings from the Writings of Bahá’u’lláh,Gleanings from the Writings of Bahá’u’lláh,agree,On Mánikchí Ṣáḥib's Questions Concerning the Prophets and Divine Law — «رگ جهان در دست پزشک دانا است درد را می بیند و بدانائی درمان میکند هر روز را رازی است و هر سر را آوازی درد امروز را درمانی و فردا را درمان دیگر امروز را نگران با» — https://oceanoflights.org/bahaullah-pub21-05-fa/,linked translation,,رگ جهان در دست پزشک دانا است درد را می بیند و بدانائی درمان میکند هر روز را رازی است و هر سر را آوازی درد امروز را درمانی و فردا را درمان دیگر امروز را نگران با,https://oceanoflights.org/bahaullah-pub21-05-fa/,,https://oceanlibrary.com/gleanings-from-the-writings-of-bahaullah
76,"We beseech God to aid thee to be just and fair-minded, and to acquaint thee with the things that were hidden from the eyes of men.",Summons of the Lord of Hosts,Epistle to the Son of the Wolf,DIFFERS,Possibly: Lawh-i-Ibn-i-Dhi'b (Epistle to the Son of the Wolf) (BH00005) — «استدعا انکه در انچه ظاهر شده تفکّر نمايند و بعدل و انصاف تکلّم فرمايند شايد تجلّيات انوار افتاب صدق و صفا پرتو افکند و از تاريکی نادانی نجات بخشد و عالم را بنور» — https://oceanoflights.org/bahaullah-st-047-fa/,possible — verify,,استدعا انکه در انچه ظاهر شده تفکّر نمايند و بعدل و انصاف تکلّم فرمايند شايد تجلّيات انوار افتاب صدق و صفا پرتو افکند و از تاريکی نادانی نجات بخشد و عالم را بنور,https://oceanoflights.org/bahaullah-st-047-fa/,https://portlandiator.github.io/PI_browser/?id=BH00005,https://oceanlibrary.com/epistle-to-the-son-of-the-wolf_bahaullah?paraId=para_19
77,"The Supreme Pen hath, in ringing tones, enjoined love and fellowship on the whole world and hath categorically forbidden everyone to engage in that which is the cause of division, discord, estrangemen",,bahaullah-additional-tablets-extracts-bahai-library-001_en,sheet empty,Possibly: On Unity and the Elimination of Discord Among Peoples (La’álí’u’l-Ḥikmah 3:239) (BH05684) — «تا جميع عالم بانوار نيّر اعظم فائز گردند و در يك مدينه وارد شوند وبر يك سرير جالس، اين مظلوم از اوّل ايّام الى حين مقصودی جز آنكه ذكر شد نداشته و ندارد، شكّی ني» — https://oceanoflights.org/bahaullah-pub15-239-fa/,possible — verify,,تا جميع عالم بانوار نيّر اعظم فائز گردند و در يك مدينه وارد شوند وبر يك سرير جالس، اين مظلوم از اوّل ايّام الى حين مقصودی جز آنكه ذكر شد نداشته و ندارد، شكّی ني,https://oceanoflights.org/bahaullah-pub15-239-fa/,https://portlandiator.github.io/PI_browser/?id=BH05684,https://oceanoflights.org/file/autogenerated/bahaullah-additional-tablets-extracts-bahai-library-001_en.docx
78,"This is the Day whereon the Ocean of God’s mercy hath been manifested unto men, the Day in which the Day-Star of His loving-kindness hath shed its radiance upon them, the Day in which the clouds of Hi",Gleanings from the Writings of Bahá’u’lláh,Gleanings from the Writings of Bahá’u’lláh,agree,This Is the Day Whereon the Ocean of God's Mercy Hath Been Manifested (Muntakhabát-i-Áthár:5) — «... امروز روزيست که بحر رحمت ظاهر است و آفتاب عنايت مشرق و سحاب جود مرتفع بايد نفوس پژمرده را بنسائم محبّت و مودّت و مياه مرحمت تازه و خرم نمود احبّای الهی در ه» — https://oceanoflights.org/bahaullah-pub02-05-fa/,linked translation,,... امروز روزيست که بحر رحمت ظاهر است و آفتاب عنايت مشرق و سحاب جود مرتفع بايد نفوس پژمرده را بنسائم محبّت و مودّت و مياه مرحمت تازه و خرم نمود احبّای الهی در ه,https://oceanoflights.org/bahaullah-pub02-05-fa/,,https://oceanlibrary.com/gleanings-from-the-writings-of-bahaullah
79,"It beseemeth all men, in this Day, to take firm hold on the Most Great Name, and to establish the unity of all mankind.",Gleanings from the Writings of Bahá’u’lláh,Gleanings from the Writings of Bahá’u’lláh,agree,The Herald of Oneness Calleth from the Realm of the Godhead (Muntakhabát-i-Áthár:100) — «الیوم لایق آنکه کل باسم اعظم متشبّث شوند نیست مهرب و مفرّی جز او و ناس را متّحد نمایند اگر نفسی در اعلی علوّ مقام قائم باشد و از او کلماتی ظاهر شود که سبب تفریق» — https://oceanoflights.org/bahaullah-pub02-100-fa/,linked translation,,الیوم لایق آنکه کل باسم اعظم متشبّث شوند نیست مهرب و مفرّی جز او و ناس را متّحد نمایند اگر نفسی در اعلی علوّ مقام قائم باشد و از او کلماتی ظاهر شود که سبب تفریق,https://oceanoflights.org/bahaullah-pub02-100-fa/,,https://oceanlibrary.com/gleanings-from-the-writings-of-bahaullah?paraId=para_613
80,"In this Most Great Revelation goodly deeds and a praiseworthy character are regarded as the hosts of God, likewise is His blessed and holy Word.",Fountain of Wisdom : Tablets of Bahá’u’lláh,Tablets of Bahá’u’lláh Revealed After the Kitáb-i-Aqdas,DIFFERS,In All Things Look Unto Wisdom (Alváḥ ba‘d az Aqdas:33) — «اعمال طيّبه و اخلاق مرضيّه جند اللّهند در اين ظهور اعظم و همچنين کلمه طيّبه مبارکه اين جنود جذّاب قلوبند و فاتح ابواب اين سلاح احدّ از سلاح عالم است فأسئَل اللّ» — https://oceanoflights.org/bahaullah-pub03-33-fa/,linked translation,,اعمال طيّبه و اخلاق مرضيّه جند اللّهند در اين ظهور اعظم و همچنين کلمه طيّبه مبارکه اين جنود جذّاب قلوبند و فاتح ابواب اين سلاح احدّ از سلاح عالم است فأسئَل اللّ,https://oceanoflights.org/bahaullah-pub03-33-fa/,,https://siftersearch.com/library/bahai/core-publications/tablets-of-bahaullah-revealed-after-the-kitab-i-aqdas#p619
81,Indeed one’s righteous deeds testify to the truth of one’s words.,,Tablets of Bahá’u’lláh Revealed After the Kitáb-i-Aqdas,sheet empty,Tablet of the World — «و آن شفاعت دوستان از دشمنان نزد امرا بوده کردار نيک گواه راستی گفتار است اميد آنکه اخيار بروشنی کردار گيتی را روشن نمايند نَسْئَلُ اللّهَ تَبَارَکَ وَ تَعَالَی » — https://oceanoflights.org/bahaullah-pub01-33-fa/,linked translation,,و آن شفاعت دوستان از دشمنان نزد امرا بوده کردار نيک گواه راستی گفتار است اميد آنکه اخيار بروشنی کردار گيتی را روشن نمايند نَسْئَلُ اللّهَ تَبَارَکَ وَ تَعَالَی ,https://oceanoflights.org/bahaullah-pub01-33-fa/,,https://siftersearch.com/library/bahai/core-publications/tablets-of-bahaullah-revealed-after-the-kitab-i-aqdas#p209
82,"Know thou that he is truly learned who hath acknowledged My Revelation, and drunk from the Ocean of My knowledge, and soared in the atmosphere of My love, and cast away all else besides Me, and taken",Epistle to the Son of the Wolf,Tablets of Bahá’u’lláh Revealed After the Kitáb-i-Aqdas,DIFFERS,Lawh-i-Burhan (= Lawh-i-Raqsha?) (BH00336) — «يَا أَيُّهَا الْجَاهِلُ اعْلَمْ أَنَّ الْعَالِمَ مَنِ اعْتَرَفَ بِظُهُورِي وَشَرِبَ مِنْ بَحْرِ عِلْمِي وَطارَ فِي هَوآءِ حُبِّي وَنَبَذَ مَا سِوآئِي وَأَخَذَ م» — https://oceanoflights.org/bahaullah-st-035-ar/,linked translation,,يَا أَيُّهَا الْجَاهِلُ اعْلَمْ أَنَّ الْعَالِمَ مَنِ اعْتَرَفَ بِظُهُورِي وَشَرِبَ مِنْ بَحْرِ عِلْمِي وَطارَ فِي هَوآءِ حُبِّي وَنَبَذَ مَا سِوآئِي وَأَخَذَ م,https://oceanoflights.org/bahaullah-st-035-ar/,https://portlandiator.github.io/PI_browser/?id=BH00336,https://siftersearch.com/library/bahai/core-publications/tablets-of-bahaullah-revealed-after-the-kitab-i-aqdas#p495
83,"When I was still a child and had not yet attained the age of maturity, My father made arrangements in Ṭihrán for the marriage of one of My older brothers, and as is customary in that city, the festivi",Summons of the Lord of Hosts,Summons of the Lord of Hosts,agree,Lawh-i-Ra'is (BH00269) — «که اين غلام طفل بود و به حدّ بلوغ نرسيده والد از برای يکی از اخوان که کبير بود در طهران اراده تزويج نمود و چنانچه عادت آن بلد است در هفت شبانه‌روز به جشن مشغول » — https://oceanoflights.org/bahaullah-st-070-2-fa/,linked translation,,که اين غلام طفل بود و به حدّ بلوغ نرسيده والد از برای يکی از اخوان که کبير بود در طهران اراده تزويج نمود و چنانچه عادت آن بلد است در هفت شبانه‌روز به جشن مشغول ,https://oceanoflights.org/bahaullah-st-070-2-fa/,https://portlandiator.github.io/PI_browser/?id=BH00269,https://oceanlibrary.com/summons-of-the-lord-of-hosts_bahaullah
84,"During the days I lay in the prison of Ṭihrán, though the galling weight of the chains and the stench-filled air allowed Me but little sleep, still in those infrequent moments of slumber I felt as if",Epistle to the Son of the Wolf,Epistle to the Son of the Wolf,agree,Lawh-i-Ibn-i-Dhi'b (Epistle to the Son of the Wolf) (BH00005) — «اگر چه نوم از زحمت سلاسل و روائح منتنه قليل بود و لکن بعضی از اوقات که دست ميداد احساس ميشد از جهت اعلای راس چيزی بر صدر ميريخت بمثابه رودخانه عظيمی که از قلّه » — https://oceanoflights.org/bahaullah-st-047-fa/,linked translation,,اگر چه نوم از زحمت سلاسل و روائح منتنه قليل بود و لکن بعضی از اوقات که دست ميداد احساس ميشد از جهت اعلای راس چيزی بر صدر ميريخت بمثابه رودخانه عظيمی که از قلّه ,https://oceanoflights.org/bahaullah-st-047-fa/,https://portlandiator.github.io/PI_browser/?id=BH00005,https://oceanlibrary.com/epistle-to-the-son-of-the-wolf_bahaullah
85,"While engulfed in tribulations I heard a most wondrous, a most sweet voice, calling above My head.",Summons of the Lord of Hosts,Summons of the Lord of Hosts,agree,Súriy-i-Haykal (Tablet of the Temple) — «فلما شهدت نفسى علی قطب البلاء سمعت صوت الابدع الاحلی عن فوق رأسى فلما توجهت الی الفوق رأیت حوریة ذکر اسم ربى معلقة فى الهواء محاذى رأسى و شهدت بانها مستبشره فى » — https://oceanoflights.org/bahaullah-pub06-090-ar/,linked translation,,فلما شهدت نفسى علی قطب البلاء سمعت صوت الابدع الاحلی عن فوق رأسى فلما توجهت الی الفوق رأیت حوریة ذکر اسم ربى معلقة فى الهواء محاذى رأسى و شهدت بانها مستبشره فى ,https://oceanoflights.org/bahaullah-pub06-090-ar/,,https://oceanlibrary.com/summons-of-the-lord-of-hosts_bahaullah
86,"My God, My Master, My Desire!… Thou hast created this atom of dust through the consummate power of Thy might, and nurtured Him with Thine hands which none can chain up….","Ásíyih Khánum Called Navváb, Entitled Varaqiy-i-Ulyá 'The Most Exalted Leaf': The Wife of Bahá'u'lláh",Prayer at the Time of Departure from Iran,DIFFERS,Possibly: Prayer at the Time of Departure from Iran (BH00951) — «خلق فرمودى اين ذرّه دکا را بقدرت كاملهء خود و بپروردی به ايادى باسطهء خود و بعد مقرّر داشتی بر او بلايا و محن را بحیثیّتی كه وصف آن ببيان نیاید و در صفحات الواح» — https://oceanoflights.org/bahaullah-st-155-fa/,possible — verify,,خلق فرمودى اين ذرّه دکا را بقدرت كاملهء خود و بپروردی به ايادى باسطهء خود و بعد مقرّر داشتی بر او بلايا و محن را بحیثیّتی كه وصف آن ببيان نیاید و در صفحات الواح,https://oceanoflights.org/bahaullah-st-155-fa/,https://portlandiator.github.io/PI_browser/?id=BH00951,https://siftersearch.com/library/bahai/core-tablets/bahaullah_prayer-at-the-time-of-departure-from-iran_fa#p4
87,"We betook Ourselves to the wilderness, and there, separated and alone, led for two years a life of complete solitude.",Bahá’u’lláh -- The King of Glory,The Kitáb-i-Íqán,DIFFERS,Kitab-i-Iqan (The Book of Certitude) (BH00002) — «چون فی الجمله بر امورات محدثهٴ بعد اطّلاع یافتم، از قبل مهاجرت اختیار نمودم و سر در بیابان های فراق نهادم و دو سال وحده در صحراهای هجر بسر بردم و از عیونم عیون » — https://oceanoflights.org/bahaullah-st-017-fa/,linked translation,,چون فی الجمله بر امورات محدثهٴ بعد اطّلاع یافتم، از قبل مهاجرت اختیار نمودم و سر در بیابان های فراق نهادم و دو سال وحده در صحراهای هجر بسر بردم و از عیونم عیون ,https://oceanoflights.org/bahaullah-st-017-fa/,https://portlandiator.github.io/PI_browser/?id=BH00002,https://oceanlibrary.com/kitab-i-iqan_bahaullah?paraId=para_290
88,"The Divine Springtime is come, O Most Exalted Pen, for the Festival of the All-Merciful is fast approaching.",Gleanings from the Writings of Bahá’u’lláh,Gleanings from the Writings of Bahá’u’lláh,agree,Tablet of the Divine Springtime (BH00821) — «يَا قَلَمَ الأَعْلَى قَدْ أَتَى رَبِيعُ الْبَيَانِ بِمَا تَقَرَّبَ عِيدُ الرَّحْمنِ قُمْ بَيْنَ مَلإِ الإِنْشَاءِ بِالذِّكْرِ وَالثَّنَاءِ عَلَى شَأْنٍ يُجَدَّد» — https://oceanoflights.org/bahaullah-pub02-14-ar/,linked translation,,يَا قَلَمَ الأَعْلَى قَدْ أَتَى رَبِيعُ الْبَيَانِ بِمَا تَقَرَّبَ عِيدُ الرَّحْمنِ قُمْ بَيْنَ مَلإِ الإِنْشَاءِ بِالذِّكْرِ وَالثَّنَاءِ عَلَى شَأْنٍ يُجَدَّد,https://oceanoflights.org/bahaullah-pub02-14-ar/,https://portlandiator.github.io/PI_browser/?id=BH00821,https://oceanlibrary.com/gleanings-from-the-writings-of-bahaullah?paraId=para_78
89,"I have seen, O S̱háh, in the path of God what eye hath not seen nor ear heard.",Summons of the Lord of Hosts,Summons of the Lord of Hosts,agree,Maqaliy-i-Shakhs Sayyah (A Traveller's Narrative) (AB00003) — «[ يا ملک قد رايت فی سبيل اللّه ما لا رأت عين و لاسمعت اذن. قد انکرنی المعارف و ضاق عليّ المخارف. قد نضب ضحضاح السّلامة و اصفرّ ضحضاح الرّاحة. کم من البلايا نزلت» — https://oceanoflights.org/abdul-baha-bkw21-fa/,linked translation,REVIEW: tablet is by the other author,[ يا ملک قد رايت فی سبيل اللّه ما لا رأت عين و لاسمعت اذن. قد انکرنی المعارف و ضاق عليّ المخارف. قد نضب ضحضاح السّلامة و اصفرّ ضحضاح الرّاحة. کم من البلايا نزلت,https://oceanoflights.org/abdul-baha-bkw21-fa/,https://portlandiator.github.io/PI_browser/?id=AB00003,https://oceanlibrary.com/summons-of-the-lord-of-hosts_bahaullah
90,"Upon Our arrival, We were welcomed with banners of light, whereupon the Voice of the Spirit cried out saying: “Soon will all that dwell on earth be enlisted under these banners.”","A Hymn to Love (Sáqí, bi-dih ábí)","A Hymn to Love (Sáqí, bi-dih ábí)",agree,"Possibly: I testify, even as God Himself did testify before the creation of all things, that verily … (BH00596) — «یا قوم انّی لمّا سمعت ندآء هذا الظّهور رأیت بأنّ کلّ شیء اهتزّ فی نفسه و الرّضوان و ما خلق فیه و الفردوس و ما قدر علیه تشهّقاً شوقاً للقائه حینئذ نزلت بجنود الو»",possible — verify,,یا قوم انّی لمّا سمعت ندآء هذا الظّهور رأیت بأنّ کلّ شیء اهتزّ فی نفسه و الرّضوان و ما خلق فیه و الفردوس و ما قدر علیه تشهّقاً شوقاً للقائه حینئذ نزلت بجنود الو,,https://portlandiator.github.io/PI_browser/?id=BH00596,https://bahai-library.com/savi_hymn_love
91,"Know thou that upon Our arrival at this Spot, We chose to designate it as the “Most Great Prison”.",The Child of the Covenant,This Is A Day Wherein The Eye Of The World Hath Wept (Áthár-i-Qalam-i-A‘lá 2:22),DIFFERS,"Possibly: Upon thee, O Mahdi, be the remembrance of God and His glorification! Rejoice thou in that … (BH02333) — «انّ فی ورودنا هذا المقام سمّیناه بالسّجن الأعظم و من قبل کنّا فی ارض اخری تحت السّلاسل و الأغلال و ما سمّی بذلک قل تفکّروا فیه»",possible — verify,,انّ فی ورودنا هذا المقام سمّیناه بالسّجن الأعظم و من قبل کنّا فی ارض اخری تحت السّلاسل و الأغلال و ما سمّی بذلک قل تفکّروا فیه,,https://portlandiator.github.io/PI_browser/?id=BH02333,https://siftersearch.com/library/bahai/athar-i-qalam-i-ala-vol-2/bahaullah_this-is-a-day-wherein-the-eye-of-the-world-hath-wept_ar#p1
92,"Lauded be Thy name, O Lord my God!",Prayers and Meditations,Prayers and Meditations,agree,"O My Lord, This Is Thy Servant Whom Thou Hast Related Unto the Dayspring of Thine Essence (al-Munáját:30) — «سُبْحانَكَ اللَّهُمَّ يا إِلهِي تَرانِي اليَوْمَ فِيْ السِّجْنِ بَيْنَ أَيْدِي أَعْدائِكَ وَالإِبْنَ عَلَى التُّرابِ أَمامَ وَجْهِكَ، أَيْ رَبِّ هذا عَبْدُكَ ال» — https://oceanoflights.org/bahaullah-pm01-030-ar/",linked translation,,سُبْحانَكَ اللَّهُمَّ يا إِلهِي تَرانِي اليَوْمَ فِيْ السِّجْنِ بَيْنَ أَيْدِي أَعْدائِكَ وَالإِبْنَ عَلَى التُّرابِ أَمامَ وَجْهِكَ، أَيْ رَبِّ هذا عَبْدُكَ ال,https://oceanoflights.org/bahaullah-pm01-030-ar/,,https://oceanlibrary.com/prayers-and-meditations-by-bahaullah?paraId=para_159
93,"Recall thou to mind My sorrows, My cares and anxieties, My woes and trials, the state of My captivity, the tears that I have shed, the bitterness of Mine anguish, and now My imprisonment in this far-o",Gleanings from the Writings of Bahá’u’lláh,Gleanings from the Writings of Bahá’u’lláh,agree,"O Mustafa! Thy letter hath reached Our presence, and We have read it, for verily We have e… (BH02035) — «ثمّ ذکّر حزنی و همّی و غمّی و بلائی و ابتلائی و غربتی و بکائی و حرقتی و سجنی فی هذه الأرض البعید ان یا مصطفی تالله لو تطّلع بما ورد علی جمال القدم لتنوح فی العر»",linked translation,,ثمّ ذکّر حزنی و همّی و غمّی و بلائی و ابتلائی و غربتی و بکائی و حرقتی و سجنی فی هذه الأرض البعید ان یا مصطفی تالله لو تطّلع بما ورد علی جمال القدم لتنوح فی العر,,https://portlandiator.github.io/PI_browser/?id=BH02035,https://oceanlibrary.com/gleanings-from-the-writings-of-bahaullah
94,Ponder awhile on the woes and afflictions which this Prisoner hath sustained.,The Child of the Covenant,Gleanings from the Writings of Bahá’u’lláh,DIFFERS,The Herald of Oneness Calleth from the Realm of the Godhead (Muntakhabát-i-Áthár:100) — «و جمیع امور منوط بآن قدری تفکّر در رزایا و بلایای این مسجون نمائید که تمام عمر در ید اعدا بوده و هر یوم در سبیل محبّت الهی ببلائی مبتلا تا آنکه امر الله مابین ع» — https://oceanoflights.org/bahaullah-pub02-100-fa/,linked translation,,و جمیع امور منوط بآن قدری تفکّر در رزایا و بلایای این مسجون نمائید که تمام عمر در ید اعدا بوده و هر یوم در سبیل محبّت الهی ببلائی مبتلا تا آنکه امر الله مابین ع,https://oceanoflights.org/bahaullah-pub02-100-fa/,,https://oceanlibrary.com/gleanings-from-the-writings-of-bahaullah
95,As to thy question concerning the origin of creation.,Gleanings from the Writings of Bahá’u’lláh,Gleanings from the Writings of Bahá’u’lláh,agree,Lawḥ-i-'Abdu'r-Razzáq (Muntakhabát-i-Áthár:78) — «...و اینکه سؤال از خلق شده بود بدان که لم‌ یزل خلق بوده و لا یزال خواهد بود لا لأوّله بدایة و لا لآخره نهایة اسم الخالق بنفسه یطلب المخلوق و کذلک اسم الرّبّ یقت» — https://oceanoflights.org/bahaullah-pub02-78-fa/,linked translation,,...و اینکه سؤال از خلق شده بود بدان که لم‌ یزل خلق بوده و لا یزال خواهد بود لا لأوّله بدایة و لا لآخره نهایة اسم الخالق بنفسه یطلب المخلوق و کذلک اسم الرّبّ یقت,https://oceanoflights.org/bahaullah-pub02-78-fa/,,https://oceanlibrary.com/gleanings-from-the-writings-of-bahaullah
96,"As regards thine assertions about the beginning of creation, this is a matter on which conceptions vary by reason of the divergences in men’s thoughts and opinions.",Fountain of Wisdom : Tablets of Bahá’u’lláh,Tablets of Bahá’u’lláh Revealed After the Kitáb-i-Aqdas,DIFFERS,Lawh-i-Hikmat (Tablet of Wisdom) (BH00223) — «و امّا ما ذکرت فى بدء‌الخلق هذا مقام يختلف باختلاف الافئدة و الانظار لو تقول انّه کان و يکون هذا حقّ و لو تقول کما ذکر فى الکتب المقدّسة انّه لا‌ريب فيه نزّل من» — https://oceanoflights.org/bahaullah-pub06-006-ar/,linked translation,,و امّا ما ذکرت فى بدء‌الخلق هذا مقام يختلف باختلاف الافئدة و الانظار لو تقول انّه کان و يکون هذا حقّ و لو تقول کما ذکر فى الکتب المقدّسة انّه لا‌ريب فيه نزّل من,https://oceanoflights.org/bahaullah-pub06-006-ar/,https://portlandiator.github.io/PI_browser/?id=BH00223,https://siftersearch.com/library/bahai/core-publications/tablets-of-bahaullah-revealed-after-the-kitab-i-aqdas#p322
97,As to thy question concerning the worlds of God.,Tablets of Bahá’u’lláh Revealed After the Kitáb-i-Aqdas,Tablets of Bahá’u’lláh Revealed After the Kitáb-i-Aqdas,agree,Súriy-i-Vafá — «وأمّا ما سألت من العوالم فاعلم بأنّ للّه عوالم لا نهایة بما لا نهایة لها وما أحاط بها أحد إلّا نفسه العلیم الحکیم تفکّر في النّوم وإنّه آیة الأعظم بین النّاس لو» — https://oceanoflights.org/bahaullah-pub02-79-ar/,linked translation,,وأمّا ما سألت من العوالم فاعلم بأنّ للّه عوالم لا نهایة بما لا نهایة لها وما أحاط بها أحد إلّا نفسه العلیم الحکیم تفکّر في النّوم وإنّه آیة الأعظم بین النّاس لو,https://oceanoflights.org/bahaullah-pub02-79-ar/,,https://siftersearch.com/library/bahai/core-publications/tablets-of-bahaullah-revealed-after-the-kitab-i-aqdas#p458
98,Know thou that every created thing is a sign of the revelation of God.,Gleanings from the Writings of Bahá’u’lláh,Gleanings from the Writings of Bahá’u’lláh,agree,"Possibly: Boundless praise beseemeth the sacred and everlasting Threshold, Who hath, from time immem… (BH00648) — «سبحان محبوب لایزالی که هر جلوه شأنی ظاهر فرمود و بهر نفحه آیه بدعی نازل گردانیده و بهر نفحۀ احیای اجساد میّته ماخلق فرموده و بهر جلوه تجلیّ قدسی از غیب لا برای »",possible — verify,,سبحان محبوب لایزالی که هر جلوه شأنی ظاهر فرمود و بهر نفحه آیه بدعی نازل گردانیده و بهر نفحۀ احیای اجساد میّته ماخلق فرموده و بهر جلوه تجلیّ قدسی از غیب لا برای ,,https://portlandiator.github.io/PI_browser/?id=BH00648,https://oceanlibrary.com/gleanings-from-the-writings-of-bahaullah
99,"All praise and glory be to God Who, through the power of His might, hath delivered His creation from the nakedness of non-existence, and clothed it with the mantle of life.",Gleanings from the Writings of Bahá’u’lláh,Gleanings from the Writings of Bahá’u’lláh,agree,Tablet to Mánikchí Ṣáḥib (Muntakhabát-i-Áthár:34) — «سپاس و ستایش خداوندیرا سزاوار که آفرینش را بتوانائی خود از برهنگی نابودی رهائی داد و بپوشش زندگی سرافرازی بخشید پس گوهر پاک مردمرا از میان آفریدگان برگزید و او » — https://oceanoflights.org/bahaullah-pub02-34-fa/,linked translation,,سپاس و ستایش خداوندیرا سزاوار که آفرینش را بتوانائی خود از برهنگی نابودی رهائی داد و بپوشش زندگی سرافرازی بخشید پس گوهر پاک مردمرا از میان آفریدگان برگزید و او ,https://oceanoflights.org/bahaullah-pub02-34-fa/,,https://oceanlibrary.com/gleanings-from-the-writings-of-bahaullah
100,"Thine eye is My trust, suffer not the dust of vain desires to becloud its lustre.",Gleanings from the Writings of Bahá’u’lláh,Gleanings from the Writings of Bahá’u’lláh,agree,Tablet of Aḥmad (Persian) — «ای احمد چشم وديعه من است او را بغبار نفس و هوی تيره مکن * و گوش مظهر جود من است او را باعراض مشتهيّه نفسيّه از اصغای کلمه جامعه باز مدار * قلب خزينه من است لئال» — https://oceanoflights.org/bahaullah-pub01-38-fa/,linked translation,,ای احمد چشم وديعه من است او را بغبار نفس و هوی تيره مکن * و گوش مظهر جود من است او را باعراض مشتهيّه نفسيّه از اصغای کلمه جامعه باز مدار * قلب خزينه من است لئال,https://oceanoflights.org/bahaullah-pub01-38-fa/,,https://oceanlibrary.com/gleanings-from-the-writings-of-bahaullah
101,"Know thou that, according to what thy Lord, the Lord of all men, hath decreed in His Book, the favours vouchsafed by Him unto mankind have been, and will ever remain, limitless in their range.",Gleanings from the Writings of Bahá’u’lláh,Gleanings from the Writings of Bahá’u’lláh,agree,"On the Bounties Bestowed Upon Man, Culminating in the Manifestation (Muntakhabát-i-Áthár:95) (BH03960) — «از برای نعمت مراتب لانهایه بوده و خواهد بود در کتاب پروردگار تو و پروردگار عالمیان اوّل نعمتی که بهیکل انسانی عنایت شد خرد بوده و هست و مقصود از او عرفان حقّ جل» — https://oceanoflights.org/bahaullah-pub02-95-fa/",linked translation,,از برای نعمت مراتب لانهایه بوده و خواهد بود در کتاب پروردگار تو و پروردگار عالمیان اوّل نعمتی که بهیکل انسانی عنایت شد خرد بوده و هست و مقصود از او عرفان حقّ جل,https://oceanoflights.org/bahaullah-pub02-95-fa/,https://portlandiator.github.io/PI_browser/?id=BH03960,https://oceanlibrary.com/gleanings-from-the-writings-of-bahaullah
102,Consider the rational faculty with which God hath endowed the essence of man.,Gleanings from the Writings of Bahá’u’lláh,Gleanings from the Writings of Bahá’u’lláh,agree,Lawh-i-Hadi - On He who knoweth himself knoweth His Lord (BH00210) — «و الله یهدی من یشاء الی صراط العزیز المقتدر القدیر مثلا ملاحظه در نفس ناطقه که ودیعهء ربانیه است در انفس انسانیه نمائید مثلا در خود ملاحظه نماکه حرکت و سکون و ا» — https://oceanoflights.org/bahaullah-pub17-027-fa/,linked translation,,و الله یهدی من یشاء الی صراط العزیز المقتدر القدیر مثلا ملاحظه در نفس ناطقه که ودیعهء ربانیه است در انفس انسانیه نمائید مثلا در خود ملاحظه نماکه حرکت و سکون و ا,https://oceanoflights.org/bahaullah-pub17-027-fa/,https://portlandiator.github.io/PI_browser/?id=BH00210,https://oceanlibrary.com/gleanings-from-the-writings-of-bahaullah
103,Say: Blessed the slumberer who is awakened by My Breeze.,Tablets of Bahá’u’lláh Revealed After the Kitáb-i-Aqdas,Tablets of Bahá’u’lláh Revealed After the Kitáb-i-Aqdas,agree,Lawḥ-i-Aqdas — «طوبی لمن وفی بعهدی و ما منعته الدنیا عن الورود فی بساط قدسی طوبی لمن انقطع عن سوائی و طار فی هواء حبی و دخل ملکوتی و شاهد ممالک عزی و شرب کوثر فضلی و سلسبیل عنا» — https://oceanoflights.org/bahaullah-pub05-006-ar/,linked translation,,طوبی لمن وفی بعهدی و ما منعته الدنیا عن الورود فی بساط قدسی طوبی لمن انقطع عن سوائی و طار فی هواء حبی و دخل ملکوتی و شاهد ممالک عزی و شرب کوثر فضلی و سلسبیل عنا,https://oceanoflights.org/bahaullah-pub05-006-ar/,,https://siftersearch.com/library/bahai/core-publications/tablets-of-bahaullah-revealed-after-the-kitab-i-aqdas#p27
104,"The potentialities inherent in the station of man, the full measure of his destiny on earth, the innate excellence of his reality, must all be manifested in this promised Day of God.",,Gleanings from the Writings of Bahá’u’lláh,sheet empty,"Man, Though Deemed the Lesser World, Is in Truth the Greater World (Muntakhabát-i-Áthár:162) (BH07594) — «و مقام و رتبه و شأن هر انسانی باید در این یوم موعود ظاهر شود» — https://oceanoflights.org/bahaullah-pub02-162-fa/",linked translation,,و مقام و رتبه و شأن هر انسانی باید در این یوم موعود ظاهر شود,https://oceanoflights.org/bahaullah-pub02-162-fa/,https://portlandiator.github.io/PI_browser/?id=BH07594,https://oceanlibrary.com/gleanings-from-the-writings-of-bahaullah
105,Thou hast asked Me concerning the nature of the soul.,Gleanings from the Writings of Bahá’u’lláh,Gleanings from the Writings of Bahá’u’lláh,agree,On the Reality of the Soul and Its Destiny After Death (Muntakhabát-i-Áthár:82) — «انّها آیة الهیّة و جوهرة ملکوتیّة الّتی عجز کلّ ذی علم عن عرفان حقیقتها و کلّ ذی عرفان عن معرفتها انّها اوّل شیء حکی عن الله موجده و اقبل الیه و تمسّک به و سجد » — https://oceanoflights.org/bahaullah-pub02-82-fa/,linked translation,,انّها آیة الهیّة و جوهرة ملکوتیّة الّتی عجز کلّ ذی علم عن عرفان حقیقتها و کلّ ذی عرفان عن معرفتها انّها اوّل شیء حکی عن الله موجده و اقبل الیه و تمسّک به و سجد ,https://oceanoflights.org/bahaullah-pub02-82-fa/,,https://oceanlibrary.com/gleanings-from-the-writings-of-bahaullah
106,"Thou hast asked Me whether man, as apart from the Prophets of God and His chosen ones, will retain, after his physical death, the self-same individuality, personality, consciousness, and understanding",Gleanings from the Writings of Bahá’u’lláh,Gleanings from the Writings of Bahá’u’lláh,agree,Tablet to ‘Abdu’r-Razzáq — «وأمّا ما سألت، بنی نوع انسانی بعد از موت ظاهری غیر از انبیا و اولیا آیا همین تعیّن و تشخّص و ادراک و شعوری که قبل از موت در او موجود است بعد از موت هم باقی است » — https://oceanoflights.org/bahaullah-pub02-80-fa/,linked translation,,وأمّا ما سألت، بنی نوع انسانی بعد از موت ظاهری غیر از انبیا و اولیا آیا همین تعیّن و تشخّص و ادراک و شعوری که قبل از موت در او موجود است بعد از موت هم باقی است ,https://oceanoflights.org/bahaullah-pub02-80-fa/,,https://oceanlibrary.com/gleanings-from-the-writings-of-bahaullah
107,"Know that the soul which is common to all men cometh forth following the commingling of things and after their maturation, as thou dost observe in the germ: Once it hath developed to its predestined s",Summons of the Lord of Hosts,Summons of the Lord of Hosts,agree,Suriy-i-Ra'is (BH00260) — «إِنَّها تَحْدُثُ بَعْدَ امْتِشاجِ الأَشْيَاءِ وَبُلُوغِها كَمَا تَرَى فِي النُّطْفَةِ إِنَّها بَعْدَ ارْتِقائِها إِلَى المَقَامِ الَّذِي قُدِّرَ فِيها يُظْهِرُ » — https://oceanoflights.org/bahaullah-pub01-08-ar/,linked translation,,إِنَّها تَحْدُثُ بَعْدَ امْتِشاجِ الأَشْيَاءِ وَبُلُوغِها كَمَا تَرَى فِي النُّطْفَةِ إِنَّها بَعْدَ ارْتِقائِها إِلَى المَقَامِ الَّذِي قُدِّرَ فِيها يُظْهِرُ ,https://oceanoflights.org/bahaullah-pub01-08-ar/,https://portlandiator.github.io/PI_browser/?id=BH00260,https://oceanlibrary.com/summons-of-the-lord-of-hosts_bahaullah?paraId=para_330
108,"We fain would hope that through thine exertions the wings of men may be sanctified from the mire of self and desire, and be made worthy to soar in the atmosphere of God’s love.",,Epistle to the Son of the Wolf,sheet empty,Lawh-i-Ibn-i-Dhi'b (Epistle to the Son of the Wolf) (BH00005) — «اميد انکه بهمّت ان جناب اجنحه عباد از طين نفس و هواء مطهّر شود و قابل طيران در هواء محبّت الهی گردد پرهای بطين الوده قادر بر طيران نبوده و نيست * يشهد بذلک مظاه» — https://oceanoflights.org/bahaullah-st-047-fa/,linked translation,,اميد انکه بهمّت ان جناب اجنحه عباد از طين نفس و هواء مطهّر شود و قابل طيران در هواء محبّت الهی گردد پرهای بطين الوده قادر بر طيران نبوده و نيست * يشهد بذلک مظاه,https://oceanoflights.org/bahaullah-st-047-fa/,https://portlandiator.github.io/PI_browser/?id=BH00005,https://oceanlibrary.com/epistle-to-the-son-of-the-wolf_bahaullah?paraId=para_198
109,"The day is approaching when God will have, by an act of His Will, raised up a race of men the nature of which is inscrutable to all save God, the All-Powerful, the Self-Subsisting.",Man -- The Crown of Creation or Its Destroyer,Summons of the Lord of Hosts,DIFFERS,Súriy-i-Haykal (Tablet of the Temple) — «و یبعث بارادته خلق ما اطلع احد بهم الا نفسه المهیمن القیوم و یطهرهم عن دنس الوهم و الهوى و یرفعهم الی مقام التقدیس و مقاعد التسبیح و یظهر منهم آثار عز سلطانه فى» — https://oceanoflights.org/bahaullah-pub06-090-ar/,linked translation,,و یبعث بارادته خلق ما اطلع احد بهم الا نفسه المهیمن القیوم و یطهرهم عن دنس الوهم و الهوى و یرفعهم الی مقام التقدیس و مقاعد التسبیح و یظهر منهم آثار عز سلطانه فى,https://oceanoflights.org/bahaullah-pub06-090-ar/,,https://oceanlibrary.com/summons-of-the-lord-of-hosts_bahaullah
110,"A race of men, incomparable in character, shall be raised up which, with the feet of detachment, will tread under all who are in heaven and on earth, and will cast the sleeve of holiness over all that",Bahá’í Youth and Sexuality: A Personal/Professional View,Gleanings from the Writings of Bahá’u’lláh,DIFFERS,Tablet of the Cloud — «إنّهم منّي لیجدنّ من قمیصهم الملأ الأعلی عرف التّقدیس...ولو یردن علیهم ذوات الجمال بأحسن الطّراز لا ترتدّ إلیهنّ أبصارهم بالهوی أولئك خُلقوا من التّقوی كذلك یعل» — https://oceanoflights.org/bahaullah-pub02-60-ar/,linked translation,,إنّهم منّي لیجدنّ من قمیصهم الملأ الأعلی عرف التّقدیس...ولو یردن علیهم ذوات الجمال بأحسن الطّراز لا ترتدّ إلیهنّ أبصارهم بالهوی أولئك خُلقوا من التّقوی كذلك یعل,https://oceanoflights.org/bahaullah-pub02-60-ar/,,https://oceanlibrary.com/gleanings-from-the-writings-of-bahaullah
111,"Say: He is not to be numbered with the people of Bahá who followeth his mundane desires, or fixeth his heart on things of the earth.",Gleanings from the Writings of Bahá’u’lláh,Gleanings from the Writings of Bahá’u’lláh,agree,Tablet of the Cloud — «إنّهم لیسوا من أهل البهآء هم عباد لو یردون وادیًا من الذّهب یمرّون عنه کمرّ السّحاب ولا یلتفتون إلیه أبدًا أَلَا إنّهم منّي لیجدنّ من قمیصهم الملأ الأعلی عرف ال» — https://oceanoflights.org/bahaullah-pub02-60-ar/,linked translation,,إنّهم لیسوا من أهل البهآء هم عباد لو یردون وادیًا من الذّهب یمرّون عنه کمرّ السّحاب ولا یلتفتون إلیه أبدًا أَلَا إنّهم منّي لیجدنّ من قمیصهم الملأ الأعلی عرف ال,https://oceanoflights.org/bahaullah-pub02-60-ar/,,https://oceanlibrary.com/gleanings-from-the-writings-of-bahaullah
112,"He is the true servant of God who, in this day, were he to pass through cities of silver and gold, would not deign to look upon them, and whose heart would remain pure and undefiled from whatever thin",Messages 1963 to 1986,Trustworthiness,DIFFERS,In this day the horizon of the world hath been illumined with the splendors of the appeara… (BH03061) — «یا ایّها النّاظر الی الوجه خادم امر امروز کسیست که اگر بر مدائن ذهب و فضّه مرور نماید چشم نگشاید و قلبش پاک و مقدّس باشد از آنچه مشاهده میشود یعنی از زخارف و آل»,linked translation,,یا ایّها النّاظر الی الوجه خادم امر امروز کسیست که اگر بر مدائن ذهب و فضّه مرور نماید چشم نگشاید و قلبش پاک و مقدّس باشد از آنچه مشاهده میشود یعنی از زخارف و آل,,https://portlandiator.github.io/PI_browser/?id=BH03061,https://oceanlibrary.com/trustworthiness_bahaullah?paraId=para_55
113,Detachment is as the sun; in whatsoever heart it doth shine it quencheth the fire of covetousness and self.,A Partial Inventory of the Works of the Central Figures of the Bahá'í Faith,Gleanings from the Writings of Bahá’u’lláh,DIFFERS,Súriy-i-Bayán — «ثم اعلموا بان الدنیا هى غفلتکم عن موجدکم و اشتغالکم بما سویه و الآخرة ما یقربکم الی الله العزیز الجمیل و کلما یمنعکم الیوم عن حب الله انها لهى الدنیا ان اجتنبوا» — https://oceanoflights.org/bahaullah-pub06-080-ar/,linked translation,,ثم اعلموا بان الدنیا هى غفلتکم عن موجدکم و اشتغالکم بما سویه و الآخرة ما یقربکم الی الله العزیز الجمیل و کلما یمنعکم الیوم عن حب الله انها لهى الدنیا ان اجتنبوا,https://oceanoflights.org/bahaullah-pub06-080-ar/,,https://oceanlibrary.com/gleanings-from-the-writings-of-bahaullah
114,"Whoso cleaveth to justice, can, under no circumstances, transgress the limits of moderation.",Gleanings from the Writings of Bahá’u’lláh,Gleanings from the Writings of Bahá’u’lláh,agree,"O Peoples of the World, Hold Fast unto the Strong Cord (Muntakhabát-i-Áthár:164) (BH00576) — «إنّ الّذی تمسّک بالعدل إنّه لا یتجاوز حدود الاعتدال فی أمر من الأمور و یکون علی بصیرة من لدی البصیر إنّ التّمدّن الّذی یذکره علمآء مِصر الصّنایع و الفضل لو یتجا» — https://oceanoflights.org/bahaullah-pub02-164-fa/",linked translation,,إنّ الّذی تمسّک بالعدل إنّه لا یتجاوز حدود الاعتدال فی أمر من الأمور و یکون علی بصیرة من لدی البصیر إنّ التّمدّن الّذی یذکره علمآء مِصر الصّنایع و الفضل لو یتجا,https://oceanoflights.org/bahaullah-pub02-164-fa/,https://portlandiator.github.io/PI_browser/?id=BH00576,https://oceanlibrary.com/gleanings-from-the-writings-of-bahaullah
115,O people of Bahá! Ye are the breezes of spring that are wafted over the world.,The Rise of Justice in the Spiritual and Secular Life of Man,Gleanings from the Writings of Bahá’u’lláh,DIFFERS,On Steadfastness in the Cause of God (Muntakhabát-i-Áthár:134) — «وبعد از عرفان حقّ اعظم امور استقامت بر امر او است تمسّک بها و کن من الرّاسخین هیچ عملی اعظم از این نبوده و نیست او است سلطان اعمال وربّک العلیّ العظیم...» — https://oceanoflights.org/bahaullah-pub02-134-fa/,linked translation,,وبعد از عرفان حقّ اعظم امور استقامت بر امر او است تمسّک بها و کن من الرّاسخین هیچ عملی اعظم از این نبوده و نیست او است سلطان اعمال وربّک العلیّ العظیم...,https://oceanoflights.org/bahaullah-pub02-134-fa/,,https://oceanlibrary.com/gleanings-from-the-writings-of-bahaullah
116,"Thou hast gained admittance into the Paradise of God’s Remembrance, through thy recognition of Him Who is the Embodiment of that Remembrance amongst men.",Gleanings from the Writings of Bahá’u’lláh,Gleanings from the Writings of Bahá’u’lláh,agree,On the Abolition of the Sword and Victory through Utterance (Muntakhabát-i-Áthár:139) — «إِذًا فاشکر الله بما أیّدک علی أمره وأنبت في ریاض قلبک سنبلات العلم والحکمة وکذلک کان فضله علیک وعلی العالمین مسبوقًا إیّاک أن لا یحزنک شيء عمّا خلق بین الأرض و» — https://oceanoflights.org/bahaullah-pub02-139-ar/,linked translation,,إِذًا فاشکر الله بما أیّدک علی أمره وأنبت في ریاض قلبک سنبلات العلم والحکمة وکذلک کان فضله علیک وعلی العالمین مسبوقًا إیّاک أن لا یحزنک شيء عمّا خلق بین الأرض و,https://oceanoflights.org/bahaullah-pub02-139-ar/,,https://oceanlibrary.com/gleanings-from-the-writings-of-bahaullah
117,"Strain every nerve to acquire both inner and outer perfections, for the fruit of the human tree hath ever been and will ever be perfections both within and without.",Forces of Our Time: The Dynamics of Light and Darkness,Social Action,DIFFERS,On the Fruits of the Human Tree (Iqtidárát:32) (BH09996) — «انشآء الله در ظل عنایت الهی و سحاب مکرمت ربانی ساکن و مستریح باشی و در تحصیل کمالات ظاهره و باطنه جهد بلیغ نمائید چه که ثمره سدره انسانی کمالات ظاهریه و باطنیه » — https://oceanoflights.org/bahaullah-pub10-032/,linked translation,,انشآء الله در ظل عنایت الهی و سحاب مکرمت ربانی ساکن و مستریح باشی و در تحصیل کمالات ظاهره و باطنه جهد بلیغ نمائید چه که ثمره سدره انسانی کمالات ظاهریه و باطنیه ,https://oceanoflights.org/bahaullah-pub10-032/,https://portlandiator.github.io/PI_browser/?id=BH09996,https://oceanlibrary.com/social-action_bahaullah?paraId=para_177
118,O Feet of this Temple!,Summons of the Lord of Hosts,Summons of the Lord of Hosts,agree,Súriy-i-Haykal (Tablet of the Temple) — «ان یا رجل هذا الهیکل انا خلقناک من حدید القدرة ان استقم علی امر ربک علی شأن یستقیم به ارجل المنقطعین علی صراط ربک العزیز العزیز الحکیم ایاک ان لا تتحرک من عواصف» — https://oceanoflights.org/bahaullah-pub06-090-ar/,linked translation,,ان یا رجل هذا الهیکل انا خلقناک من حدید القدرة ان استقم علی امر ربک علی شأن یستقیم به ارجل المنقطعین علی صراط ربک العزیز العزیز الحکیم ایاک ان لا تتحرک من عواصف,https://oceanoflights.org/bahaullah-pub06-090-ar/,,https://oceanlibrary.com/summons-of-the-lord-of-hosts_bahaullah
119,"This is the Day when the loved ones of God should keep their eyes directed towards His Manifestation, and fasten them upon whatsoever that Manifestation may be pleased to reveal.",Gleanings from the Writings of Bahá’u’lláh,Gleanings from the Writings of Bahá’u’lláh,agree,Blessed Is The Soul That Turneth Unto God (Iqtidárát:18) (BH00972) — «الیوم باید احبای الهی ناظر بظهور و ما یظهر منه باشند بعضی روآیات قبلیه اصلی نداشته و ندارد و آنچه هم ملل قبل ادراک کرده‌اند و در کتب ذکر نموده‌اند اکثر آن بهوای» — https://oceanoflights.org/bahaullah-pub10-018/,linked translation,,الیوم باید احبای الهی ناظر بظهور و ما یظهر منه باشند بعضی روآیات قبلیه اصلی نداشته و ندارد و آنچه هم ملل قبل ادراک کرده‌اند و در کتب ذکر نموده‌اند اکثر آن بهوای,https://oceanoflights.org/bahaullah-pub10-018/,https://portlandiator.github.io/PI_browser/?id=BH00972,https://oceanlibrary.com/gleanings-from-the-writings-of-bahaullah
120,By the righteousness of Mine own Self!,Gleanings from the Writings of Bahá’u’lláh,Gleanings from the Writings of Bahá’u’lláh,agree,Suriy-i-Dhabih (= Lawh-i-Dhabih) (BH00513) — «انّ الأمر عظیم عظیم و الیوم عظیم عظیم طوبی لمن نبذ الوری عن ورائه متوجّهاً الی وجه الّذی بنوره اشرقت السّموات و الأرضین» — https://oceanoflights.org/bahaullah-pub02-115-fa/,linked translation,,انّ الأمر عظیم عظیم و الیوم عظیم عظیم طوبی لمن نبذ الوری عن ورائه متوجّهاً الی وجه الّذی بنوره اشرقت السّموات و الأرضین,https://oceanoflights.org/bahaullah-pub02-115-fa/,https://portlandiator.github.io/PI_browser/?id=BH00513,https://oceanlibrary.com/gleanings-from-the-writings-of-bahaullah
121,"Say: Beware, O people of Bahá, lest the strong ones of the earth rob you of your strength, or they who rule the world fill you with fear.",,opposition-bahaullah-abdulbaha_en,sheet empty,"Praise, sanctified above mention by all created things, befitteth and beseemeth the most h… (BH00225) — «قل ایّاکم یا اهل البهآء ان تضعفکم اقویآء الأرض او تخوّفکم امرآء البلاد توکّلوا علی اللّه و فوّضوا الأمور الیه انّه ینصرکم بالحقّ و هو المقتدر علی ما یشآء و فی ق»",linked translation,,قل ایّاکم یا اهل البهآء ان تضعفکم اقویآء الأرض او تخوّفکم امرآء البلاد توکّلوا علی اللّه و فوّضوا الأمور الیه انّه ینصرکم بالحقّ و هو المقتدر علی ما یشآء و فی ق,,https://portlandiator.github.io/PI_browser/?id=BH00225,https://oceanoflights.org/file/autogenerated/opposition-bahaullah-abdulbaha_en.docx
122,"The companions of God are, in this day, the lump that must leaven the peoples of the world.",Social and Economic Development,Trustworthiness,DIFFERS,"Possibly: God grant that, in thy youth, thou mayest mention, praise, and serve the Cause of God. The… (BH03329) — «دوستان حقّ بکمال امانت و صداقت و اخلاق طیّبۀ پسندیده فیمابین عباد ظاهر شوند ایشان بمنزلۀ سراجند از برای ظلمت روزگار»",possible — verify,,دوستان حقّ بکمال امانت و صداقت و اخلاق طیّبۀ پسندیده فیمابین عباد ظاهر شوند ایشان بمنزلۀ سراجند از برای ظلمت روزگار,,https://portlandiator.github.io/PI_browser/?id=BH03329,https://oceanlibrary.com/trustworthiness_bahaullah?paraId=para_93
123,I swear by Him Who is the Most Great Ocean!,,Gleanings from the Writings of Bahá’u’lláh,sheet empty,On Sanctification and Detachment (Má’idih 8:6) — «حق ظاهر شده که ناس را بصدق و صفا و دیانت و امانت و تسلیم و رضا و رفق و مدارا و حکمت و تقی دعوت نماید و باثواب اخلاق مرضیه و اعمال مقدسه کل را مزین فرماید بگو بر» — https://oceanoflights.org/bahaullah-pub22-006/,linked translation,,حق ظاهر شده که ناس را بصدق و صفا و دیانت و امانت و تسلیم و رضا و رفق و مدارا و حکمت و تقی دعوت نماید و باثواب اخلاق مرضیه و اعمال مقدسه کل را مزین فرماید بگو بر,https://oceanoflights.org/bahaullah-pub22-006/,,https://oceanlibrary.com/gleanings-from-the-writings-of-bahaullah
124,"Walk thou steadfastly in the love of God, and keep straight on in His Faith, and aid Him through the power of thine utterance.",Gleanings from the Writings of Bahá’u’lláh,Gleanings from the Writings of Bahá’u’lláh,agree,"O Servant, Blessed Art Thou for Having Known the Truth (Muntakhabát-i-Áthár:143) — «وکان في أُمّ الألواح شقیًّا أن استقم علی حبّ الله وأمره ثمّ انصره بالبیان کذلک یأمرک الرّحمن حین الّذي کان بأیدي الظّالمین مسجونًا إِذَا مسّتک البلایا في سبیلي » — https://oceanoflights.org/bahaullah-pub02-143-ar/",linked translation,,وکان في أُمّ الألواح شقیًّا أن استقم علی حبّ الله وأمره ثمّ انصره بالبیان کذلک یأمرک الرّحمن حین الّذي کان بأیدي الظّالمین مسجونًا إِذَا مسّتک البلایا في سبیلي ,https://oceanoflights.org/bahaullah-pub02-143-ar/,,https://oceanlibrary.com/gleanings-from-the-writings-of-bahaullah
125,"My God, my God! If none be found to stray from Thy path, how, then, can the ensign of Thy mercy be unfurled, or the banner of Thy bountiful favour be hoisted?",shook_mysticism_science_revelation,Gleanings from the Writings of Bahá’u’lláh,DIFFERS,By the Beauty of the Beloved (Muntakhabát-i-Áthár:142) — «ای ربّ ای ربّ ان لم تظهر الغفلة من این نصبت اعلام رحمتک و رفعت رایات کرمک و ان لم یعلن الخطآء کیف یعلم بأنّک انت السّتّار الغفّار العلیم الحکیم نفسی لغفلة غافلی» — https://oceanoflights.org/bahaullah-pub02-142-fa/,linked translation,,ای ربّ ای ربّ ان لم تظهر الغفلة من این نصبت اعلام رحمتک و رفعت رایات کرمک و ان لم یعلن الخطآء کیف یعلم بأنّک انت السّتّار الغفّار العلیم الحکیم نفسی لغفلة غافلی,https://oceanoflights.org/bahaullah-pub02-142-fa/,,https://oceanlibrary.com/gleanings-from-the-writings-of-bahaullah
126,"Walk thou high above the world of being through the power of the Most Great Name, that thou mayest become aware of the immemorial mysteries and be acquainted with that wherewith no one is acquainted.",Fountain of Wisdom : Tablets of Bahá’u’lláh,Tablets of Bahá’u’lláh Revealed After the Kitáb-i-Aqdas,DIFFERS,Lawh-i-Hikmat (Tablet of Wisdom) (BH00223) — «امش بقوّة الاسم الاعظم فوق العالم لترى اسرار القدم و‌ تطّلع بما لا اطّلع به احد انّ ربّک لهو المؤيّد العليم الخبير کن نبّاضا کالشّريان فى جسد الامکان ليحدث من ا» — https://oceanoflights.org/bahaullah-pub06-006-ar/,linked translation,,امش بقوّة الاسم الاعظم فوق العالم لترى اسرار القدم و‌ تطّلع بما لا اطّلع به احد انّ ربّک لهو المؤيّد العليم الخبير کن نبّاضا کالشّريان فى جسد الامکان ليحدث من ا,https://oceanoflights.org/bahaullah-pub06-006-ar/,https://portlandiator.github.io/PI_browser/?id=BH00223,https://siftersearch.com/library/bahai/core-publications/tablets-of-bahaullah-revealed-after-the-kitab-i-aqdas#p331
127,"Know thou that every hearing ear, if kept pure and undefiled, must, at all times and from every direction, hearken to the voice that uttereth these holy words: “Verily, we are God’s, and to Him shall",Gleanings from the Writings of Bahá’u’lláh,Gleanings from the Writings of Bahá’u’lláh,agree,On the Mysteries of Death and Return (Muntakhabát-i-Áthár:165) — «اذن واعیهٴ طاهرهٴ مقدّسه در جمیع احیان از کلّ اشطار کلمهٴ مبارکهٴ: ﴿إِنَّا للّهِ وَإِنَّا إِلَیْهِ رَاجِعُونَ﴾، اصغا می نماید. اسرار موت و رجوع مستور بوده و هست» — https://oceanoflights.org/bahaullah-pub02-165-fa/,linked translation,,اذن واعیهٴ طاهرهٴ مقدّسه در جمیع احیان از کلّ اشطار کلمهٴ مبارکهٴ: ﴿إِنَّا للّهِ وَإِنَّا إِلَیْهِ رَاجِعُونَ﴾، اصغا می نماید. اسرار موت و رجوع مستور بوده و هست,https://oceanoflights.org/bahaullah-pub02-165-fa/,,https://oceanlibrary.com/gleanings-from-the-writings-of-bahaullah?paraId=para_1048
128,"One of the distinguishing characteristics of this most great Dispensation is that the kin of such as have recognized and embraced the truth of this Revelation and have, in the glory of His name, the S",,family-life-bahaullah-abdulbaha_en,sheet empty,"The pure essence of praise and its quintessence beseemeth the most exalted, the most holy … (BH00504) — «از جمله اموریکه مخصوص است باینظهور اعظم آنکه هر نفسی در اینظهور باقبال فائز و باسم قیّوم از رحیق مختوم آشامید یعنی از کأس محبّت الهی منتسبین او بر حسب ظاهر اگر »",linked translation,,از جمله اموریکه مخصوص است باینظهور اعظم آنکه هر نفسی در اینظهور باقبال فائز و باسم قیّوم از رحیق مختوم آشامید یعنی از کأس محبّت الهی منتسبین او بر حسب ظاهر اگر ,,https://portlandiator.github.io/PI_browser/?id=BH00504,https://oceanoflights.org/file/autogenerated/family-life-bahaullah-abdulbaha_en.docx
129,And now concerning thy question regarding the soul of man and its survival after death.,Gleanings from the Writings of Bahá’u’lláh,Gleanings from the Writings of Bahá’u’lláh,agree,"Praise be unto God! Thanks be unto His loved ones, and glory unto His chosen ones who have… (BH00070) — «امّا ما سألت عن الرّوح و بقائه بعد صعوده اعلم انّه یصعد حین ارتقائه الی ان یحضر بین یدی اللّه فی هیکل لا تغیّره القرون و الأعصار و لا حوادث العالم و ما یظهر فیه»",linked translation,,امّا ما سألت عن الرّوح و بقائه بعد صعوده اعلم انّه یصعد حین ارتقائه الی ان یحضر بین یدی اللّه فی هیکل لا تغیّره القرون و الأعصار و لا حوادث العالم و ما یظهر فیه,,https://portlandiator.github.io/PI_browser/?id=BH00070,https://oceanlibrary.com/gleanings-from-the-writings-of-bahaullah
130,And now concerning thy question whether human souls continue to be conscious one of another after their separation from the body.,Gleanings from the Writings of Bahá’u’lláh,Gleanings from the Writings of Bahá’u’lláh,agree,On the Recognition of Souls After Death and Reliance upon the Present Revelation (Muntakhabát-i-Áthár:86) — «الیوم باید احبّای الهی ناظر بظهور و ما یظهر منه باشند بعضی روایات قبلیّه اصلی نداشته و ندارد و آنچه هم ملل قبل ادراک کرده‌اند و در کتب ذکر نموده‌اند اکثر آن بهو» — https://oceanoflights.org/bahaullah-pub02-86-fa/,linked translation,,الیوم باید احبّای الهی ناظر بظهور و ما یظهر منه باشند بعضی روایات قبلیّه اصلی نداشته و ندارد و آنچه هم ملل قبل ادراک کرده‌اند و در کتب ذکر نموده‌اند اکثر آن بهو,https://oceanoflights.org/bahaullah-pub02-86-fa/,,https://oceanlibrary.com/gleanings-from-the-writings-of-bahaullah
131,"The Pen of the Most High is unceasingly calling; and yet, how few are those that have inclined their ear to its voice!",Gleanings from the Writings of Bahá’u’lláh,Gleanings from the Writings of Bahá’u’lláh,agree,Ye Are the Stars of the Heaven of Understanding (Muntakhabát-i-Áthár:96) — «قلم اعلی در کلّ حین ندا میفرماید ولکن اهل سمع کمیاب الوان مختلفهٴ دنیا اهل ملکوت اسماء را مشغول نموده مع آنکه هر ذی بصر و ذی سمعی شهادت بر فنای آن داده و میدهد » — https://oceanoflights.org/bahaullah-pub02-96-fa/,linked translation,,قلم اعلی در کلّ حین ندا میفرماید ولکن اهل سمع کمیاب الوان مختلفهٴ دنیا اهل ملکوت اسماء را مشغول نموده مع آنکه هر ذی بصر و ذی سمعی شهادت بر فنای آن داده و میدهد ,https://oceanoflights.org/bahaullah-pub02-96-fa/,,https://oceanlibrary.com/gleanings-from-the-writings-of-bahaullah
132,The Most Great Name beareth Me witness!,Gleanings from the Writings of Bahá’u’lláh,Gleanings from the Writings of Bahá’u’lláh,agree,By the Most Great Name! It Is a Pity That in These Days Any Soul Should Regard Worldly Things (Muntakhabát-i-Áthár:147) — «قسم باسم اعظم حیف است این ایّام نفسی بشئونات عرضیّه ناظر باشد بایستید بر امر الهی و با یکدیگر بکمال محبّت سلوک کنید خالصاً لوجه المحبوب حجبات نفسانیّه را بنار ا» — https://oceanoflights.org/bahaullah-pub02-147-fa/,linked translation,,قسم باسم اعظم حیف است این ایّام نفسی بشئونات عرضیّه ناظر باشد بایستید بر امر الهی و با یکدیگر بکمال محبّت سلوک کنید خالصاً لوجه المحبوب حجبات نفسانیّه را بنار ا,https://oceanoflights.org/bahaullah-pub02-147-fa/,,https://oceanlibrary.com/gleanings-from-the-writings-of-bahaullah
133,"He Who is the Eternal Truth hath, from the Dayspring of Glory, directed His eyes towards the people of Bahá, and is addressing them in these words: “Address yourselves to the promotion of the well-bei",Gleanings from the Writings of Bahá’u’lláh,Gleanings from the Writings of Bahá’u’lláh,agree,All Are Created of One Word (Muntakhabát-i-Áthár:156) — «وجه حقّ از افق اعلی باهل بها توجه نموده میفرماید در جمیع احوال بآنچه سبب آسایش خلق است مشغول باشید همّت را در تربیت اهل عالم مصروف دارید که شاید نفاق و اختلاف ا» — https://oceanoflights.org/bahaullah-pub02-156-fa/,linked translation,,وجه حقّ از افق اعلی باهل بها توجه نموده میفرماید در جمیع احوال بآنچه سبب آسایش خلق است مشغول باشید همّت را در تربیت اهل عالم مصروف دارید که شاید نفاق و اختلاف ا,https://oceanoflights.org/bahaullah-pub02-156-fa/,,https://oceanlibrary.com/gleanings-from-the-writings-of-bahaullah
134,"Arise to aid thy Lord at all times and in all circumstances, and be thou one of His helpers.",Gleanings from the Writings of Bahá’u’lláh,Gleanings from the Writings of Bahá’u’lláh,agree,"Deliver Your Souls, O People (Muntakhabát-i-Áthár:136) — «أن انصر ربّك في كلّ شأن وكن من النّاصرين ثمّ ذَكِّر النّاس بما نطق الرّوح في هذا اللّوح الدّرّيّ المبين قل يا قوم لا تفسدوا في الأرض ولا تحاربوا مع أحد أن اصبرو» — https://oceanoflights.org/bahaullah-pub02-136-ar/",linked translation,,أن انصر ربّك في كلّ شأن وكن من النّاصرين ثمّ ذَكِّر النّاس بما نطق الرّوح في هذا اللّوح الدّرّيّ المبين قل يا قوم لا تفسدوا في الأرض ولا تحاربوا مع أحد أن اصبرو,https://oceanoflights.org/bahaullah-pub02-136-ar/,,https://oceanlibrary.com/gleanings-from-the-writings-of-bahaullah
135,O wayfarer in the path of God!,Gleanings from the Writings of Bahá’u’lláh,Gleanings from the Writings of Bahá’u’lláh,agree,Suriy-i-Bayan (BH00144) — «أن يا أيّها المسافر إلی اللّه خذ نصيبك من هذا البحر و‌لا تحرم نفسك عمّا قدّر فيه و‌كن من الفائزين * ولو يرزقنّ كلّ من في السّموات و‌الأرض بقطرة منه ليغنيّن في أ» — https://oceanoflights.org/bahaullah-st-109-ar/,linked translation,,أن يا أيّها المسافر إلی اللّه خذ نصيبك من هذا البحر و‌لا تحرم نفسك عمّا قدّر فيه و‌كن من الفائزين * ولو يرزقنّ كلّ من في السّموات و‌الأرض بقطرة منه ليغنيّن في أ,https://oceanoflights.org/bahaullah-st-109-ar/,https://portlandiator.github.io/PI_browser/?id=BH00144,https://oceanlibrary.com/gleanings-from-the-writings-of-bahaullah
136,"Blessed is he who in the prime of his youth and the heyday of his life will arise to serve the Cause of the Lord of the beginning and of the end, and adorn his heart with His love.","Dr Muḥájir: Hand of the Cause of God, Knight of Bahá'u'lláh",Additional Tablets and Extracts from Tablets Revealed by Bahá’u’lláh,DIFFERS,Possibly: Súrih of the Sacrifice (BH08492) — «که در اول جوانی دریعان شباب بر خدمت امر مالک مبدأ و مأب قیام نماید و بحبّش مزین شود ظهور این فضل از خلق سموات و ارض است طوبی للرّاسخین» — https://oceanoflights.org/bahaullah-inba-018-fa/,possible — verify,,که در اول جوانی دریعان شباب بر خدمت امر مالک مبدأ و مأب قیام نماید و بحبّش مزین شود ظهور این فضل از خلق سموات و ارض است طوبی للرّاسخین,https://oceanoflights.org/bahaullah-inba-018-fa/,https://portlandiator.github.io/PI_browser/?id=BH08492,https://oceanlibrary.com/additional-tablets-and-extracts-from-tablets-revealed-by-bahaullah?paraId=para_332
137,"To whatever place We may be banished, however great the tribulation We may suffer, they who are the people of God must, with fixed resolve and perfect confidence, keep their eyes directed towards the",Gleanings from the Writings of Bahá’u’lláh,Gleanings from the Writings of Bahá’u’lláh,agree,The Weapon of Victory Is the Fear of God (Muntakhabát-i-Áthár:126) — «ما در هر کجا باشیم و هر چه بر ما وارد شود باید حزب الله بکمال استقامت و اطمینان بافق اعلی ناظر باشند و باصلاح عالم و تربیت امم مشغول گردند آنچه وارد شده و بشود » — https://oceanoflights.org/bahaullah-pub02-126-fa/,linked translation,,ما در هر کجا باشیم و هر چه بر ما وارد شود باید حزب الله بکمال استقامت و اطمینان بافق اعلی ناظر باشند و باصلاح عالم و تربیت امم مشغول گردند آنچه وارد شده و بشود ,https://oceanoflights.org/bahaullah-pub02-126-fa/,,https://oceanlibrary.com/gleanings-from-the-writings-of-bahaullah
138,"The Book of God is wide open, and His Word is summoning mankind unto Him.",Gleanings from the Writings of Bahá’u’lláh,Gleanings from the Writings of Bahá’u’lláh,agree,The Divine Book Is Manifest and the Word Is Speaking (Muntakhabát-i-Áthár:92) (BH06706) — «کتاب الهی ظاهر و کلمه ناطق ولکن نفوسی که باو متمسّک و سبب و علّت انتشار گردند مشاهده نمی‌شود الّا قلیل و آن قلیل اکسیر احمر است از برای نحاس عالم و دریاق اکبر ا» — https://oceanoflights.org/bahaullah-pub02-92-fa/,linked translation,,کتاب الهی ظاهر و کلمه ناطق ولکن نفوسی که باو متمسّک و سبب و علّت انتشار گردند مشاهده نمی‌شود الّا قلیل و آن قلیل اکسیر احمر است از برای نحاس عالم و دریاق اکبر ا,https://oceanoflights.org/bahaullah-pub02-92-fa/,https://portlandiator.github.io/PI_browser/?id=BH06706,https://oceanlibrary.com/gleanings-from-the-writings-of-bahaullah
139,"When the victory arriveth, every man shall profess himself a believer and shall hasten to the shelter of God’s Faith.",,Gleanings from the Writings of Bahá’u’lláh,sheet empty,"Say, When Victory Cometh, All Claim Faith (Muntakhabát-i-Áthár:150) — «قل إذا جآء النّصر کلّ یدّعون الإیمان ویدخلون في أمر الله طوبی للّذینهم استقاموا علی الأمر في تلک الأیّام الّتي فیها ظهرت الفتنة من کلّ الجهات...» — https://oceanoflights.org/bahaullah-pub02-150-ar/",linked translation,,قل إذا جآء النّصر کلّ یدّعون الإیمان ویدخلون في أمر الله طوبی للّذینهم استقاموا علی الأمر في تلک الأیّام الّتي فیها ظهرت الفتنة من کلّ الجهات...,https://oceanoflights.org/bahaullah-pub02-150-ar/,,https://oceanlibrary.com/gleanings-from-the-writings-of-bahaullah
140,"From the exalted source, and out of the essence of His favour and bounty, He hath entrusted every created thing with a sign of His knowledge, so that none of His creatures may be deprived of its share",Gleanings from the Writings of Bahá’u’lláh,Gleanings from the Writings of Bahá’u’lláh,agree,Tablet of Hádí — «توحید بدیع مقدّس از تحدید و عرفان موجودات ساحت عزّ حضرت لا یزالی را لایق و سزا است که لم ‌یزل و لا یزال در مکمن قدس اجلال خود بوده و فی ازل الآزال در مقعد و مقر» — https://oceanoflights.org/bahaullah-pub02-124-fa/,linked translation,,توحید بدیع مقدّس از تحدید و عرفان موجودات ساحت عزّ حضرت لا یزالی را لایق و سزا است که لم ‌یزل و لا یزال در مکمن قدس اجلال خود بوده و فی ازل الآزال در مقعد و مقر,https://oceanoflights.org/bahaullah-pub02-124-fa/,,https://oceanlibrary.com/gleanings-from-the-writings-of-bahaullah
141,"Say: Deliver your souls, O people, from the bondage of self, and purify them from all attachment to anything besides Me.",Gleanings from the Writings of Bahá’u’lláh,Gleanings from the Writings of Bahá’u’lláh,agree,"Deliver Your Souls, O People (Muntakhabát-i-Áthár:136) — «قل خَلِّصُوا أنفسكم يا قوم ثمّ طَهِّرُوها عن التّوجّه إلى غيري وبذكري يُطَهَّر كلّ شيء إن أنتم من العارفين قل اليوم لو يخلّصنّ كلّ الأشياء عن حجبات النّفس والهو» — https://oceanoflights.org/bahaullah-pub02-136-ar/",linked translation,,قل خَلِّصُوا أنفسكم يا قوم ثمّ طَهِّرُوها عن التّوجّه إلى غيري وبذكري يُطَهَّر كلّ شيء إن أنتم من العارفين قل اليوم لو يخلّصنّ كلّ الأشياء عن حجبات النّفس والهو,https://oceanoflights.org/bahaullah-pub02-136-ar/,,https://oceanlibrary.com/gleanings-from-the-writings-of-bahaullah
142,Peruse ye every day the verses revealed by God.,A Partial Inventory of the Works of the Central Figures of the Bahá'í Faith,Deepening,DIFFERS,"Possibly: Praise be to God Who hath manifested His Countenance after the extinction of all things, a… (BH00054) — «و آیات الهی را از فارسی و عربی بخوانند و در او تفکّر کنند»",possible — verify,,و آیات الهی را از فارسی و عربی بخوانند و در او تفکّر کنند,,https://portlandiator.github.io/PI_browser/?id=BH00054,https://oceanlibrary.com/compilation-deepening_bahai?paraId=para_22
143,"Occupy thyself in remembrance of the Beauty of Him Who is the Unconstrained at early morn, and seek communion with Him at the hour of dawn.",,Prayer and Devotional Life,sheet empty,O Ali! Thou hast attained unto the presence of God and been illumined by the radiant light… (BH06095) — «ای علی در ابکار بذکر جمال مختار مشغول باش و در اسحار بیادش مأنوس»,linked translation,,ای علی در ابکار بذکر جمال مختار مشغول باش و در اسحار بیادش مأنوس,,https://portlandiator.github.io/PI_browser/?id=BH06095,https://oceanlibrary.com/prayer-and-devotional-life_bahaullah?paraId=para_59
144,"O servants! Lifeless is the body that is bereft of a soul, and withered the heart that is devoid of the remembrance of its Lord.",Tabernacle of Unity,Tabernacle of Unity,agree,"O Servants, the Fountains of Divine Bounty Are Astir (Daryáy-i-Dánish:5) (BH01509) — «ای بندگان تن بی روان مرده است و دل بی یاد یزدان پژمرده پس بیاد دوست بیامیزید و از دشمن بپرهیزید دشمن شما چیزهای شما است که بخواهش خود آن را یافته اید و نگاه داش» — https://oceanoflights.org/bahaullah-pub17-005-fa/",linked translation,,ای بندگان تن بی روان مرده است و دل بی یاد یزدان پژمرده پس بیاد دوست بیامیزید و از دشمن بپرهیزید دشمن شما چیزهای شما است که بخواهش خود آن را یافته اید و نگاه داش,https://oceanoflights.org/bahaullah-pub17-005-fa/,https://portlandiator.github.io/PI_browser/?id=BH01509,https://oceanlibrary.com/tabernacle-of-unity_bahaullah?paraId=para_133
145,Peruse My verses with joy and radiance.,,Deepening,sheet empty,"Blessed Are You, O My Loved Ones (Áthár-i-Qalam-i-A‘lá 1:10) (BH00813) — «لعمری هذا خیر عما خلق فی ملکوت السموات و الارضین ان اقرئوا ایاتی بالروح و الریحان انها تجذبکم الی الله و تجعلکم منقطعین عما سویه هذا ما وعظتم به فی الالواح» — https://oceanoflights.org/bahaullah-pub05-010-ar/",linked translation,,لعمری هذا خیر عما خلق فی ملکوت السموات و الارضین ان اقرئوا ایاتی بالروح و الریحان انها تجذبکم الی الله و تجعلکم منقطعین عما سویه هذا ما وعظتم به فی الالواح,https://oceanoflights.org/bahaullah-pub05-010-ar/,https://portlandiator.github.io/PI_browser/?id=BH00813,https://oceanlibrary.com/compilation-deepening_bahai?paraId=para_28
146,Recite ye the verses of God every morn and eventide.,The Kitáb-i-Aqdas,The Kitáb-i-Aqdas,agree,The Arabic Bayán — «من العارفين اتلوا ايات الله فی كل صباح و مساء ان الذی لم يتل لم يوف بعهد الله» — https://oceanoflights.org/bahaullah-inba-043-fa/,linked translation,,من العارفين اتلوا ايات الله فی كل صباح و مساء ان الذی لم يتل لم يوف بعهد الله,https://oceanoflights.org/bahaullah-inba-043-fa/,,https://oceanlibrary.com/kitab-i-aqdas_bahaullah
147,"Meditate upon that which hath streamed forth from the heaven of the Will of thy Lord, He Who is the Source of all grace, that thou mayest grasp the intended meaning which is enshrined in the sacred de",Maharishi Ayurveda: A Bahá’í Exploration,Tablets of Bahá’u’lláh Revealed After the Kitáb-i-Aqdas,DIFFERS,Lawh-i-Hikmat (Tablet of Wisdom) (BH00223) — «فيما نزّل من سماء مشيّة ربّک الفيّاض لتعرف ما اردناه فى غياهب الآيات» — https://oceanoflights.org/bahaullah-pub06-006-ar/,linked translation,,فيما نزّل من سماء مشيّة ربّک الفيّاض لتعرف ما اردناه فى غياهب الآيات,https://oceanoflights.org/bahaullah-pub06-006-ar/,https://portlandiator.github.io/PI_browser/?id=BH00223,https://siftersearch.com/library/bahai/core-publications/tablets-of-bahaullah-revealed-after-the-kitab-i-aqdas#p334
148,"It behoveth the friends in whatever land they be, to gather together in meetings, and therein to speak wisely and with eloquence, and to read the verses of God; for it is God’s Words that kindle love’",,Bahá’í Meetings,sheet empty,In this day is the garden of praise adorned with the name of the chosen ones of God - that… (BH00443) — «و نازل باید اولیا در هر دیار بحکمت و بیان در محافل و مجالس جمع شوند و آیات الهی را قرائت نمایند چه که آیات محدث نار محبّت است»,linked translation,,و نازل باید اولیا در هر دیار بحکمت و بیان در محافل و مجالس جمع شوند و آیات الهی را قرائت نمایند چه که آیات محدث نار محبّت است,,https://portlandiator.github.io/PI_browser/?id=BH00443,https://oceanlibrary.com/bahai-meetings_bahaullah?paraId=para_9
149,"O My brother! How great, how very great, can the law of obligatory prayer be, when, through His mercy and loving-kindness, one is enabled to observe it.",Prayers and Rituals in the Bahá'í Faith,Gleanings from the Writings of Bahá’u’lláh,DIFFERS,Kitáb-i-Aqdas — «إذا فزتم بهذا المقام الأسنى والأفق الأعلى ينبغي لكلّ نفس أن يتّبع ما أمر به من لدى المقصود لأنّهما معًا لا يُقبل أحدهما دون الآخر هذا ما حكم به مطلع الإلهام» — https://oceanoflights.org/bahaullah-pub02-155-ar/,linked translation,,إذا فزتم بهذا المقام الأسنى والأفق الأعلى ينبغي لكلّ نفس أن يتّبع ما أمر به من لدى المقصود لأنّهما معًا لا يُقبل أحدهما دون الآخر هذا ما حكم به مطلع الإلهام,https://oceanoflights.org/bahaullah-pub02-155-ar/,,https://oceanlibrary.com/gleanings-from-the-writings-of-bahaullah
150,"Of the new Obligatory Prayers that were later revealed, the long Obligatory Prayer should be said at those times when one feeleth himself in a prayerful mood.",The Importance of Obligatory Prayer and Fasting,The Importance of Obligatory Prayer and Fasting,agree,"Praise, glory, thanksgiving and splendor be unto that Most Exalted, Most Holy Being, the L… (BH00087) — «که بعد نازل کبیر آن معلّق است باوقاتیکه انسان در نفس خود حالتی مشاهده نماید فی‌الحقیقه بشأنی نازل شده لو تلقی علی الصّخرة لتتحرّک و تنطق و علی الجبل لیمرّ و یجر»",linked translation,,که بعد نازل کبیر آن معلّق است باوقاتیکه انسان در نفس خود حالتی مشاهده نماید فی‌الحقیقه بشأنی نازل شده لو تلقی علی الصّخرة لتتحرّک و تنطق و علی الجبل لیمرّ و یجر,,https://portlandiator.github.io/PI_browser/?id=BH00087,https://oceanlibrary.com/importance-of-obligatory-prayer-and-fasting_bahaullah?paraId=para_22
151,Cling firmly to obligatory prayer and fasting.,The Importance of Obligatory Prayer and Fasting,The Kitáb-i-Íqán,DIFFERS,Kitab-i-Iqan (The Book of Certitude) (BH00002) — «الإسلام سماء و الصّوم شمسها و الصّلوة قمرها.» — https://oceanoflights.org/bahaullah-st-017-fa/,linked translation,,الإسلام سماء و الصّوم شمسها و الصّلوة قمرها.,https://oceanoflights.org/bahaullah-st-017-fa/,https://portlandiator.github.io/PI_browser/?id=BH00002,https://oceanlibrary.com/kitab-i-iqan_bahaullah?paraId=para_50
152,"We, verily, have set forth all things in Our Book, as a token of grace unto those who have believed in God, the Almighty, the Protector, the Self-Subsisting.",The Importance of Obligatory Prayer and Fasting,The Importance of Obligatory Prayer and Fasting,agree,Possibly: Qayyumu'l-Asma' (Commentary on the Surah of Joseph) (BB00002) — «* وإنّا نحن قد فرضنا عليكم صلوٰة على زوال الشّمس في يوم الجمعة على الحقّ بالحقّ الخالص مفروضا * فاعبدوا ربّكم الرّحمٰن عند زوال الشّمس وبعد غروبها وقبل أن تطلع » — https://oceanoflights.org/bab-inba-003/,possible — verify,,* وإنّا نحن قد فرضنا عليكم صلوٰة على زوال الشّمس في يوم الجمعة على الحقّ بالحقّ الخالص مفروضا * فاعبدوا ربّكم الرّحمٰن عند زوال الشّمس وبعد غروبها وقبل أن تطلع ,https://oceanoflights.org/bab-inba-003/,https://portlandiator.github.io/PI_browser/?id=BB00002,https://oceanlibrary.com/importance-of-obligatory-prayer-and-fasting_bahaullah?paraId=para_12
153,"Verily, I say, fasting is the supreme remedy and the most great healing for the disease of self and passion.","Fast, Bahá’í (March 2–20)",Selections from the Writings of ‘Abdu’l-Bahá,DIFFERS,On the Causes of Healing: Physical and Spiritual Remedies (Muntakhabát 1:132) (AB03722) — «و همچنین بمعالجه روحانی نیز نهایت اهتمام نما زیرا تأثیرات عجیبه دارد و اگر علاج حقیقی خواهی که روح انسانیرا از هر مرضی شفا دهد و بصحت ملکوتیهء الهیه فائز نماید » — https://oceanoflights.org/abdul-baha-muntakhabati1-132/,linked translation,REVIEW: tablet is by the other author,و همچنین بمعالجه روحانی نیز نهایت اهتمام نما زیرا تأثیرات عجیبه دارد و اگر علاج حقیقی خواهی که روح انسانیرا از هر مرضی شفا دهد و بصحت ملکوتیهء الهیه فائز نماید ,https://oceanoflights.org/abdul-baha-muntakhabati1-132/,https://portlandiator.github.io/PI_browser/?id=AB03722,https://oceanlibrary.com/selections-from-the-writings-of-abdul-baha?paraId=para_799
154,"O Son of Being! Bring thyself to account each day ere thou art summoned to a reckoning; for death, unheralded, shall come upon thee and thou shalt be called to give account for thy deeds.",The Humanity of Evil: Bahá’í Reflections on the film The Act of Killing,The Hidden Words of Bahá’u’lláh,DIFFERS,Kalimat-i-Maknunih (Hidden Words - Arabic) (BH00386) — «حاسِبْ نَفْسَكَ فِي كُلِّ يَوْمٍ مِنْ قَبْلِ أَنْ تُحَاسَبَ، لأَنَّ الْمَوْتَ يَأْتِيكَ بَغْتَةً وَتَقُومُ عَلَى الْحِسابِ فِي نَفْسِكَ.» — https://oceanoflights.org/bahaullah-pub01-02-ar/,linked translation,,حاسِبْ نَفْسَكَ فِي كُلِّ يَوْمٍ مِنْ قَبْلِ أَنْ تُحَاسَبَ، لأَنَّ الْمَوْتَ يَأْتِيكَ بَغْتَةً وَتَقُومُ عَلَى الْحِسابِ فِي نَفْسِكَ.,https://oceanoflights.org/bahaullah-pub01-02-ar/,https://portlandiator.github.io/PI_browser/?id=BH00386,https://oceanlibrary.com/hidden-words-of-bahaullah?paraId=para_101
155,"Set before thine eyes God’s unerring Balance and, as one standing in His Presence, weigh in that Balance thine actions every day, every moment of thy life.",Summons of the Lord of Hosts,Summons of the Lord of Hosts,agree,Súriy-i-Mulúk — «ثمّ انصب ميزان الله في مقابلة عينك ثمّ اجعل نفسك في مقام الّذي كأنّك تراه ثمّ وزّن أعمالك به في كلّ يوم بل في كلّ حين، وحاسب نفسك قبل أن تحاسب في يوم الّذي لن ي» — https://oceanoflights.org/bahaullah-pub02-114-ar/,linked translation,,ثمّ انصب ميزان الله في مقابلة عينك ثمّ اجعل نفسك في مقام الّذي كأنّك تراه ثمّ وزّن أعمالك به في كلّ يوم بل في كلّ حين، وحاسب نفسك قبل أن تحاسب في يوم الّذي لن ي,https://oceanoflights.org/bahaullah-pub02-114-ar/,,https://oceanlibrary.com/summons-of-the-lord-of-hosts_bahaullah
156,Exhort thou the servants of God unto that whereunto We have exhorted thee that they may abstain from whatsoever is forbidden them in the Mother Book.,Fountain of Wisdom : Tablets of Bahá’u’lláh,Tablets of Bahá’u’lláh Revealed After the Kitáb-i-Aqdas,DIFFERS,Lawh-i-Siyyid Mihdiy-i-Dahaji (BH00587) — «وَصِّ العِبَادَ بِمَا وَصَّيْنَاکَ لِيَمْنَعُوا أَنْفُسَهُمْ عَمَّا نُهُوا عَنْهُ فِي أُمِّ البَيَانِ * إِنَّ الَّذِينَ يَرْتَکِبُونَ مَا يَحْدُثُ بِهِ الفِتْنَ» — https://oceanoflights.org/bahaullah-st-163-fa/,linked translation,,وَصِّ العِبَادَ بِمَا وَصَّيْنَاکَ لِيَمْنَعُوا أَنْفُسَهُمْ عَمَّا نُهُوا عَنْهُ فِي أُمِّ البَيَانِ * إِنَّ الَّذِينَ يَرْتَکِبُونَ مَا يَحْدُثُ بِهِ الفِتْنَ,https://oceanoflights.org/bahaullah-st-163-fa/,https://portlandiator.github.io/PI_browser/?id=BH00587,https://siftersearch.com/library/bahai/core-publications/tablets-of-bahaullah-revealed-after-the-kitab-i-aqdas#p476
157,"Warn, O Salmán, the beloved of the one true God, not to view with too critical an eye the sayings and writings of men.",Gleanings from the Writings of Bahá’u’lláh,Gleanings from the Writings of Bahá’u’lláh,agree,Lawḥ-i-Salmán (Muntakhabát-i-Áthár:154) — «باری ای سلمان بر احبّای حقّ القا کن که در کلمات احدی بدیدهٴ اعتراض ملاحظه منمائید بلکه بدیدهٴ شفقت و مرحمت مشاهده کنید مگر آن نفوسی که الیوم در ردّ الله الواح ن» — https://oceanoflights.org/bahaullah-pub02-154-fa/,linked translation,,باری ای سلمان بر احبّای حقّ القا کن که در کلمات احدی بدیدهٴ اعتراض ملاحظه منمائید بلکه بدیدهٴ شفقت و مرحمت مشاهده کنید مگر آن نفوسی که الیوم در ردّ الله الواح ن,https://oceanoflights.org/bahaullah-pub02-154-fa/,,https://oceanlibrary.com/gleanings-from-the-writings-of-bahaullah
158,Thou hast written that one of the friends hath composed a treatise.,Scholarship and the Bahá’í Community,Issues Related to the Study of the Bahá'í Faith,DIFFERS,"Sanctified praise, transcending all mention and hearing, befitteth the Lord of Names, Who,… (BH00057) — «و اینکه مرقوم داشته بودید یکی از دوستان رساله‌ئی نوشته تلقاء وجه عرض شد هذا ما نزّل فی الجواب الیوم آنچه نوشته میشود باید بکمال دقّت ملاحظه نمود تا سبب اختلاف و»",linked translation,,و اینکه مرقوم داشته بودید یکی از دوستان رساله‌ئی نوشته تلقاء وجه عرض شد هذا ما نزّل فی الجواب الیوم آنچه نوشته میشود باید بکمال دقّت ملاحظه نمود تا سبب اختلاف و,,https://portlandiator.github.io/PI_browser/?id=BH00057,https://oceanlibrary.com/issues-related-to-the-study-of-the-bahai-faith_bahaullah?paraId=para_162
159,Consultation bestoweth greater awareness and transmuteth conjecture into certitude.,Selected Topics of Comparison in Christianity and the Bahá’í Faith,consultation-bahaullah-abdulbaha_en,DIFFERS,Possibly: A praise sanctified beyond speech and utterance befitteth the most sacred court of Him Who… (BH00123) — «و نازل آسمان حکمت الهی بدو نیّر روشن و منیر مشورت و شفقت مشورت بر آگاهی بیفزاید و ظنّ و گمان را بیقین تبدیل نماید اوست سراج نورانی در عالم ظلمانی راه نماید و هد»,possible — verify,,و نازل آسمان حکمت الهی بدو نیّر روشن و منیر مشورت و شفقت مشورت بر آگاهی بیفزاید و ظنّ و گمان را بیقین تبدیل نماید اوست سراج نورانی در عالم ظلمانی راه نماید و هد,,https://portlandiator.github.io/PI_browser/?id=BH00123,https://oceanoflights.org/file/autogenerated/consultation-bahaullah-abdulbaha_en.docx
160,In all things it is necessary to consult.,,consultation-bahaullah-abdulbaha_en,sheet empty,"Sanctified praise beseemeth the most holy court of the nearness of the Eternal, the Belove… (BH00083) — «عرض اینفانی آنکه در جمیع امور مشورت لازم باید آنمحبوب در اینفقره بسیار تأکید فرمایند تا امر مشورت مابین کل جاری شود آنچه در اینفقره از قلم اعلی جاری شده و میشود»",linked translation,,عرض اینفانی آنکه در جمیع امور مشورت لازم باید آنمحبوب در اینفقره بسیار تأکید فرمایند تا امر مشورت مابین کل جاری شود آنچه در اینفقره از قلم اعلی جاری شده و میشود,,https://portlandiator.github.io/PI_browser/?id=BH00083,https://oceanoflights.org/file/autogenerated/consultation-bahaullah-abdulbaha_en.docx
161,Say: No man can attain his true station except through his justice.,The Indispensability of Consultation for Ordering Human Affairs,Lights of Guidance,DIFFERS,"Possibly: Sanctified praise beseemeth the most holy court of the nearness of the Eternal, the Belove… (BH00083) — «و محروم نسازد جمیع را بر اتّحاد امر نمودیم انشآءاللّه کل بهمّت اولیا باینمقام فائز شوند یا علی قل لا انسان الّا بالانصاف و لا قوّة الّا بالاتّحاد و لا خیر و لا »",possible — verify,,و محروم نسازد جمیع را بر اتّحاد امر نمودیم انشآءاللّه کل بهمّت اولیا باینمقام فائز شوند یا علی قل لا انسان الّا بالانصاف و لا قوّة الّا بالاتّحاد و لا خیر و لا ,,https://portlandiator.github.io/PI_browser/?id=BH00083,https://oceanlibrary.com/lights-of-guidance?paraId=para_2160
162,The Pen of the Most High hath decreed and imposed upon every one the obligation to teach this Cause….,Gleanings from the Writings of Bahá’u’lláh,Gleanings from the Writings of Bahá’u’lláh,agree,Rise to Mention Me Amidst My Servants (Áthár-i-Qalam-i-A‘lá 1:113) (BH03550) — «و لا تکن من الراقدین قد قدر لکل نفس تبلیغ هذا الامر من القلم الاعلی ان اتبع ما امرت به من لدن مقتدر قدیر لا یحزنک ما ورد علینا من الذین کفروا ان الغلام قد قبل ا» — https://oceanoflights.org/bahaullah-pub05-113-ar/,linked translation,,و لا تکن من الراقدین قد قدر لکل نفس تبلیغ هذا الامر من القلم الاعلی ان اتبع ما امرت به من لدن مقتدر قدیر لا یحزنک ما ورد علینا من الذین کفروا ان الغلام قد قبل ا,https://oceanoflights.org/bahaullah-pub05-113-ar/,https://portlandiator.github.io/PI_browser/?id=BH03550,https://oceanlibrary.com/gleanings-from-the-writings-of-bahaullah
163,This is the day in which to speak.,The Advent of Divine Justice,Gleanings from the Writings of Bahá’u’lláh,DIFFERS,Súriy-i-Bayán (Muntakhabát-i-Áthár:129) — «تَاللّهِ الحَقِّ من يفتح اليوم شفتاه في ذكر اسم ربّه لينزل عليه جنود الوحي عن مشرق إسمي الحكيم العليم و‌ينزلنّ عليه أهل ملأ الأعلى بصحائف من النّور و‌كذلك قدّر » — https://oceanoflights.org/bahaullah-pub02-129-ar/,linked translation,,تَاللّهِ الحَقِّ من يفتح اليوم شفتاه في ذكر اسم ربّه لينزل عليه جنود الوحي عن مشرق إسمي الحكيم العليم و‌ينزلنّ عليه أهل ملأ الأعلى بصحائف من النّور و‌كذلك قدّر ,https://oceanoflights.org/bahaullah-pub02-129-ar/,,https://oceanlibrary.com/gleanings-from-the-writings-of-bahaullah
164,Arise thou to serve the Cause of thy Lord; then give the people the joyful tidings concerning this resplendent Light whose revelation hath been announced by God through His Prophets and Messengers.,Fountain of Wisdom : Tablets of Bahá’u’lláh,Tablets of Bahá’u’lláh Revealed After the Kitáb-i-Aqdas,DIFFERS,Lawh-i-Jud (BH01707) — «ولا تکونوا من المشرکين دعوا القصص عن ورائکم أن انظروا أمري بعيني هذا ما أُمرتم به في الکتب والزّبر والصّحف والألواح إنّک قُمْ علی خدمة أمر ربّک ثمّ أخبر النّاس » — https://oceanoflights.org/bahaullah-pub03-24-fa/,linked translation,,ولا تکونوا من المشرکين دعوا القصص عن ورائکم أن انظروا أمري بعيني هذا ما أُمرتم به في الکتب والزّبر والصّحف والألواح إنّک قُمْ علی خدمة أمر ربّک ثمّ أخبر النّاس ,https://oceanoflights.org/bahaullah-pub03-24-fa/,https://portlandiator.github.io/PI_browser/?id=BH01707,https://siftersearch.com/library/bahai/core-publications/tablets-of-bahaullah-revealed-after-the-kitab-i-aqdas#p571
165,By God besides Whom is none other God!,Victory Promises,the-world-order-of-bahaullah-005_en,DIFFERS,Possibly: Suriy-i-Qamis (BH00052) — «الا هو لو یقوم احد منکم علی نصرة امرنا لیغلبه الله على مأة الف و لو ازداد فى حبه لیغلبه الله علی من فى السموات و الارض کذلک نفخنا حینئذٍ روح القدرة فى کل الاشطا» — https://oceanoflights.org/bahaullah-pub06-074-ar/,possible — verify,,الا هو لو یقوم احد منکم علی نصرة امرنا لیغلبه الله على مأة الف و لو ازداد فى حبه لیغلبه الله علی من فى السموات و الارض کذلک نفخنا حینئذٍ روح القدرة فى کل الاشطا,https://oceanoflights.org/bahaullah-pub06-074-ar/,https://portlandiator.github.io/PI_browser/?id=BH00052,https://oceanoflights.org/file/autogenerated/the-world-order-of-bahaullah-005_en.docx
166,Indeed thou didst grasp the significance of rendering assistance unto God and didst arise to achieve this through the power of wisdom and utterance.,Fountain of Wisdom : Tablets of Bahá’u’lláh,Tablets of Bahá’u’lláh Revealed After the Kitáb-i-Aqdas,DIFFERS,Lawh-i-Siyyid Mihdiy-i-Dahaji (BH00587) — «أَنْتَ الَّذِي عَرَفْتَ نَصْرَ اللّهِ وَ قُمْتَ عَلَيْهِ بِالحِکْمَةِ وَ البَيَانِ * قل إِنَّ نَصْرِي هُوَ تَبْلِيْغُ أَمْرِي هَذَا مَا مُلِئَتْ بِهِ الأَلْوَاح» — https://oceanoflights.org/bahaullah-pub03-13-fa/,linked translation,,أَنْتَ الَّذِي عَرَفْتَ نَصْرَ اللّهِ وَ قُمْتَ عَلَيْهِ بِالحِکْمَةِ وَ البَيَانِ * قل إِنَّ نَصْرِي هُوَ تَبْلِيْغُ أَمْرِي هَذَا مَا مُلِئَتْ بِهِ الأَلْوَاح,https://oceanoflights.org/bahaullah-pub03-13-fa/,https://portlandiator.github.io/PI_browser/?id=BH00587,https://siftersearch.com/library/bahai/core-publications/tablets-of-bahaullah-revealed-after-the-kitab-i-aqdas#p472
167,The sanctified souls should ponder and meditate in their hearts regarding the methods of teaching.,Fountain of Wisdom : Tablets of Bahá’u’lláh,Tablets of Bahá’u’lláh Revealed After the Kitáb-i-Aqdas,DIFFERS,Lawh-i-Siyyid Mihdiy-i-Dahaji (BH00587) — «و بايد نفوس مقدّسه تفکّر و تدبّر نمايند در کيفيّت تبليغ و از کتب بديعه الهيّه در هر مقام آياتی و کلماتی حفظ نمايند تا در حين بيان در هر مقام که اقتضا نمايد به آ» — https://oceanoflights.org/bahaullah-st-163-fa/,linked translation,,و بايد نفوس مقدّسه تفکّر و تدبّر نمايند در کيفيّت تبليغ و از کتب بديعه الهيّه در هر مقام آياتی و کلماتی حفظ نمايند تا در حين بيان در هر مقام که اقتضا نمايد به آ,https://oceanoflights.org/bahaullah-st-163-fa/,https://portlandiator.github.io/PI_browser/?id=BH00587,https://siftersearch.com/library/bahai/core-publications/tablets-of-bahaullah-revealed-after-the-kitab-i-aqdas#p486
168,It behoveth the people of God to be forbearing.,Fountain of Wisdom : Tablets of Bahá’u’lláh,Tablets of Bahá’u’lláh Revealed After the Kitáb-i-Aqdas,DIFFERS,"O Javád, This Is the Day at Whose Mention the Very Soul of the Hour Was Seen to Be Agitated (Alváḥ ba‘d az Aqdas:22) (BH03944) — «اهل اللّه مدارا نمايند و بقدر و مقام هر نفسی کلمه القا کنند که شايد بشعور آيند و بافق مقدّس از آفاق متوجّه شوند» — https://oceanoflights.org/bahaullah-pub03-22-fa/",linked translation,,اهل اللّه مدارا نمايند و بقدر و مقام هر نفسی کلمه القا کنند که شايد بشعور آيند و بافق مقدّس از آفاق متوجّه شوند,https://oceanoflights.org/bahaullah-pub03-22-fa/,https://portlandiator.github.io/PI_browser/?id=BH03944,https://siftersearch.com/library/bahai/core-publications/tablets-of-bahaullah-revealed-after-the-kitab-i-aqdas#p555
169,"Say: Teach ye the Cause of God, O people of Bahá, for God hath prescribed unto every one the duty of proclaiming His Message, and regardeth it as the most meritorious of all deeds.",Gleanings from the Writings of Bahá’u’lláh,Gleanings from the Writings of Bahá’u’lláh,agree,Súriy-i-Bayán — «قل یا ملأ البهاء بلغوا امر الله لان الله کتب لکل نفس تبلیغ امره و جعله افضل الاعمال لانها لن یقبل الا بعد عرفان الله المهیمن العزیز القدیر و قدر التبلیغ بالبیان» — https://oceanoflights.org/bahaullah-pub06-080-ar/,linked translation,,قل یا ملأ البهاء بلغوا امر الله لان الله کتب لکل نفس تبلیغ امره و جعله افضل الاعمال لانها لن یقبل الا بعد عرفان الله المهیمن العزیز القدیر و قدر التبلیغ بالبیان,https://oceanoflights.org/bahaullah-pub06-080-ar/,,https://oceanlibrary.com/gleanings-from-the-writings-of-bahaullah
170,"The children of men are all brothers, and the prerequisites of brotherhood are manifold.",Tabernacle of Unity,Tabernacle of Unity,agree,"Praise be to God Who hath manifested through the Alif the Most Great Steadfastness, and th… (BH00048) — «بنی‌آدم کلّ برادرند و شروط برادری بسیار از جمله آنکه هر نفسی آنچه از برای خود میخواهد باید از برای برادران خود هم بخواهد لذا اگر دوستی بنعمت ظاهریّه و یا باطنیّ»",linked translation,,بنی‌آدم کلّ برادرند و شروط برادری بسیار از جمله آنکه هر نفسی آنچه از برای خود میخواهد باید از برای برادران خود هم بخواهد لذا اگر دوستی بنعمت ظاهریّه و یا باطنیّ,,https://portlandiator.github.io/PI_browser/?id=BH00048,https://oceanlibrary.com/tabernacle-of-unity_bahaullah?paraId=para_80
171,They that have forsaken their country for the purpose of teaching Our Cause—these shall the Faithful Spirit strengthen through its power.,Gleanings from the Writings of Bahá’u’lláh,Gleanings from the Writings of Bahá’u’lláh,agree,On Those Who Forsake Their Homelands to Teach the Cause (Muntakhabát-i-Áthár:157) — «إنّ الّذین هاجروا من أوطانهم لتبلیغ الأمر یؤیّدهم الرّوح الأمین ویخرج معهم قبیل من الملائکة من لدن عزیز علیم طوبی لمن فاز بخدمة الله لعمري لا یقابله عمل من الأع» — https://oceanoflights.org/bahaullah-pub02-157-ar/,linked translation,,إنّ الّذین هاجروا من أوطانهم لتبلیغ الأمر یؤیّدهم الرّوح الأمین ویخرج معهم قبیل من الملائکة من لدن عزیز علیم طوبی لمن فاز بخدمة الله لعمري لا یقابله عمل من الأع,https://oceanoflights.org/bahaullah-pub02-157-ar/,,https://oceanlibrary.com/gleanings-from-the-writings-of-bahaullah
172,"Gird up the loins of thine endeavour, that haply thou mayest guide thy neighbour to the law of God, the Most Merciful.",Gleanings from the Writings of Bahá’u’lláh,Gleanings from the Writings of Bahá’u’lláh,agree,Strive That Thou Mayest Guide a Soul (Muntakhabát-i-Áthár:161) — «جهد کن که شاید نفسی را بشریعهٴ رحمن وارد نمائی این از افضل اعمال عند غنیّ متعال مذکور و بشأنی بر امر الهی مستقیم باش که هیچ امری تو را از خدمتی که بآن مأموری من» — https://oceanoflights.org/bahaullah-pub02-161-fa/,linked translation,,جهد کن که شاید نفسی را بشریعهٴ رحمن وارد نمائی این از افضل اعمال عند غنیّ متعال مذکور و بشأنی بر امر الهی مستقیم باش که هیچ امری تو را از خدمتی که بآن مأموری من,https://oceanoflights.org/bahaullah-pub02-161-fa/,,https://oceanlibrary.com/gleanings-from-the-writings-of-bahaullah
173,"The world’s equilibrium hath been upset through the vibrating influence of this most great, this new World Order.",The Kitáb-i-Aqdas,The Kitáb-i-Aqdas,agree,"Possibly: O My Name! Upon thee be My glory! God willing, mayest thou be blessed through divine favor… (BH00960) — «امروز هر بنیان محکم متینی متزعزع و هر قدم ثابت مستقیمی متزلزل»",possible — verify,,امروز هر بنیان محکم متینی متزعزع و هر قدم ثابت مستقیمی متزلزل,,https://portlandiator.github.io/PI_browser/?id=BH00960,https://oceanlibrary.com/kitab-i-aqdas_bahaullah
174,"Light and glory, greeting and praise be upon the Hands of His Cause, through whom the light of fortitude hath shone forth and the truth hath been established that the authority to choose rests with Go",Fountain of Wisdom : Tablets of Bahá’u’lláh,Tablets of Bahá’u’lláh Revealed After the Kitáb-i-Aqdas,DIFFERS,Lawh-i-Dunya (Tablet of the World) (BH00238) — «و بانوار ایقان و استقامت و اطمینان مزین داشت علیهما بهاء الله و بهاء من فی السموات و الارضین النور و البهاء و التکبیر و الثناء علی أیادی أمره الذین بهم أشرق نور» — https://oceanoflights.org/bahaullah-pub17-014-fa/,linked translation,,و بانوار ایقان و استقامت و اطمینان مزین داشت علیهما بهاء الله و بهاء من فی السموات و الارضین النور و البهاء و التکبیر و الثناء علی أیادی أمره الذین بهم أشرق نور,https://oceanoflights.org/bahaullah-pub17-014-fa/,https://portlandiator.github.io/PI_browser/?id=BH00238,https://siftersearch.com/library/bahai/core-publications/tablets-of-bahaullah-revealed-after-the-kitab-i-aqdas#p186
175,"Addressing the nations, the Ancient Beauty ordaineth that in every city in the world a house be raised in the name of justice wherein shall gather pure and steadfast souls to the number of the Most Gr",,Lights of Guidance,sheet empty,Lawh-i-Baytu'l-'Adl (BH01525) — «قَد کُتِبَ عَلی کُلِّ مَدینَةٍ بِاَن یَجعَلُوا فِیها بَیتَ العَدْلِ وَ یَجتَمِعَ فِیهِ النُّفُوسُ عَلی عَدَدِ البَهاء ، وَ اِنِ اَزدادَ لا بَأسَ ، وَ یَرُونَ کَ» — https://oceanoflights.org/bahaullah-pub14-013-fa/,linked translation,,قَد کُتِبَ عَلی کُلِّ مَدینَةٍ بِاَن یَجعَلُوا فِیها بَیتَ العَدْلِ وَ یَجتَمِعَ فِیهِ النُّفُوسُ عَلی عَدَدِ البَهاء ، وَ اِنِ اَزدادَ لا بَأسَ ، وَ یَرُونَ کَ,https://oceanoflights.org/bahaullah-pub14-013-fa/,https://portlandiator.github.io/PI_browser/?id=BH01525,https://oceanlibrary.com/lights-of-guidance?paraId=para_34
176,O people of the world!,The Kitáb-i-Aqdas,The Kitáb-i-Aqdas,agree,Kitab-i-Aqdas (The Most Holy Book) (BH00001) — «18 (31) يا ملأ الانشآء عمّروا بيوتاً باكمل ما يمكن في الامكان باسم مالك الاديان في البلدان وزيّنوها بما ينبغي لها لا بالصّور والامثال ثمّ اذكروا فيها ربّكم الر» — https://oceanoflights.org/bahaullah-st-015-ar/,linked translation,,18 (31) يا ملأ الانشآء عمّروا بيوتاً باكمل ما يمكن في الامكان باسم مالك الاديان في البلدان وزيّنوها بما ينبغي لها لا بالصّور والامثال ثمّ اذكروا فيها ربّكم الر,https://oceanoflights.org/bahaullah-st-015-ar/,https://portlandiator.github.io/PI_browser/?id=BH00001,https://oceanlibrary.com/kitab-i-aqdas_bahaullah
177,My captivity cannot harm Me.,The Child of the Covenant,The Kitáb-i-Aqdas,DIFFERS,Possibly: Tablet of Splendours — «و ما ورد علی من اعدآئی بل من الذین ینسبون انفسهم الی نفسی و یرتکبون ما تصعد به زفراتی» — https://oceanoflights.org/bahaullah-pub11-003-fa/,possible — verify,,و ما ورد علی من اعدآئی بل من الذین ینسبون انفسهم الی نفسی و یرتکبون ما تصعد به زفراتی,https://oceanoflights.org/bahaullah-pub11-003-fa/,,https://oceanlibrary.com/kitab-i-aqdas_bahaullah
178,"We have admonished all the loved ones of God to take heed lest the hem of Our sacred vesture be smirched with the mire of unlawful deeds, or be stained with the dust of reprehensible conduct.",Gleanings from the Writings of Bahá’u’lláh,Gleanings from the Writings of Bahá’u’lláh,agree,Suriy-i-Dhabih (= Lawh-i-Dhabih) (BH00513) — «ای ذبیح در اکثری از الواح الهیّه از قلم امریّه نازل و جمیع احبّای الهی را وصیّت فرمودیم که ذیل مقدّس را بطین اعمال ممنوعه و غبار اخلاق مردوده میالایند و همچنین » — https://oceanoflights.org/bahaullah-pub02-115-fa/,linked translation,,ای ذبیح در اکثری از الواح الهیّه از قلم امریّه نازل و جمیع احبّای الهی را وصیّت فرمودیم که ذیل مقدّس را بطین اعمال ممنوعه و غبار اخلاق مردوده میالایند و همچنین ,https://oceanoflights.org/bahaullah-pub02-115-fa/,https://portlandiator.github.io/PI_browser/?id=BH00513,https://oceanlibrary.com/gleanings-from-the-writings-of-bahaullah
179,Regard thou faith as a tree.,Divine Virtues and Spiritual Qualities: A Compilation from Sacred Texts,Trustworthiness,DIFFERS,Possibly: O Abu’l-Ḥasan! God willing thou art sustained by His lordly favours and art occupied with … (BH04864) — «هو الصّادق الأمین یا اباالحسن انشآءاللّه بعنایت مخصوصهٴ حقّ فائز باشی و به ما ینبغی لأیّام اللّه عامل ایمانرا بمثابهٴ درخت مشاهده کن اثمار و اوراق و اغصان و افن»,possible — verify,,هو الصّادق الأمین یا اباالحسن انشآءاللّه بعنایت مخصوصهٴ حقّ فائز باشی و به ما ینبغی لأیّام اللّه عامل ایمانرا بمثابهٴ درخت مشاهده کن اثمار و اوراق و اغصان و افن,,https://portlandiator.github.io/PI_browser/?id=BH04864,https://oceanlibrary.com/trustworthiness_bahaullah?paraId=para_13
180,O ye friends of God in His cities and His loved ones in His lands!,Epistle to the Son of the Wolf,Epistle to the Son of the Wolf,agree,Lawh-i-Ibn-i-Dhi'b (Epistle to the Son of the Wolf) (BH00005) — «يا اولياء اللّه فی بلاده و احبّاءه فی دياره يوصيکم المظلوم بالامانة و الدّيانة * طوبی لمدينة فازت بانوارهما بهما يرتفع مقام الانسان و يفتح باب الاطمينان علی من » — https://oceanoflights.org/bahaullah-st-047-fa/,linked translation,,يا اولياء اللّه فی بلاده و احبّاءه فی دياره يوصيکم المظلوم بالامانة و الدّيانة * طوبی لمدينة فازت بانوارهما بهما يرتفع مقام الانسان و يفتح باب الاطمينان علی من ,https://oceanoflights.org/bahaullah-st-047-fa/,https://portlandiator.github.io/PI_browser/?id=BH00005,https://oceanlibrary.com/epistle-to-the-son-of-the-wolf_bahaullah
181,"We ask God graciously to grant that all may evince such fairness of character, such goodliness of deed and kindliness of word as will meet with His good pleasure.",Divine Virtues and Spiritual Qualities: A Compilation from Sacred Texts,Trustworthiness,DIFFERS,Possibly: Ishraqat (Splendours) (BH00053) — «يَا حِزْبَ اللّهِ زَيِّنُوا هَيَاکِلَکُم بِطِرَازِ الأَمَانَةِ وَ الدِّيَانَةِ ثُمَّ انْصُرُوا رَبَّکُم بِجُنُودِ الأَعْمَالِ وَ الأَخْلَاقِ إِنَّا مَنَعْنَاکُم» — https://oceanoflights.org/bahaullah-st-011-fa/,possible — verify,,يَا حِزْبَ اللّهِ زَيِّنُوا هَيَاکِلَکُم بِطِرَازِ الأَمَانَةِ وَ الدِّيَانَةِ ثُمَّ انْصُرُوا رَبَّکُم بِجُنُودِ الأَعْمَالِ وَ الأَخْلَاقِ إِنَّا مَنَعْنَاکُم,https://oceanoflights.org/bahaullah-st-011-fa/,https://portlandiator.github.io/PI_browser/?id=BH00053,https://oceanlibrary.com/trustworthiness_bahaullah?paraId=para_64
182,"If the whole earth were to be converted into silver and gold, no man who can be said to have truly ascended into the heaven of faith and certitude would deign to regard it, much less to seize and keep",Gleanings from the Writings of Baha'u'llah: Study Guide,Gleanings from the Writings of Bahá’u’lláh,agree,On Unlawfully Taking the Property of Others (Muntakhabát-i-Áthár:137) — «اگر جمیع عالم از ذهب و فضّه شود نفسی که فی‌الحقیقه بملکوت ایمان ارتقا جسته ابداً بآن توجّه ننماید تا چه رسد باخذ آن و این مقام بلسان عربی احلی و لغات فصحی از قب» — https://oceanoflights.org/bahaullah-pub02-137-fa/,linked translation,,اگر جمیع عالم از ذهب و فضّه شود نفسی که فی‌الحقیقه بملکوت ایمان ارتقا جسته ابداً بآن توجّه ننماید تا چه رسد باخذ آن و این مقام بلسان عربی احلی و لغات فصحی از قب,https://oceanoflights.org/bahaullah-pub02-137-fa/,,https://oceanlibrary.com/gleanings-from-the-writings-of-bahaullah
183,"O ye My loved ones! Suffer not the hem of My sacred vesture to be smirched and mired with the things of this world, and follow not the promptings of your evil and corrupt desires.",Hands of the Cause of God: Personal Recollections,Gleanings from the Writings of Bahá’u’lláh,DIFFERS,The Herald of Oneness Calleth from the Realm of the Godhead (Muntakhabát-i-Áthár:100) — «ای احبّا ذیل مقدّس را بطین دنیا میالائید و به ما اراد النّفس و الهوی تکلّم مکنید قسم بآفتاب افق امر که از سماء سجن بکمال انوار و ضیاء مشهود است مقبلین قبلهٴ وجو» — https://oceanoflights.org/bahaullah-pub02-100-fa/,linked translation,,ای احبّا ذیل مقدّس را بطین دنیا میالائید و به ما اراد النّفس و الهوی تکلّم مکنید قسم بآفتاب افق امر که از سماء سجن بکمال انوار و ضیاء مشهود است مقبلین قبلهٴ وجو,https://oceanoflights.org/bahaullah-pub02-100-fa/,,https://oceanlibrary.com/gleanings-from-the-writings-of-bahaullah
184,God hath prescribed unto everyone the duty of teaching His Cause.,Summons of the Lord of Hosts,Gleanings from the Writings of Bahá’u’lláh,DIFFERS,Tablet to Napoleon III (excerpt) (Muntakhabát-i-Áthár:158) — «قد کتب الله لکلّ نفس تبلیغ أمره والّذي أراد ما أمر به ینبغي له أن یتّصف بالصّفات الحسنة أوّلاً ثمّ یبلّغ النّاس لتنجذب بقوله قلوب المقبلین ومن دون ذلک لا یؤثّر » — https://oceanoflights.org/bahaullah-pub02-158-ar/,linked translation,,قد کتب الله لکلّ نفس تبلیغ أمره والّذي أراد ما أمر به ینبغي له أن یتّصف بالصّفات الحسنة أوّلاً ثمّ یبلّغ النّاس لتنجذب بقوله قلوب المقبلین ومن دون ذلک لا یؤثّر ,https://oceanoflights.org/bahaullah-pub02-158-ar/,,https://oceanlibrary.com/gleanings-from-the-writings-of-bahaullah
185,They whom God hath endued with insight will readily recognize that the precepts laid down by God constitute the highest means for the maintenance of order in the world and the security of its peoples.,The Most Holy Book (Kitáb-i-Aqdas),The Kitáb-i-Aqdas,DIFFERS,Kitáb-i-Aqdas — «إنّ الّذين أوتوا بصآئر من الله يرون حدود الله السّبب الأعظم لنظم العالم وحفظ الأمم والّذي غفل إنّه من همج رعاع إنّا أمرناكم بكسر حدودات النّفس والهوى لا ما رقم» — https://oceanoflights.org/bahaullah-pub02-155-ar/,linked translation,,إنّ الّذين أوتوا بصآئر من الله يرون حدود الله السّبب الأعظم لنظم العالم وحفظ الأمم والّذي غفل إنّه من همج رعاع إنّا أمرناكم بكسر حدودات النّفس والهوى لا ما رقم,https://oceanoflights.org/bahaullah-pub02-155-ar/,,https://oceanlibrary.com/kitab-i-aqdas_bahaullah
186,Well is it with them that have fulfilled that which is prescribed in the Book of God.,,huququllah-1-bahaullah-abdul-baha_en,sheet empty,Possibly: Praise and glory and remembrance and splendor befit the champions in the arena of inner me… (BH00261) — «طوبی از برای نفوسیکه فائز گشتند بآنچه در کتاب الهی مذکور و مسطور است باید کل به ما اراده اللّه عامل شوند چه که آنچه در کتاب از قلم اعلی نازل سبب و علّت تطهیر و »,possible — verify,,طوبی از برای نفوسیکه فائز گشتند بآنچه در کتاب الهی مذکور و مسطور است باید کل به ما اراده اللّه عامل شوند چه که آنچه در کتاب از قلم اعلی نازل سبب و علّت تطهیر و ,,https://portlandiator.github.io/PI_browser/?id=BH00261,https://oceanoflights.org/file/autogenerated/huququllah-1-bahaullah-abdul-baha_en.docx
187,"Know verily that the essence of justice and the source thereof are both embodied in the ordinances prescribed by Him Who is the Manifestation of the Self of God amongst men, if ye be of them that reco",Gleanings from the Writings of Bahá’u’lláh,Gleanings from the Writings of Bahá’u’lláh,agree,Ridvanu'l-'Adl (the Garden of Justice) (BH00195) — «ان یا ملأ الارض فاعلموا بان للعدل مراتب و مقامات و معانى لا یحصى و لکن انا نرش علیکم رشحا من هذا البحر لیطهرکم عن دنس الظلم و یجعلکم من المخلصین فاعلموا بان اصل» — https://oceanoflights.org/bahaullah-pub06-088-ar/,linked translation,,ان یا ملأ الارض فاعلموا بان للعدل مراتب و مقامات و معانى لا یحصى و لکن انا نرش علیکم رشحا من هذا البحر لیطهرکم عن دنس الظلم و یجعلکم من المخلصین فاعلموا بان اصل,https://oceanoflights.org/bahaullah-pub06-088-ar/,https://portlandiator.github.io/PI_browser/?id=BH00195,https://oceanlibrary.com/gleanings-from-the-writings-of-bahaullah
188,"Indeed, the laws of God are like unto the ocean and the children of men as fish, did they but know it.","Monogamy, Sexual Equality, Marital Equality, and the Supreme Tribunal",Synopsis and Codification of the Laws and Ordinances of the Kitab-i-Aqdas,DIFFERS,"Possibly: The dewdrops of revelation, aided by the breezes of the Will of the Lord of Names, have de… (BH00466) — «که اوامر الهیّه بمنزلهٴ بحرست و ناس بمنزلهٴ حیتان لو هم یعرفون ولکن بحکمت باید … شد اکثری ضعیفند و از مقصود اللّه بعید باید در جمیع احوال حکمت را ملاحظه نمود تا»",possible — verify,,که اوامر الهیّه بمنزلهٴ بحرست و ناس بمنزلهٴ حیتان لو هم یعرفون ولکن بحکمت باید … شد اکثری ضعیفند و از مقصود اللّه بعید باید در جمیع احوال حکمت را ملاحظه نمود تا,,https://portlandiator.github.io/PI_browser/?id=BH00466,https://bahai-library.com/bahaullah_synopsis_codification
189,"In all these journeys the wayfarer must stray not a hair’s breadth from the Law, for this is indeed the secret of the Path and the fruit of the Tree of Truth.",The Call of the Divine Beloved,The Seven Valleys and the Four Valleys,DIFFERS,Haft Vadi (The Seven Valleys) (BH00047) — «و سالک بايد در جميع اين اسفار بقدر شعری از شريعت که فی الحقيقه سرّ طريقت و ثمره شجره حقيقت است انحراف نورزد و در همهء مراتب بذيل اطاعت اوامر متشبّث باشد و بحبل » — https://oceanoflights.org/bahaullah-pub06-068-fa/,linked translation,,و سالک بايد در جميع اين اسفار بقدر شعری از شريعت که فی الحقيقه سرّ طريقت و ثمره شجره حقيقت است انحراف نورزد و در همهء مراتب بذيل اطاعت اوامر متشبّث باشد و بحبل ,https://oceanoflights.org/bahaullah-pub06-068-fa/,https://portlandiator.github.io/PI_browser/?id=BH00047,https://oceanlibrary.com/seven-valleys-and-the-four-valleys?paraId=para_130
190,"We have commanded you to pray and fast from the beginning of maturity; this is ordained by God, your Lord and the Lord of your forefathers.",The Most Holy Book (Kitáb-i-Aqdas),The Kitáb-i-Aqdas,DIFFERS,Possibly: Kitab-i-Aqdas (The Most Holy Book) (BH00001) — «انّه لهو العزيز العلاّم (10) قد فرض عليكم الصّلوة والصّوم من اوّل البلوغ امراً من لدى الله ربّكم وربّ ابآئكم الاوّلين من كان في نفسه ضعف من المرض او الهرم عفا» — https://oceanoflights.org/bahaullah-st-015-ar/,possible — verify,,انّه لهو العزيز العلاّم (10) قد فرض عليكم الصّلوة والصّوم من اوّل البلوغ امراً من لدى الله ربّكم وربّ ابآئكم الاوّلين من كان في نفسه ضعف من المرض او الهرم عفا,https://oceanoflights.org/bahaullah-st-015-ar/,https://portlandiator.github.io/PI_browser/?id=BH00001,https://oceanlibrary.com/kitab-i-aqdas_bahaullah
191,O thou who hast quaffed the wine of Mine utterance from the chalice of My knowledge!,Fountain of Wisdom : Tablets of Bahá’u’lláh,Tablets of Bahá’u’lláh Revealed After the Kitáb-i-Aqdas,DIFFERS,Tablet of Ornaments — «أَيُّهَا الشَّارِبُ رَحِيقَ بَيَانِی مِنْ کَأْسِ عِرْفَانِی امروز از حفيف سدره منتهی که در فردوس اعلی ازيد قدرت مالک اسماء غرس شده اين کلمات عاليات اصغاء گشت :» — https://oceanoflights.org/bahaullah-pub03-04-fa/,linked translation,,أَيُّهَا الشَّارِبُ رَحِيقَ بَيَانِی مِنْ کَأْسِ عِرْفَانِی امروز از حفيف سدره منتهی که در فردوس اعلی ازيد قدرت مالک اسماء غرس شده اين کلمات عاليات اصغاء گشت :,https://oceanoflights.org/bahaullah-pub03-04-fa/,,https://siftersearch.com/library/bahai/core-publications/tablets-of-bahaullah-revealed-after-the-kitab-i-aqdas#p63
192,"In the Name of God, the Exalted, the Most High!",Tablets of Bahá’u’lláh Revealed After the Kitáb-i-Aqdas,Tablets of Bahá’u’lláh Revealed After the Kitáb-i-Aqdas,agree,The Hidden Words (BH09162) — «بمرضاته اصل اصل الحكمة هو الخشية عن اللّه عز ذكره و المخافه» — https://oceanoflights.org/bahaullah-inba-030-fa/,linked translation,,بمرضاته اصل اصل الحكمة هو الخشية عن اللّه عز ذكره و المخافه,https://oceanoflights.org/bahaullah-inba-030-fa/,https://portlandiator.github.io/PI_browser/?id=BH09162,https://siftersearch.com/library/bahai/core-publications/tablets-of-bahaullah-revealed-after-the-kitab-i-aqdas#p367
193,"This is that which hath descended from the realm of glory, uttered by the tongue of power and might, and revealed unto the Prophets of old.",Perspectives on the Inseparable Twin Duties Prescribed in the Kitáb-i-Aqdas,The Hidden Words of Bahá’u’lláh,DIFFERS,Kalimat-i-Maknunih (Hidden Words - Arabic) (BH00386) — «هَذَا مَا نُزِّلَ مِنْ جَبَرُوتِ العِزَّةِ بِلِسانِ القُدْرَةِ وَالْقُوَّةِ عَلَى النَّبِيِّينَ مِنْ قَبْلُ. وَإِنَّا أَخَذْنَا جَوَاهِرَهُ وَأَقْمَصْنَاهُ قَمِ» — https://oceanoflights.org/bahaullah-pub01-02-ar/,linked translation,,هَذَا مَا نُزِّلَ مِنْ جَبَرُوتِ العِزَّةِ بِلِسانِ القُدْرَةِ وَالْقُوَّةِ عَلَى النَّبِيِّينَ مِنْ قَبْلُ. وَإِنَّا أَخَذْنَا جَوَاهِرَهُ وَأَقْمَصْنَاهُ قَمِ,https://oceanoflights.org/bahaullah-pub01-02-ar/,https://portlandiator.github.io/PI_browser/?id=BH00386,https://oceanlibrary.com/hidden-words-of-bahaullah?paraId=para_11
194,"Be generous in prosperity, and thankful in adversity.",Baha'i: A Way of Life for Millions,Gleanings from the Writings of Bahá’u’lláh,DIFFERS,Be Generous in Prosperity and Thankful in Adversity (Muntakhabát-i-Áthár:130) — «کن في النّعمة منفقًا وفي فقدها شاکرًا وفي الحقوق أمینًا وفي الوجه طَلْقًا وللفقرآء کنزًا وللأغنیآء ناصحًا وللمنادي مجیبًا وفي الوعد وَفَیًّا وفي الأمور منصفًا و» — https://oceanoflights.org/bahaullah-pub02-130-ar/,linked translation,,کن في النّعمة منفقًا وفي فقدها شاکرًا وفي الحقوق أمینًا وفي الوجه طَلْقًا وللفقرآء کنزًا وللأغنیآء ناصحًا وللمنادي مجیبًا وفي الوعد وَفَیًّا وفي الأمور منصفًا و,https://oceanoflights.org/bahaullah-pub02-130-ar/,,https://oceanlibrary.com/gleanings-from-the-writings-of-bahaullah
195,"Turn unto Him, and fear not because of thy deeds.",The Kitáb-i-Aqdas,The Kitáb-i-Aqdas,agree,Kitab-i-Aqdas (The Most Holy Book) (BH00001) — «108 قل به استغنى كلّ فقير وتعلّم كلّ عالم وعرج من اراد الصّعود الى الله ايّاكم ان تختلفوا فيه كونوا كالجبال الرّواسخ في امر ربّكم العزيز الودود (184) قل يا مطل» — https://oceanoflights.org/bahaullah-st-015-ar/,linked translation,,108 قل به استغنى كلّ فقير وتعلّم كلّ عالم وعرج من اراد الصّعود الى الله ايّاكم ان تختلفوا فيه كونوا كالجبال الرّواسخ في امر ربّكم العزيز الودود (184) قل يا مطل,https://oceanoflights.org/bahaullah-st-015-ar/,https://portlandiator.github.io/PI_browser/?id=BH00001,https://oceanlibrary.com/kitab-i-aqdas_bahaullah
196,O banished and faithful friend!,Gleanings from the Writings of Bahá’u’lláh,Gleanings from the Writings of Bahá’u’lláh,agree,Lawh-i-Ahmad (Persian) (BH00249) — «ای مؤمن مهاجر عطش و ظمأ غفلت را از سلسبیل قدس عنایت تسکین ده و شام تیرهء بعد را بصبح منیر قرب منور گردان بیت محبت باقی را بظلم شهوت فانی و خراب مکن و جمال غلام » — https://oceanoflights.org/bahaullah-pub17-020-fa/,linked translation,,ای مؤمن مهاجر عطش و ظمأ غفلت را از سلسبیل قدس عنایت تسکین ده و شام تیرهء بعد را بصبح منیر قرب منور گردان بیت محبت باقی را بظلم شهوت فانی و خراب مکن و جمال غلام ,https://oceanoflights.org/bahaullah-pub17-020-fa/,https://portlandiator.github.io/PI_browser/?id=BH00249,https://oceanlibrary.com/gleanings-from-the-writings-of-bahaullah
197,"We ask God, exalted be His glory, to confirm each one of the friends in that land in the acquisition of such praiseworthy characteristics as shall conduce to the spread of justice and equity among the",,Trustworthiness,sheet empty,"Possibly: The primary purpose of God, exalted be His glory, in creating all created things hath been… (BH01103) — «این خادم فانی از حقّ جلّ جلاله سائل و آمل که این عبد و اولیای خود را موفّق فرماید بآنچه که سبب و علّت ظهور انسانیّتست در عالم»",possible — verify,,این خادم فانی از حقّ جلّ جلاله سائل و آمل که این عبد و اولیای خود را موفّق فرماید بآنچه که سبب و علّت ظهور انسانیّتست در عالم,,https://portlandiator.github.io/PI_browser/?id=BH01103,https://oceanlibrary.com/trustworthiness_bahaullah?paraId=para_28
198,"Lay not on any soul a load which ye would not wish to be laid upon you, and desire not for anyone the things ye would not desire for yourselves.",Summons of the Lord of Hosts,Summons of the Lord of Hosts,agree,Suriy-i-Muluk (Surih to the Kings) (BH00021) — «وَلا تَحْمِلُوا عَلَى النَّاسِ مَا لا تَحْمِلُوهُ عَلَى أَنْفُسِكُم وَلَنْ تَرْضَوا لأَحَدٍ مَا لا تَرْضَوْنَهُ لَكُمْ وَهَذا خَيْرُ النُّصْحِ لَوْ أَنْتُمْ مِن» — https://oceanoflights.org/bahaullah-pub09-11-ar/,linked translation,,وَلا تَحْمِلُوا عَلَى النَّاسِ مَا لا تَحْمِلُوهُ عَلَى أَنْفُسِكُم وَلَنْ تَرْضَوا لأَحَدٍ مَا لا تَرْضَوْنَهُ لَكُمْ وَهَذا خَيْرُ النُّصْحِ لَوْ أَنْتُمْ مِن,https://oceanoflights.org/bahaullah-pub09-11-ar/,https://portlandiator.github.io/PI_browser/?id=BH00021,https://oceanlibrary.com/summons-of-the-lord-of-hosts_bahaullah
199,"In connection with the demands for payment of which thou hast written in thy letter, it is manifestly clear that anyone who hath the ability to settle his debts, and yet neglecteth to do so, hath not","Bahá’í Ethics in Light of Scripture, Vol. 2",Trustworthiness,DIFFERS,"Praise be unto Him Who hath, through His power, attained unto unity, and Who, in His might… (BH00801) — «و امّا در بارهٴ مطالبات که نوشته بودید این بسی معلوم و واضح است که هر نفسی قادر بر ادای دین باشد و اهمال نماید بخلاف رضای حقّ عمل نموده نفوسیکه مدیونند باید بکم»",linked translation,,و امّا در بارهٴ مطالبات که نوشته بودید این بسی معلوم و واضح است که هر نفسی قادر بر ادای دین باشد و اهمال نماید بخلاف رضای حقّ عمل نموده نفوسیکه مدیونند باید بکم,,https://portlandiator.github.io/PI_browser/?id=BH00801,https://oceanlibrary.com/trustworthiness_bahaullah?paraId=para_114
200,"We send Our greetings to the faithful followers of the one true God, who have tasted of the sweet waters of loving-kindness and directed their gaze toward the Realm of Glory.",,Trustworthiness,sheet empty,Possibly: This is the Book sent down by the All-Merciful unto all who dwell in the realm of continge… (BH07237) — «یا احبّائی نوصیکم بتقوی اللّه و العمل بما نزّل فی الألواح کونوا مطالع الأمانة و الصّدق و الوفآء و مظاهر الرّحمة و العنایة و الصّفآء کذلک یأمرکم من یذکرکم فی الل»,possible — verify,,یا احبّائی نوصیکم بتقوی اللّه و العمل بما نزّل فی الألواح کونوا مطالع الأمانة و الصّدق و الوفآء و مظاهر الرّحمة و العنایة و الصّفآء کذلک یأمرکم من یذکرکم فی الل,,https://portlandiator.github.io/PI_browser/?id=BH07237,https://oceanlibrary.com/trustworthiness_bahaullah?paraId=para_73
201,"We exhort mankind in these days when the countenance of Justice is soiled with dust, when the flames of unbelief are burning high and the robe of wisdom rent asunder, when tranquillity and faithfulnes",Fountain of Wisdom : Tablets of Bahá’u’lláh,Tablets of Bahá’u’lláh Revealed After the Kitáb-i-Aqdas,DIFFERS,Lawh-i-Hikmat (Tablet of Wisdom) (BH00223) — «انّا ننصح العباد فى هذه الايّام الّتى فيها تغبّر وجه العدل و انارت و جنة الجهل و هتک ستر العقل و غاض الرّاحة و الوفآء و فاض المحنة و البلآء و فيها نقضت العهود و» — https://oceanoflights.org/bahaullah-pub06-006-ar/,linked translation,,انّا ننصح العباد فى هذه الايّام الّتى فيها تغبّر وجه العدل و انارت و جنة الجهل و هتک ستر العقل و غاض الرّاحة و الوفآء و فاض المحنة و البلآء و فيها نقضت العهود و,https://oceanoflights.org/bahaullah-pub06-006-ar/,https://portlandiator.github.io/PI_browser/?id=BH00223,https://siftersearch.com/library/bahai/core-publications/tablets-of-bahaullah-revealed-after-the-kitab-i-aqdas#p317
202,"It behoveth ye all so to adorn your inner and outer beings that, robed in trustworthiness, girt with righteousness and arrayed in truthfulness and rectitude, ye may become a means for the exaltation o",,Trustworthiness,sheet empty,Possibly: Lawh-i-Karim (BH00501) — «و باید کل بقمیص امانت و ردآء دیانت و شعار صدق و راستی ظاهر و باطن خود را مزین نمائید تا سبب علو امر و تربیت خلق گردد» — https://oceanoflights.org/bahaullah-pub10-010/,possible — verify,,و باید کل بقمیص امانت و ردآء دیانت و شعار صدق و راستی ظاهر و باطن خود را مزین نمائید تا سبب علو امر و تربیت خلق گردد,https://oceanoflights.org/bahaullah-pub10-010/,https://portlandiator.github.io/PI_browser/?id=BH00501,https://oceanlibrary.com/trustworthiness_bahaullah?paraId=para_90
203,"The Purpose of the one true God, exalted be His glory, in revealing Himself unto men is to lay bare those gems that lie hidden within the mine of their true and inmost selves….",Epistle to the Son of the Wolf,Epistle to the Son of the Wolf,agree,Lawḥ-i-Sulṭán (Tablet to Náṣiri'd-Dín Sháh) — «کلّ اين امور نظر به آن واقع شده که اين فقرا را بی‌معين يافته‌اند از امور خطيره گذشته‌اند و به اين فقرا پرداخته‌اند طوائف متعدّده و ملل مختلفه در ظلّ سلطان مستري» — https://oceanoflights.org/bahaullah-pub09-01-fa/,linked translation,,کلّ اين امور نظر به آن واقع شده که اين فقرا را بی‌معين يافته‌اند از امور خطيره گذشته‌اند و به اين فقرا پرداخته‌اند طوائف متعدّده و ملل مختلفه در ظلّ سلطان مستري,https://oceanoflights.org/bahaullah-pub09-01-fa/,,https://oceanlibrary.com/epistle-to-the-son-of-the-wolf_bahaullah
204,O ye discerning ones!,,Tablets of Bahá’u’lláh and ’Abdu’l-Bahá from Star of the West,sheet empty,Possibly: Tablet of Unity — «ای احزاب مختلفه باتحاد توجه نمائید و بنور اتفاق منور گردید لوجه الله در مقری حاضر شوید و آنچه سبب اختلاف است از میان بردارید تا جمیع عالم بانوار نیر اعظم فائز گ» — https://oceanoflights.org/bahaullah-pub17-010-fa/,possible — verify,,ای احزاب مختلفه باتحاد توجه نمائید و بنور اتفاق منور گردید لوجه الله در مقری حاضر شوید و آنچه سبب اختلاف است از میان بردارید تا جمیع عالم بانوار نیر اعظم فائز گ,https://oceanoflights.org/bahaullah-pub17-010-fa/,,https://bahai-library.com/compilation_tablets_star_west&chapter=all
205,"It is Our wish and desire that every one of you may become a source of all goodness unto men, and an example of uprightness to mankind.","Messages from the Universal House of Justice, 1968-1973",Gleanings from the Writings of Bahá’u’lláh,DIFFERS,We Desire To See Each One Of You The Source Of All Good (Muntakhabát-i-Áthár:146) — «إنّا نحبّ أن نری کلّ واحد منکم مبدأ کلّ خیر ومشرق الصّلاح بین العالمین آثروا إخوانکم علی أنفسکم فانظروا إلی هیکل الله في الأرض إنّه أنفق نفسه لاصلاح العالم إنّه» — https://oceanoflights.org/bahaullah-pub02-146-ar/,linked translation,,إنّا نحبّ أن نری کلّ واحد منکم مبدأ کلّ خیر ومشرق الصّلاح بین العالمین آثروا إخوانکم علی أنفسکم فانظروا إلی هیکل الله في الأرض إنّه أنفق نفسه لاصلاح العالم إنّه,https://oceanoflights.org/bahaullah-pub02-146-ar/,,https://oceanlibrary.com/gleanings-from-the-writings-of-bahaullah
206,"He Who is your Lord, the All-Merciful, cherisheth in His heart the desire of beholding the entire human race as one soul and one body.",Gleanings from the Writings of Bahá’u’lláh,Summons of the Lord of Hosts,DIFFERS,Tablet to the King of Paris (Lawḥ-i-Malik-i-Páris) (Muntakhabát-i-Áthár:107) — «إنّ ربّکم الرّحمن یحبّ أن یَری من في الأکوان کنفس واحدة وهیکل واحد أن اغتنموا فضل الله ورحمته في تلک الأیّام الّتي ما رأت عین الإبداع شبهها طوبی لمن نبذ ما عنده» — https://oceanoflights.org/bahaullah-pub02-107-ar/,linked translation,,إنّ ربّکم الرّحمن یحبّ أن یَری من في الأکوان کنفس واحدة وهیکل واحد أن اغتنموا فضل الله ورحمته في تلک الأیّام الّتي ما رأت عین الإبداع شبهها طوبی لمن نبذ ما عنده,https://oceanoflights.org/bahaullah-pub02-107-ar/,,https://oceanlibrary.com/summons-of-the-lord-of-hosts_bahaullah
207,"Arts, crafts and sciences uplift the world of being, and are conducive to its exaltation.",Fountain of Wisdom : Tablets of Bahá’u’lláh,Tablets of Bahá’u’lláh Revealed After the Kitáb-i-Aqdas,DIFFERS,Effulgences — «تجلّی سوم علوم و فنون و صنايع است علم بمنزله جناح است از برای وجود و مرقاتست از برای صعود تحصيلش بر کلّ لازم ولکن علومی که اهل ارض از آن منتفع شوند نه علومی که » — https://oceanoflights.org/bahaullah-pub03-05-fa/,linked translation,,تجلّی سوم علوم و فنون و صنايع است علم بمنزله جناح است از برای وجود و مرقاتست از برای صعود تحصيلش بر کلّ لازم ولکن علومی که اهل ارض از آن منتفع شوند نه علومی که ,https://oceanoflights.org/bahaullah-pub03-05-fa/,,https://siftersearch.com/library/bahai/core-publications/tablets-of-bahaullah-revealed-after-the-kitab-i-aqdas#p108
208,The purpose of learning should be the promotion of the welfare of the people….,,Social and Economic Development,sheet empty,"Possibly: Sanctified praise, beyond all mention and limitation, beseemeth the Lord of the invisible … (BH00293) — «باید کلّ الیوم باسبابی تمسّک نمایند که سبب اصلاح عالم و دانائی امم است و دانائی اسبابیست که انسانرا حفظ نماید از آنچه سزاوار نبوده و نیست و همچنین تعلیم نماید ب»",possible — verify,,باید کلّ الیوم باسبابی تمسّک نمایند که سبب اصلاح عالم و دانائی امم است و دانائی اسبابیست که انسانرا حفظ نماید از آنچه سزاوار نبوده و نیست و همچنین تعلیم نماید ب,,https://portlandiator.github.io/PI_browser/?id=BH00293,https://oceanlibrary.com/social-and-economic-development_bahaullah?paraId=para_149
209,It is incumbent upon the children to exert themselves to the utmost in acquiring the art of reading and writing….,,Arts and Crafts,sheet empty,Possibly: Lawh-i-Ism-i-Jud (BH01117) — «اطفال کمال جهد را در تحصیل علم و خطّ مبذول دارند … اگرچه خطّ بقدریکه رفع ضرورت نماید از برای بعضی کافی است اگر وقت را در علوم نافعه صرف نمایند اولی و انسب است و»,possible — verify,,اطفال کمال جهد را در تحصیل علم و خطّ مبذول دارند … اگرچه خطّ بقدریکه رفع ضرورت نماید از برای بعضی کافی است اگر وقت را در علوم نافعه صرف نمایند اولی و انسب است و,,https://portlandiator.github.io/PI_browser/?id=BH01117,https://oceanlibrary.com/arts-and-crafts_bahaullah?paraId=para_26
210,"Man is even as steel, the essence of which is hidden: Through admonition and explanation, good counsel and education, that essence will be brought to light.",Lights of Guidance,Lights of Guidance,agree,Possibly: Praise be unto God Who hath made the Pen to be subservient and hath caused to flow therefr… (BH00228) — «و کل بکلمهٴ رحم اللّه امرء عرف شأنه و مقامه ناظر میگشتند و در خضوع و خشوع از یکدیگر سبقت میگرفتند انسان بمثابهٴ پولادی است که جوهرش مستور باشد بذکر و بیان و نصی»,possible — verify,,و کل بکلمهٴ رحم اللّه امرء عرف شأنه و مقامه ناظر میگشتند و در خضوع و خشوع از یکدیگر سبقت میگرفتند انسان بمثابهٴ پولادی است که جوهرش مستور باشد بذکر و بیان و نصی,,https://portlandiator.github.io/PI_browser/?id=BH00228,https://oceanlibrary.com/lights-of-guidance?paraId=para_2642
211,"A true philosopher would never deny God nor His evidences, rather would he acknowledge His glory and overpowering majesty which overshadow all created things.",Fountain of Wisdom : Tablets of Bahá’u’lláh,Tablets of Bahá’u’lláh Revealed After the Kitáb-i-Aqdas,DIFFERS,Lawh-i-Hikmat (Tablet of Wisdom) (BH00223) — «من کان فيلسوفا حقيقّيا ما انکر اللّه و برهانه و‌ اقرّ بعظمته و‌ سلطانه المهيمن علی العالمين انّا نحبّ الحکمآء الّذين ظهر منهم ما انتفع به النّاس و‌ ايّدناهم بام» — https://oceanoflights.org/bahaullah-pub06-006-ar/,linked translation,,من کان فيلسوفا حقيقّيا ما انکر اللّه و برهانه و‌ اقرّ بعظمته و‌ سلطانه المهيمن علی العالمين انّا نحبّ الحکمآء الّذين ظهر منهم ما انتفع به النّاس و‌ ايّدناهم بام,https://oceanoflights.org/bahaullah-pub06-006-ar/,https://portlandiator.github.io/PI_browser/?id=BH00223,https://siftersearch.com/library/bahai/core-publications/tablets-of-bahaullah-revealed-after-the-kitab-i-aqdas#p358
212,"Exalted, immensely exalted is He Who hath removed differences and established harmony.",The Universality of the Laws of the Kitáb-i-Aqdas,Women,DIFFERS,"Exalted, immensely exalted is He Who hath removed differences and established harmony. Glo… (BH00733) — «تعالی تعالی من رفع الفرق و وضع الاتّفاق تباهی تباهی من اخذ الاختلاف و حکم بالاثبات و الایتلاف للّه الحمد قلم اعلی فرق مابین عباد و اماء را از میان برداشت و کل ر»",linked translation,,تعالی تعالی من رفع الفرق و وضع الاتّفاق تباهی تباهی من اخذ الاختلاف و حکم بالاثبات و الایتلاف للّه الحمد قلم اعلی فرق مابین عباد و اماء را از میان برداشت و کل ر,,https://portlandiator.github.io/PI_browser/?id=BH00733,https://oceanlibrary.com/women_bahaullah?paraId=para_13
213,"If thou truly givest ear to that which hath been revealed for thee from My Supreme Pen at this moment, thou shalt soar with the wings of eagerness in the heaven of love for the Lord of the Day of the",The Universality of the Laws of the Kitáb-i-Aqdas,Women,DIFFERS,"It behooveth thee to render thanks unto God, through all the tongues of His creation, inas… (BH08623) — «لعمر الله لو تطّلع بما قدّره الله للمقبلین لتطیر باجنحة السّرور و تنادی و تقول لک الحمد یا اله العالم و لک البهآء یا مولی الأنام یا نصرالله اذا فزت بلوح ربّک ان»",linked translation,,لعمر الله لو تطّلع بما قدّره الله للمقبلین لتطیر باجنحة السّرور و تنادی و تقول لک الحمد یا اله العالم و لک البهآء یا مولی الأنام یا نصرالله اذا فزت بلوح ربّک ان,,https://portlandiator.github.io/PI_browser/?id=BH08623,https://oceanlibrary.com/women_bahaullah?paraId=para_17
214,"All should know, and in this regard attain the splendours of the sun of certitude, and be illumined thereby: Women and men have been and will always be equal in the sight of God.",Bringing Rights Home: Human Rights and the Institution of the Family,To Set the World in Order: Building and Preserving Strong Marriages,DIFFERS,"Possibly: God beareth witness that there is none other God but Him, and He Who hath appeared amongst… (BH00086) — «الّا هو الواحد الفرد المهیمن القیّوم و بعد جمیع بدانند و در اینفقره بانوار آفتاب یقین فائز و منوّر باشند اناث و ذکور عنداللّه واحد بوده و هست و مطلع نور رحمن بی»",possible — verify,,الّا هو الواحد الفرد المهیمن القیّوم و بعد جمیع بدانند و در اینفقره بانوار آفتاب یقین فائز و منوّر باشند اناث و ذکور عنداللّه واحد بوده و هست و مطلع نور رحمن بی,,https://portlandiator.github.io/PI_browser/?id=BH00086,https://oceanlibrary.com/to-set-the-world-in-order-building-and-preserving-strong-marriages?paraId=para_119
215,"O My handmaiden, O My leaf!",Fountain of Wisdom : Tablets of Bahá’u’lláh,Tablets of Bahá’u’lláh Revealed After the Kitáb-i-Aqdas,DIFFERS,"O My Handmaiden, O My Leaf (Alváḥ ba‘d az Aqdas:31) — «يا أمتي ويا ورقتي حمد کن محبوب عالميان را که باين فيض اعظم فائز شدی در ايّامی که اکثر علما و رجال ارض از آن محرومند ترا باسم ورقه ذکر نموديم تا بمثابه اوراق از » — https://oceanoflights.org/bahaullah-pub03-31-fa/",linked translation,,يا أمتي ويا ورقتي حمد کن محبوب عالميان را که باين فيض اعظم فائز شدی در ايّامی که اکثر علما و رجال ارض از آن محرومند ترا باسم ورقه ذکر نموديم تا بمثابه اوراق از ,https://oceanoflights.org/bahaullah-pub03-31-fa/,,https://siftersearch.com/library/bahai/core-publications/tablets-of-bahaullah-revealed-after-the-kitab-i-aqdas#p611
216,"And when He desired to manifest grace and beneficence to men, and to set the world in order, He revealed observances and created laws; among them He established the law of marriage, made it as a fortr",Uncompiled Published Letters,Bahá’í Prayers,DIFFERS,Possibly: Khutbatu'n-Nikah [marriage Tablet] (BH03181) — «فَلَمَّا أَرَادَ نَظْمَ العالَمِ وَإِظْهارَ الجُوْدِ وَالكَرَمِ عَلَى الأُمَمِ شَرَعَ الشَّرايِعَ وَأَظْهَرَ المَناهِجَ وَفيْها سَنَّ سُنَّةَ النِّكاحِ وَجَعَلَ» — https://oceanoflights.org/bahaullah-pm03-027-ar/,possible — verify,,فَلَمَّا أَرَادَ نَظْمَ العالَمِ وَإِظْهارَ الجُوْدِ وَالكَرَمِ عَلَى الأُمَمِ شَرَعَ الشَّرايِعَ وَأَظْهَرَ المَناهِجَ وَفيْها سَنَّ سُنَّةَ النِّكاحِ وَجَعَلَ,https://oceanoflights.org/bahaullah-pm03-027-ar/,https://portlandiator.github.io/PI_browser/?id=BH03181,https://oceanlibrary.com/bahai-prayers?paraId=para_375
217,"Blessed is the house that hath attained unto My tender mercy, wherein My remembrance is celebrated, and which is ennobled by the presence of My loved ones, who have proclaimed My praise, cleaved fast",,Bahá’í Meetings,sheet empty,"O Leaf of Paradise! The Wronged One makes mention of thee in the Most Exalted Paradise, th… (BH05244) — «طوبی لک بما توجّه الیک وجه القدم من شطر سجنه الأعظم و یذکرک بما طارت به افئدة اهل البقآء و اهل ملکوت الأسمآء ثمّ الّذین یطوفون هذا المقام المنیر»",linked translation,,طوبی لک بما توجّه الیک وجه القدم من شطر سجنه الأعظم و یذکرک بما طارت به افئدة اهل البقآء و اهل ملکوت الأسمآء ثمّ الّذین یطوفون هذا المقام المنیر,,https://portlandiator.github.io/PI_browser/?id=BH05244,https://oceanlibrary.com/bahai-meetings_bahaullah?paraId=para_16
218,"It is the bounden duty of parents to rear their children to be staunch in faith, the reason being that a child who removeth himself from the religion of God will not act in such a way as to win the go",Divine Virtues and Spiritual Qualities: A Compilation from Sacred Texts,Paris Talks,DIFFERS,Possibly: On the Education of Children by Mothers (Makátíb 7:17) (AB01105) — «زیرا در خصوص تربیت اطفال امهات باید نهایت اهمیت بدهند و همت بگمارند زیرا شاخه تا تر و تازه است هر نوع تربیت نمائی تربیت شود پس امهات باید طفلان خوردسال را مانند» — https://oceanoflights.org/abdul-baha-makatib7-017/,possible — verify,REVIEW: tablet is by the other author,زیرا در خصوص تربیت اطفال امهات باید نهایت اهمیت بدهند و همت بگمارند زیرا شاخه تا تر و تازه است هر نوع تربیت نمائی تربیت شود پس امهات باید طفلان خوردسال را مانند,https://oceanoflights.org/abdul-baha-makatib7-017/,https://portlandiator.github.io/PI_browser/?id=AB01105,https://oceanlibrary.com/paris-talks_abdul-baha
219,"As to the children: We have directed that in the beginning they should be trained in the observances and laws of religion; and thereafter, in such branches of knowledge as are of benefit, and in comme",,Paris Talks,sheet empty,"Possibly: O thou servant of God! Thou didst ask as to the education of children. Those children who,… (AB00236) — «امّهات از بدایت بتربیهٴ الهیّه تربیت نمایند یعنی همواره ذکر حقّ کنند و از بزرگواری حقّ سخن رانند و القای خشیة اللّه نمایند و در نهایت لطافت و نظافت و مهربانی طف»",possible — verify,,امّهات از بدایت بتربیهٴ الهیّه تربیت نمایند یعنی همواره ذکر حقّ کنند و از بزرگواری حقّ سخن رانند و القای خشیة اللّه نمایند و در نهایت لطافت و نظافت و مهربانی طف,,https://portlandiator.github.io/PI_browser/?id=AB00236,https://oceanlibrary.com/paris-talks_abdul-baha
220,"Say, O My people! Show honour to your parents and pay homage to them.",Bahá’í Principle of Religious Unity and the Challenge of Radical Pluralism,Lights of Guidance,DIFFERS,On the Station of Mother and Father (Má’idih 8:210) (BH01978) — «یا قوم عززوا ابویکم و وقروهما بذلک ینزل الخیر علیکم من سحاب رحمة ربکم العلی العظیم انا لما اطلعنا بحزنها لذا امرناک بالرجوع رحمة من لدنا علیک و علیها و ذکری للآ» — https://oceanoflights.org/bahaullah-pub22-210/,linked translation,,یا قوم عززوا ابویکم و وقروهما بذلک ینزل الخیر علیکم من سحاب رحمة ربکم العلی العظیم انا لما اطلعنا بحزنها لذا امرناک بالرجوع رحمة من لدنا علیک و علیها و ذکری للآ,https://oceanoflights.org/bahaullah-pub22-210/,https://portlandiator.github.io/PI_browser/?id=BH01978,https://oceanlibrary.com/lights-of-guidance?paraId=para_2880
221,"The fruits that best befit the tree of human life are trustworthiness and godliness, truthfulness and sincerity; but greater than all, after recognition of the unity of God, praised and glorified be H","Dialogue Among Civilizations: Ancient and Future, Transitions and Potentials",The Kitáb-i-Aqdas,DIFFERS,On the Duty of Kindness to Parents (La’álí’u’l-Ḥikmah 2:14) (BH02956) — «هو اللّه تعالی شأنه العَظمة و الاقتدار» — https://oceanoflights.org/bahaullah-pub14-014-fa/,linked translation,,هو اللّه تعالی شأنه العَظمة و الاقتدار,https://oceanoflights.org/bahaullah-pub14-014-fa/,https://portlandiator.github.io/PI_browser/?id=BH02956,https://oceanlibrary.com/kitab-i-aqdas_bahaullah?paraId=para_410
222,"O My Servants! Ye are the trees of My garden; ye must give forth goodly and wondrous fruits, that ye yourselves and others may profit therefrom.",The Hidden Words of Bahá’u’lláh,The Hidden Words of Bahá’u’lláh,agree,The Hidden Words (BH09162) — «اى بندگان من شما اشجار رضوان منيد بايد باثمار بديعه منيعه ظاهر» — https://oceanoflights.org/bahaullah-inba-030-fa/,linked translation,,اى بندگان من شما اشجار رضوان منيد بايد باثمار بديعه منيعه ظاهر,https://oceanoflights.org/bahaullah-inba-030-fa/,https://portlandiator.github.io/PI_browser/?id=BH09162,https://oceanlibrary.com/hidden-words-of-bahaullah?paraId=para_464
223,"O people of Bahá! It is incumbent upon each one of you to engage in some occupation—such as a craft, a trade or the like.",The Kitáb-i-Aqdas,The Kitáb-i-Aqdas,agree,Bisharat (Glad-Tidings; =Lawh-i-Nida) (BH00568) — «﴿ بشارت دوازدهم ﴾ قُدْ وَجَبَ عَلَی کُلِّ وَاحِدٍ مِنْکُمُ الإِشْتِغَالُ بِأَمْرٍ مِنَ الأُمُورِ مِنَ الصَّنَايِعِ وَ الإِقْتِرَافِ وَ أَمْثَالِهَا وَ جَعَلْنَا» — https://oceanoflights.org/bahaullah-st-132-fa/,linked translation,,﴿ بشارت دوازدهم ﴾ قُدْ وَجَبَ عَلَی کُلِّ وَاحِدٍ مِنْکُمُ الإِشْتِغَالُ بِأَمْرٍ مِنَ الأُمُورِ مِنَ الصَّنَايِعِ وَ الإِقْتِرَافِ وَ أَمْثَالِهَا وَ جَعَلْنَا,https://oceanoflights.org/bahaullah-st-132-fa/,https://portlandiator.github.io/PI_browser/?id=BH00568,https://oceanlibrary.com/kitab-i-aqdas_bahaullah
224,"The one true God, exalted be He, loveth to witness handiworks of high craftsmanship produced by His loved ones.",,Additional Tablets and Extracts from Tablets Revealed by Bahá’u’lláh,sheet empty,Blessed are those who have fixed their gaze on the realm of glory and have followed the co… (BH10133) — «طوبی از برای نفسیکه در ایّام الهی بصنعت یدی مشغولست هذه موهبة من اللّه چه که در این ظهور اعظم اشتغال بامریکه انسان را از انتظار منع نماید لدی اللّه مقبولست صنع »,linked translation,,طوبی از برای نفسیکه در ایّام الهی بصنعت یدی مشغولست هذه موهبة من اللّه چه که در این ظهور اعظم اشتغال بامریکه انسان را از انتظار منع نماید لدی اللّه مقبولست صنع ,,https://portlandiator.github.io/PI_browser/?id=BH10133,https://oceanlibrary.com/additional-tablets-and-extracts-from-tablets-revealed-by-bahaullah?paraId=para_219
225,"How great, how very great, the gulf that separateth Us from them who, in this Day, are occupied with their evil passions, and have set their hopes on the things of the earth and its fleeting glory!",Gleanings from the Writings of Bahá’u’lláh,Gleanings from the Writings of Bahá’u’lláh,agree,The Herald of Oneness Calleth from the Realm of the Godhead (Muntakhabát-i-Áthár:100) — «که الیوم بمشتهیات نفسیّه و زخارف دنیای فانیه ناظرند بغایت بعید مشاهده میشوند در اکثر احیان در ساحت رحمن بحسب ظاهر زخارفی نبوده و طائفین حول در عسر عظیم بوده‌اند» — https://oceanoflights.org/bahaullah-pub02-100-fa/,linked translation,,که الیوم بمشتهیات نفسیّه و زخارف دنیای فانیه ناظرند بغایت بعید مشاهده میشوند در اکثر احیان در ساحت رحمن بحسب ظاهر زخارفی نبوده و طائفین حول در عسر عظیم بوده‌اند,https://oceanoflights.org/bahaullah-pub02-100-fa/,,https://oceanlibrary.com/gleanings-from-the-writings-of-bahaullah?paraId=para_608
226,"In this day it is incumbent upon everyone to serve the Cause of God, while He Who is the Eternal Truth—exalted be His glory—hath made the fulfilment of every undertaking on earth dependent on material",,Social Action,sheet empty,"Possibly: The servant beareth witness unto that which God Himself hath witnessed, and acknowledgeth … (BH00051) — «امروز بر هر نفسی خدمت امر اللّه لازم امورات ارض را حقّ جلّ جلاله باسباب معلّق فرموده حقوق الهی را هر نفسی باید»",possible — verify,,امروز بر هر نفسی خدمت امر اللّه لازم امورات ارض را حقّ جلّ جلاله باسباب معلّق فرموده حقوق الهی را هر نفسی باید,,https://portlandiator.github.io/PI_browser/?id=BH00051,https://oceanlibrary.com/social-action_bahaullah?paraId=para_603
227,"Cleanse from your hearts the love of worldly things, from your tongues every remembrance except His remembrance, from your entire being whatsoever may deter you from beholding His face, or may tempt y",Gleanings from the Writings of Bahá’u’lláh,Gleanings from the Writings of Bahá’u’lláh,agree,Súriy-i-Bayán (Surah of Utterance) (Muntakhabát-i-Áthár:128) — «قدّسوا قلوبكم عن حبّ الدّنيا ثمّ ألسنكم عن ذكر ما سويٰه ثمّ أركانكم عن كلّ ما يمنعكم عن اللّقا و‌يقرّبكم إلی ما يأمركم به الهوى اتّقوا اللّه يا قوم و‌كونوا من ا» — https://oceanoflights.org/bahaullah-pub02-128-ar/,linked translation,,قدّسوا قلوبكم عن حبّ الدّنيا ثمّ ألسنكم عن ذكر ما سويٰه ثمّ أركانكم عن كلّ ما يمنعكم عن اللّقا و‌يقرّبكم إلی ما يأمركم به الهوى اتّقوا اللّه يا قوم و‌كونوا من ا,https://oceanoflights.org/bahaullah-pub02-128-ar/,,https://oceanlibrary.com/gleanings-from-the-writings-of-bahaullah
228,"Say: Rejoice not in the things ye possess; tonight they are yours, tomorrow others will possess them.",The Kitáb-i-Aqdas,Gleanings from the Writings of Bahá’u’lláh,DIFFERS,Kitab-i-Aqdas (The Most Holy Book) (BH00001) — «قل لا تفرحوا بما ملكتموه في العشيّ وفي الاشراق يملكه غيركم كذلك يخبركم العليم الخبير قل هل رأيتم لما عندكم من قرار او وفآء لا ونفسي الرّحمن لو انتم من المنصفين» — https://oceanoflights.org/bahaullah-st-015-ar/,linked translation,,قل لا تفرحوا بما ملكتموه في العشيّ وفي الاشراق يملكه غيركم كذلك يخبركم العليم الخبير قل هل رأيتم لما عندكم من قرار او وفآء لا ونفسي الرّحمن لو انتم من المنصفين,https://oceanoflights.org/bahaullah-st-015-ar/,https://portlandiator.github.io/PI_browser/?id=BH00001,https://oceanlibrary.com/gleanings-from-the-writings-of-bahaullah
229,O people of the earth!,Fountain of Wisdom : Tablets of Bahá’u’lláh,Tablets of Bahá’u’lláh Revealed After the Kitáb-i-Aqdas,DIFFERS,Bisharat (Glad-Tidings; =Lawh-i-Nida) (BH00568) — «﴿ بشارت اوّل ﴾ که از أُمِّ الکِتَابِ در اين ظهور اعظم بجميع اهل عالم عنايت شد محو حکم جهاد است از کتاب تَعَالَی الکَرِيمُ ذُوْ الفَضْلِ العَظِيمِ الَّذِی بِهِ ف» — https://oceanoflights.org/bahaullah-st-132-fa/,linked translation,,﴿ بشارت اوّل ﴾ که از أُمِّ الکِتَابِ در اين ظهور اعظم بجميع اهل عالم عنايت شد محو حکم جهاد است از کتاب تَعَالَی الکَرِيمُ ذُوْ الفَضْلِ العَظِيمِ الَّذِی بِهِ ف,https://oceanoflights.org/bahaullah-st-132-fa/,https://portlandiator.github.io/PI_browser/?id=BH00568,https://siftersearch.com/library/bahai/core-publications/tablets-of-bahaullah-revealed-after-the-kitab-i-aqdas#p30
230,"In the abundance of Our grace and loving-kindness We have revealed specially for the rulers and ministers of the world that which is conducive to safety and protection, tranquillity and peace; haply t",Fountain of Wisdom : Tablets of Bahá’u’lláh,Tablets of Bahá’u’lláh Revealed After the Kitáb-i-Aqdas,DIFFERS,Tablet of Splendours — «محض فضل و رحمت مخصوص امرا و وزرای ارض مرقوم داشتیم آنچه را که سبب حفظ و حراست و امن و امان است که شاید عباد از شر ظالمین محفوظ مانند انه هو الحافظ الناصر المعین» — https://oceanoflights.org/bahaullah-pub11-003-fa/,linked translation,,محض فضل و رحمت مخصوص امرا و وزرای ارض مرقوم داشتیم آنچه را که سبب حفظ و حراست و امن و امان است که شاید عباد از شر ظالمین محفوظ مانند انه هو الحافظ الناصر المعین,https://oceanoflights.org/bahaullah-pub11-003-fa/,,https://siftersearch.com/library/bahai/core-publications/tablets-of-bahaullah-revealed-after-the-kitab-i-aqdas#p285
231,O ye the embodiments of justice and equity and the manifestations of uprightness and of heavenly bounties!,Fountain of Wisdom : Tablets of Bahá’u’lláh,Tablets of Bahá’u’lláh Revealed After the Kitáb-i-Aqdas,DIFFERS,Words of Paradise (Kalimát-i-Firdawsíyyih) (Alváḥ ba‘d az Aqdas:6) — «يَا مَشَارِقَ العَدْلِ وَالإِنْصَافِ وَمَطَالِعَ الصِّدْقِ وَالأَلْطَافِ إِنَّ المَظْلُومَ يَبْکِی وَيَقُولُ يَنُوحُ وَيُنَادِی إِلَهِی إِلَهِی زَيِّنْ رُؤُسَ أ» — https://oceanoflights.org/bahaullah-pub03-06-fa/,linked translation,,يَا مَشَارِقَ العَدْلِ وَالإِنْصَافِ وَمَطَالِعَ الصِّدْقِ وَالأَلْطَافِ إِنَّ المَظْلُومَ يَبْکِی وَيَقُولُ يَنُوحُ وَيُنَادِی إِلَهِی إِلَهِی زَيِّنْ رُؤُسَ أ,https://oceanoflights.org/bahaullah-pub03-06-fa/,,https://siftersearch.com/library/bahai/core-publications/tablets-of-bahaullah-revealed-after-the-kitab-i-aqdas#p118
232,The purpose of religion as revealed from the heaven of God’s holy Will is to establish unity and concord amongst the peoples of the world; make it not the cause of dissension and strife.,Fountain of Wisdom : Tablets of Bahá’u’lláh,Tablets of Bahá’u’lláh Revealed After the Kitáb-i-Aqdas,DIFFERS,Ishraqat (Splendours) (BH00053) — «اشراق نهم دين اللّه و مذهب اللّه محض اتّحاد و اتفاق اهل عالم از سمآء مشيّت مالک قدم نازل گشته و ظاهر شده آنرا علّت اختلاف و نفاق مکنيد سبب اعظم و علّت کبری از ب» — https://oceanoflights.org/bahaullah-st-011-fa/,linked translation,,اشراق نهم دين اللّه و مذهب اللّه محض اتّحاد و اتفاق اهل عالم از سمآء مشيّت مالک قدم نازل گشته و ظاهر شده آنرا علّت اختلاف و نفاق مکنيد سبب اعظم و علّت کبری از ب,https://oceanoflights.org/bahaullah-st-011-fa/,https://portlandiator.github.io/PI_browser/?id=BH00053,https://siftersearch.com/library/bahai/core-publications/tablets-of-bahaullah-revealed-after-the-kitab-i-aqdas#p296
233,All men have been created to carry forward an ever-advancing civilization.,Gleanings from the Writings of Bahá’u’lláh,Gleanings from the Writings of Bahá’u’lláh,agree,The Station of Man Is Mercy and Loving-Kindness (Muntakhabát-i-Áthár:109) — «و یدع الکلّ الی الفرد الخبیر جمیع از برای اصلاح عالم خلق شده‌اند لعمر الله شئونات درنده‌های ارض لایق انسان نبوده و نیست شأن انسان رحمت و محبّت و شفقّت و بردباری» — https://oceanoflights.org/bahaullah-pub02-109-fa/,linked translation,,و یدع الکلّ الی الفرد الخبیر جمیع از برای اصلاح عالم خلق شده‌اند لعمر الله شئونات درنده‌های ارض لایق انسان نبوده و نیست شأن انسان رحمت و محبّت و شفقّت و بردباری,https://oceanoflights.org/bahaullah-pub02-109-fa/,,https://oceanlibrary.com/gleanings-from-the-writings-of-bahaullah
234,The Pen of the Ancient King hath never ceased to remember the loved ones of God.,Gleanings from the Writings of Bahá’u’lláh,Gleanings from the Writings of Bahá’u’lláh,agree,The Pen of the Ancient of Days Ceaselessly Occupied With the Mention of His Loved Ones (Muntakhabát-i-Áthár:131) — «لا زال قلم مالک قدم بذکر دوستان مشغول و متحرّک گاهی فرات رحمت از او جاری و هنگامی کتاب مبین از او نازل اوست یکتا و خطیب اوّل دنیا لازال بر منبر تمکین متمکّن و ب» — https://oceanoflights.org/bahaullah-pub02-131-fa/,linked translation,,لا زال قلم مالک قدم بذکر دوستان مشغول و متحرّک گاهی فرات رحمت از او جاری و هنگامی کتاب مبین از او نازل اوست یکتا و خطیب اوّل دنیا لازال بر منبر تمکین متمکّن و ب,https://oceanoflights.org/bahaullah-pub02-131-fa/,,https://oceanlibrary.com/gleanings-from-the-writings-of-bahaullah
235,How vast is the tabernacle of the Cause of God!,Fountain of Wisdom : Tablets of Bahá’u’lláh,Gleanings from the Writings of Bahá’u’lláh,DIFFERS,Tablet of the World — «یا أفنانی علیک بهائی و عنایتی خیمهٴ أمر إلهی عظیم است جمیع احزاب عالم را فراگرفته و خواهد گرفت روز روز شماست و هزار لوح گواه شما بر نصرت امر قیام نمائید و بجنود» — https://oceanoflights.org/bahaullah-pub02-43-fa/,linked translation,,یا أفنانی علیک بهائی و عنایتی خیمهٴ أمر إلهی عظیم است جمیع احزاب عالم را فراگرفته و خواهد گرفت روز روز شماست و هزار لوح گواه شما بر نصرت امر قیام نمائید و بجنود,https://oceanoflights.org/bahaullah-pub02-43-fa/,,https://oceanlibrary.com/gleanings-from-the-writings-of-bahaullah
236,"Behold the disturbances which, for many a long year, have afflicted the earth, and the perturbation that hath seized its peoples.",Tablets of Bahá’u’lláh Revealed After the Kitáb-i-Aqdas,Tablets of Bahá’u’lláh Revealed After the Kitáb-i-Aqdas,agree,Lawh-i-Maqsud (BH00140) — «مشاهده فرمائید سالهاست نه ارض ساکن است و نه اهل آن گاهی بحرب مشغول و هنگامی ببلاهای ناگهانی معذب بأساء و ضراء ارض را احاطه نموده مع ذلک احدی آگاه نه که سبب آن چ» — https://oceanoflights.org/bahaullah-pub17-003-fa/,linked translation,,مشاهده فرمائید سالهاست نه ارض ساکن است و نه اهل آن گاهی بحرب مشغول و هنگامی ببلاهای ناگهانی معذب بأساء و ضراء ارض را احاطه نموده مع ذلک احدی آگاه نه که سبب آن چ,https://oceanoflights.org/bahaullah-pub17-003-fa/,https://portlandiator.github.io/PI_browser/?id=BH00140,https://siftersearch.com/library/bahai/core-publications/tablets-of-bahaullah-revealed-after-the-kitab-i-aqdas#p394
237,"We pray God—exalted be His glory—and cherish the hope that He may graciously assist the manifestations of affluence and power and the daysprings of sovereignty and glory, the kings of the earth—may Go",Epistle to the Son of the Wolf,Epistle to the Son of the Wolf,agree,Lawh-i-Ibn-i-Dhi'b (Epistle to the Son of the Wolf) (BH00005) — «که مشارق ثروت و اقتدار و مطالع عزّت و اختيار يعنی ملوک ارض ايّدهم اللّه را بر صلح اکبر تاييد فرمايد اين است سبب اعظم از برای راحت امم * سلاطين افاق وفّقهم اللّه» — https://oceanoflights.org/bahaullah-st-047-fa/,linked translation,,که مشارق ثروت و اقتدار و مطالع عزّت و اختيار يعنی ملوک ارض ايّدهم اللّه را بر صلح اکبر تاييد فرمايد اين است سبب اعظم از برای راحت امم * سلاطين افاق وفّقهم اللّه,https://oceanoflights.org/bahaullah-st-047-fa/,https://portlandiator.github.io/PI_browser/?id=BH00005,https://oceanlibrary.com/epistle-to-the-son-of-the-wolf_bahaullah?paraId=para_63
238,"Lay not aside the fear of God, O kings of the earth, and beware that ye transgress not the bounds which the Almighty hath fixed.",Summons of the Lord of Hosts,Summons of the Lord of Hosts,agree,Súriy-i-Mulúk — «اتّقوا الله يا أيّها الملوك ولا تتجاوزوا عن حدود الله ثمّ اتّبعوا بما أمرتم به في الكتاب ولا تكوننّ من المتجاوزين، إيّاكم أن لا تظلموا على أحد قدر خردل واسلكوا » — https://oceanoflights.org/bahaullah-pub02-118-ar/,linked translation,,اتّقوا الله يا أيّها الملوك ولا تتجاوزوا عن حدود الله ثمّ اتّبعوا بما أمرتم به في الكتاب ولا تكوننّ من المتجاوزين، إيّاكم أن لا تظلموا على أحد قدر خردل واسلكوا ,https://oceanoflights.org/bahaullah-pub02-118-ar/,,https://oceanlibrary.com/summons-of-the-lord-of-hosts_bahaullah
239,"O Queen in London! Incline thine ear unto the voice of thy Lord, the Lord of all mankind, calling from the Divine Lote-Tree: Verily, no God is there but Me, the Almighty, the All-Wise!",Summons of the Lord of Hosts,Summons of the Lord of Hosts,agree,Lawh-i-Malikah Victoria (Tablet to Queen Victoria) (BH00662) — «يَا أَيَّتُهَا الملِكَةُ فِي اللُّونْدْرَةِ أَنِ اسْتَمِعِي نِدَاءَ رَبِّكِ مَالِكِ البَرِيَّةِ مِنَ السِّدْرَةِ الإِلهِيَّةِ إِنَّهُ لا إِلهَ إِلاَّ أَنا العَز» — https://oceanoflights.org/bahaullah-pub09-04-ar/,linked translation,,يَا أَيَّتُهَا الملِكَةُ فِي اللُّونْدْرَةِ أَنِ اسْتَمِعِي نِدَاءَ رَبِّكِ مَالِكِ البَرِيَّةِ مِنَ السِّدْرَةِ الإِلهِيَّةِ إِنَّهُ لا إِلهَ إِلاَّ أَنا العَز,https://oceanoflights.org/bahaullah-pub09-04-ar/,https://portlandiator.github.io/PI_browser/?id=BH00662,https://oceanlibrary.com/summons-of-the-lord-of-hosts_bahaullah
240,"Ye are but vassals, O kings of the earth!",The Kitáb-i-Aqdas,The Kitáb-i-Aqdas,agree,The Arabic Bayán — «المتعالی العزيز المحبوب يا معشر الملوك قد نزل الناموس الاكبر فی المنظر الانور» — https://oceanoflights.org/bahaullah-inba-043-fa/,linked translation,,المتعالی العزيز المحبوب يا معشر الملوك قد نزل الناموس الاكبر فی المنظر الانور,https://oceanoflights.org/bahaullah-inba-043-fa/,,https://oceanlibrary.com/kitab-i-aqdas_bahaullah
241,"Beware, O King, that thou gather not around thee such ministers as follow the desires of a corrupt inclination, as have cast behind their backs that which hath been committed into their hands and mani",Summons of the Lord of Hosts,Summons of the Lord of Hosts,agree,Suriy-i-Muluk (Surih to the Kings) (BH00021) — «أَيُّهَا المَلِكُ لا تَجْمَعْ فِي حَوْلِكَ مِنْ هؤُلاءِ الوُكَلاءِ الّذِينَ لا يَتَّبِعُونَ إِلَّا هَواهُمْ وَنَبَذُوا أَمَانَاتِهِمْ وَرَاءَ ظُهُورِهِمْ وَكَان» — https://oceanoflights.org/bahaullah-pub09-11-ar/,linked translation,,أَيُّهَا المَلِكُ لا تَجْمَعْ فِي حَوْلِكَ مِنْ هؤُلاءِ الوُكَلاءِ الّذِينَ لا يَتَّبِعُونَ إِلَّا هَواهُمْ وَنَبَذُوا أَمَانَاتِهِمْ وَرَاءَ ظُهُورِهِمْ وَكَان,https://oceanoflights.org/bahaullah-pub09-11-ar/,https://portlandiator.github.io/PI_browser/?id=BH00021,https://oceanlibrary.com/summons-of-the-lord-of-hosts_bahaullah
242,"Hearken ye, O Rulers of America and the Presidents of the Republics therein, unto that which the Dove is warbling on the Branch of Eternity: “There is none other God but Me, the Ever-Abiding, the Forg",The Kitáb-i-Aqdas,The Kitáb-i-Aqdas,agree,The Arabic Bayán — «المتعالی العزيز المحبوب يا معشر الملوك قد نزل الناموس الاكبر فی المنظر الانور» — https://oceanoflights.org/bahaullah-inba-043-fa/,linked translation,,المتعالی العزيز المحبوب يا معشر الملوك قد نزل الناموس الاكبر فی المنظر الانور,https://oceanoflights.org/bahaullah-inba-043-fa/,,https://oceanlibrary.com/kitab-i-aqdas_bahaullah
243,"Leaders of religion, in every age, have hindered their people from attaining the shores of eternal salvation, inasmuch as they held the reins of authority in their mighty grasp.",Blasphemy against the Holy Spirit: Chapter 31 of Some Answered Questions,The Kitáb-i-Íqán,DIFFERS,Kitab-i-Iqan (The Book of Certitude) (BH00002) — «و در همهٴ اوقات سبب صدّ عباد و منع ایشان از شاطی بحر احدیّه علمای عصر بوده‏اند که زمام آن مردم در کف کفایت ایشان بود. و ایشان هم بعضی نظر به حبّ ریاست و بعضی از» — https://oceanoflights.org/bahaullah-st-017-fa/,linked translation,,و در همهٴ اوقات سبب صدّ عباد و منع ایشان از شاطی بحر احدیّه علمای عصر بوده‏اند که زمام آن مردم در کف کفایت ایشان بود. و ایشان هم بعضی نظر به حبّ ریاست و بعضی از,https://oceanoflights.org/bahaullah-st-017-fa/,https://portlandiator.github.io/PI_browser/?id=BH00002,https://oceanlibrary.com/kitab-i-iqan_bahaullah?paraId=para_25
244,O ye the dawning-places of knowledge!,The Promised Day is Come,Summons of the Lord of Hosts,DIFFERS,Súriy-i-Haykal (Tablet of the Temple) — «ان یا مرایائى ایاکم ان لا تغیروا فى انفسکم لان بتغیرکم یتغیر اکثر العباد و ان هذا ظلم منکم علی انفسکم و علی مظاهر نفسى الرحمن الرحیم مثلکم کمعین الماء … و ان هذ» — https://oceanoflights.org/bahaullah-pub06-090-ar/,linked translation,,ان یا مرایائى ایاکم ان لا تغیروا فى انفسکم لان بتغیرکم یتغیر اکثر العباد و ان هذا ظلم منکم علی انفسکم و علی مظاهر نفسى الرحمن الرحیم مثلکم کمعین الماء … و ان هذ,https://oceanoflights.org/bahaullah-pub06-090-ar/,,https://oceanlibrary.com/summons-of-the-lord-of-hosts_bahaullah
245,O concourse of divines!,,"Proclamacion de Baha'u'llah a los Reyes y Dirigentes del Mundo, La",sheet empty,"Possibly: O Beloved of My heart! Where is the All-Hearing, and where is the All-Seeing? The Verses d… (BH00046) — «طوبی للشّاربین قسم بآفتاب حقیقت هر نفسی الیوم ببصر عدل و انصاف در آثار ملاحظه نماید از کوثر استقامت مرزوق گردد و خود را از ما سوی اللّه فارغ مشاهده کند اذا تنوّ»",possible — verify,,طوبی للشّاربین قسم بآفتاب حقیقت هر نفسی الیوم ببصر عدل و انصاف در آثار ملاحظه نماید از کوثر استقامت مرزوق گردد و خود را از ما سوی اللّه فارغ مشاهده کند اذا تنوّ,,https://portlandiator.github.io/PI_browser/?id=BH00046,https://siftersearch.com/library/bahai/books/proclamacion-de-bahaullah-a-los-reyes-y-dirigentes-del-mundo-la#p25
246,Say: O concourse of monks!,Epistle to the Son of the Wolf,Summons of the Lord of Hosts,DIFFERS,Lawh-i-Napoleon II (BH00259) — «قل یا ملأ الرهبان لا تعتکفوا فی الکنائس و المعابد ان اخرجوا باذنی ثم اشتغلوا بما تنتفع به انفسکم و انفس العباد کذلک یامرکم مالک یوم الدین ان اعتکفوا فی حصن حبی » — https://oceanoflights.org/bahaullah-pub05-001-fa/,linked translation,,قل یا ملأ الرهبان لا تعتکفوا فی الکنائس و المعابد ان اخرجوا باذنی ثم اشتغلوا بما تنتفع به انفسکم و انفس العباد کذلک یامرکم مالک یوم الدین ان اعتکفوا فی حصن حبی ,https://oceanoflights.org/bahaullah-pub05-001-fa/,https://portlandiator.github.io/PI_browser/?id=BH00259,https://oceanlibrary.com/summons-of-the-lord-of-hosts_bahaullah
247,O concourse of monks!,Summons of the Lord of Hosts,Summons of the Lord of Hosts,agree,Lawh-i-Napoleon II (BH00259) — «یا ملأ الرهبان قد تضوعت نفحات الرحمن فی الاکوان طوبی لمن نبذ الهوی و اخذ الهدی انه ممن فاز بلقآء الله فی هذا الیوم الذی فیه اخذت الزلازل سکان الارض و فزع من علی» — https://oceanoflights.org/bahaullah-pub05-001-fa/,linked translation,,یا ملأ الرهبان قد تضوعت نفحات الرحمن فی الاکوان طوبی لمن نبذ الهوی و اخذ الهدی انه ممن فاز بلقآء الله فی هذا الیوم الذی فیه اخذت الزلازل سکان الارض و فزع من علی,https://oceanoflights.org/bahaullah-pub05-001-fa/,https://portlandiator.github.io/PI_browser/?id=BH00259,https://oceanlibrary.com/summons-of-the-lord-of-hosts_bahaullah
248,"Say: Let not your hearts be perturbed, O people, when the glory of My Presence is withdrawn, and the ocean of My utterance is stilled.",The Kitáb-i-Aqdas,Gleanings from the Writings of Bahá’u’lláh,DIFFERS,The Most Holy Book — «قل يا قوم لا يأخذكم الاضطراب إذا غاب ملكوت ظهوري وسكنت أمواج بحر بياني إنّ في ظهوري لحكمة وفي غيبتي حكمة أخرى ما اطّلع بها إلاّ الله الفرد الخبير ونراكم من أفق» — https://oceanoflights.org/bahaullah-pub02-72-ar/,linked translation,,قل يا قوم لا يأخذكم الاضطراب إذا غاب ملكوت ظهوري وسكنت أمواج بحر بياني إنّ في ظهوري لحكمة وفي غيبتي حكمة أخرى ما اطّلع بها إلاّ الله الفرد الخبير ونراكم من أفق,https://oceanoflights.org/bahaullah-pub02-72-ar/,,https://oceanlibrary.com/gleanings-from-the-writings-of-bahaullah
249,"Be not dismayed, O peoples of the world, when the day-star of My beauty is set, and the heaven of My tabernacle is concealed from your eyes.",The Most Holy Book (Kitáb-i-Aqdas),The Kitáb-i-Aqdas,DIFFERS,Kitab-i-Aqdas (The Most Holy Book) (BH00001) — «اذا غربت شمس جمالي وسترت سماء هيكلي لا تضطربوا قوموا على نصرة امري وارتفاع كلمتي بين العالمين انّا معكم في كلّ الاحوال وننصركم بالحقّ انّا كنّا قادرين من عرفن» — https://oceanoflights.org/bahaullah-st-015-ar/,linked translation,,اذا غربت شمس جمالي وسترت سماء هيكلي لا تضطربوا قوموا على نصرة امري وارتفاع كلمتي بين العالمين انّا معكم في كلّ الاحوال وننصركم بالحقّ انّا كنّا قادرين من عرفن,https://oceanoflights.org/bahaullah-st-015-ar/,https://portlandiator.github.io/PI_browser/?id=BH00001,https://oceanlibrary.com/kitab-i-aqdas_bahaullah
250,"Whoso layeth claim to a Revelation direct from God, ere the expiration of a full thousand years, such a man is assuredly a lying impostor.",The Kitáb-i-Aqdas,The Kitáb-i-Aqdas,agree,Kitab-i-Aqdas (The Most Holy Book) (BH00001) — «22 (37) من يدّعي امراً قبل اتمام الف سنة كاملة انّه كذّاب مفترٍ نسئل الله بان يؤيّده على الرّجوع ان تاب انّه هو التّوّاب وان اصرّ على ما قال يبعث عليه من لا يرح» — https://oceanoflights.org/bahaullah-st-015-ar/,linked translation,,22 (37) من يدّعي امراً قبل اتمام الف سنة كاملة انّه كذّاب مفترٍ نسئل الله بان يؤيّده على الرّجوع ان تاب انّه هو التّوّاب وان اصرّ على ما قال يبعث عليه من لا يرح,https://oceanoflights.org/bahaullah-st-015-ar/,https://portlandiator.github.io/PI_browser/?id=BH00001,https://oceanlibrary.com/kitab-i-aqdas_bahaullah
251,"When the ocean of My presence hath ebbed and the Book of My Revelation is ended, turn your faces towards Him Whom God hath purposed, Who hath branched from this Ancient Root….",The Kitáb-i-Aqdas,The Kitáb-i-Aqdas,agree,Kitab-i-Aqdas (The Most Holy Book) (BH00001) — «اذا طارت الورقآء عن ايك الثّنآء وقصدت المقصد الاقصى الاخفى ارجعوا ما لا عرفتموه من الكتاب الى الفرع المنشعب من هذا الاصل القويم … اذا طارت الورقآء عن ايك الثّن» — https://oceanoflights.org/bahaullah-st-015-ar/,linked translation,,اذا طارت الورقآء عن ايك الثّنآء وقصدت المقصد الاقصى الاخفى ارجعوا ما لا عرفتموه من الكتاب الى الفرع المنشعب من هذا الاصل القويم … اذا طارت الورقآء عن ايك الثّن,https://oceanoflights.org/bahaullah-st-015-ar/,https://portlandiator.github.io/PI_browser/?id=BH00001,https://oceanlibrary.com/kitab-i-aqdas_bahaullah
252,"The Cause of God hath come down upon the clouds of utterance, while they that have joined partners with Him are afflicted with a sore torment.",Tablet of the Branch (Lawh-i-Ghusn),Days of Remembrance,DIFFERS,Súrah of the Branch — «اتى امرالله علی ظلل من البیان والمشرکون یومئذ فى عذاب عظیم قد نزلت جنود الوحى برایات الالهام عن سماء اللوح باسم الله المقتدر القدیر اذا یفرحن الموحدون بنصر الله» — https://oceanoflights.org/bahaullah-pub06-098-ar/,linked translation,,اتى امرالله علی ظلل من البیان والمشرکون یومئذ فى عذاب عظیم قد نزلت جنود الوحى برایات الالهام عن سماء اللوح باسم الله المقتدر القدیر اذا یفرحن الموحدون بنصر الله,https://oceanoflights.org/bahaullah-pub06-098-ar/,,https://oceanlibrary.com/days-of-remembrance_bahaullah?paraId=para_459
253,"Although the Realm of Glory hath none of the vanities of the world, yet within the treasury of trust and resignation We have bequeathed to Our heirs an excellent and priceless Heritage.",Fountain of Wisdom : Tablets of Bahá’u’lláh,Tablets of Bahá’u’lláh Revealed After the Kitáb-i-Aqdas,DIFFERS,Kitab-i-'Ahd (Book of the Covenant) (BH00003) — «اگر افق اعلی از زخرف دنيا خالی است و لکن در خزائن توکّل و تفويض از برای ورّاث ميراث مرغوب لا عدل له گذاشتيم * گنج نگذاشتيم و بر رنج نيفزوديم * ايم اللّه در ثروت» — https://oceanoflights.org/bahaullah-st-014-fa/,linked translation,,اگر افق اعلی از زخرف دنيا خالی است و لکن در خزائن توکّل و تفويض از برای ورّاث ميراث مرغوب لا عدل له گذاشتيم * گنج نگذاشتيم و بر رنج نيفزوديم * ايم اللّه در ثروت,https://oceanoflights.org/bahaullah-st-014-fa/,https://portlandiator.github.io/PI_browser/?id=BH00003,https://siftersearch.com/library/bahai/core-publications/tablets-of-bahaullah-revealed-after-the-kitab-i-aqdas#p512
254,"It is incumbent upon the Trustees of the House of Justice to take counsel together regarding those things which have not outwardly been revealed in the Book, and to enforce that which is agreeable to",Fountain of Wisdom : Tablets of Bahá’u’lláh,Tablets of Bahá’u’lláh Revealed After the Kitáb-i-Aqdas,DIFFERS,Kalimat-i-Firdawsiyyih (Words of Paradise) (BH00111) — «الا حفظکم و ارتقآئکم رجال بیت عدل را وصیت مینمائیم و بصیانت و حفظ عباد و اماء و اطفال امر میفرمائیم باید … الا حفظکم و ارتقآئکم رجال بیت عدل را وصیت مینمائیم و » — https://oceanoflights.org/bahaullah-pub11-006-fa/,linked translation,,الا حفظکم و ارتقآئکم رجال بیت عدل را وصیت مینمائیم و بصیانت و حفظ عباد و اماء و اطفال امر میفرمائیم باید … الا حفظکم و ارتقآئکم رجال بیت عدل را وصیت مینمائیم و ,https://oceanoflights.org/bahaullah-pub11-006-fa/,https://portlandiator.github.io/PI_browser/?id=BH00111,https://siftersearch.com/library/bahai/core-publications/tablets-of-bahaullah-revealed-after-the-kitab-i-aqdas#p152
255,"This passage, now written by the Pen of Glory, is accounted as part of the Most Holy Book: The men of God’s House of Justice have been charged with the affairs of the people.",The Authority of the Institutions According to the Will and Testament of ’Abdu’l-Bahá: A Text Analysis,Tablets of Bahá’u’lláh Revealed After the Kitáb-i-Aqdas,DIFFERS,Bisharat (Glad-Tidings; =Lawh-i-Nida) (BH00568) — «﴿ بشارت سيزدهم ﴾ امور ملّت معلّق است برجال بيت عدل الهی ايشانند أُمَناءُ اللّهِ بَيْنَ عِبَادِهِ وَ مَطَالِعُ الأَمْرِ فِی بِلَادِهِ» — https://oceanoflights.org/bahaullah-st-132-fa/,linked translation,,﴿ بشارت سيزدهم ﴾ امور ملّت معلّق است برجال بيت عدل الهی ايشانند أُمَناءُ اللّهِ بَيْنَ عِبَادِهِ وَ مَطَالِعُ الأَمْرِ فِی بِلَادِهِ,https://oceanoflights.org/bahaullah-st-132-fa/,https://portlandiator.github.io/PI_browser/?id=BH00568,https://siftersearch.com/library/bahai/core-publications/tablets-of-bahaullah-revealed-after-the-kitab-i-aqdas#p50
256,"It behoveth the loved ones of God to occupy themselves under all circumstances with that which is conducive to the edification of human souls, the advancement of the world of being, and the exaltation",,Social Action,sheet empty,Possibly: Praise be unto Him Who is the Lord of existence and the Sovereign of the seen and the unse… (BH00767) — «اینکه در بارهٴ مجلس شور و اولیای آن ذکر [نمودید] بعزّ قبول فائز اولیای الهی در جمیع احوال باید بآنچه سبب تهذیب نفوس و ارتقاء وجود و ارتفاع کلمة اللّه است مشغول »,possible — verify,,اینکه در بارهٴ مجلس شور و اولیای آن ذکر [نمودید] بعزّ قبول فائز اولیای الهی در جمیع احوال باید بآنچه سبب تهذیب نفوس و ارتقاء وجود و ارتفاع کلمة اللّه است مشغول ,,https://portlandiator.github.io/PI_browser/?id=BH00767,https://oceanlibrary.com/social-action_bahaullah?paraId=para_40
257,"Glory be to the Lord of the world, and thanks be to the Hands of His Cause, and praise be to the Trustees of His House of Justice, who, in their endeavours to raise aloft His Word and exalt His uttera",,Additional Tablets and Extracts from Tablets Revealed by Bahá’u’lláh,sheet empty,"Possibly: Praise be unto God, Who hath sent down His proof, made manifest His path, and summoned all… (BH02582) — «الحمد لله الّذی انزل دلیله و اظهر سبیله و دعا النّاس الی افقه الأعلی الّذی منه اشرقت شمس البیان و برز ما کان مکنوناً فی کنائز العصمة و الحفظ تعالی تعالی سلطانه »",possible — verify,,الحمد لله الّذی انزل دلیله و اظهر سبیله و دعا النّاس الی افقه الأعلی الّذی منه اشرقت شمس البیان و برز ما کان مکنوناً فی کنائز العصمة و الحفظ تعالی تعالی سلطانه ,,https://portlandiator.github.io/PI_browser/?id=BH02582,https://oceanlibrary.com/additional-tablets-and-extracts-from-tablets-revealed-by-bahaullah?paraId=para_167
258,"Know that the reality of the Divinity and the nature of the divine Essence is ineffable sanctity and absolute holiness; that is, it is exalted above and sanctified beyond every praise.",Some Answered Questions,Some Answered Questions,agree,"Chapter 36, The Five Kinds of Spirit (AB00266) — «جواب بدانکه حقيقت الوهيّت و کنه ذات احديّت تنزيه صرف و تقديس بحت يعنی از هر ستايشی منزّه و مبرّاست جميع اوصاف اعلی درجه وجود در آن مقام اوهامست غيب منيع لا يدرک» — https://oceanoflights.org/abdul-baha-bkw22-3-01-fa/",linked translation,,جواب بدانکه حقيقت الوهيّت و کنه ذات احديّت تنزيه صرف و تقديس بحت يعنی از هر ستايشی منزّه و مبرّاست جميع اوصاف اعلی درجه وجود در آن مقام اوهامست غيب منيع لا يدرک,https://oceanoflights.org/abdul-baha-bkw22-3-01-fa/,https://portlandiator.github.io/PI_browser/?id=AB00266,https://oceanlibrary.com/some-answered-questions_abdul-baha?paraId=para_514
259,"Yet we ascribe certain names and attributes to the reality of the Divinity and praise Him for His sight, His hearing, His power, His life and knowledge.",Some Answered Questions,Some Answered Questions,agree,"Chapter 36, The Five Kinds of Spirit (AB00266) — «امّا ما از برای حقيقت الوهيّت اسماء و صفاتی بيان کنيم و ببصر و سمع و قدرت و حيات و علم ستايش نمائيم اثبات اين اسماء و صفات نه بجهت اثبات کمالات حقّ است بلکه بجه» — https://oceanoflights.org/abdul-baha-bkw22-3-01-fa/",linked translation,,امّا ما از برای حقيقت الوهيّت اسماء و صفاتی بيان کنيم و ببصر و سمع و قدرت و حيات و علم ستايش نمائيم اثبات اين اسماء و صفات نه بجهت اثبات کمالات حقّ است بلکه بجه,https://oceanoflights.org/abdul-baha-bkw22-3-01-fa/,https://portlandiator.github.io/PI_browser/?id=AB00266,https://oceanlibrary.com/some-answered-questions_abdul-baha?paraId=para_518
260,"Knowing God, therefore, means the comprehension and knowledge of His attributes and not of His Reality.",Some Answered Questions: Study Guide,Some Answered Questions,agree,"Chapter 60, The Immortality of the Spirit (1) (AB00268) — «لهذا ادراک عبارت از ادراک و عرفان صفات الهی است نه حقيقت الهيّه . آن عرفان صفات نيز بقدر استطاعت و قوّه بشريّه است کما هو حقّه نيست و حکمت عبارت از ادراک حقايق » — https://oceanoflights.org/abdul-baha-bkw22-4-15-fa/",linked translation,,لهذا ادراک عبارت از ادراک و عرفان صفات الهی است نه حقيقت الهيّه . آن عرفان صفات نيز بقدر استطاعت و قوّه بشريّه است کما هو حقّه نيست و حکمت عبارت از ادراک حقايق ,https://oceanoflights.org/abdul-baha-bkw22-4-15-fa/,https://portlandiator.github.io/PI_browser/?id=AB00268,https://oceanlibrary.com/some-answered-questions_abdul-baha?paraId=para_771
261,"Know thou that the Divine Essence, which is called the Invisible of the Invisibles, never to be described, beyond the reach of mind—is sanctified above any mention, any definition or hint or allusion,",Selections from the Writings of ’Abdu’l-Bahá,Gleanings from the Writings of Bahá’u’lláh,DIFFERS,Book of Certitude — «که غيب هُويّه و ذات احديّه مقدّس از بروز و ظهور و صعود و نزول و دخول و خروج بوده و متعاليست از وصف هر واصفی و ادراک هر مدرکی لم يزل در ذات خود غيب بوده و هست و » — https://oceanoflights.org/bahaullah-pub02-19-fa/,linked translation,REVIEW: tablet is by the other author,که غيب هُويّه و ذات احديّه مقدّس از بروز و ظهور و صعود و نزول و دخول و خروج بوده و متعاليست از وصف هر واصفی و ادراک هر مدرکی لم يزل در ذات خود غيب بوده و هست و ,https://oceanoflights.org/bahaullah-pub02-19-fa/,,https://oceanlibrary.com/gleanings-from-the-writings-of-bahaullah?paraId=para_133
262,"The knowledge of the reality of the Divinity is in no wise possible, but the knowledge of the Manifestations of God is the knowledge of God, for the bounties, splendours, and attributes of God are man",Some Answered Questions,Some Answered Questions,agree,"Chapter 60, The Immortality of the Spirit (1) (AB00268) — «عرفان حقيقت الوهيّت ممتنع و محال امّا عرفان مظاهر الهيّه عرفان حقّست زيرا فيوضات و تجلّيات و صفات الهيّه در آنها ظاهر . پس اگر انسان پی بمعرفت مظاهر الهيّه برد » — https://oceanoflights.org/abdul-baha-bkw22-4-15-fa/",linked translation,,عرفان حقيقت الوهيّت ممتنع و محال امّا عرفان مظاهر الهيّه عرفان حقّست زيرا فيوضات و تجلّيات و صفات الهيّه در آنها ظاهر . پس اگر انسان پی بمعرفت مظاهر الهيّه برد ,https://oceanoflights.org/abdul-baha-bkw22-4-15-fa/,https://portlandiator.github.io/PI_browser/?id=AB00268,https://oceanlibrary.com/some-answered-questions_abdul-baha?paraId=para_773
263,"It is certain that man’s highest distinction is to be lowly before and obedient to his God; that his greatest glory, his most exalted rank and honour, depend on his close observance of the divine comm",The Secret of Divine Civilization,The Secret of Divine Civilization,agree,Madaniyyih (The Secret of Divine Civilization) (AB00004) — «بشريّه است ديانتست .اگر چه بعضی سبک مغزان» — https://oceanoflights.org/abdul-baha-bkw19-fa/,linked translation,,بشريّه است ديانتست .اگر چه بعضی سبک مغزان,https://oceanoflights.org/abdul-baha-bkw19-fa/,https://portlandiator.github.io/PI_browser/?id=AB00004,https://oceanlibrary.com/secret-of-divine-civilization_abdul-baha
264,"The divine religions must be the cause of oneness among men, and the means of unity and love; they must promulgate universal peace, free man from every prejudice, bestow joy and gladness, exercise kin",Divine Virtues and Spiritual Qualities: A Compilation from Sacred Texts,Selections from the Writings of ‘Abdu’l-Bahá,DIFFERS,"O Daughter of the Kingdom, Your Letter Has Arrived (Muntakhabát 1:12) (AB03928) — «و بجمیع اقوام مهربان ادیان الهی باید سبب وحدت بین بشر گردد و اسباب الفت و محبت باشد و مروج صلح عمومی گردد انسانرا بکلی از تعصبها بیزار نماید و روح و ریحان بخشد » — https://oceanoflights.org/abdul-baha-muntakhabati1-12/",linked translation,,و بجمیع اقوام مهربان ادیان الهی باید سبب وحدت بین بشر گردد و اسباب الفت و محبت باشد و مروج صلح عمومی گردد انسانرا بکلی از تعصبها بیزار نماید و روح و ریحان بخشد ,https://oceanoflights.org/abdul-baha-muntakhabati1-12/,https://portlandiator.github.io/PI_browser/?id=AB03928,https://oceanlibrary.com/selections-from-the-writings-of-abdul-baha?paraId=para_119
265,"The religion of God consists of two parts: One is the very foundation and belongs to the spiritual realm; that is, it pertains to spiritual virtues and divine qualities.",Some Answered Questions,Some Answered Questions,agree,Possibly: Address given at Woking Mosque on 1913-Jan-17 (ABU0154) — «اصلاً هر دینی به دو قسم منقسم قسم اصلی است و آن تعلق بعالم اخلاق دارد و تغییر نمیکند اساس ایمان و اعتقاد است بخدا اعمال خیریه است و فضائل عالم انسانی و محبت و ع»,possible — verify,,اصلاً هر دینی به دو قسم منقسم قسم اصلی است و آن تعلق بعالم اخلاق دارد و تغییر نمیکند اساس ایمان و اعتقاد است بخدا اعمال خیریه است و فضائل عالم انسانی و محبت و ع,,https://portlandiator.github.io/PI_browser/?id=ABU0154,https://oceanlibrary.com/some-answered-questions_abdul-baha?paraId=para_171
266,"To the wise ones of the world who are lovers of the truth it is clear and evident that the purpose of the appearance of the holy and divine Manifestations, the revelation of Books, and the establishme",,Divine Philosophy,sheet empty,My honorable and dear friend: Your kind letter was received and its contents became the me… (AB00279) — «عقلاء بشر که مفتون حقیقتند در نزد آنان واضح و مسلّم است که مقصد از ظهور مظاهر مقدّسهٴ الهیّه و انزال کتب و تأسیس دین الهی الفت بشر است و محبّت بین عموم افراد ان»,linked translation,,عقلاء بشر که مفتون حقیقتند در نزد آنان واضح و مسلّم است که مقصد از ظهور مظاهر مقدّسهٴ الهیّه و انزال کتب و تأسیس دین الهی الفت بشر است و محبّت بین عموم افراد ان,,https://portlandiator.github.io/PI_browser/?id=AB00279,https://oceanlibrary.com/divine-philosophy_abdul-baha
267,"The body of the world can be compared to that of a man, and the Prophets and Messengers of God to able physicians.",Some Answered Questions,Gleanings from the Writings of Bahá’u’lláh,DIFFERS,On Mánikchí Ṣáḥib's Questions Concerning the Prophets and Divine Law — «رگ جهان در دست پزشک دانا است درد را می بیند و بدانائی درمان میکند هر روز را رازی است و هر سر را آوازی درد امروز را درمانی و فردا را درمان دیگر» — https://oceanoflights.org/bahaullah-pub21-05-fa/,linked translation,REVIEW: tablet is by the other author,رگ جهان در دست پزشک دانا است درد را می بیند و بدانائی درمان میکند هر روز را رازی است و هر سر را آوازی درد امروز را درمانی و فردا را درمان دیگر,https://oceanoflights.org/bahaullah-pub21-05-fa/,,https://oceanlibrary.com/gleanings-from-the-writings-of-bahaullah
268,"Briefly, the universal Manifestations of God are aware of the truths underlying the mysteries of all created things, and thus They found a religion that is based upon, and consonant with, the prevaili",Some Answered Questions,Some Answered Questions,agree,"Chapter 39, The Human and the Divine Station of the Manifestations (AB00477) — «مختصر اينکه مظاهر کلّيّه الهيّه مطّلع بر حقائق اسرار کائناتند لهذا شرايعی تأسيس نمايند که مطابق و موافق حال عالم انسانست زيرا شريعت روابط ضروريّه است که منبعث ا» — https://oceanoflights.org/abdul-baha-bkw22-3-04-fa/",linked translation,,مختصر اينکه مظاهر کلّيّه الهيّه مطّلع بر حقائق اسرار کائناتند لهذا شرايعی تأسيس نمايند که مطابق و موافق حال عالم انسانست زيرا شريعت روابط ضروريّه است که منبعث ا,https://oceanoflights.org/abdul-baha-bkw22-3-04-fa/,https://portlandiator.github.io/PI_browser/?id=AB00477,https://oceanlibrary.com/some-answered-questions_abdul-baha?paraId=para_558
269,"All humankind are as children in a school, and the Dawning-Points of Light, the Sources of divine revelation, are the teachers, wondrous and without peer.",Selections from the Writings of ’Abdu’l-Bahá,Selections from the Writings of ‘Abdu’l-Bahá,agree,On the Education and Training of Children (Muntakhabát 1:101) (AB00551) — «_ ١٠٢ای یاران حقیقی جمع بشر نوع انسان بمثابه اطفال دبستانند و مطالع نور و مظاهر وحی رب غفور ادیب عجیب جلیل و مربی بی‌نظیر و مثیل در دبستان حقائق این فرزندانرا ب» — https://oceanoflights.org/abdul-baha-muntakhabati1-101/,linked translation,,_ ١٠٢ای یاران حقیقی جمع بشر نوع انسان بمثابه اطفال دبستانند و مطالع نور و مظاهر وحی رب غفور ادیب عجیب جلیل و مربی بی‌نظیر و مثیل در دبستان حقائق این فرزندانرا ب,https://oceanoflights.org/abdul-baha-muntakhabati1-101/,https://portlandiator.github.io/PI_browser/?id=AB00551,https://oceanlibrary.com/selections-from-the-writings-of-abdul-baha?paraId=para_651
270,"Now observe that it is education that brings East and West under man’s dominion, produces all these marvellous crafts, promotes these mighty arts and sciences, and gives rise to these new discoveries",Some Answered Questions,Some Answered Questions,agree,"Chapter 3, The Need for an Educator (AB00081) — «که شرق و غرب را در ظلّ حکم انسان ميآورد ، تربيت است که اين همه صنايع عجيبه را ظاهر ميکند ، تربيت است که اين علوم و فنون عظيمه را ترويج مينمايد ، تربيت است که اي» — https://oceanoflights.org/abdul-baha-bkw22-1-03-fa/",linked translation,,که شرق و غرب را در ظلّ حکم انسان ميآورد ، تربيت است که اين همه صنايع عجيبه را ظاهر ميکند ، تربيت است که اين علوم و فنون عظيمه را ترويج مينمايد ، تربيت است که اي,https://oceanoflights.org/abdul-baha-bkw22-1-03-fa/,https://portlandiator.github.io/PI_browser/?id=AB00081,https://oceanlibrary.com/some-answered-questions_abdul-baha?paraId=para_43
271,It is clear and evident that the innate nature and reality of all things is capable of manifesting two kinds of perfections.,,Siyasiyyih,sheet empty,Possibly: Siyasiyyih (The Art of Divine Polity - Treatise on Politics) (AB00011) — «اين مشهود و واضحست که در طينت و فطرت جميع موجودات قوّت و استعداد ظهور دو نوع کمالات موجود يکی کمالات فطريّه که من دون واسطه صرف ايجاد الهی است و ديگری کمالات اک» — https://oceanoflights.org/abdul-baha-bkw25-fa/,possible — verify,,اين مشهود و واضحست که در طينت و فطرت جميع موجودات قوّت و استعداد ظهور دو نوع کمالات موجود يکی کمالات فطريّه که من دون واسطه صرف ايجاد الهی است و ديگری کمالات اک,https://oceanoflights.org/abdul-baha-bkw25-fa/,https://portlandiator.github.io/PI_browser/?id=AB00011,https://siftersearch.com/library/bahai/core-tablets/abdul-baha_siyasiyyih_fa#p4
272,Prophets are in general of two kinds.,Some Answered Questions,Some Answered Questions,agree,"Chapter 43, The Two Kinds of Prophets (AB00347) — «( مج ) کلّيّه انبيا بر دو قسمند» — https://oceanoflights.org/abdul-baha-bkw22-3-08-fa/",linked translation,,( مج ) کلّيّه انبيا بر دو قسمند,https://oceanoflights.org/abdul-baha-bkw22-3-08-fa/,https://portlandiator.github.io/PI_browser/?id=AB00347,https://oceanlibrary.com/some-answered-questions_abdul-baha?paraId=para_581
273,"Know that, while the Manifestations of God possess infinite virtues and perfections, They occupy only three stations: The first is the material station; the second is the human station, which is that",Some Answered Questions,Some Answered Questions,agree,"Chapter 37, The Connection between God and His Manifestations (AB00105) — «بدانکه مظاهر مقدّسه را هر چند مقامات کمالات غير متناهيه است ولی کلّيّه مراتب ايشان سه رتبه است رتبه اولی جسمانيست رتبه ثانيه انسانی است که نفس ناطقه است و رتبه » — https://oceanoflights.org/abdul-baha-bkw22-3-02-fa/",linked translation,,بدانکه مظاهر مقدّسه را هر چند مقامات کمالات غير متناهيه است ولی کلّيّه مراتب ايشان سه رتبه است رتبه اولی جسمانيست رتبه ثانيه انسانی است که نفس ناطقه است و رتبه ,https://oceanoflights.org/abdul-baha-bkw22-3-02-fa/,https://portlandiator.github.io/PI_browser/?id=AB00105,https://oceanlibrary.com/some-answered-questions_abdul-baha?paraId=para_530
274,"Consider the world of existence, that is, the material creation.",Some Answered Questions,Some Answered Questions,agree,"Chapter 41, Universal Cycles (AB00206) — «جواب در عالم وجود يعنی کائنات جسمانيّه ملاحظه نمائيد دائره شمسيّه مظلم و تاريک و در اين دائره آفتاب مرکز انوار و جميع سيّارات شمسيّه حول او طائف و از فيوضات آن » — https://oceanoflights.org/abdul-baha-bkw22-3-06-fa/",linked translation,,جواب در عالم وجود يعنی کائنات جسمانيّه ملاحظه نمائيد دائره شمسيّه مظلم و تاريک و در اين دائره آفتاب مرکز انوار و جميع سيّارات شمسيّه حول او طائف و از فيوضات آن ,https://oceanoflights.org/abdul-baha-bkw22-3-06-fa/,https://portlandiator.github.io/PI_browser/?id=AB00206,https://oceanlibrary.com/some-answered-questions_abdul-baha?paraId=para_572
275,"Briefly, Bahá’u’lláh says that “He Who is the Dawning-place of God’s Cause” is the manifestation of “He doeth whatsoever He willeth”, that this station is reserved to that sanctified Being, and that o",Some Answered Questions,Tablets of Bahá’u’lláh Revealed After the Kitáb-i-Aqdas,DIFFERS,Ishraqat (Splendours) (BH00053) — «يَا أَيُّهَا النَّاظِرُ إِلَی أُفٌقِ الأَمْرِ اعْلَمْ إِرَادَةَ اللّهِ لَمْ تَکُنْ مَحْدُودَةً بِحُدُودِ العِبَادِ إِنَّهُ لَا يَمْشِی عَلَی طُرُقِهِم لِلْکُلِّ» — https://oceanoflights.org/bahaullah-pub03-08-fa/,linked translation,REVIEW: tablet is by the other author,يَا أَيُّهَا النَّاظِرُ إِلَی أُفٌقِ الأَمْرِ اعْلَمْ إِرَادَةَ اللّهِ لَمْ تَکُنْ مَحْدُودَةً بِحُدُودِ العِبَادِ إِنَّهُ لَا يَمْشِی عَلَی طُرُقِهِم لِلْکُلِّ,https://oceanoflights.org/bahaullah-pub03-08-fa/,https://portlandiator.github.io/PI_browser/?id=BH00053,https://siftersearch.com/library/bahai/core-publications/tablets-of-bahaullah-revealed-after-the-kitab-i-aqdas#p247
276,"Mullá Ḥusayn and some of his disciples departed from Iraq, made for Persia, and were taken up with the search till they entered the city of S̱híráz.",,"Additional Tablets, Extracts and Talks",sheet empty,Shaykh Ahmad and Siyyid Kazim (AB00046) — «جناب باب‌الباب با جمعی از شاگردان خویش از عراق حرکت کردند و بسمت ایران رفتند و در جستجو بودند تا بمدینۀ شیراز وارد شدند. جناب باب‌الباب چون از پیش حضرت اعلی را »,linked translation,,جناب باب‌الباب با جمعی از شاگردان خویش از عراق حرکت کردند و بسمت ایران رفتند و در جستجو بودند تا بمدینۀ شیراز وارد شدند. جناب باب‌الباب چون از پیش حضرت اعلی را ,,https://portlandiator.github.io/PI_browser/?id=AB00046,https://oceanlibrary.com/additional-tablets-extracts-and-talks_abdul-baha?paraId=para_75
277,"As for the Báb—may my soul be His sacrifice!—it was at a young age, that is, in the twenty-fifth year of His blessed life, that He arose to proclaim His Cause….",Some Answered Questions,Some Answered Questions,agree,"Chapter 8, The Bab (AB01889) — «امّا حضرت اعلی روحی له الفدا در سنّ جوانی يعنی بيست و پنج سال از عمر مبارک گذشته بود که قيام بر امر فرمودند . … زيرا ايرانيان بتعصّب دينی مشهور آفاقند اين ذات م» — https://oceanoflights.org/abdul-baha-bkw22-1-08-fa/",linked translation,,امّا حضرت اعلی روحی له الفدا در سنّ جوانی يعنی بيست و پنج سال از عمر مبارک گذشته بود که قيام بر امر فرمودند . … زيرا ايرانيان بتعصّب دينی مشهور آفاقند اين ذات م,https://oceanoflights.org/abdul-baha-bkw22-1-08-fa/,https://portlandiator.github.io/PI_browser/?id=AB01889,https://oceanlibrary.com/some-answered-questions_abdul-baha?paraId=para_105
278,"This is 23 May, the anniversary of the message and Declaration of the Báb.",The Promulgation of Universal Peace,Talk in Cambridge on the declaration of the Báb,DIFFERS,"Address to the Baha'is at Breed home in Cambridge, 1912-May-23 (ABU0346) — «باری امروز روز بعثت حضرت اعلی است روز مبارکی است مبدء اشراق است زیرا ظهور حضرت طلوع صبح صادق بود و ظهور جمال قدم ظهور آفتاب هر صبح نورانی بشارت از شمس حقیقت مید»",linked translation,,باری امروز روز بعثت حضرت اعلی است روز مبارکی است مبدء اشراق است زیرا ظهور حضرت طلوع صبح صادق بود و ظهور جمال قدم ظهور آفتاب هر صبح نورانی بشارت از شمس حقیقت مید,,https://portlandiator.github.io/PI_browser/?id=ABU0346,https://siftersearch.com/library/bahai/core-talks/abdu-l-baha_talk-in-cambridge-on-the-declaration-of-the-bab#p0
279,Our meaning is that all have been promised the advent of two successive Manifestations.,,Some Answered Questions,sheet empty,"Chapter 10, Rational and Traditional Proofs from the Sacred Scriptures (AB00030) — «جميع ملل عالم منتظر دو ظهور هستند که اين دو ظهور بايد با هم باشد و کلّ موعود به آنند . يهود در تورات موعود بربّ الجنود و مسيح هستند و در انجيل موعود برجوع مسيح » — https://oceanoflights.org/abdul-baha-bkw22-1-10-fa/",linked translation,,جميع ملل عالم منتظر دو ظهور هستند که اين دو ظهور بايد با هم باشد و کلّ موعود به آنند . يهود در تورات موعود بربّ الجنود و مسيح هستند و در انجيل موعود برجوع مسيح ,https://oceanoflights.org/abdul-baha-bkw22-1-10-fa/,https://portlandiator.github.io/PI_browser/?id=AB00030,https://oceanlibrary.com/some-answered-questions_abdul-baha?paraId=para_147
280,Bahá’u’lláh appeared at a time when Persia was plunged in the darkest ignorance and consumed by the blindest fanaticism.,Some Answered Questions,Some Answered Questions,agree,"Chapter 9, Baha'u'llah (AB00029) — «امّا جمال مبارک ، در زمانی که ممالک ايران در چنين ظلمت و نادانی مستغرق و در نهايت تعصّب جاهلانه مستهلک و تفصيل اخلاق و اطوار و افکار ايرانيانرا در قرون اخيره در» — https://oceanoflights.org/abdul-baha-bkw22-1-09-fa/",linked translation,REVIEW: tablet is by the other author,امّا جمال مبارک ، در زمانی که ممالک ايران در چنين ظلمت و نادانی مستغرق و در نهايت تعصّب جاهلانه مستهلک و تفصيل اخلاق و اطوار و افکار ايرانيانرا در قرون اخيره در,https://oceanoflights.org/abdul-baha-bkw22-1-09-fa/,https://portlandiator.github.io/PI_browser/?id=AB00029,https://oceanlibrary.com/some-answered-questions_abdul-baha?paraId=para_111
281,O ye respected souls!,Selections from the Writings of ’Abdu’l-Bahá,Selections from the Writings of ‘Abdu’l-Bahá,agree,On the New Divine Teachings Renewing the Age (Muntakhabát 1:204) (AB02117) — «_ ٢٠٥ ای نفوس محترمه جهان از تقالید پوسیدهء قدیمه چون شب تاریک گشته اساس تعالیم الهی بکلی فراموش شده بود تمسک بقشور نموده بودند و مغز و لب را بکلی فراموش نموده » — https://oceanoflights.org/abdul-baha-muntakhabati1-204/,linked translation,,_ ٢٠٥ ای نفوس محترمه جهان از تقالید پوسیدهء قدیمه چون شب تاریک گشته اساس تعالیم الهی بکلی فراموش شده بود تمسک بقشور نموده بودند و مغز و لب را بکلی فراموش نموده ,https://oceanoflights.org/abdul-baha-muntakhabati1-204/,https://portlandiator.github.io/PI_browser/?id=AB02117,https://oceanlibrary.com/selections-from-the-writings-of-abdul-baha?paraId=para_1314
282,"Some fifty to sixty years ago, when the fire of war was raging amongst governments and nations and bloodshed was considered the greatest of human attainments, the blood of thousands of human souls col",,‘Abdu’l-Bahá in London,sheet empty,"Words spoken at Theosophical Society in London, 1911-Oct-03 (ABU0257) — «حضرت بهآءاللّه مانند کوکب آفاق از مشرق ایران طالع شد انوار هدایت کبری درخشید و نورانیّت آسمانی بخشید»",linked translation,,حضرت بهآءاللّه مانند کوکب آفاق از مشرق ایران طالع شد انوار هدایت کبری درخشید و نورانیّت آسمانی بخشید,,https://portlandiator.github.io/PI_browser/?id=ABU0257,https://oceanlibrary.com/abdul-baha-in-london?paraId=para_61
283,O peoples of the world!,Selections from the Writings of ’Abdu’l-Bahá,Selections from the Writings of ‘Abdu’l-Bahá,agree,Lawh-i-Lahih (Tablet to the Hague) (AB00016) — «هُو اللّه ای اهل عالم طلوع شمس حقيقت محض نورانيّت عالم است و ظهور رحمانيّت در انجمن بنی آدم نتيجه و ثمر مشکور و سنوحات مقدّسه هر فيض موفور رحمت صرف است و موهبت » — https://oceanoflights.org/abdul-baha-bkw14-fa/,linked translation,,هُو اللّه ای اهل عالم طلوع شمس حقيقت محض نورانيّت عالم است و ظهور رحمانيّت در انجمن بنی آدم نتيجه و ثمر مشکور و سنوحات مقدّسه هر فيض موفور رحمت صرف است و موهبت ,https://oceanoflights.org/abdul-baha-bkw14-fa/,https://portlandiator.github.io/PI_browser/?id=AB00016,https://oceanlibrary.com/selections-from-the-writings-of-abdul-baha?paraId=para_6
284,Behold the power and greatness of Bahá’u’lláh!,Light of the World,Light of the World,agree,O thou seeker after truth! Behold the power and greatness of Baha’u’llah! Within a short s… (AB04789) — «ای طالب حقیقت قوّت و عظمت بهآءاللّه را ملاحظه نما که در اندک مدّت شرق و غربرا بحرکت آورده و علم محبّت و الفت و یگانگی و صلح و دوستی و آشتی و راستی و درستی در قط»,linked translation,,ای طالب حقیقت قوّت و عظمت بهآءاللّه را ملاحظه نما که در اندک مدّت شرق و غربرا بحرکت آورده و علم محبّت و الفت و یگانگی و صلح و دوستی و آشتی و راستی و درستی در قط,,https://portlandiator.github.io/PI_browser/?id=AB04789,https://oceanlibrary.com/light-of-the-world_abdul-baha?paraId=para_16
285,"The Abhá Beauty Himself—may the spirit of all existence be offered up for His loved ones—bore all manner of ordeals, and willingly accepted for Himself intense afflictions.",Selections from the Writings of ’Abdu’l-Bahá,Selections from the Writings of ‘Abdu’l-Bahá,agree,On Unity and the Sufferings of Bahá'u'lláh (Makátíb 1:93) (AB00112) — «و بمظلومیت کبری شهید شدند و هزاران دماء مطهره نفوس مقدسه رحمانیه در این راه بر خاک ریخته و بسا اجساد مبارکه احبای خلص حضرت ربانیه بدار آویخته نفس مبارک جمال ابه» — https://oceanoflights.org/abdul-baha-mk01-093-fa/,linked translation,REVIEW: tablet is by the other author,و بمظلومیت کبری شهید شدند و هزاران دماء مطهره نفوس مقدسه رحمانیه در این راه بر خاک ریخته و بسا اجساد مبارکه احبای خلص حضرت ربانیه بدار آویخته نفس مبارک جمال ابه,https://oceanoflights.org/abdul-baha-mk01-093-fa/,https://portlandiator.github.io/PI_browser/?id=AB00112,https://oceanlibrary.com/selections-from-the-writings-of-abdul-baha?paraId=para_1348
286,"The Ancient Beauty, the Most Great Name—may my life, my soul, and mine inmost being be offered up for His sacred dust—was burdened with anguish at every breath.",Light of the World,Light of the World,agree,"O ye two handmaidens of Baha! The Ancient Beauty, the Most Great Name—may my life, my soul… (AB00356) — «ای دو امة البهاء جمال قدم و اسم اعظم روحی و کینونتی و ذاتی لتربته الفداء در هر دمی درد و غمی داشت گهی اسیر جفا بود و گهی هدف تیر بلا گاهی سرگردان دشت بدشت بود و»",linked translation,,ای دو امة البهاء جمال قدم و اسم اعظم روحی و کینونتی و ذاتی لتربته الفداء در هر دمی درد و غمی داشت گهی اسیر جفا بود و گهی هدف تیر بلا گاهی سرگردان دشت بدشت بود و,,https://portlandiator.github.io/PI_browser/?id=AB00356,https://oceanlibrary.com/light-of-the-world_abdul-baha?paraId=para_238
287,O ye loved ones of God!,Selections from the Writings of ’Abdu’l-Bahá,Selections from the Writings of ‘Abdu’l-Bahá,agree,Praise Be To God Who Removed The Darkness (Muntakhabát 1:205) (AB00065) — «ای احبای الهی الحمد لله امر الهی در دوره بهائی روحانیت محضه است تعلق بعالم جسمانی ندارد نه جنگ و جدال است و نه ننگ و وبال نه نزاع با امم است و نه پرخاش باقبائل » — https://oceanoflights.org/abdul-baha-muntakhabati1-205/,linked translation,,ای احبای الهی الحمد لله امر الهی در دوره بهائی روحانیت محضه است تعلق بعالم جسمانی ندارد نه جنگ و جدال است و نه ننگ و وبال نه نزاع با امم است و نه پرخاش باقبائل ,https://oceanoflights.org/abdul-baha-muntakhabati1-205/,https://portlandiator.github.io/PI_browser/?id=AB00065,https://oceanlibrary.com/selections-from-the-writings-of-abdul-baha?paraId=para_1330
288,O thou seeker after Truth!,Light of the World,Light of the World,agree,On the Proofs of the Manifestation of the Kingdom of God (Makátíb 3:86) (AB00304) — «( 86 ) هو الله ای جویای حقیقت نامه رسید و مقصد معلوم گردید سؤال نموده بودید که اگر این جلوه ربانی همان ملکوت آسمانیست که حضرت مسیح میفرمود که نزدیک است بچه برها» — https://oceanoflights.org/abdul-baha-makatib3-086/,linked translation,,( 86 ) هو الله ای جویای حقیقت نامه رسید و مقصد معلوم گردید سؤال نموده بودید که اگر این جلوه ربانی همان ملکوت آسمانیست که حضرت مسیح میفرمود که نزدیک است بچه برها,https://oceanoflights.org/abdul-baha-makatib3-086/,https://portlandiator.github.io/PI_browser/?id=AB00304,https://oceanlibrary.com/light-of-the-world_abdul-baha?paraId=para_511
289,"Among His signs is His withstanding powerful nations and all-conquering states, and a host of enemies thirsting for His blood, intent at every moment upon His ruin, wheresoever He might be.",Selections from the Writings of ’Abdu’l-Bahá,Selections from the Writings of ‘Abdu’l-Bahá,agree,Lawh-i-Ayat (Tablet of the Signs) (AB00444) — «ومن آياته مقاومة الملل الفاخمة والدّول القاهرة وفريق من الأعداء السّافكة للدّماء السّاعية في هدم البنيان في كلّ زمان ومكان إنّ ذلك لتبصرة للّذين في آيات ٱللّه ي» — https://oceanoflights.org/abdul-baha-bkw08-ar/,linked translation,,ومن آياته مقاومة الملل الفاخمة والدّول القاهرة وفريق من الأعداء السّافكة للدّماء السّاعية في هدم البنيان في كلّ زمان ومكان إنّ ذلك لتبصرة للّذين في آيات ٱللّه ي,https://oceanoflights.org/abdul-baha-bkw08-ar/,https://portlandiator.github.io/PI_browser/?id=AB00444,https://oceanlibrary.com/selections-from-the-writings-of-abdul-baha?paraId=para_55
290,All created things have their degree or stage of maturity.,The Archeology of the Kingdom of God,The Promulgation of Universal Peace,DIFFERS,Possibly: Words spoken on 1912-Jul-12 in Brooklyn (ABU0264) — «چون ببلوغ رسد باید احوال و اطواری داشته باشد که سزاوار سنّ بلوغ است همین‌طور این عالم امکان چون ترقّی کرده باین درجه رسیده که قرن انوار است قرن ظهور اسرار است ق»,possible — verify,,چون ببلوغ رسد باید احوال و اطواری داشته باشد که سزاوار سنّ بلوغ است همین‌طور این عالم امکان چون ترقّی کرده باین درجه رسیده که قرن انوار است قرن ظهور اسرار است ق,,https://portlandiator.github.io/PI_browser/?id=ABU0264,https://oceanlibrary.com/promulgation-of-universal-peace_abdul-baha?paraId=para_1997
291,There is not one soul whose conscience does not testify that in this day there is no more important matter in the world than that of universal peace.,Selections from the Writings of ’Abdu’l-Bahá,Tablet to the Hague,DIFFERS,Lawh-i-Lahih (Tablet to the Hague) (AB00016) — «که اليوم در عالم انسانی امری اعظم از صلح عمومی نيست هر منصفی بر اين شهادت ميدهد و آن انجمن محترم را ميپرستد زيرا نيّتشان چنان که اين ظلمات مبدّل بنور گردد و اين» — https://oceanoflights.org/abdul-baha-bkw14-fa/,linked translation,,که اليوم در عالم انسانی امری اعظم از صلح عمومی نيست هر منصفی بر اين شهادت ميدهد و آن انجمن محترم را ميپرستد زيرا نيّتشان چنان که اين ظلمات مبدّل بنور گردد و اين,https://oceanoflights.org/abdul-baha-bkw14-fa/,https://portlandiator.github.io/PI_browser/?id=AB00016,https://oceanlibrary.com/tablet-to-the-hague_abdul-baha
292,O ye illumined loved ones and ye handmaids of the Merciful!,Selections from the Writings of ’Abdu’l-Bahá,Selections from the Writings of ‘Abdu’l-Bahá,agree,On the Dawn of the Sun of Truth and the Duty to Proclaim the Word of God (Muntakhabát 1:15) (AB00915) — «_ ١٦ای یاران نورانی و اماء رحمن چون ظلمات نادانی و غفلت از عالم یزدانی و احتجاب از حق جهانرا احاطه نمود صبح نورانی طلوع کرد و شعاع ساطع افق شرق را روشن نمود پس » — https://oceanoflights.org/abdul-baha-muntakhabati1-15/,linked translation,,_ ١٦ای یاران نورانی و اماء رحمن چون ظلمات نادانی و غفلت از عالم یزدانی و احتجاب از حق جهانرا احاطه نمود صبح نورانی طلوع کرد و شعاع ساطع افق شرق را روشن نمود پس ,https://oceanoflights.org/abdul-baha-muntakhabati1-15/,https://portlandiator.github.io/PI_browser/?id=AB00915,https://oceanlibrary.com/selections-from-the-writings-of-abdul-baha?paraId=para_137
293,O thou beloved maidservant of God!,Selections from the Writings of ’Abdu’l-Bahá,Selections from the Writings of ‘Abdu’l-Bahá,agree,"O Handmaid of God, Thy Letter Was Received (Muntakhabát 1:70) (AB02574) — «_ ٧١ای کنیز عزیز الهی نامه‌ات رسید و از مضمون معلوم گردید که احبا در کمال قوت و نشاط بترویج تعالیم آسمانی مشغول و این خبر بسیار سبب وجد و سرور است زیرا هر عصری » — https://oceanoflights.org/abdul-baha-muntakhabati1-70/",linked translation,,_ ٧١ای کنیز عزیز الهی نامه‌ات رسید و از مضمون معلوم گردید که احبا در کمال قوت و نشاط بترویج تعالیم آسمانی مشغول و این خبر بسیار سبب وجد و سرور است زیرا هر عصری ,https://oceanoflights.org/abdul-baha-muntakhabati1-70/,https://portlandiator.github.io/PI_browser/?id=AB02574,https://oceanlibrary.com/selections-from-the-writings-of-abdul-baha?paraId=para_512
294,"From the days of Adam until today, the religions of God have been made manifest, one following the other, and each one of them fulfilled its due function, revived mankind, and provided education and e",Selections from the Writings of ’Abdu’l-Bahá,Selections from the Writings of ‘Abdu’l-Bahá,agree,On the Renewal of Religion (Makátíb 3:156) (AB00829) — «ادیان الهیه از یوم آدم الی الآن پیاپی ظاهر شده و هر یک آنچه باید و شاید مجری داشته خلق را زنده نموده و نورانیت بخشیده و تربیت کرده تا از ظلمات عالم طبیعت نجات ی» — https://oceanoflights.org/abdul-baha-makatib3-156/,linked translation,,ادیان الهیه از یوم آدم الی الآن پیاپی ظاهر شده و هر یک آنچه باید و شاید مجری داشته خلق را زنده نموده و نورانیت بخشیده و تربیت کرده تا از ظلمات عالم طبیعت نجات ی,https://oceanoflights.org/abdul-baha-makatib3-156/,https://portlandiator.github.io/PI_browser/?id=AB00829,https://oceanlibrary.com/selections-from-the-writings-of-abdul-baha?paraId=para_207
295,O thou seeker after truth!,Selections from the Writings of ’Abdu’l-Bahá,Selections from the Writings of ‘Abdu’l-Bahá,agree,On the Heavenly Jerusalem and the Renewal of Divine Teachings (Muntakhabát 1:28) (AB00276) — «‌ای حقیقت جو جهان ملکوت یکیست نهایت آنست که بهار تجدد نماید و در کائنات حرکت و جنبشی جدید و عظیم بنماید کوه و دشت زنده شود درختان تر و تازه گردد و برگ و شکوفه و» — https://oceanoflights.org/abdul-baha-muntakhabati1-28/,linked translation,,‌ای حقیقت جو جهان ملکوت یکیست نهایت آنست که بهار تجدد نماید و در کائنات حرکت و جنبشی جدید و عظیم بنماید کوه و دشت زنده شود درختان تر و تازه گردد و برگ و شکوفه و,https://oceanoflights.org/abdul-baha-muntakhabati1-28/,https://portlandiator.github.io/PI_browser/?id=AB00276,https://oceanlibrary.com/selections-from-the-writings-of-abdul-baha?paraId=para_246
296,The teachings specialized in Bahá’u’lláh are addressed to humanity.,ABU3253,The Promulgation of Universal Peace,DIFFERS,"Possibly: Words spoken on 1912-Aug-02 in Dublin, NH (ABU0151) — «که حضرت بهآءاللّه خطاب بعالم انسانی نموده میفرماید که همه برگ و شکوفه و ثمر یک درختید از درخت دیگر نیستید لهذا باید با یکدیگر در نهایت الفت و اتّحاد باشید ولی ا»",possible — verify,,که حضرت بهآءاللّه خطاب بعالم انسانی نموده میفرماید که همه برگ و شکوفه و ثمر یک درختید از درخت دیگر نیستید لهذا باید با یکدیگر در نهایت الفت و اتّحاد باشید ولی ا,,https://portlandiator.github.io/PI_browser/?id=ABU0151,https://oceanlibrary.com/promulgation-of-universal-peace_abdul-baha?paraId=para_1128
297,"Moreover, in this wondrous Dispensation the earth will become another earth and the world of humanity will be arrayed with perfect composure and adornment.",Some Answered Questions,Some Answered Questions,agree,"Chapter 12, Commentary on the Eleventh Chapter of Isaiah (AB00091) — «امّا اين در حقّ جمال مبارک بتمامه مطابقست حرفاً بحرف و همچنين در اين دور بديع جهان جهان ديگر گردد و عالم انسانی در کمال آسايش و زينت جلوه نمايد نزاع و جدال و قت» — https://oceanoflights.org/abdul-baha-bkw22-1-12-fa/",linked translation,,امّا اين در حقّ جمال مبارک بتمامه مطابقست حرفاً بحرف و همچنين در اين دور بديع جهان جهان ديگر گردد و عالم انسانی در کمال آسايش و زينت جلوه نمايد نزاع و جدال و قت,https://oceanoflights.org/abdul-baha-bkw22-1-12-fa/,https://portlandiator.github.io/PI_browser/?id=AB00091,https://oceanlibrary.com/some-answered-questions_abdul-baha?paraId=para_216
298,"Thank divine Providence that thou hast been assisted in service and hast been the cause of the promulgation of the oneness of the world of humanity, so that the darkness of differences among men may b",Selections from the Writings of ’Abdu’l-Bahá,Selections from the Writings of ‘Abdu’l-Bahá,agree,"O Honored Handmaid of God, Thy Letter From Los Angeles Arrived (Muntakhabát 1:76) (AB06287) — «شکر کن خدا را که موفق بخدمت شدی و سبب انتشار وحدت عالم انسانی گشتی تا ظلمات اختلاف بین بشر زائل گردد و خیمه اتحاد ملل در جمیع اقالیم سایه افکند و الا راحت و آسا» — https://oceanoflights.org/abdul-baha-muntakhabati1-76/",linked translation,,شکر کن خدا را که موفق بخدمت شدی و سبب انتشار وحدت عالم انسانی گشتی تا ظلمات اختلاف بین بشر زائل گردد و خیمه اتحاد ملل در جمیع اقالیم سایه افکند و الا راحت و آسا,https://oceanoflights.org/abdul-baha-muntakhabati1-76/,https://portlandiator.github.io/PI_browser/?id=AB06287,https://oceanlibrary.com/selections-from-the-writings-of-abdul-baha?paraId=para_543
299,In this divine age the bounties of God have encompassed the world of women.,Lights of Guidance,The Promulgation of Universal Peace,DIFFERS,Possibly: In this divine age the bounties of God have encompassed the world of women.  Equality of m… (AB12042) — «در این عصر الهی موهبت رحمانی بر عالم نساء شمول یافت مساوات رجال و نساء جز در مواقع جزئی از جمیع جهات اعلان گردید امتیاز برخاست»,possible — verify,,در این عصر الهی موهبت رحمانی بر عالم نساء شمول یافت مساوات رجال و نساء جز در مواقع جزئی از جمیع جهات اعلان گردید امتیاز برخاست,,https://portlandiator.github.io/PI_browser/?id=AB12042,https://oceanlibrary.com/promulgation-of-universal-peace_abdul-baha?paraId=para_670
300,From the beginning of existence until the Promised Day men retained superiority over women in every respect.,,Selections from the Writings of ‘Abdu’l-Bahá,sheet empty,On the Equality of Men and Women and the House of Justice (Muntakhabát 1:37) (AB02310) — «و کم من امرئة منجذبة فاقت الرجال فی ظل البهآء و سبقت مشاهیر الآفاق» — https://oceanoflights.org/abdul-baha-muntakhabati1-37/,linked translation,,و کم من امرئة منجذبة فاقت الرجال فی ظل البهآء و سبقت مشاهیر الآفاق,https://oceanoflights.org/abdul-baha-muntakhabati1-37/,https://portlandiator.github.io/PI_browser/?id=AB02310,https://oceanlibrary.com/selections-from-the-writings-of-abdul-baha?paraId=para_344
301,"Ye observe how the world is divided against itself, how many a land is red with blood and its very dust is caked with human gore.",Selections from the Writings of ’Abdu’l-Bahá,Selections from the Writings of ‘Abdu’l-Bahá,agree,On the Causes of War and the Remedy of Universal Peace (Makátíb 3:16) — «که جهان چگونه بیکدیگر در افتاده و اقالیمی چند بخون انسان رنگین گشته بلکه خاک بخون مخمر گردیده نائره حرب چنان شعله‌ئی زد که نه در قرون اولی و نه در قرون وسطی و ن» — https://oceanoflights.org/abdul-baha-makatib3-016/,linked translation,,که جهان چگونه بیکدیگر در افتاده و اقالیمی چند بخون انسان رنگین گشته بلکه خاک بخون مخمر گردیده نائره حرب چنان شعله‌ئی زد که نه در قرون اولی و نه در قرون وسطی و ن,https://oceanoflights.org/abdul-baha-makatib3-016/,,https://oceanlibrary.com/selections-from-the-writings-of-abdul-baha?paraId=para_1286
302,"O ye friends of God! These religious, political, patriotic, and racial prejudices are destructive of the world of humanity.",,Tablet to the Hague,sheet empty,Lawh-i-Lahih (Tablet to the Hague) (AB00016) — «و تعصّب وطنی هادم بنيان انسانيست تا اين تعصّبها موجود عالم انسانی راحت ننمايد ششهزار سالست که تاريخ از عالم انسانی خبر ميدهد در اين مدّت ششهزار سال عالم انسانی » — https://oceanoflights.org/abdul-baha-bkw14-fa/,linked translation,,و تعصّب وطنی هادم بنيان انسانيست تا اين تعصّبها موجود عالم انسانی راحت ننمايد ششهزار سالست که تاريخ از عالم انسانی خبر ميدهد در اين مدّت ششهزار سال عالم انسانی ,https://oceanoflights.org/abdul-baha-bkw14-fa/,https://portlandiator.github.io/PI_browser/?id=AB00016,https://oceanlibrary.com/tablet-to-the-hague_abdul-baha
303,The first principle of the Teaching of Bahá’u’lláh is: The Search after Truth.,Paris Talks,Paris Talks,agree,Possibly: Public address given in Baptist Temple on 1912-Jun-08 (ABU0007) — «اوّل تعلیم حضرت بهآءاللّه تحرّی حقیقت است باید انسان تحرّی حقیقت کند و از تقالید دست بکشد … و از تقالید دست بکشد»,possible — verify,,اوّل تعلیم حضرت بهآءاللّه تحرّی حقیقت است باید انسان تحرّی حقیقت کند و از تقالید دست بکشد … و از تقالید دست بکشد,,https://portlandiator.github.io/PI_browser/?id=ABU0007,https://oceanlibrary.com/paris-talks_abdul-baha
304,The investigation of truth will assuredly remove all imitations.,,"O esteemed daughter of the Kingdom! The letter thou didst send hath been received, and its…",sheet empty,"Possibly: O esteemed daughter of the Kingdom! The letter thou didst send hath been received, and its… (AB12110) — «و علاج امراض باطنی خلق البتّه تحرّی حقیقت سبب اضمحلال جمیع تقالید میگردد چون تقالید از میان برخیزد وحدت عالم انسانی جلوه نماید و واضح شود که دین حقیقی سبب الفت »",possible — verify,,و علاج امراض باطنی خلق البتّه تحرّی حقیقت سبب اضمحلال جمیع تقالید میگردد چون تقالید از میان برخیزد وحدت عالم انسانی جلوه نماید و واضح شود که دین حقیقی سبب الفت ,,https://portlandiator.github.io/PI_browser/?id=AB12110,https://portlandiator.github.io/PI_browser/?id=AB12110
305,All people are captives of blind imitation and follow the dogmas of their forefathers.,,Tablet to the Hague,sheet empty,Lawh-i-Lahih (Tablet to the Hague) (AB00016) — «و از جمله تعاليم بهاءاللّه اينکه دين بايد مطابق علم و عقل باشد تا در قلوب انسانی نفوذ نمايد اساس متين باشد نه اينکه عبارت از تقاليد باشد.» — https://oceanoflights.org/abdul-baha-bkw14-fa/,linked translation,,و از جمله تعاليم بهاءاللّه اينکه دين بايد مطابق علم و عقل باشد تا در قلوب انسانی نفوذ نمايد اساس متين باشد نه اينکه عبارت از تقاليد باشد.,https://oceanoflights.org/abdul-baha-bkw14-fa/,https://portlandiator.github.io/PI_browser/?id=AB00016,https://oceanlibrary.com/tablet-to-the-hague_abdul-baha
306,"Among the teachings of Bahá’u’lláh is that religion and faith must be in conformity with science and precious reason, for if religion be contrary to science it is blind imitation, and a wise and intel",,Tablet to the Hague,sheet empty,Lawh-i-Lahih (Tablet to the Hague) (AB00016) — «و از جمله تعاليم حضرت بهاءاللّه اينکه دين بايد» — https://oceanoflights.org/abdul-baha-bkw14-fa/,linked translation,,و از جمله تعاليم حضرت بهاءاللّه اينکه دين بايد,https://oceanoflights.org/abdul-baha-bkw14-fa/,https://portlandiator.github.io/PI_browser/?id=AB00016,https://oceanlibrary.com/tablet-to-the-hague_abdul-baha
307,In Europe it has come to be held that religion is the enemy of science and that science is the destroyer of the foundations of religion.,Some Answered Questions,Some Answered Questions,agree,"Chapter 34, Peter and the Papacy (AB00256) — «و علم مخرّب بنيان دين و حال آنکه دين اللّه مروّج حقيقت و مؤسّس علم و معرفت و مشوّق بر دانائی و ممدّن نوع انسانی و کاشف اسرار کائنات و منوّر آفاق است با وجود اين» — https://oceanoflights.org/abdul-baha-bkw22-2-19-fa/",linked translation,,و علم مخرّب بنيان دين و حال آنکه دين اللّه مروّج حقيقت و مؤسّس علم و معرفت و مشوّق بر دانائی و ممدّن نوع انسانی و کاشف اسرار کائنات و منوّر آفاق است با وجود اين,https://oceanoflights.org/abdul-baha-bkw22-2-19-fa/,https://portlandiator.github.io/PI_browser/?id=AB00256,https://oceanlibrary.com/some-answered-questions_abdul-baha?paraId=para_485
308,"O thou true friend! Read, in the school of God, the lessons of the spirit, and learn from love’s Teacher the innermost truths.",Selections from the Writings of ’Abdu’l-Bahá,Selections from the Writings of ‘Abdu’l-Bahá,agree,"O True Friend, Learn the Divine Lesson (Muntakhabát 1:71) (AB03423) — «_ ٧٢ای دوست حقیقی در دبستان الهی درس و سبق رحمانی خوان و از ادیب عشق تعلم حقائق و معانی نما اسرار ملکوت جو و از فیوضات لاهوت دم زن هر چند تحصیل فنون و علوم اعظم» — https://oceanoflights.org/abdul-baha-muntakhabati1-71/",linked translation,,_ ٧٢ای دوست حقیقی در دبستان الهی درس و سبق رحمانی خوان و از ادیب عشق تعلم حقائق و معانی نما اسرار ملکوت جو و از فیوضات لاهوت دم زن هر چند تحصیل فنون و علوم اعظم,https://oceanoflights.org/abdul-baha-muntakhabati1-71/,https://portlandiator.github.io/PI_browser/?id=AB03423,https://oceanlibrary.com/selections-from-the-writings-of-abdul-baha?paraId=para_517
309,"Nature is that condition or reality which outwardly is the source of the life and death, or, in other words, of the composition and decomposition, of all things.",Some Answered Questions,Some Answered Questions,agree,"Chapter 1, Nature is Governed by a Universal Law (AB01029) — «هو اللّه طبيعت کيفيّتی است و يا حقيقتی است که بظاهر حيات و ممات و بعبارةٍ اخری ترکيب و تحليل کافّه اشياء راجع باوست . و اين طبيعت در تحت انتظامات صحيحه و قوانين» — https://oceanoflights.org/abdul-baha-bkw22-1-01-fa/",linked translation,,هو اللّه طبيعت کيفيّتی است و يا حقيقتی است که بظاهر حيات و ممات و بعبارةٍ اخری ترکيب و تحليل کافّه اشياء راجع باوست . و اين طبيعت در تحت انتظامات صحيحه و قوانين,https://oceanoflights.org/abdul-baha-bkw22-1-01-fa/,https://portlandiator.github.io/PI_browser/?id=AB01029,https://oceanlibrary.com/some-answered-questions_abdul-baha?paraId=para_19
310,"When a cycle comes to a close, a new one is inaugurated, and the previous cycle, on account of the momentous events which transpire, vanishes so entirely from memory as to leave behind no record or tr",Some Answered Questions,Some Answered Questions,agree,"Chapter 40, The Knowledge of the Divine Manifestations (AB00780) — «چون دوره منتهی شود دوره جديد ابتدا گردد و دوره قديم از وقوع حوادث عظيمه بکلّی فراموش شود که ابداً خبری و اثری از آن نماند . چنانکه ملاحظه مينمائيد که از بيست هز» — https://oceanoflights.org/abdul-baha-bkw22-3-05-fa/",linked translation,,چون دوره منتهی شود دوره جديد ابتدا گردد و دوره قديم از وقوع حوادث عظيمه بکلّی فراموش شود که ابداً خبری و اثری از آن نماند . چنانکه ملاحظه مينمائيد که از بيست هز,https://oceanoflights.org/abdul-baha-bkw22-3-05-fa/,https://portlandiator.github.io/PI_browser/?id=AB00780,https://oceanlibrary.com/some-answered-questions_abdul-baha?paraId=para_565
311,The beginning of the formation of man on the terrestrial globe is like the formation of the human embryo in the womb of the mother.,Some Answered Questions,Some Answered Questions,agree,"Chapter 51, The Appearance of the Spirit and the Mind in Man (AB00722) — «جواب ابتدای تکوّن انسان در کره ارض مانند تکوّن انسان در رحم مادر است . نطفه در رحم مادر بتدريج نشو و نما نمايد تا تولّد شود و بعد از ولادت نشو و نما نمايد تا بد» — https://oceanoflights.org/abdul-baha-bkw22-4-06-fa/",linked translation,,جواب ابتدای تکوّن انسان در کره ارض مانند تکوّن انسان در رحم مادر است . نطفه در رحم مادر بتدريج نشو و نما نمايد تا تولّد شود و بعد از ولادت نشو و نما نمايد تا بد,https://oceanoflights.org/abdul-baha-bkw22-4-06-fa/,https://portlandiator.github.io/PI_browser/?id=AB00722,https://oceanlibrary.com/some-answered-questions_abdul-baha?paraId=para_688
312,"When we examine all things with the eye of discernment, we observe that they are generally confined to three categories: mineral, vegetable, and animal.",Some Answered Questions,Some Answered Questions,agree,"Chapter 65, Faith and Works (AB05486) — «چون در کائنات ببصر بصيرت نظر کنيم ملاحظه شود که محصور در سه قسم است يعنی کلّيّاتش يا جماد است يا نبات است يا حيوان سه جنس است و هر جنسی انواع دارد . انسان نوع م» — https://oceanoflights.org/abdul-baha-bkw22-4-20-fa/",linked translation,,چون در کائنات ببصر بصيرت نظر کنيم ملاحظه شود که محصور در سه قسم است يعنی کلّيّاتش يا جماد است يا نبات است يا حيوان سه جنس است و هر جنسی انواع دارد . انسان نوع م,https://oceanoflights.org/abdul-baha-bkw22-4-20-fa/,https://portlandiator.github.io/PI_browser/?id=AB05486,https://oceanlibrary.com/some-answered-questions_abdul-baha?paraId=para_814
313,In man there are two natures: his spiritual or higher nature and his material or lower nature.,Paris Talks,Paris Talks,agree,Words spoken on 1911-Nov-01 in Paris (ABU0706) — «زیرا در انسان دو مقام است یکمقام انسانیّت که تعلّق بعالم بالا دارد و فیض ربوبیّت است یکمقام حیوانیّت که تعلّق بعالم ناسوت دارد یعنی جنبهٴ حیوانی مثلاً غضب و شهو»,linked translation,,زیرا در انسان دو مقام است یکمقام انسانیّت که تعلّق بعالم بالا دارد و فیض ربوبیّت است یکمقام حیوانیّت که تعلّق بعالم ناسوت دارد یعنی جنبهٴ حیوانی مثلاً غضب و شهو,,https://portlandiator.github.io/PI_browser/?id=ABU0706,https://oceanlibrary.com/paris-talks_abdul-baha
314,"Man, however, hath a twofold station: one luminous, the other dark; one pertaining to the realm of the Divine, the other to the world of nature; one inclined towards heavenly virtues, the other toward",Light of the World,Light of the World,agree,"O thou who art steadfast in the Covenant! Thy letter of 12 Dhi’l-Qa‘dih 1337 was received,… (AB01183) — «ولی در انسان دو مقام موجود نورانی و ظلمانی الهی و طبیعی رحمانی و شیطانی زیرا خطّ فاصل بین نور و ظلمت است و در دائرهٴ وجود در حضیض ادنی واقع که نهایت نزول است ول»",linked translation,,ولی در انسان دو مقام موجود نورانی و ظلمانی الهی و طبیعی رحمانی و شیطانی زیرا خطّ فاصل بین نور و ظلمت است و در دائرهٴ وجود در حضیض ادنی واقع که نهایت نزول است ول,,https://portlandiator.github.io/PI_browser/?id=AB01183,https://oceanlibrary.com/light-of-the-world_abdul-baha?paraId=para_227
315,"There is a point that is pivotal to grasping the essence of the other questions that we have discussed or will be discussing, namely, that human knowledge is of two kinds.",Some Answered Questions,Some Answered Questions,agree,"Chapter 16, Intelligible Realities and their Expression through Sensible Forms (AB00259) — «که معلومات انسانی منقسم بدو قسم است قسمی معلومات محسوسه است يعنی شيئی که چشم و يا گوش و يا شامّه و يا ذائقه و يا لامسه ادراک نمايد آنرا محسوس نامند . مثلاً اين » — https://oceanoflights.org/abdul-baha-bkw22-2-01-fa/",linked translation,,که معلومات انسانی منقسم بدو قسم است قسمی معلومات محسوسه است يعنی شيئی که چشم و يا گوش و يا شامّه و يا ذائقه و يا لامسه ادراک نمايد آنرا محسوس نامند . مثلاً اين ,https://oceanoflights.org/abdul-baha-bkw22-2-01-fa/,https://portlandiator.github.io/PI_browser/?id=AB00259,https://oceanlibrary.com/some-answered-questions_abdul-baha?paraId=para_274
316,Every subject presented to a thoughtful audience must be supported by rational proofs and logical arguments.,The Promulgation of Universal Peace,The Promulgation of Universal Peace,agree,Possibly: The Balances of Perception (AB00207) — «فالأوّل ميزان الحسّ، وكلّ ما يدرك بالعين والأذن والشّم والذّوق واللّمس يسمّى محسوساً،» — https://oceanoflights.org/abdul-baha-kw57-ar/,possible — verify,,فالأوّل ميزان الحسّ، وكلّ ما يدرك بالعين والأذن والشّم والذّوق واللّمس يسمّى محسوساً،,https://oceanoflights.org/abdul-baha-kw57-ar/,https://portlandiator.github.io/PI_browser/?id=AB00207,https://oceanlibrary.com/promulgation-of-universal-peace_abdul-baha?paraId=para_1241
317,"There are only four accepted criteria of comprehension, that is, four criteria whereby the realities of things are understood.",Some Answered Questions,Some Answered Questions,agree,"Chapter 84, The Station of Actions Performed without the Knowledge of God (AB00063) — «( فج ) موازين ادراک ميزان ادراک آنچه مسلّم است منحصر در چهار موازين است يعنی حقائق اشيا باين چهار چيز ادراک ميشود . اوّل ميزان حسّ است يعنی آنچه بچشم و گوش و ذا» — https://oceanoflights.org/abdul-baha-bkw22-5-10-fa/",linked translation,,( فج ) موازين ادراک ميزان ادراک آنچه مسلّم است منحصر در چهار موازين است يعنی حقائق اشيا باين چهار چيز ادراک ميشود . اوّل ميزان حسّ است يعنی آنچه بچشم و گوش و ذا,https://oceanoflights.org/abdul-baha-bkw22-5-10-fa/,https://portlandiator.github.io/PI_browser/?id=AB00063,https://oceanlibrary.com/some-answered-questions_abdul-baha?paraId=para_1033
318,"What result is forthcoming from material rest, tranquillity, luxury and attachment to this corporeal world?",Tablets of the Divine Plan,Tablets of the Divine Plan,agree,Tablet of the Divine Plan (U.S. and Canada II) (AB00049) — «پس بايد از اين افکار بکلّی چشم پوشيد آرزوی حيات ابديّه و علوّيّت عالم انسانی و ترقّيات ربّانی و فيوضات کلّيّه آسمانی و نفثات روح القدسی و اعلاء کلمة اللّه و هدا» — https://oceanoflights.org/abdul-baha-bkw02-1-07-fa/,linked translation,,پس بايد از اين افکار بکلّی چشم پوشيد آرزوی حيات ابديّه و علوّيّت عالم انسانی و ترقّيات ربّانی و فيوضات کلّيّه آسمانی و نفثات روح القدسی و اعلاء کلمة اللّه و هدا,https://oceanoflights.org/abdul-baha-bkw02-1-07-fa/,https://portlandiator.github.io/PI_browser/?id=AB00049,https://oceanlibrary.com/tablets-of-the-divine-plan_abdul-baha?paraId=para_95
319,Thou hast asked about material means and prayer.,,Paris Talks,sheet empty,"Words spoken at Dreyfus home in Paris, 1911-Nov-10 (ABU0054) — «هر شیء موجودی لابد براينست يا در ترقيست يا در تدنی در کائنات توقف نيست زيرا جميع کائنات حرکت جوهری دارند يا از عدم بوجود آيند يا از وجود بعدم روند انسان از بداي»",linked translation,,هر شیء موجودی لابد براينست يا در ترقيست يا در تدنی در کائنات توقف نيست زيرا جميع کائنات حرکت جوهری دارند يا از عدم بوجود آيند يا از وجود بعدم روند انسان از بداي,,https://portlandiator.github.io/PI_browser/?id=ABU0054,https://oceanlibrary.com/paris-talks_abdul-baha
320,Absolute repose does not exist in nature.,Paris Talks,Paris Talks,agree,"Words spoken at Dreyfus home in Paris, 1911-Nov-10 (ABU0054) — «هر شیء موجودی لابد براينست يا در ترقيست يا در تدنی در کائنات توقف نيست زيرا جميع کائنات حرکت جوهری دارند يا از عدم بوجود آيند يا از وجود بعدم روند انسان از بداي»",linked translation,,هر شیء موجودی لابد براينست يا در ترقيست يا در تدنی در کائنات توقف نيست زيرا جميع کائنات حرکت جوهری دارند يا از عدم بوجود آيند يا از وجود بعدم روند انسان از بداي,,https://portlandiator.github.io/PI_browser/?id=ABU0054,https://oceanlibrary.com/paris-talks_abdul-baha
321,O thou handmaid aflame with the fire of God’s love!,Selections from the Writings of ’Abdu’l-Bahá,Selections from the Writings of ‘Abdu’l-Bahá,agree,On the Transience of Hardship and Ease in This World (Muntakhabát 1:149) (AB04567) — «_ ١٥٠ یا امة الله المشتعلة بنار محبته لا تحزنی من العسرة و العناء و لا تفرحی من الراحة و الرخآء فی هذه الدنیا لأن کلتیهما یزولان و انما حیات الدنیا کسراب او عبا» — https://oceanoflights.org/abdul-baha-muntakhabati1-149/,linked translation,,_ ١٥٠ یا امة الله المشتعلة بنار محبته لا تحزنی من العسرة و العناء و لا تفرحی من الراحة و الرخآء فی هذه الدنیا لأن کلتیهما یزولان و انما حیات الدنیا کسراب او عبا,https://oceanoflights.org/abdul-baha-muntakhabati1-149/,https://portlandiator.github.io/PI_browser/?id=AB04567,https://oceanlibrary.com/selections-from-the-writings-of-abdul-baha?paraId=para_923
322,Thou didst write of afflictive tests that have assailed thee.,Selections from the Writings of ’Abdu’l-Bahá,Selections from the Writings of ‘Abdu’l-Bahá,agree,On Tests and Trials as a Divine Bounty (Muntakhabát 1:154) (AB01404) — «از امتحانات وارده نگاشته بودید امتحان از برای صادقان موهبت حضرت یزدانست زیرا شخص شجاع بمیدان امتحان حرب شدید بنهایت سرور و شادمانی بشتابد ولی جبان بترسد و بلرزد» — https://oceanoflights.org/abdul-baha-muntakhabati1-154/,linked translation,,از امتحانات وارده نگاشته بودید امتحان از برای صادقان موهبت حضرت یزدانست زیرا شخص شجاع بمیدان امتحان حرب شدید بنهایت سرور و شادمانی بشتابد ولی جبان بترسد و بلرزد,https://oceanoflights.org/abdul-baha-muntakhabati1-154/,https://portlandiator.github.io/PI_browser/?id=AB01404,https://oceanlibrary.com/selections-from-the-writings-of-abdul-baha?paraId=para_953
323,O ye homeless ones of ‘Abdu’l-Bahá!,Light of the World,Light of the World,agree,O ye homeless ones of ‘Abdu’l-Baha! Ye are homeless and afflicted; ye are displaced and di… (AB01376) — «ای آوارگان عبدالبهآء آواره‌اید آزرده‌اید بی سر و سامانید زیرا خانه و کاشانه و لانه و آشیانه را به تالان و تاراج دادید مصیبتی عظیمه تحمّل نمودید و جفائی شدید کشی»,linked translation,,ای آوارگان عبدالبهآء آواره‌اید آزرده‌اید بی سر و سامانید زیرا خانه و کاشانه و لانه و آشیانه را به تالان و تاراج دادید مصیبتی عظیمه تحمّل نمودید و جفائی شدید کشی,,https://portlandiator.github.io/PI_browser/?id=AB01376,https://oceanlibrary.com/light-of-the-world_abdul-baha?paraId=para_372
324,"As to the differences of character arising from education, they are great indeed, for education exerts an enormous influence.",Some Answered Questions,Some Answered Questions,agree,"Chapter 58, The Extent and Limitation of Human Perception (AB00747) — «امّا تفاوت اخلاق من حيث التّربية اين بسيار عظيمست زيرا تربيت بسيار حکم دارد نادان از تربيت دانا شود جبان از تربيت شجاع گردد شاخه کج از تربيت راست شود ميوهای کوه» — https://oceanoflights.org/abdul-baha-bkw22-4-13-fa/",linked translation,,امّا تفاوت اخلاق من حيث التّربية اين بسيار عظيمست زيرا تربيت بسيار حکم دارد نادان از تربيت دانا شود جبان از تربيت شجاع گردد شاخه کج از تربيت راست شود ميوهای کوه,https://oceanoflights.org/abdul-baha-bkw22-4-13-fa/,https://portlandiator.github.io/PI_browser/?id=AB00747,https://oceanlibrary.com/some-answered-questions_abdul-baha?paraId=para_748
325,O ye friends of the East and the West!,The Institution of the Mashriqu’l-Adhkár,Selections from the Writings of ‘Abdu’l-Bahá,DIFFERS,Lawh-i-Du-Niday-i-Falah va Najah (Two Calls to Success and Prosperity) (AB00022) — «الیوم جز قوه کلیه کلمة الله که محیط بر حقائق اشیاست عقول و افکار و قلوب و ارواح عالم انسانی را در ظل شجرهء واحده جمع نتواند اوست نافذ در کل اشیا و اوست محرک نفو» — https://oceanoflights.org/abdul-baha-muntakhabati1-224/,linked translation,,الیوم جز قوه کلیه کلمة الله که محیط بر حقائق اشیاست عقول و افکار و قلوب و ارواح عالم انسانی را در ظل شجرهء واحده جمع نتواند اوست نافذ در کل اشیا و اوست محرک نفو,https://oceanoflights.org/abdul-baha-muntakhabati1-224/,https://portlandiator.github.io/PI_browser/?id=AB00022,https://oceanlibrary.com/selections-from-the-writings-of-abdul-baha?paraId=para_1464
326,"As preordained by the Fountainhead of Creation, the temple of the world hath been fashioned after the image and likeness of the human body.",Social and Economic Development,huququllah-1-bahaullah-abdul-baha_en,DIFFERS,Possibly: Praise be unto Him Who hath adorned Himself with utterance and Who alone possesseth expres… (BH00033) — «عالم را بمثابهٴ هیکل انسانی ملاحظه کن و این هیکل بنفسه صحیح و کامل خلق شده»,possible — verify,,عالم را بمثابهٴ هیکل انسانی ملاحظه کن و این هیکل بنفسه صحیح و کامل خلق شده,,https://portlandiator.github.io/PI_browser/?id=BH00033,https://oceanoflights.org/file/autogenerated/huququllah-1-bahaullah-abdul-baha_en.docx
327,"Know that the people of the world are of two kinds; that is, they belong to two groups.",Some Answered Questions,Some Answered Questions,agree,"Chapter 48, The Difference between Man and Animal (AB00057) — «بدانکه اهل عالم بر دو قسمند يعنی دو فرقه‌اند يک فرقه منکر روحند گويند که انسان هم نوعی از حيوانست ، چرا ؟ می بينيم که حيوان در قوی و حواسّ مشترک با انسانست و اي» — https://oceanoflights.org/abdul-baha-bkw22-4-03-fa/",linked translation,,بدانکه اهل عالم بر دو قسمند يعنی دو فرقه‌اند يک فرقه منکر روحند گويند که انسان هم نوعی از حيوانست ، چرا ؟ می بينيم که حيوان در قوی و حواسّ مشترک با انسانست و اي,https://oceanoflights.org/abdul-baha-bkw22-4-03-fa/,https://portlandiator.github.io/PI_browser/?id=AB00057,https://oceanlibrary.com/some-answered-questions_abdul-baha?paraId=para_652
328,The animal is the captive of nature and cannot transgress the rules and laws thereof.,Tablet to August Forel,Tablet to August Forel,agree,Lawh-i-Dr Forel (Tablet to Dr Forel) (AB00020) — «نتواند حيوان اسير طبيعت است و از قوانين و نواميس طبيعت تجاوز نکند ولی در انسان قوّه کاشفه ايست که محيط بر طبيعت است که قوانين طبيعت را در هم شکند مثلاً جميع جما» — https://oceanoflights.org/abdul-baha-bkw10-fa/,linked translation,,نتواند حيوان اسير طبيعت است و از قوانين و نواميس طبيعت تجاوز نکند ولی در انسان قوّه کاشفه ايست که محيط بر طبيعت است که قوانين طبيعت را در هم شکند مثلاً جميع جما,https://oceanoflights.org/abdul-baha-bkw10-fa/,https://portlandiator.github.io/PI_browser/?id=AB00020,https://oceanlibrary.com/tablet-to-august-forel_abdul-baha?paraId=para_15
329,Know that in general there are five kinds of spirit.,Some Answered Questions,Some Answered Questions,agree,"Chapter 55, Soul, Spirit, and Mind (AB02018) — «( لو ) کلّيّه ارواح پنج قسم است» — https://oceanoflights.org/abdul-baha-bkw22-4-10-fa/",linked translation,,( لو ) کلّيّه ارواح پنج قسم است,https://oceanoflights.org/abdul-baha-bkw22-4-10-fa/,https://portlandiator.github.io/PI_browser/?id=AB02018,https://oceanlibrary.com/some-answered-questions_abdul-baha?paraId=para_501
330,"Know thou that every soul is fashioned after the nature of God, each being pure and holy at his birth.",Selections from the Writings of ’Abdu’l-Bahá,Selections from the Writings of ‘Abdu’l-Bahá,agree,On Eternal Life and the Souls of the Righteous — «أَنَّ النُّفُوسَ كُلَّها مَخْلُوقَةٌ على فِطرَةِ اللّهِ وَكُلَّها طِيِّبَةٌ عِنْدَ وِلَادَتِهَا وَلَكِنَّ مِنْ بَعْدُ تَخْتَلِفُ بِما تَكتَسِبُ مِنَ الفَضائِلِ » — https://oceanoflights.org/abdul-baha-kw67-ar/,linked translation,,أَنَّ النُّفُوسَ كُلَّها مَخْلُوقَةٌ على فِطرَةِ اللّهِ وَكُلَّها طِيِّبَةٌ عِنْدَ وِلَادَتِهَا وَلَكِنَّ مِنْ بَعْدُ تَخْتَلِفُ بِما تَكتَسِبُ مِنَ الفَضائِلِ ,https://oceanoflights.org/abdul-baha-kw67-ar/,,https://oceanlibrary.com/selections-from-the-writings-of-abdul-baha?paraId=para_998
331,"Question: What is the difference between mind, spirit, and soul?",Some Answered Questions,Some Answered Questions,agree,"Chapter 56, The Outward and Inward Powers of Man (AB01868) — «جواب از پيش بيان شد که کلّيّه ارواح در پنج نوع تقسيم ميشود روح نباتی روح حيوانی روح انسانی روح ايمانی روح القدس . امّا روح نباتی قوّه ناميه است که از تأثير کائن» — https://oceanoflights.org/abdul-baha-bkw22-4-11-fa/",linked translation,,جواب از پيش بيان شد که کلّيّه ارواح در پنج نوع تقسيم ميشود روح نباتی روح حيوانی روح انسانی روح ايمانی روح القدس . امّا روح نباتی قوّه ناميه است که از تأثير کائن,https://oceanoflights.org/abdul-baha-bkw22-4-11-fa/,https://portlandiator.github.io/PI_browser/?id=AB01868,https://oceanlibrary.com/some-answered-questions_abdul-baha?paraId=para_725
332,O thou who art as a lamp set aflame with the fire of the love of God!,,Tablets of ‘Abdu’l-Bahá ‘Abbás vol. 1-3,sheet empty,"Possibly: O thou who hast kindled the lamp of guidance within the crystal of aspiration! By my life,… (AB07105) — «ایّها المتوقّد بنار محبّة اللّه فاضطرم بالنّار الموقدة فی شجرة العهد شعلة الحبّ السّاطعة علی الشّرق و الغرب منسجم الدّمع منصرم الصّبر مهتزّ الفؤاد مستبشر الرّوح»",possible — verify,,ایّها المتوقّد بنار محبّة اللّه فاضطرم بالنّار الموقدة فی شجرة العهد شعلة الحبّ السّاطعة علی الشّرق و الغرب منسجم الدّمع منصرم الصّبر مهتزّ الفؤاد مستبشر الرّوح,,https://portlandiator.github.io/PI_browser/?id=AB07105,https://oceanlibrary.com/tablets-of-abdul-baha-abbas-vol-1-3?paraId=para_1523
333,"The handmaids of God must rise to such a station that they will, by themselves and unaided, comprehend these inner meanings, and be able to expound at full length every single word; a station where, o",Divine Philosophy,Selections from the Writings of ‘Abdu’l-Bahá,DIFFERS,On the Twelve Gates of the Heavenly Jerusalem in the Book of Revelation (Muntakhabát 1:141) (AB00342) — «البته معذور خواهید داشت کنیزان الهی باید بمقامی بیایند که خود ادراک حقائق و معانی کنند و بر هر کلمه بیانی مفصل توانند و چشمه حکمت از حقیقت قلبشان مانند عین فوار» — https://oceanoflights.org/abdul-baha-muntakhabati1-141/,linked translation,,البته معذور خواهید داشت کنیزان الهی باید بمقامی بیایند که خود ادراک حقائق و معانی کنند و بر هر کلمه بیانی مفصل توانند و چشمه حکمت از حقیقت قلبشان مانند عین فوار,https://oceanoflights.org/abdul-baha-muntakhabati1-141/,https://portlandiator.github.io/PI_browser/?id=AB00342,https://oceanlibrary.com/selections-from-the-writings-of-abdul-baha?paraId=para_865
334,"However, I hope that this meeting was like unto the lamp’s wick that met the fire and was ignited upon contact.",,Tablets of ‘Abdu’l-Bahá ‘Abbás vol. 1-3,sheet empty,Possibly: O illustrious friends and companions of the All-Merciful! A perfumed breath hath wafted fr… (AB02075) — «که در دل و جان آنشیفتهٴ روی محبوب حقیقی ظاهر امید است که چنان در نفوس اهل آن خطّه و دیار تأثیر نماید که شعلهٴ نار موقدهٴ الهیّه در هر شجری و مدری و حجری تأثیر ن»,possible — verify,,که در دل و جان آنشیفتهٴ روی محبوب حقیقی ظاهر امید است که چنان در نفوس اهل آن خطّه و دیار تأثیر نماید که شعلهٴ نار موقدهٴ الهیّه در هر شجری و مدری و حجری تأثیر ن,,https://portlandiator.github.io/PI_browser/?id=AB02075,https://oceanlibrary.com/tablets-of-abdul-baha-abbas-vol-1-3?paraId=para_3419
335,O thou seeker after the Kingdom of God!,,Tablets of ‘Abdu’l-Bahá ‘Abbás vol. 1-3,sheet empty,"O thou kind maidservant of God! Truly, I say, thou art worthy of the service in the Kingdo… (AB01411) — «ای امة‌اللّه هروقت که اراده نمائی نطقی کنی توجّه بملکوت ابهی کن و با قلبی فارغ نطق و بیان نما نفثات روح القدس ترا تأیید نماید»",linked translation,,ای امة‌اللّه هروقت که اراده نمائی نطقی کنی توجّه بملکوت ابهی کن و با قلبی فارغ نطق و بیان نما نفثات روح القدس ترا تأیید نماید,,https://portlandiator.github.io/PI_browser/?id=AB01411,https://oceanlibrary.com/tablets-of-abdul-baha-abbas-vol-1-3?paraId=para_1895
336,I beseech God to cast upon your heads the pearls of His bounty; to ignite in your hearts the fire of His love; to unloose your tongues to utter the most eloquent words and the most wondrous mysteries,,O ye maidservants of the Merciful! Be rejoiced with the glad-tidings of God and thank your…,sheet empty,Possibly: O ye maidservants of the Merciful! Be rejoiced with the glad-tidings of God and thank your… (AB05944) — «اسئل اللّه ان ینثر علی رٴوسکنّ لئالی موهبته و یضرم فی قلوبکنّ نار محبّته و ینطق لسانکنّ بافصح الکلمات و ابدع المعانی و الأسرار فی محفل الأبرار و یجعلکنّ ازهار ج»,possible — verify,,اسئل اللّه ان ینثر علی رٴوسکنّ لئالی موهبته و یضرم فی قلوبکنّ نار محبّته و ینطق لسانکنّ بافصح الکلمات و ابدع المعانی و الأسرار فی محفل الأبرار و یجعلکنّ ازهار ج,,https://portlandiator.github.io/PI_browser/?id=AB05944,https://portlandiator.github.io/PI_browser/?id=AB05944
337,"O my friend! Render thou thanks unto God for having illumined thy sight with the effulgent rays shed from the Sun of Truth, and for having quickened thee and baptized thee with the water of life and t",,,no source found,Possibly: O ye souls enkindled with the blazing fire! I render thanks unto my Lord and praise Him fo… (AB07736) — «ایّها النّفوس الملتهبة بالنّار الموقده انّی لأشکر ربّی و اثنی علیه بما هدیکم الی صراطه السّویّ الّذی امتدّ بین الأرض و السّمآء و اوردکم الی شرایع القدس موارد بح»,possible — verify,,ایّها النّفوس الملتهبة بالنّار الموقده انّی لأشکر ربّی و اثنی علیه بما هدیکم الی صراطه السّویّ الّذی امتدّ بین الأرض و السّمآء و اوردکم الی شرایع القدس موارد بح,,https://portlandiator.github.io/PI_browser/?id=AB07736,
338,"The love of God is spoken of as fire, for it burneth away the veils, and as water, for it is the source of life.",,,no source found,Possibly: Words spoken on 1911-Nov-08 in Paris (ABU0984) — «بمحبّت اللّه از نقائص عالم انسانی نجات می‌یابد بمحبّت اللّه ترقّی در عالم فضائل میکند محبّت اللّه سبب نورانیّت عالم میشود»,possible — verify,,بمحبّت اللّه از نقائص عالم انسانی نجات می‌یابد بمحبّت اللّه ترقّی در عالم فضائل میکند محبّت اللّه سبب نورانیّت عالم میشود,,https://portlandiator.github.io/PI_browser/?id=ABU0984,
339,"Know thou of a certainty that Love is the secret of God’s holy Dispensation, the manifestation of the All-Merciful, the fountain of spiritual outpourings.",Selections from the Writings of ’Abdu’l-Bahá,Selections from the Writings of ‘Abdu’l-Bahá,agree,On Love as the Secret of God's Holy Dispensation (Muntakhabát 1:11) — «_ ١٢ اعلم حق الیقین ان المحبة سر البعث الالهی و المحبة هی التجلی الرحمانی المحبة هی الفیض الروحانی المحبة هی النور الملکوتی المحبة هی نفثات روح القدس فی الروح ا» — https://oceanoflights.org/abdul-baha-muntakhabati1-11/,linked translation,,_ ١٢ اعلم حق الیقین ان المحبة سر البعث الالهی و المحبة هی التجلی الرحمانی المحبة هی الفیض الروحانی المحبة هی النور الملکوتی المحبة هی نفثات روح القدس فی الروح ا,https://oceanoflights.org/abdul-baha-muntakhabati1-11/,,https://oceanlibrary.com/selections-from-the-writings-of-abdul-baha?paraId=para_113
340,O living flame of heavenly love!,Selections from the Writings of ’Abdu’l-Bahá,Selections from the Writings of ‘Abdu’l-Bahá,agree,O Kindled Fire of Divine Love (Muntakhabát 1:176) (AB06934) — «_ ١٧٧ ای نار افروخته عشق الهی حرارت محبة الله در آن قلب نورانی چنان پرشعله و سورت است که اثر و تابشش از هزار فرسنگ احساس میشود نار عنصری را مسافة بعیده مانع از » — https://oceanoflights.org/abdul-baha-muntakhabati1-176/,linked translation,,_ ١٧٧ ای نار افروخته عشق الهی حرارت محبة الله در آن قلب نورانی چنان پرشعله و سورت است که اثر و تابشش از هزار فرسنگ احساس میشود نار عنصری را مسافة بعیده مانع از ,https://oceanoflights.org/abdul-baha-muntakhabati1-176/,https://portlandiator.github.io/PI_browser/?id=AB06934,https://oceanlibrary.com/selections-from-the-writings-of-abdul-baha?paraId=para_1091
341,O thou son of the Kingdom!,Selections from the Writings of ’Abdu’l-Bahá,Selections from the Writings of ‘Abdu’l-Bahá,agree,"O Son of the Kingdom, Thy Sweet Letters (Muntakhabát 1:153) (AB03123) — «ای ابن ملکوت جمیع اشیا با محبت الله نافع است و بدون محبت الله مضر و سبب احتجاب از رب الملکوت ولی با محبت الهیه هر تلخی شیرین شود و هر نعمتی گوارا گردد مثلا نغما» — https://oceanoflights.org/abdul-baha-muntakhabati1-153/",linked translation,,ای ابن ملکوت جمیع اشیا با محبت الله نافع است و بدون محبت الله مضر و سبب احتجاب از رب الملکوت ولی با محبت الهیه هر تلخی شیرین شود و هر نعمتی گوارا گردد مثلا نغما,https://oceanoflights.org/abdul-baha-muntakhabati1-153/,https://portlandiator.github.io/PI_browser/?id=AB03123,https://oceanlibrary.com/selections-from-the-writings-of-abdul-baha?paraId=para_947
342,O thou dear handmaid of God!,Selections from the Writings of ‘Abdu’l-Bahá,Selections from the Writings of ‘Abdu’l-Bahá,agree,On the Rule of Conduct Requested by a Handmaid of God (Muntakhabát 1:9) (AB05247) — «_ ١٠ای کنیز عزیز الهی نامه‌ات ملاحظه گردید و بر مضمون اطلاع حاصل شد دستور العمل خواسته بودی مؤمن بخدا باش و ناظر بملکوت اعلی و منجذب بجمال ابهی ثابت بر میثاق با» — https://oceanoflights.org/abdul-baha-muntakhabati1-9/,linked translation,,_ ١٠ای کنیز عزیز الهی نامه‌ات ملاحظه گردید و بر مضمون اطلاع حاصل شد دستور العمل خواسته بودی مؤمن بخدا باش و ناظر بملکوت اعلی و منجذب بجمال ابهی ثابت بر میثاق با,https://oceanoflights.org/abdul-baha-muntakhabati1-9/,https://portlandiator.github.io/PI_browser/?id=AB05247,https://oceanlibrary.com/selections-from-the-writings-of-abdul-baha?paraId=para_107
343,"Question: Is man free and unconstrained in all his actions, or is he compelled and constrained?",Some Answered Questions,Some Answered Questions,agree,"Chapter 72, Healing without Medicine (AB00380) — «جواب اين مسأله از امّهات مسائل الهيّه است و بسيار غامض است ان شاء اللّه روزی ديگر از بدايت مباشرت ناهار به بيان اين مسأله مفصّل پردازيم . حال مختصر چند کلمه بيا» — https://oceanoflights.org/abdul-baha-bkw22-4-27-fa/",linked translation,,جواب اين مسأله از امّهات مسائل الهيّه است و بسيار غامض است ان شاء اللّه روزی ديگر از بدايت مباشرت ناهار به بيان اين مسأله مفصّل پردازيم . حال مختصر چند کلمه بيا,https://oceanoflights.org/abdul-baha-bkw22-4-27-fa/,https://portlandiator.github.io/PI_browser/?id=AB00380,https://oceanlibrary.com/some-answered-questions_abdul-baha?paraId=para_872
344,"Fate is of two kinds: One is irrevocable and the other is conditional, or, as it is said, impending.",Some Answered Questions,Some Answered Questions,agree,"Chapter 70, Free Will and its Limits (AB00441) — «جواب قضا دو قسم است يکی محتوم است و ديگری مشروط که معلّق گفته ميشود قضای محتوم آنست که تغيير و تبديلی ندارد و مشروط آنست که ممکن الوقوع است . مثلاً قضای محتوم د» — https://oceanoflights.org/abdul-baha-bkw22-4-25-fa/",linked translation,,جواب قضا دو قسم است يکی محتوم است و ديگری مشروط که معلّق گفته ميشود قضای محتوم آنست که تغيير و تبديلی ندارد و مشروط آنست که ممکن الوقوع است . مثلاً قضای محتوم د,https://oceanoflights.org/abdul-baha-bkw22-4-25-fa/,https://portlandiator.github.io/PI_browser/?id=AB00441,https://oceanlibrary.com/some-answered-questions_abdul-baha?paraId=para_856
345,"Pleasing and acceptable as is a person of righteous actions before God’s Holy Threshold, yet deeds should proceed from knowledge.","Texts, Authenticity of",Bahá’í World Faith (‘Abdu’l-Bahá section),DIFFERS,My dear Friend: Pleasing and acceptable as is a person of righteous actions before God’s H… (AB01398) — «ای دوست عزیز هرچند شخص نیکوکار در درگاه پروردگار مقبولست ولی اوّل دانستن است و بعد عمل نمودن شخص کور هرچند صنعتی لطیف و بدیع ظاهر مینماید ولی خود از دیدارش محرو»,linked translation,,ای دوست عزیز هرچند شخص نیکوکار در درگاه پروردگار مقبولست ولی اوّل دانستن است و بعد عمل نمودن شخص کور هرچند صنعتی لطیف و بدیع ظاهر مینماید ولی خود از دیدارش محرو,,https://portlandiator.github.io/PI_browser/?id=AB01398,https://oceanlibrary.com/bahai-world-faith-abdul-baha-section_2?paraId=para_573
346,"Question: Those who do good works, who are well-wishers of all mankind, who have a praiseworthy character, who show forth love and kindness to all people, who care for the poor, and who work for unive",Some Answered Questions,Some Answered Questions,agree,"Chapter 84, The Station of Actions Performed without the Knowledge of God (AB00063) — «سؤال: نفوسی که باعمال خيريّه و خير خواهی عمومی موفّقند و اخلاق مرضيّه دارند و جميع خلق را محبّت و مهربانی مينمايند و فقرا را ميپرورند و در صلح عمومی ميکوشند ديگ» — https://oceanoflights.org/abdul-baha-bkw22-5-11-fa/",linked translation,,سؤال: نفوسی که باعمال خيريّه و خير خواهی عمومی موفّقند و اخلاق مرضيّه دارند و جميع خلق را محبّت و مهربانی مينمايند و فقرا را ميپرورند و در صلح عمومی ميکوشند ديگ,https://oceanoflights.org/abdul-baha-bkw22-5-11-fa/,https://portlandiator.github.io/PI_browser/?id=AB00063,https://oceanlibrary.com/some-answered-questions_abdul-baha?paraId=para_1043
347,The friends and handmaids of the Merciful must render service to the oneness of the human world and show love and fellowship towards all people.,,Tablet to Mánikchí Sáhib,sheet empty,Lawh-i-Maqsud (BH00140) — «فی الحقیقه عالم یک وطن محسوب است و من علی الأرض اهل آن و مقصود از اتحاد و اتفاق که در کتب انبیا از قلم اعلی ثبت شده در امور مخصوصه بوده و خواهد بود نه اتحادیکه » — https://oceanoflights.org/bahaullah-pub17-003-fa/,linked translation,REVIEW: tablet is by the other author,فی الحقیقه عالم یک وطن محسوب است و من علی الأرض اهل آن و مقصود از اتحاد و اتفاق که در کتب انبیا از قلم اعلی ثبت شده در امور مخصوصه بوده و خواهد بود نه اتحادیکه ,https://oceanoflights.org/bahaullah-pub17-003-fa/,https://portlandiator.github.io/PI_browser/?id=BH00140,https://bahai-library.com/bahaullah_lawh_manikchi_neshati
348,"Therefore, O ye servants of God and handmaids of the Merciful, rest ye not for a moment, seek no repose, and ask not for ease and comfort!",,Tablets of ‘Abdu’l-Bahá ‘Abbás vol. 1-3,sheet empty,O ye friends of Abdul-Baha! His honor Mr. Woodcock wrote a letter and in that letter he me… (AB00764) — «پس ای عباد الهی و اماء رحمانی دمی نیاسائید و راحتی مجوئید و سکون و قرار نیابید شب و روز به جان و دل بکوشید که نفحات فردوس منتشر نمائید و آهنگ ملکوت ابهی بلند کن»,linked translation,,پس ای عباد الهی و اماء رحمانی دمی نیاسائید و راحتی مجوئید و سکون و قرار نیابید شب و روز به جان و دل بکوشید که نفحات فردوس منتشر نمائید و آهنگ ملکوت ابهی بلند کن,,https://portlandiator.github.io/PI_browser/?id=AB00764,https://oceanlibrary.com/tablets-of-abdul-baha-abbas-vol-1-3?paraId=para_3849
349,"The first attribute of perfection is learning and the cultural attainments of the mind, and this eminent station is achieved when the individual combines in himself a thorough knowledge of those compl",The Secret of Divine Civilization,The Secret of Divine Civilization,agree,Madaniyyih (The Secret of Divine Civilization) (AB00004) — «و روابط ترقّی و تمدّن ملّت باهره و اطّلاع بر قوانين» — https://oceanoflights.org/abdul-baha-bkw19-fa/,linked translation,,و روابط ترقّی و تمدّن ملّت باهره و اطّلاع بر قوانين,https://oceanoflights.org/abdul-baha-bkw19-fa/,https://portlandiator.github.io/PI_browser/?id=AB00004,https://oceanlibrary.com/secret-of-divine-civilization_abdul-baha
350,"Man should so surrender his will to God, and become so oblivious of his own pursuits, that he may attain unto the station of living sacrifice: Thus, if he sleepeth, it should not be for the sake of bo",,Bahá’í World Faith (‘Abdu’l-Bahá section),sheet empty,O Lord! Bestow prosperity and blessedness upon Washington; illumine that region and realm … (AB10703) — «هفتم محویّت و فناست یعنی انسان باید بکلّی فانی در حقّ شود جمیع شئونش را فراموش کند تا بتواند در مقام فدا قیام نماید بقسمیکه اگر بخواب رود بجهت استراحت بدن نباشد»,linked translation,,هفتم محویّت و فناست یعنی انسان باید بکلّی فانی در حقّ شود جمیع شئونش را فراموش کند تا بتواند در مقام فدا قیام نماید بقسمیکه اگر بخواب رود بجهت استراحت بدن نباشد,,https://portlandiator.github.io/PI_browser/?id=AB10703,https://oceanlibrary.com/bahai-world-faith-abdul-baha-section_2?paraId=para_586
351,The inability of the materialistic mind to grasp the idea of the Life Eternal is no proof of the non-existence of that life.,Paris Talks,Paris Talks,agree,"Possibly: Words spoken at Dreyfus home in Paris, 1911-Nov-10 (ABU0054) — «اميدوارم ان شاء اللّه احساسات روحانی شما روز بروز زياد شود»",possible — verify,,اميدوارم ان شاء اللّه احساسات روحانی شما روز بروز زياد شود,,https://portlandiator.github.io/PI_browser/?id=ABU0054,https://oceanlibrary.com/paris-talks_abdul-baha?paraId=para_527
352,"As the spirit of man lives forever after casting off this elemental frame, it is, like all existing things, undoubtedly capable of progress, and thus one may pray for a departed soul to advance, to be",Some Answered Questions,Some Answered Questions,agree,"Chapter 63, The Progress of All Things Within their Own Degree (AB01145) — «چون روح انسانی بعد از خلع اين قالب عنصری حيات جاودانی دارد البتّه شیء موجود قابل ترقّيست . لهذا از برای انسان بعد از وفات طلب ترقّی و طلب عفو و طلب عنايت و طلب » — https://oceanoflights.org/abdul-baha-bkw22-4-18-fa/",linked translation,,چون روح انسانی بعد از خلع اين قالب عنصری حيات جاودانی دارد البتّه شیء موجود قابل ترقّيست . لهذا از برای انسان بعد از وفات طلب ترقّی و طلب عفو و طلب عنايت و طلب ,https://oceanoflights.org/abdul-baha-bkw22-4-18-fa/,https://portlandiator.github.io/PI_browser/?id=AB01145,https://oceanlibrary.com/some-answered-questions_abdul-baha?paraId=para_800
353,You have asked concerning eternal life and entrance into the Kingdom.,Some Answered Questions,Some Answered Questions,agree,"Chapter 69, The Influence of the Stars and the Interconnectedness of All Things (AB00475) — «( سز ) حيات ابديّه و دخول در ملکوت» — https://oceanoflights.org/abdul-baha-bkw22-4-24-fa/",linked translation,,( سز ) حيات ابديّه و دخول در ملکوت,https://oceanoflights.org/abdul-baha-bkw22-4-24-fa/,https://portlandiator.github.io/PI_browser/?id=AB00475,https://oceanlibrary.com/some-answered-questions_abdul-baha?paraId=para_842
354,O ye true friends of the Most Great Name and spiritual companions of the Ancient Beauty!,,Bahá’í World Faith (‘Abdu’l-Bahá section),sheet empty,O friends of God! Praise be to God that ye have been favored with the effulgent rays of th… (BH03996) — «ای دوستان الهی الحمد للّه باشراقات انوار شمس حقیقت فائز شدید و بکعبهٴ عرفان بعد از اعراض اهل امکان توجّه نمودید کلّ نفوس الیوم هالک و فانی مشاهده میشوند الّا نف»,linked translation,,ای دوستان الهی الحمد للّه باشراقات انوار شمس حقیقت فائز شدید و بکعبهٴ عرفان بعد از اعراض اهل امکان توجّه نمودید کلّ نفوس الیوم هالک و فانی مشاهده میشوند الّا نف,,https://portlandiator.github.io/PI_browser/?id=BH03996,https://oceanlibrary.com/bahai-world-faith-abdul-baha-section_2?paraId=para_413
355,The radiance of the Ever-Loving Lord was shed upon the East and the West from Persia.,,O Persian friends! Jinab-i-Jamshid hath written a letter and made mention of those spiritu…,sheet empty,Possibly: O Persian friends! Jinab-i-Jamshid hath written a letter and made mention of those spiritu… (AB00144) — «تا توانید قلوب را صافی کُنید و صدور را لطیف نمائید و دیده را پاک و مُنزّه کُنید و گوش را مُستعدّ استماع نمائید تا آن انوار در صفحات قلوب و اسرار در نهایت تلئلأ »,possible — verify,,تا توانید قلوب را صافی کُنید و صدور را لطیف نمائید و دیده را پاک و مُنزّه کُنید و گوش را مُستعدّ استماع نمائید تا آن انوار در صفحات قلوب و اسرار در نهایت تلئلأ ,,https://portlandiator.github.io/PI_browser/?id=AB00144,https://portlandiator.github.io/PI_browser/?id=AB00144
356,"The beloved of the Lord must stand fixed as the mountains, firm as impregnable walls.",Selections from the Writings of ’Abdu’l-Bahá,Selections from the Writings of ‘Abdu’l-Bahá,agree,"I Draw Nigh Unto Thee, O My God, In The Gloom Of This Dark Night (Makátíb 6:86) (AB00034) — «چون جبل متین باشند و چون بنیان رزین رصین از شدائد بلایا مضطرب نگردند و از عظائم رزایا محزون نشوند توسل بذیل كبریاء جویند و توكل بجمال اعلی نمایند تكیه بر عون و » — https://oceanoflights.org/abdul-baha-makatib6-086/",linked translation,,چون جبل متین باشند و چون بنیان رزین رصین از شدائد بلایا مضطرب نگردند و از عظائم رزایا محزون نشوند توسل بذیل كبریاء جویند و توكل بجمال اعلی نمایند تكیه بر عون و ,https://oceanoflights.org/abdul-baha-makatib6-086/,https://portlandiator.github.io/PI_browser/?id=AB00034,https://oceanlibrary.com/selections-from-the-writings-of-abdul-baha?paraId=para_29
357,"You belong to the world of purity, and are not content to live the life of the animal, spending your days in eating, drinking, and sleeping.",Paris Talks,Paris Talks,agree,Words spoken on 1911-Nov-23 in Paris (ABU0665) — «از عالم پاک هم نصيب داريد مثل اين حيوانات نيستيد که همه در فکر امور ماديه اند و خوردن و خوابيدن و نوشيدن و چميدن و باليدن و اندوختن و نهايت آرزوشان چمن سبزی است»,linked translation,,از عالم پاک هم نصيب داريد مثل اين حيوانات نيستيد که همه در فکر امور ماديه اند و خوردن و خوابيدن و نوشيدن و چميدن و باليدن و اندوختن و نهايت آرزوشان چمن سبزی است,,https://portlandiator.github.io/PI_browser/?id=ABU0665,https://oceanlibrary.com/paris-talks_abdul-baha
358,The cornerstone of the Religion of God is the acquisition of the Divine perfections and the sharing in His manifold bestowals.,,Tablets of Bahá’u’lláh Revealed After the Kitáb-i-Aqdas,sheet empty,The Hidden Words (BH09162) — «بايد حبه هاى حكمت و علم را در ارصض طيبه قلب مبذول داريد … بايد حبه هاى حكمت و علم را در ارصض طيبه قلب مبذول داريد و مستور نمائيد» — https://oceanoflights.org/bahaullah-inba-030-fa/,linked translation,REVIEW: tablet is by the other author,بايد حبه هاى حكمت و علم را در ارصض طيبه قلب مبذول داريد … بايد حبه هاى حكمت و علم را در ارصض طيبه قلب مبذول داريد و مستور نمائيد,https://oceanoflights.org/bahaullah-inba-030-fa/,https://portlandiator.github.io/PI_browser/?id=BH09162,https://siftersearch.com/library/bahai/core-publications/tablets-of-bahaullah-revealed-after-the-kitab-i-aqdas#p377
359,All over the world one hears beautiful sayings extolled and noble precepts admired.,Paris Talks,Paris Talks,agree,Words spoken on 1911-Nov-08 in Paris (ABU0660) — «جمیع عالم از حیثیّت اقوال کاملند جمیع ذکر میکنند که محبّ خیرند جمیع میگویند صدق مقبول است و کذب مذموم امانت فضیلت عالم انسانی است و خیانت ذلّت عالم انسانی دلها »,linked translation,,جمیع عالم از حیثیّت اقوال کاملند جمیع ذکر میکنند که محبّ خیرند جمیع میگویند صدق مقبول است و کذب مذموم امانت فضیلت عالم انسانی است و خیانت ذلّت عالم انسانی دلها ,,https://portlandiator.github.io/PI_browser/?id=ABU0660,https://oceanlibrary.com/paris-talks_abdul-baha
360,"Bahá’u’lláh—may my life, my soul, my spirit be offered up as a sacrifice unto His lowly servants—hath, during His last days on earth, given the most emphatic promise that, through the outpourings of t",Selections from the Writings of ‘Abdu’l-Bahá,Selections from the Writings of ‘Abdu’l-Bahá,agree,O Salamander of the Kindled Fire (Muntakhabát 1:203) (AB01587) — «_ ٢٠٤ ای سمندر نار موقده در سدره سینآء جمال مبارک روحی و ذاتی و کینونتی لأرقائه الفدا در اواخر ایام از فم مطهر وعده فرمودند که بفیض مدرار و تأییدات ملکوت اسرار » — https://oceanoflights.org/abdul-baha-muntakhabati1-203/,linked translation,,_ ٢٠٤ ای سمندر نار موقده در سدره سینآء جمال مبارک روحی و ذاتی و کینونتی لأرقائه الفدا در اواخر ایام از فم مطهر وعده فرمودند که بفیض مدرار و تأییدات ملکوت اسرار ,https://oceanoflights.org/abdul-baha-muntakhabati1-203/,https://portlandiator.github.io/PI_browser/?id=AB01587,https://oceanlibrary.com/selections-from-the-writings-of-abdul-baha?paraId=para_1308
361,O ye roses in the garden of God’s love!,Selections from the Writings of ’Abdu’l-Bahá,Selections from the Writings of ‘Abdu’l-Bahá,agree,O Flowers of the Garden of the Love of God (Muntakhabát 1:209) (AB01594) — «_ ٢١٠ ای گلهای گلشن محبت الله و ای سراجهای روشن انجمن معرفت الله علیکم نفحات الله و اشرق آفاق قلوبکم ببهآءالله شما امواج بحر عرفانید و افواج میدان ایقان نجوم فل» — https://oceanoflights.org/abdul-baha-muntakhabati1-209/,linked translation,,_ ٢١٠ ای گلهای گلشن محبت الله و ای سراجهای روشن انجمن معرفت الله علیکم نفحات الله و اشرق آفاق قلوبکم ببهآءالله شما امواج بحر عرفانید و افواج میدان ایقان نجوم فل,https://oceanoflights.org/abdul-baha-muntakhabati1-209/,https://portlandiator.github.io/PI_browser/?id=AB01594,https://oceanlibrary.com/selections-from-the-writings-of-abdul-baha?paraId=para_1364
362,Never lose thy trust in God.,Selections from the Writings of ’Abdu’l-Bahá,Selections from the Writings of ‘Abdu’l-Bahá,agree,Never Lose Thy Trust in God (Muntakhabát 1:177) (AB04183) — «ابدا امید را از خدا قطع منما در هر حال امیدوار باش زیرا الطاف حق در هر حالت از انسان منقطع نگردد اگر از جهتی قلت یابد از جهات سائره کاملست در هر صورت انسان در د» — https://oceanoflights.org/abdul-baha-muntakhabati1-177/,linked translation,,ابدا امید را از خدا قطع منما در هر حال امیدوار باش زیرا الطاف حق در هر حالت از انسان منقطع نگردد اگر از جهتی قلت یابد از جهات سائره کاملست در هر صورت انسان در د,https://oceanoflights.org/abdul-baha-muntakhabati1-177/,https://portlandiator.github.io/PI_browser/?id=AB04183,https://oceanlibrary.com/selections-from-the-writings-of-abdul-baha?paraId=para_1096
363,"Mortal charm shall fade away, roses shall give way to thorns, and beauty and youth shall live their day and be no more.",,Selections from the Writings of ‘Abdu’l-Bahá,sheet empty,O Thou Who Art Enamoured of the Beauty of Truth (Muntakhabát 1:174) (AB10589) — «١٧٥ ای مفتون جمال حقیقت حسنها زائل گردد و گلها خار برویاند و ملاحت و صباحت و آن و اوانش بگذرد ولی جمال حقیقی در تجلی و حسن و آنش ابدی سرمدی دائما ابدا جلوه دلرب» — https://oceanoflights.org/abdul-baha-muntakhabati1-174/,linked translation,,١٧٥ ای مفتون جمال حقیقت حسنها زائل گردد و گلها خار برویاند و ملاحت و صباحت و آن و اوانش بگذرد ولی جمال حقیقی در تجلی و حسن و آنش ابدی سرمدی دائما ابدا جلوه دلرب,https://oceanoflights.org/abdul-baha-muntakhabati1-174/,https://portlandiator.github.io/PI_browser/?id=AB10589,https://oceanlibrary.com/selections-from-the-writings-of-abdul-baha?paraId=para_1083
364,"That Assembly resteth in the sheltering shade of the Lord of all bounties, and it is my hope that, as beseemeth that body, it will be favoured and invigorated by the breathings of the Holy Spirit, and",Selections from the Writings of ’Abdu’l-Bahá,Selections from the Writings of ‘Abdu’l-Bahá,agree,O Spiritual Friends of ‘Abdu’l-Bahá (Muntakhabát 1:173) (AB01432) — «و معانی دلیل بر ثبوت و رسوخ بر امر الهی آن انجمن در ظل حمایت رب ذوالمنن است و امیدوارم که چنانچه باید و شاید مؤید بفیض نفحه روح القدس گردد و روز بروز در محبت ال» — https://oceanoflights.org/abdul-baha-muntakhabati1-173/,linked translation,,و معانی دلیل بر ثبوت و رسوخ بر امر الهی آن انجمن در ظل حمایت رب ذوالمنن است و امیدوارم که چنانچه باید و شاید مؤید بفیض نفحه روح القدس گردد و روز بروز در محبت ال,https://oceanoflights.org/abdul-baha-muntakhabati1-173/,https://portlandiator.github.io/PI_browser/?id=AB01432,https://oceanlibrary.com/selections-from-the-writings-of-abdul-baha?paraId=para_1076
365,Servitude to God lieth in servitude to the friends.,,Compilation for the 2018 Counsellors’ Conference,sheet empty,"O Servant Of God, True Greatness Is In Servitude (Muntakhabát 2:155) (AB09838) — «و بندگی حق در عبودیت یاران باید انسان جوهر خضوع شود و حقیقت خشوع فانی محض گردد و فارغ از هر مرض تا آنکه سزاوار عبودیت درگه پروردگار شود» — https://oceanoflights.org/abdul-baha-muntakhabati2-155/",linked translation,,و بندگی حق در عبودیت یاران باید انسان جوهر خضوع شود و حقیقت خشوع فانی محض گردد و فارغ از هر مرض تا آنکه سزاوار عبودیت درگه پروردگار شود,https://oceanoflights.org/abdul-baha-muntakhabati2-155/,https://portlandiator.github.io/PI_browser/?id=AB09838,https://oceanlibrary.com/compilation-for-the-2018-counsellors-conference_bahaullah?paraId=para_30
366,Encourage the friends and bring exhilaration and joy to the Bahá’ís.,,Tablets of ‘Abdu’l-Bahá ‘Abbás vol. 1-3,sheet empty,O thou dear maidservant of God! Thy letter was received. Praise God! for thou didst hear t… (AB05248) — «حال تو بیدار بودی لهذا اقبال کردی و بخدمت کلمة اللّه پرداختی قدر این موهبت بدان و مانند شمع بنور محبّت اللّه در آن جمع برافروز یارانرا تشویق کن و بهائیانرا بوجد»,linked translation,,حال تو بیدار بودی لهذا اقبال کردی و بخدمت کلمة اللّه پرداختی قدر این موهبت بدان و مانند شمع بنور محبّت اللّه در آن جمع برافروز یارانرا تشویق کن و بهائیانرا بوجد,,https://portlandiator.github.io/PI_browser/?id=AB05248,https://oceanlibrary.com/tablets-of-abdul-baha-abbas-vol-1-3?paraId=para_4480
367,"Praise be to God, thy heart is engaged in the commemoration of God, thy soul is gladdened by the glad tidings of God and thou art absorbed in prayer.",Selections from the Writings of ’Abdu’l-Bahá,Selections from the Writings of ‘Abdu’l-Bahá,agree,On the State of Prayer and Communion in Solitude (Muntakhabát 1:171) (AB10952) — «_ ١٧٢ الحمد لله قلبت متذکر بذکر الهی و روحت مستبشر ببشارات الله است و مشغول بمناجاتی حالت مناجات بهترین حالات است زیرا انسان با خدا الفت مینماید علی الخصوص مناج» — https://oceanoflights.org/abdul-baha-muntakhabati1-171/,linked translation,,_ ١٧٢ الحمد لله قلبت متذکر بذکر الهی و روحت مستبشر ببشارات الله است و مشغول بمناجاتی حالت مناجات بهترین حالات است زیرا انسان با خدا الفت مینماید علی الخصوص مناج,https://oceanoflights.org/abdul-baha-muntakhabati1-171/,https://portlandiator.github.io/PI_browser/?id=AB10952,https://oceanlibrary.com/selections-from-the-writings-of-abdul-baha?paraId=para_1069
368,O handmaid of God! Prayers are granted through the universal Manifestations of God.,Selections from the Writings of ’Abdu’l-Bahá,Selections from the Writings of ‘Abdu’l-Bahá,agree,"On the Holy Spirit, Prayer, and Spiritual Influence (Muntakhabát 1:138) (AB00152) — «ای امة الله هر چند حقیقت الوهیت مقدس و نامحدود است ولی مقاصد و حاجات عباد محدود فیض الهی مانند باران آسمانیست آب را هیچ شکلی و حدودی نه لکن در هر موضعی بحسب است» — https://oceanoflights.org/abdul-baha-muntakhabati1-138/",linked translation,,ای امة الله هر چند حقیقت الوهیت مقدس و نامحدود است ولی مقاصد و حاجات عباد محدود فیض الهی مانند باران آسمانیست آب را هیچ شکلی و حدودی نه لکن در هر موضعی بحسب است,https://oceanoflights.org/abdul-baha-muntakhabati1-138/,https://portlandiator.github.io/PI_browser/?id=AB00152,https://oceanlibrary.com/selections-from-the-writings-of-abdul-baha?paraId=para_839
369,"In the beginning of his life man was in the world of the womb, wherein he developed the capacity and worthiness to advance to this world.",,The Promulgation of Universal Peace,sheet empty,Public address given at 309 W 78th St on 1912-Jul-06 (ABU0112) — «در بدایت حیاتش انسان در عالم رحم بود و در عالم رحم استعداد و لیاقت ترقّی باین عالم حاصل کرد و قوائیکه در این عالم لازم بود در آنعالم تحصیل نمود چشم لازم داشت در»,linked translation,,در بدایت حیاتش انسان در عالم رحم بود و در عالم رحم استعداد و لیاقت ترقّی باین عالم حاصل کرد و قوائیکه در این عالم لازم بود در آنعالم تحصیل نمود چشم لازم داشت در,,https://portlandiator.github.io/PI_browser/?id=ABU0112,https://oceanlibrary.com/promulgation-of-universal-peace_abdul-baha?paraId=para_1105
370,Truthfulness is the foundation of all human virtues.,"Law, Application of",Bahá’í World Faith (‘Abdu’l-Bahá section),DIFFERS,O Lord! Bestow prosperity and blessedness upon Washington; illumine that region and realm … (AB10703) — «رابع صدقست زیرا راستی اساس جمیع فضائل عالم انسانیست و جز براستی از برای نفسی در جمیع عوالم الهیّه نجاح و فلاح محالست و این صفت مقدّسه چون در انسان تمکّن یابد جم»,linked translation,,رابع صدقست زیرا راستی اساس جمیع فضائل عالم انسانیست و جز براستی از برای نفسی در جمیع عوالم الهیّه نجاح و فلاح محالست و این صفت مقدّسه چون در انسان تمکّن یابد جم,,https://portlandiator.github.io/PI_browser/?id=AB10703,https://oceanlibrary.com/bahai-world-faith-abdul-baha-section_2?paraId=para_583
371,O ye beloved of the Lord!,Selections from the Writings of ’Abdu’l-Bahá,Selections from the Writings of ‘Abdu’l-Bahá,agree,On Kindness to Animals (Muntakhabát 1:137) (AB00890) — «_ ١٣٨ای احبای الهی اساس ملکوت الهی بر عدل و انصاف و رحم و مروت و مهربانی بهر نفسی است پس بجان و دل باید بکوشید تا بعالم انسانی من دون استثناء محبت و مهربانی نما» — https://oceanoflights.org/abdul-baha-muntakhabati1-137/,linked translation,,_ ١٣٨ای احبای الهی اساس ملکوت الهی بر عدل و انصاف و رحم و مروت و مهربانی بهر نفسی است پس بجان و دل باید بکوشید تا بعالم انسانی من دون استثناء محبت و مهربانی نما,https://oceanoflights.org/abdul-baha-muntakhabati1-137/,https://portlandiator.github.io/PI_browser/?id=AB00890,https://oceanlibrary.com/selections-from-the-writings-of-abdul-baha?paraId=para_828
372,"Those persons who are selected to serve the public, or are appointed to administrative positions, should perform their duties in a spirit of true servitude and ready compliance.","Bahá’í Ethics in Light of Scripture, Vol. 2","O God! O Thou Who hast singled out, through Thy mercy, those who bow down before Thee, and…",DIFFERS,Possibly: O thou who art firm in the Covenant! Thy letter was received and its contents became known… (AB10467) — «که در ادارهٴ حکومت مستخدمند باید بنهایت صداقت و امانت و عفّت و استقامت و پاکی و آزادگی خدمت نمایند دامن خویش بمنافع شخصیّه نیالایند و بسبب دنیای فانیه خود را بد»,possible — verify,,که در ادارهٴ حکومت مستخدمند باید بنهایت صداقت و امانت و عفّت و استقامت و پاکی و آزادگی خدمت نمایند دامن خویش بمنافع شخصیّه نیالایند و بسبب دنیای فانیه خود را بد,,https://portlandiator.github.io/PI_browser/?id=AB10467,https://portlandiator.github.io/PI_browser/?id=AB00817
373,"If a man were to perform every good work, yet fail in the least scruple to be entirely trustworthy and honest, his good works would become as dry tinder and his failure as a soul-consuming fire.",Baha'i Feast Book,O thou who art firm in the Covenant! Thy letter was received and its contents became known…,DIFFERS,Possibly: O thou who art firm in the Covenant! Thy letter was received and its contents became known… (AB01059) — «اگر نفسی بجمیع اعمال خیریّه قائم ولی در امانت و دیانت ذرّه‌ئی قاصر اعمال خیریّه مانند سپند گردد و آن قصور آتش جانسوز شود ولی اگر در جمیع امور قاصر لکن به امانت »,possible — verify,,اگر نفسی بجمیع اعمال خیریّه قائم ولی در امانت و دیانت ذرّه‌ئی قاصر اعمال خیریّه مانند سپند گردد و آن قصور آتش جانسوز شود ولی اگر در جمیع امور قاصر لکن به امانت ,,https://portlandiator.github.io/PI_browser/?id=AB01059,https://portlandiator.github.io/PI_browser/?id=AB01059
374,Then it is clear that the honour and exaltation of man cannot reside solely in material delights and earthly benefits.,Some Answered Questions: Study Guide,Some Answered Questions,agree,"Chapter 15, True Felicity (AB00476) — «پس واضح و معلوم شد که اين نعمت و راحت و ثروت جسمانيّه سعادت تامّه جماد و نبات و حيوان است و هيچ ثروت و غنائی و راحت و آسايشی در عالم جسمانی مثل غنای اين طيور ني» — https://oceanoflights.org/abdul-baha-bkw22-1-15-fa/",linked translation,,پس واضح و معلوم شد که اين نعمت و راحت و ثروت جسمانيّه سعادت تامّه جماد و نبات و حيوان است و هيچ ثروت و غنائی و راحت و آسايشی در عالم جسمانی مثل غنای اين طيور ني,https://oceanoflights.org/abdul-baha-bkw22-1-15-fa/,https://portlandiator.github.io/PI_browser/?id=AB00476,https://oceanlibrary.com/some-answered-questions_abdul-baha?paraId=para_265
375,O beloved friends of ‘Abdu’l-Bahá!,sarracino_what_spirituality_like,Light of the World,DIFFERS,O beloved friends of ‘Abdu’l-Baha! No sooner had the Hand of divine power raised the taber… (AB01083) — «ای یاران عزیز عبدالبهآء ید قدرت الهیّه چون خیمهٴ عزّت ابدیّهٴ وحدت عالم انسانیرا در قطب امکان برافراخت ابواب رحمت کبری بر روی همهٴ ما بگشاد و در کلمات مکنونه خط»,linked translation,,ای یاران عزیز عبدالبهآء ید قدرت الهیّه چون خیمهٴ عزّت ابدیّهٴ وحدت عالم انسانیرا در قطب امکان برافراخت ابواب رحمت کبری بر روی همهٴ ما بگشاد و در کلمات مکنونه خط,,https://portlandiator.github.io/PI_browser/?id=AB01083,https://oceanlibrary.com/light-of-the-world_abdul-baha?paraId=para_244
376,There are three types of freedom.,Academic Methodologies,Issues Related to the Study of the Bahá'í Faith,DIFFERS,Possibly: Kitab-i-Aqdas (The Most Holy Book) (BH00001) — «انّا نرى بعض النّاس ارادوا الحرّيّة ويفتخرون بها اولئك في جهل مبين (123) انّ الحرّيّة تنتهي عواقبها الى الفتنة الّتي لا تخمد نارها كذلك يخبركم المحصي العليم ف» — https://oceanoflights.org/bahaullah-st-015-ar/,possible — verify,REVIEW: tablet is by the other author,انّا نرى بعض النّاس ارادوا الحرّيّة ويفتخرون بها اولئك في جهل مبين (123) انّ الحرّيّة تنتهي عواقبها الى الفتنة الّتي لا تخمد نارها كذلك يخبركم المحصي العليم ف,https://oceanoflights.org/bahaullah-st-015-ar/,https://portlandiator.github.io/PI_browser/?id=BH00001,https://oceanlibrary.com/issues-related-to-the-study-of-the-bahai-faith_bahaullah?paraId=para_185
377,"Consider whether there exists anywhere in creation a principle mightier in every sense than religion, or whether any conceivable power is more pervasive than the various divine Faiths, or whether any",The Secret of Divine Civilization,The Secret of Divine Civilization,agree,Madaniyyih (The Secret of Divine Civilization) (AB00004) — «وسيلهء محبّت و الفت و اتّحاد و يگانگی تامّ چون ايمان» — https://oceanoflights.org/abdul-baha-bkw19-fa/,linked translation,,وسيلهء محبّت و الفت و اتّحاد و يگانگی تامّ چون ايمان,https://oceanoflights.org/abdul-baha-bkw19-fa/,https://portlandiator.github.io/PI_browser/?id=AB00004,https://oceanlibrary.com/secret-of-divine-civilization_abdul-baha
378,"How good it is if the friends be as close as sheaves of light, if they stand together side by side in a firm unbroken line.",Selections from the Writings of ’Abdu’l-Bahá,Selections from the Writings of ‘Abdu’l-Bahá,agree,O Two Handmaidens Near unto the Lord (Muntakhabát 1:35) (AB01189) — «اگر یاران مانند دسته شعاع همدم باشند و متفق و متحد و ثابت قدم زیرا پرتو حقیقت از شمس وجود وحدت سجود افاضه فرمود و کل را از فیض نامحدود در ظل ممدود محشور نمود پس» — https://oceanoflights.org/abdul-baha-muntakhabati1-35/,linked translation,,اگر یاران مانند دسته شعاع همدم باشند و متفق و متحد و ثابت قدم زیرا پرتو حقیقت از شمس وجود وحدت سجود افاضه فرمود و کل را از فیض نامحدود در ظل ممدود محشور نمود پس,https://oceanoflights.org/abdul-baha-muntakhabati1-35/,https://portlandiator.github.io/PI_browser/?id=AB01189,https://oceanlibrary.com/selections-from-the-writings-of-abdul-baha?paraId=para_324
379,The mystery of sacrifice is for man to yield up all that pertaineth unto him for those things that pertain unto God.,,Tablets of ‘Abdu’l-Bahá ‘Abbás vol. 1-3,sheet empty,"O thou who art attracted by the Fragrances of God! Verily, I noted thy letter and utteranc… (AB02144) — «یا امةالله انّ سرّ الفدآء ان یفدی الانسان جمیع شئونه لشئون الحقّ و شأن الحقّ الرّأفة و الرّحمة و العفو و الصّفح و الفدآء و العطآء و احیآء الأرواح و ایقاد نار ال»",linked translation,,یا امةالله انّ سرّ الفدآء ان یفدی الانسان جمیع شئونه لشئون الحقّ و شأن الحقّ الرّأفة و الرّحمة و العفو و الصّفح و الفدآء و العطآء و احیآء الأرواح و ایقاد نار ال,,https://portlandiator.github.io/PI_browser/?id=AB02144,https://oceanlibrary.com/tablets-of-abdul-baha-abbas-vol-1-3?paraId=para_468
380,"Regarding the statement in The Hidden Words, that man must renounce his own self, the meaning is that he must renounce his inordinate desires, his selfish purposes and the promptings of his human self",Selections from the Writings of ’Abdu’l-Bahá,Selections from the Writings of ‘Abdu’l-Bahá,agree,On the Meaning of the Hidden Words Concerning Self-Sacrifice and the Covenant (Muntakhabát 1:180) (AB03257) — «_ ١٨١ و اما معنی الکلمات المکنونة الدال علی ان الأنسان یترک نفسه المراد انه یترک شهواته النفسانیة و حاسیاته البشریة و اغراضه الشخصیة و یطلب النفحات الروحانیة و » — https://oceanoflights.org/abdul-baha-muntakhabati1-180/,linked translation,,_ ١٨١ و اما معنی الکلمات المکنونة الدال علی ان الأنسان یترک نفسه المراد انه یترک شهواته النفسانیة و حاسیاته البشریة و اغراضه الشخصیة و یطلب النفحات الروحانیة و ,https://oceanoflights.org/abdul-baha-muntakhabati1-180/,https://portlandiator.github.io/PI_browser/?id=AB03257,https://oceanlibrary.com/selections-from-the-writings-of-abdul-baha?paraId=para_1107
381,It is appropriate and befitting that in this illumined age—the age of the progress of the world of humanity—we should be self-sacrificing and should serve the human race.,Selections from the Writings of ’Abdu’l-Bahá,Selections from the Writings of ‘Abdu’l-Bahá,agree,On the Widening Circles of Human Concern and Universal Service (Muntakhabát 1:33) (AB01704) — «و ترقی عالم انسانی چنین شایسته و سزاوار است که انسان جانفشان عموم گردد و خادم عالم انسانی شود هر امر عمومی الهی است و هر امر خصوصی ناسوتی لهذا مبادی مظاهر مقدسه» — https://oceanoflights.org/abdul-baha-muntakhabati1-33/,linked translation,,و ترقی عالم انسانی چنین شایسته و سزاوار است که انسان جانفشان عموم گردد و خادم عالم انسانی شود هر امر عمومی الهی است و هر امر خصوصی ناسوتی لهذا مبادی مظاهر مقدسه,https://oceanoflights.org/abdul-baha-muntakhabati1-33/,https://portlandiator.github.io/PI_browser/?id=AB01704,https://oceanlibrary.com/selections-from-the-writings-of-abdul-baha?paraId=para_295
382,"Follow thou the way of thy Lord, and say not that which the ears cannot bear to hear, for such speech is like luscious food given to small children.",Selections from the Writings of ’Abdu’l-Bahá,Selections from the Writings of ‘Abdu’l-Bahá,agree,Follow the Way of Thy Lord (Muntakhabát 1:213) — «_ ٢١٤ اتبع سنة ربک و لا تقل ما لم تسطع الآذان علی استماعه لانه بمثابة الموائد الطیبة للصبیان و ان الاطعمة مهما کانت لذیذة بدیعة طیبة و لکن لا یتحملها قوآء معاء » — https://oceanoflights.org/abdul-baha-muntakhabati1-213/,linked translation,,_ ٢١٤ اتبع سنة ربک و لا تقل ما لم تسطع الآذان علی استماعه لانه بمثابة الموائد الطیبة للصبیان و ان الاطعمة مهما کانت لذیذة بدیعة طیبة و لکن لا یتحملها قوآء معاء ,https://oceanoflights.org/abdul-baha-muntakhabati1-213/,,https://oceanlibrary.com/selections-from-the-writings-of-abdul-baha?paraId=para_1381
383,Be in perfect unity. Never become angry with one another.,"Bahá’í Ethics in Light of Scripture, Vol. 2",The Promulgation of Universal Peace,DIFFERS,"Address to the children at Plaza Hotel in Chicago, 1912-May-05 (ABU0666) — «و با يکديگر در نهايت اتّحاد باشيد ابداً از يکديگر مکدّر نشويد نظرتان بملکوت حق باشد نه عالم خلق خلق را از برای خدا دوست داريد نه برای خود چون برای خدا دوست ميدا»",linked translation,,و با يکديگر در نهايت اتّحاد باشيد ابداً از يکديگر مکدّر نشويد نظرتان بملکوت حق باشد نه عالم خلق خلق را از برای خدا دوست داريد نه برای خود چون برای خدا دوست ميدا,,https://portlandiator.github.io/PI_browser/?id=ABU0666,https://oceanlibrary.com/promulgation-of-universal-peace_abdul-baha?paraId=para_491
384,"Wherefore must the friends of God, with utter sanctity, with one accord, rise up in the spirit, in unity with one another, to such a degree that they will become even as one being and one soul.",Selections from the Writings of ’Abdu’l-Bahá,Selections from the Writings of ‘Abdu’l-Bahá,agree,O Spiritual Friends of ‘Abdu’l-Bahá (Muntakhabát 1:173) (AB01432) — «پس یاران الهی باید در کمال تنزیه بنهایت اتحاد و اتفاق روحانی قیام نمایند بدرجه ئی که حکم یکروح و یک وجود حاصل کنند در اینمقام اجسام را مدخلی نیست بلکه حکم در کف» — https://oceanoflights.org/abdul-baha-muntakhabati1-173/,linked translation,,پس یاران الهی باید در کمال تنزیه بنهایت اتحاد و اتفاق روحانی قیام نمایند بدرجه ئی که حکم یکروح و یک وجود حاصل کنند در اینمقام اجسام را مدخلی نیست بلکه حکم در کف,https://oceanoflights.org/abdul-baha-muntakhabati1-173/,https://portlandiator.github.io/PI_browser/?id=AB01432,https://oceanlibrary.com/selections-from-the-writings-of-abdul-baha?paraId=para_1079
385,"O ye friends of God! True friends are even as skilled physicians, and the Teachings of God are as healing balm, a medicine for the conscience of man.",Selections from the Writings of ’Abdu’l-Bahá,Selections from the Writings of ‘Abdu’l-Bahá,agree,"On Spiritual Healing, Unity, and Kindness to Friend and Stranger (Makátíb 8:329) (AB00128) — «ای یاران الهی دوستان حقیقی طبیبان حاذقند و تعالیم الهی دریاق رحمانی و درمان وجدانی مشامهای مزکوم باز نمایند و از طیب مشموم نصیب موفور بخشند خفتگانرا بیدار کنند » — https://oceanoflights.org/abdul-baha-makatib8-329/",linked translation,,ای یاران الهی دوستان حقیقی طبیبان حاذقند و تعالیم الهی دریاق رحمانی و درمان وجدانی مشامهای مزکوم باز نمایند و از طیب مشموم نصیب موفور بخشند خفتگانرا بیدار کنند ,https://oceanoflights.org/abdul-baha-makatib8-329/,https://portlandiator.github.io/PI_browser/?id=AB00128,https://oceanlibrary.com/selections-from-the-writings-of-abdul-baha?paraId=para_88
386,"O handmaid of God, peace must first be established among individuals, until it leadeth in the end to peace among nations.",Selections from the Writings of ’Abdu’l-Bahá,Selections from the Writings of ‘Abdu’l-Bahá,agree,On Peace Among Individuals as the Foundation of Universal Peace (Muntakhabát 1:200) (AB05295) — «داد ای کنیز الهی اول باید صلح و سلام بین افراد انسانی تأسیس شود تا منتهی بصلح عمومی گردد پس تا توانید ای بهائیان بین افراد نفوس محبت حقیقی و الفت روحانی و ارتبا» — https://oceanoflights.org/abdul-baha-muntakhabati1-200/,linked translation,,داد ای کنیز الهی اول باید صلح و سلام بین افراد انسانی تأسیس شود تا منتهی بصلح عمومی گردد پس تا توانید ای بهائیان بین افراد نفوس محبت حقیقی و الفت روحانی و ارتبا,https://oceanoflights.org/abdul-baha-muntakhabati1-200/,https://portlandiator.github.io/PI_browser/?id=AB05295,https://oceanlibrary.com/selections-from-the-writings-of-abdul-baha?paraId=para_1282
387,"Note ye how easily, where unity existeth in a given family, the affairs of that family are conducted; what progress the members of that family make, how they prosper in the world.",Selections from the Writings of ’Abdu’l-Bahá,Selections from the Writings of ‘Abdu’l-Bahá,agree,On Unity and Concord Among the Friends (Muntakhabát 1:220) (AB00175) — «ملاحظه نمائید چون اتحاد و اتفاق در میان خاندانی واقع شود چه قدر امور سهل و آسان گردد و چه قدر ترقی و علویت حاصل شود امور منتظم گردد و راحت و آسایش میسر شود خاند» — https://oceanoflights.org/abdul-baha-muntakhabati1-220/,linked translation,,ملاحظه نمائید چون اتحاد و اتفاق در میان خاندانی واقع شود چه قدر امور سهل و آسان گردد و چه قدر ترقی و علویت حاصل شود امور منتظم گردد و راحت و آسایش میسر شود خاند,https://oceanoflights.org/abdul-baha-muntakhabati1-220/,https://portlandiator.github.io/PI_browser/?id=AB00175,https://oceanlibrary.com/selections-from-the-writings-of-abdul-baha?paraId=para_1441
388,"Every person must have an occupation, a trade or a craft, so that he may carry other people’s burdens, and not himself be a burden to others.",,Arts and Crafts,sheet empty,"Possibly: Words to some Persians living in Paris, spoken at Baltimore Hotel on 1913-May-05 (ABU1210) — «بلی انسان باید کسب و کار داشته باشد تا کلّ بر دیگری نشود»",possible — verify,,بلی انسان باید کسب و کار داشته باشد تا کلّ بر دیگری نشود,,https://portlandiator.github.io/PI_browser/?id=ABU1210,https://oceanlibrary.com/arts-and-crafts_bahaullah?paraId=para_45
389,"I hope that thou mayest be protected and assisted under the providence of the True One, be occupied always in mentioning the Lord and display effort to complete thy profession.",Selections from the Writings of ’Abdu’l-Bahá,Tablets of Bahá’u’lláh Revealed After the Kitáb-i-Aqdas,DIFFERS,Bisharat (Glad-Tidings; =Lawh-i-Nida) (BH00568) — «﴿ بشارت دوازدهم ﴾ قُدْ وَجَبَ عَلَی کُلِّ وَاحِدٍ مِنْکُمُ الإِشْتِغَالُ بِأَمْرٍ مِنَ الأُمُورِ مِنَ الصَّنَايِعِ وَ الإِقْتِرَافِ وَ أَمْثَالِهَا وَ جَعَلْنَا» — https://oceanoflights.org/bahaullah-st-132-fa/,linked translation,REVIEW: tablet is by the other author,﴿ بشارت دوازدهم ﴾ قُدْ وَجَبَ عَلَی کُلِّ وَاحِدٍ مِنْکُمُ الإِشْتِغَالُ بِأَمْرٍ مِنَ الأُمُورِ مِنَ الصَّنَايِعِ وَ الإِقْتِرَافِ وَ أَمْثَالِهَا وَ جَعَلْنَا,https://oceanoflights.org/bahaullah-st-132-fa/,https://portlandiator.github.io/PI_browser/?id=BH00568,https://siftersearch.com/library/bahai/core-publications/tablets-of-bahaullah-revealed-after-the-kitab-i-aqdas#p49
390,O thou servant of the One true God!,Selections from the Writings of ’Abdu’l-Bahá,Selections from the Writings of ‘Abdu’l-Bahá,agree,On Arts and Crafts as Worship (Muntakhabát 1:126) (AB06647) — «_ ١٢٧ ای بنده حق بدایع صنایع در این دور جامع از عبادت جمال لامع شمرده گشته ملاحظه فرما که چه عنایتست و چه موهبت که صنعت عبادتست پیشینیان گمان مینمودند که صنعت غ» — https://oceanoflights.org/abdul-baha-muntakhabati1-126/,linked translation,,_ ١٢٧ ای بنده حق بدایع صنایع در این دور جامع از عبادت جمال لامع شمرده گشته ملاحظه فرما که چه عنایتست و چه موهبت که صنعت عبادتست پیشینیان گمان مینمودند که صنعت غ,https://oceanoflights.org/abdul-baha-muntakhabati1-126/,https://portlandiator.github.io/PI_browser/?id=AB06647,https://oceanlibrary.com/selections-from-the-writings-of-abdul-baha?paraId=para_765
391,"Among certain nations … music was considered reprehensible, but in this new age the Manifest Light hath, in His holy Tablets, specifically proclaimed that music, sung or played, is spiritual food for",Selections from the Writings of ’Abdu’l-Bahá,Selections from the Writings of ‘Abdu’l-Bahá,agree,On Music and the Chanting of the Divine Verses (Muntakhabát 1:73) (AB06303) — «و تعصبات اهالی شرق را ذم و قدح نموده در میان بعضی از ملل شرق نغمه و آهنگ مذموم بود … ولی در این دور بدیع نور مبین در الواح مقدسه تصریح فرمود که آهنگ و آواز رزق » — https://oceanoflights.org/abdul-baha-muntakhabati1-73/,linked translation,,و تعصبات اهالی شرق را ذم و قدح نموده در میان بعضی از ملل شرق نغمه و آهنگ مذموم بود … ولی در این دور بدیع نور مبین در الواح مقدسه تصریح فرمود که آهنگ و آواز رزق ,https://oceanoflights.org/abdul-baha-muntakhabati1-73/,https://portlandiator.github.io/PI_browser/?id=AB06303,https://oceanlibrary.com/selections-from-the-writings-of-abdul-baha?paraId=para_532
392,Guide ye the people and educate them in the ways of ‘Abdu’l-Bahá.,Selections from the Writings of ‘Abdu’l-Bahá,Selections from the Writings of ‘Abdu’l-Bahá,agree,On the American Believers' Pact of Unity and the Healing of the Ailing World (Muntakhabát 1:199) (AB00027) — «و بهدایت خلق پردازید و نفوس را بخلق و خوی عبدالبهآء تربیت نمائید و بشارت ملکوت ابهی بخلق برسانید شب و روز آرام نگیرید و دقیقه ئی نیارمید بکمال همت این بشارت را » — https://oceanoflights.org/abdul-baha-muntakhabati1-199/,linked translation,,و بهدایت خلق پردازید و نفوس را بخلق و خوی عبدالبهآء تربیت نمائید و بشارت ملکوت ابهی بخلق برسانید شب و روز آرام نگیرید و دقیقه ئی نیارمید بکمال همت این بشارت را ,https://oceanoflights.org/abdul-baha-muntakhabati1-199/,https://portlandiator.github.io/PI_browser/?id=AB00027,https://oceanlibrary.com/selections-from-the-writings-of-abdul-baha?paraId=para_1278
393,O ye my spiritual friends!,Selections from the Writings of ’Abdu’l-Bahá,Selections from the Writings of ‘Abdu’l-Bahá,agree,"Thou Seest Me, O My God, Bowed Down in Lowliness (Muntakhabát 1:189) (AB00156) — «زیرا سبیل مقطوع رفیق ممنوع صدیق محروم و عوانان محیط مراقبان ذو بأس شدید هر دمی بلائی و در هر نفسی آلامی خویش و بیگانه هر دو مهاجم بلکه یاران بیوفا بیش از اعدا ب» — https://oceanoflights.org/abdul-baha-muntakhabati1-189/",linked translation,,زیرا سبیل مقطوع رفیق ممنوع صدیق محروم و عوانان محیط مراقبان ذو بأس شدید هر دمی بلائی و در هر نفسی آلامی خویش و بیگانه هر دو مهاجم بلکه یاران بیوفا بیش از اعدا ب,https://oceanoflights.org/abdul-baha-muntakhabati1-189/,https://portlandiator.github.io/PI_browser/?id=AB00156,https://oceanlibrary.com/selections-from-the-writings-of-abdul-baha?paraId=para_1190
394,"Wherefore, O ye faithful friends, it behoveth you all to join ‘Abdu’l-Bahá in self-sacrifice and in service to the Cause of God and thraldom to His divine Threshold.",,Light of the World,sheet empty,On the New Age and the Spiritual Springtime of Divine Bounty (Muntakhabát 2:37) (AB00299) — «پس ای یاران وفا باید کل در جانفشانی و خدمت آستان الهی و عبودیت درگاه حضرت نامتناهی سهیم و شریک عبدالبهاء گردید اگر باین موهبت کبری موفق شوید در اندک زمانی آفاق » — https://oceanoflights.org/abdul-baha-muntakhabati2-37/,linked translation,,پس ای یاران وفا باید کل در جانفشانی و خدمت آستان الهی و عبودیت درگاه حضرت نامتناهی سهیم و شریک عبدالبهاء گردید اگر باین موهبت کبری موفق شوید در اندک زمانی آفاق ,https://oceanoflights.org/abdul-baha-muntakhabati2-37/,https://portlandiator.github.io/PI_browser/?id=AB00299,https://oceanlibrary.com/light-of-the-world_abdul-baha?paraId=para_354
395,"The aim of the Bahá’ís is to raise aloft the banner of the world’s Great Peace, to eradicate the foundations of war and conflict throughout all regions, to gather together all the divers nations and p",,Thy letter hath been received.  Do thou thy utmost to show Jalalu’d-Dawlih and other Irani…,sheet empty,Possibly: Thy letter hath been received.  Do thou thy utmost to show Jalalu’d-Dawlih and other Irani… (AB11862) — «بهائیان را مراد چنان که عَلَم صلح اکبر بلند نمایند و بنیان جنگ و جدال را از جمیع آفاق براندازند جمیع ملل و طوائف مختلفه را در ظلّ خیمهٴ یک‌رنگ الهی درآرند و تعص»,possible — verify,,بهائیان را مراد چنان که عَلَم صلح اکبر بلند نمایند و بنیان جنگ و جدال را از جمیع آفاق براندازند جمیع ملل و طوائف مختلفه را در ظلّ خیمهٴ یک‌رنگ الهی درآرند و تعص,,https://portlandiator.github.io/PI_browser/?id=AB11862,https://portlandiator.github.io/PI_browser/?id=AB11862
396,"Today, all the peoples of the world are indulging in self-interest and exert the utmost effort and endeavour to promote their own material interests.",Selections from the Writings of ’Abdu’l-Bahá,Selections from the Writings of ‘Abdu’l-Bahá,agree,O Ye Who Are Firm In The Covenant (Muntakhabát 1:67) — «امروز جمیع طوائف عالم بخود پرستی مشغول نهایت سعی و کوشش مینمایند که منافع ناسوتی خویش را ترویج نمایند خود را میپرستند نه ذات الهی را و نه عالم انسانیرا منفعت خو» — https://oceanoflights.org/abdul-baha-muntakhabati1-67/,linked translation,,امروز جمیع طوائف عالم بخود پرستی مشغول نهایت سعی و کوشش مینمایند که منافع ناسوتی خویش را ترویج نمایند خود را میپرستند نه ذات الهی را و نه عالم انسانیرا منفعت خو,https://oceanoflights.org/abdul-baha-muntakhabati1-67/,,https://oceanlibrary.com/selections-from-the-writings-of-abdul-baha?paraId=para_487
397,"The Faith of the Blessed Beauty is summoning mankind to safety and love, to amity and peace; it hath raised up its tabernacle on the heights of the earth, and directeth its call to all nations.",Selections from the Writings of ’Abdu’l-Bahá,Selections from the Writings of ‘Abdu’l-Bahá,agree,Lawh-i-Lahih (Tablet to the Hague) (AB00016) — «که در قطب امکان خيمه زده و اقوام را دعوت مينمايد. پس ای ياران الهی قدر اين آئين نازنين بدانيد و بموجب آن حرکت و سلوک فرمائيد و سبيل مستقيم و منهج قويم پيمائيد و» — https://oceanoflights.org/abdul-baha-bkw14-fa/,linked translation,,که در قطب امکان خيمه زده و اقوام را دعوت مينمايد. پس ای ياران الهی قدر اين آئين نازنين بدانيد و بموجب آن حرکت و سلوک فرمائيد و سبيل مستقيم و منهج قويم پيمائيد و,https://oceanoflights.org/abdul-baha-bkw14-fa/,https://portlandiator.github.io/PI_browser/?id=AB00016,https://oceanlibrary.com/selections-from-the-writings-of-abdul-baha?paraId=para_11
398,"And now, added to all these tribulations, these miseries, these enemy attacks, there hath arisen a dust cloud of ill will amongst the believers themselves.",Selections from the Writings of ’Abdu’l-Bahá,Selections from the Writings of ‘Abdu’l-Bahá,agree,On Unity and Avoiding Backbiting Among the Friends (Muntakhabát 1:192) (AB00073) — «با اینهمه بلایا و این همه رزایا و هجوم اعدآء در میان احباء نیز اغبرار موجود با وجود آنکه امر جمال قدم روحی لأحبائه الفدآء عبارت از حقیقت محبت است و سبب اتحاد و » — https://oceanoflights.org/abdul-baha-muntakhabati1-192/,linked translation,,با اینهمه بلایا و این همه رزایا و هجوم اعدآء در میان احباء نیز اغبرار موجود با وجود آنکه امر جمال قدم روحی لأحبائه الفدآء عبارت از حقیقت محبت است و سبب اتحاد و ,https://oceanoflights.org/abdul-baha-muntakhabati1-192/,https://portlandiator.github.io/PI_browser/?id=AB00073,https://oceanlibrary.com/selections-from-the-writings-of-abdul-baha?paraId=para_1212
399,"To sum it up, it is the desire of the Lord God that the loved ones of God and the handmaids of the Merciful in the West should come closer together in harmony and unity as day followeth day, and until",Selections from the Writings of ’Abdu’l-Bahá,Selections from the Writings of ‘Abdu’l-Bahá,agree,On the Unity of the Spiritual Assemblies of New York and Chicago (Muntakhabát 1:40) (AB00998) — «قضیه اتحاد و اتفاق دو محفل روحانی شیکاغو و نیویورک بسیار اهمیت دارد و در واشنگتون نیز هر وقت محفل روحانی چنانکه باید و شاید تشکیل شود با آنمحفل نیز این دو محفل » — https://oceanoflights.org/abdul-baha-muntakhabati1-40/,linked translation,,قضیه اتحاد و اتفاق دو محفل روحانی شیکاغو و نیویورک بسیار اهمیت دارد و در واشنگتون نیز هر وقت محفل روحانی چنانکه باید و شاید تشکیل شود با آنمحفل نیز این دو محفل ,https://oceanoflights.org/abdul-baha-muntakhabati1-40/,https://portlandiator.github.io/PI_browser/?id=AB00998,https://oceanlibrary.com/selections-from-the-writings-of-abdul-baha?paraId=para_363
400,O Friends of the Pure and Omnipotent God!,Selections from the Writings of ’Abdu’l-Bahá,Selections from the Writings of ‘Abdu’l-Bahá,agree,"On Purity, Sanctity, and Abstention from Smoking and Opium (Muntakhabát 1:128) — «_ ١٢٩ ای یاران پاک یزدان تنزیه و تقدیس در جمیع شئون از خصائص پاکانست و از لوازم آزادگان اول کمال تنزیه و تقدیس است و پاکی از نقائص چون انسان در جمیع مراتب پاک و» — https://oceanoflights.org/abdul-baha-muntakhabati1-128/",linked translation,,_ ١٢٩ ای یاران پاک یزدان تنزیه و تقدیس در جمیع شئون از خصائص پاکانست و از لوازم آزادگان اول کمال تنزیه و تقدیس است و پاکی از نقائص چون انسان در جمیع مراتب پاک و,https://oceanoflights.org/abdul-baha-muntakhabati1-128/,,https://oceanlibrary.com/selections-from-the-writings-of-abdul-baha?paraId=para_773
401,"O army of God! Today, in this world, every people is wandering astray in its own desert, moving here and there according to the dictates of its fancies and whims, pursuing its own particular caprice.",Selections from the Writings of ’Abdu’l-Bahá,Selections from the Writings of ‘Abdu’l-Bahá,agree,On the Spiritual Meaning of the Fast and the Distinguishing Conduct of the Bahá'ís (Makátíb 3:41) (AB00044) — «ای حزب الله امروز در این جهان هر حزبی در بادیه‌ئی سرگردان و بهوا و هوسی متحرک و بخیال خویش پویان و جویان در بین احزاب عالم این حزب اسم اعظم از هر خیالی فارغ و ا» — https://oceanoflights.org/abdul-baha-makatib3-041/,linked translation,,ای حزب الله امروز در این جهان هر حزبی در بادیه‌ئی سرگردان و بهوا و هوسی متحرک و بخیال خویش پویان و جویان در بین احزاب عالم این حزب اسم اعظم از هر خیالی فارغ و ا,https://oceanoflights.org/abdul-baha-makatib3-041/,https://portlandiator.github.io/PI_browser/?id=AB00044,https://oceanlibrary.com/selections-from-the-writings-of-abdul-baha?paraId=para_305
402,O ye who have turned your faces toward the Exalted Beauty!,Selections from the Writings of ’Abdu’l-Bahá,Selections from the Writings of ‘Abdu’l-Bahá,agree,On Unity and Steadfastness Amid the Sufferings of Bahá'u'lláh (Muntakhabát 1:206) (AB00112) — «_ ٢٠٧ ای متوجهین بمنظر اعلی در لیل و نهار و صباح و مساء عشی و ضحی در عوالم قلب و روان بذکر احبای رحمن مشغول بوده و هستم و از حق تأیید و توفیق میطلبم که احبای آن» — https://oceanoflights.org/abdul-baha-muntakhabati1-206/,linked translation,REVIEW: tablet is by the other author,_ ٢٠٧ ای متوجهین بمنظر اعلی در لیل و نهار و صباح و مساء عشی و ضحی در عوالم قلب و روان بذکر احبای رحمن مشغول بوده و هستم و از حق تأیید و توفیق میطلبم که احبای آن,https://oceanoflights.org/abdul-baha-muntakhabati1-206/,https://portlandiator.github.io/PI_browser/?id=AB00112,https://oceanlibrary.com/selections-from-the-writings-of-abdul-baha?paraId=para_1342
403,"Wherefore, O ye friends of God, redouble your efforts, strain every nerve, till ye triumph in your servitude to the Ancient Beauty, the Manifest Light, and become the cause of spreading far and wide t",Selections from the Writings of ’Abdu’l-Bahá,Selections from the Writings of ‘Abdu’l-Bahá,agree,O Spiritual Friends of ‘Abdu’l-Bahá (Muntakhabát 1:217) (AB00240) — «پس ای یاران الهی جهدی بلیغ نمائید و سعی شدید کنید تا موفق بعبودیت جمال قدیم و نور مبین گردید و سبب انتشار انوار شمس حقیقت شوید جسم قدید قدیم امکانرا روحی جدید ب» — https://oceanoflights.org/abdul-baha-muntakhabati1-217/,linked translation,,پس ای یاران الهی جهدی بلیغ نمائید و سعی شدید کنید تا موفق بعبودیت جمال قدیم و نور مبین گردید و سبب انتشار انوار شمس حقیقت شوید جسم قدید قدیم امکانرا روحی جدید ب,https://oceanoflights.org/abdul-baha-muntakhabati1-217/,https://portlandiator.github.io/PI_browser/?id=AB00240,https://oceanlibrary.com/selections-from-the-writings-of-abdul-baha?paraId=para_1400
404,"Look ye not upon fewness of numbers, rather, seek ye out hearts that are pure.",Selections from the Writings of ‘Abdu’l-Bahá,Selections from the Writings of ‘Abdu’l-Bahá,agree,"Seek Not Numbers, But Pure Hearts (Muntakhabát 1:38) (AB02652) — «_ ٣٩ای امة الله نامه‌ات رسید خبر تشکیل انجمن در آن بلد مرقوم نموده بودید نظر بقلت عدد نکنید بلکه قلوب پاک بجوئید یک نفس مقدس بهتر از هزار نفوس دیگر اگر نفوس معد» — https://oceanoflights.org/abdul-baha-muntakhabati1-38/",linked translation,,_ ٣٩ای امة الله نامه‌ات رسید خبر تشکیل انجمن در آن بلد مرقوم نموده بودید نظر بقلت عدد نکنید بلکه قلوب پاک بجوئید یک نفس مقدس بهتر از هزار نفوس دیگر اگر نفوس معد,https://oceanoflights.org/abdul-baha-muntakhabati1-38/,https://portlandiator.github.io/PI_browser/?id=AB02652,https://oceanlibrary.com/selections-from-the-writings-of-abdul-baha?paraId=para_350
405,There are certain pillars which have been established as the unshakeable supports of the Faith of God.,Selections from the Writings of ’Abdu’l-Bahá,Selections from the Writings of ‘Abdu’l-Bahá,agree,On the Education of Children and the School of Ishqábád (Makátíb 1:86) (AB01616) — «و اساس متین دین الله را ارکان مبین مقرر و مسلم است رکن اعظم علم و دانائی است و عقل و هوشیاری و اطلاع بر حقائق کونیه و اسرار الهی لهذا ترویج علم و عرفان فرض و وا» — https://oceanoflights.org/abdul-baha-mk01-086-fa/,linked translation,,و اساس متین دین الله را ارکان مبین مقرر و مسلم است رکن اعظم علم و دانائی است و عقل و هوشیاری و اطلاع بر حقائق کونیه و اسرار الهی لهذا ترویج علم و عرفان فرض و وا,https://oceanoflights.org/abdul-baha-mk01-086-fa/,https://portlandiator.github.io/PI_browser/?id=AB01616,https://oceanlibrary.com/selections-from-the-writings-of-abdul-baha?paraId=para_633
406,"O Company of God! To each created thing, the Ancient Sovereignty hath portioned out its own perfection, its particular virtue and special excellence, so that each in its degree may become a symbol den",Some Aspects of Bahá’í Scholarship,On the Importance of Education and the Teaching Assembly (Makátíb 1:46),DIFFERS,Possibly: On the Importance of Education and the Teaching Assembly (Makátíb 1:46) (AB00787) — «ایها الحزب الالهی قدرت قدیمه هر یک از کائنات و انواع موجوداترا بمزیتی و منقبتی و کمالی مخصص فرمود تا در رتبه خود آیات داله بر علو و سمو مربی حقیقی گردند و هر یک» — https://oceanoflights.org/abdul-baha-mk01-046-fa/,possible — verify,,ایها الحزب الالهی قدرت قدیمه هر یک از کائنات و انواع موجوداترا بمزیتی و منقبتی و کمالی مخصص فرمود تا در رتبه خود آیات داله بر علو و سمو مربی حقیقی گردند و هر یک,https://oceanoflights.org/abdul-baha-mk01-046-fa/,https://portlandiator.github.io/PI_browser/?id=AB00787,https://siftersearch.com/library/bahai/makatib-i-abdul-baha-vol-1/abdul-baha_on-the-importance-of-education-and-the-teaching-assembly_fa#p1
407,"Thou didst ask as to acquiring knowledge: Read thou the Books and Tablets of God, and the articles written to demonstrate the truth of this Faith….",Divine Philosophy,Selections from the Writings of ‘Abdu’l-Bahá,DIFFERS,O Sincere Handmaid of God (Muntakhabát 1:159) (AB00740) — «هر وقت فرصت یافتی زبان بهدایت نوع انسان بگشا در خصوص علم و معرفت سؤال نموده بودی کتب و الواح الهی قرائت نما و رسائل استدلالیه که در این امر مرقوم شده … و من بعد» — https://oceanoflights.org/abdul-baha-muntakhabati1-159/,linked translation,,هر وقت فرصت یافتی زبان بهدایت نوع انسان بگشا در خصوص علم و معرفت سؤال نموده بودی کتب و الواح الهی قرائت نما و رسائل استدلالیه که در این امر مرقوم شده … و من بعد,https://oceanoflights.org/abdul-baha-muntakhabati1-159/,https://portlandiator.github.io/PI_browser/?id=AB00740,https://oceanlibrary.com/selections-from-the-writings-of-abdul-baha?paraId=para_1004
408,Thy letter was received.,Selections from the Writings of ‘Abdu’l-Bahá,Selections from the Writings of ‘Abdu’l-Bahá,agree,On the Study of Agriculture as Worship (Muntakhabát 1:125) (AB05132) — «_ ١٢٦ نامه تو رسید حمد خدا را که مژده صحت و عافیت تو داد و خبر این داشت که حاضر دخول در مدرسه زراعی هستی بسیار موافق تا میتوانی بکوش در فن زراعت نهایت مهارت را » — https://oceanoflights.org/abdul-baha-muntakhabati1-125/,linked translation,,_ ١٢٦ نامه تو رسید حمد خدا را که مژده صحت و عافیت تو داد و خبر این داشت که حاضر دخول در مدرسه زراعی هستی بسیار موافق تا میتوانی بکوش در فن زراعت نهایت مهارت را ,https://oceanoflights.org/abdul-baha-muntakhabati1-125/,https://portlandiator.github.io/PI_browser/?id=AB05132,https://oceanlibrary.com/selections-from-the-writings-of-abdul-baha?paraId=para_762
409,"Make every effort to acquire the advanced knowledge of the day, and strain every nerve to carry forward the divine civilization.",Divine Philosophy,Selections from the Writings of ‘Abdu’l-Bahá,DIFFERS,"On Purity, Sanctity, and Abstention from Smoking and Opium (Muntakhabát 1:128) — «ای یاران الهی ترک دخان و خمر و افیون بتجربه رسیده که چگونه سبب صحت و قوت و وسعت ادراک و شدت ذکاء و قوت اجسام است طائفه ئی الیوم موجود که آنان از دخان و مسکرات و» — https://oceanoflights.org/abdul-baha-muntakhabati1-128/",linked translation,,ای یاران الهی ترک دخان و خمر و افیون بتجربه رسیده که چگونه سبب صحت و قوت و وسعت ادراک و شدت ذکاء و قوت اجسام است طائفه ئی الیوم موجود که آنان از دخان و مسکرات و,https://oceanoflights.org/abdul-baha-muntakhabati1-128/,,https://oceanlibrary.com/selections-from-the-writings-of-abdul-baha?paraId=para_785
410,"Marriage, among the mass of the people, is a physical bond, and this union can only be temporary, since it is foredoomed to a physical separation at the close.",Selections from the Writings of ’Abdu’l-Bahá,Selections from the Writings of ‘Abdu’l-Bahá,agree,On True Marriage as Spiritual and Physical Union (Muntakhabát 1:83) (AB02400) — «در میان خلق ازدواج عبارت از ارتباط جسمانیست و این اتحاد و اتفاق موقتست زیرا فرقت جسمانی عاقبت مقرر و محتوم است و لکن ازدواج اهل بها باید ارتباط جسمانی و روحانی » — https://oceanoflights.org/abdul-baha-muntakhabati1-83/,linked translation,,در میان خلق ازدواج عبارت از ارتباط جسمانیست و این اتحاد و اتفاق موقتست زیرا فرقت جسمانی عاقبت مقرر و محتوم است و لکن ازدواج اهل بها باید ارتباط جسمانی و روحانی ,https://oceanoflights.org/abdul-baha-muntakhabati1-83/,https://portlandiator.github.io/PI_browser/?id=AB02400,https://oceanlibrary.com/selections-from-the-writings-of-abdul-baha?paraId=para_571
411,"Bahá’í marriage is the commitment of the two parties one to the other, and their mutual attachment of mind and heart.",Selections from the Writings of ’Abdu’l-Bahá,Selections from the Writings of ‘Abdu’l-Bahá,agree,On the True Meaning of Bahá'í Marriage (Muntakhabát 1:85) (AB03461) — «_ ٨٦ عقد بهائی ارتباط بین طرفین است و تعلق خاطر بین جهتین ولی باید نهایت دقت بنمایند و بر اخلاق همدیگر واقف شوند و عهد وثیق ارتباط ابدی حاصل شود و مقصد الفت و ر» — https://oceanoflights.org/abdul-baha-muntakhabati1-85/,linked translation,,_ ٨٦ عقد بهائی ارتباط بین طرفین است و تعلق خاطر بین جهتین ولی باید نهایت دقت بنمایند و بر اخلاق همدیگر واقف شوند و عهد وثیق ارتباط ابدی حاصل شود و مقصد الفت و ر,https://oceanoflights.org/abdul-baha-muntakhabati1-85/,https://portlandiator.github.io/PI_browser/?id=AB03461,https://oceanlibrary.com/selections-from-the-writings-of-abdul-baha?paraId=para_580
412,"I beseech God to graciously make of thy home a centre for the diffusion of the light of divine guidance, for the dissemination of the Words of God and for enkindling at all times the fire of love in t",To Set the World in Order: Building and Preserving Strong Marriages,Selections from the Writings of ‘Abdu’l-Bahá,DIFFERS,On Love as the Secret of God's Holy Dispensation (Muntakhabát 1:11) — «یا احبآء الله کونوا مظاهر محبة الله و مصابیح الهدی فی الآفاق مشرقین بنور المحبة و الوفاق» — https://oceanoflights.org/abdul-baha-muntakhabati1-11/,linked translation,,یا احبآء الله کونوا مظاهر محبة الله و مصابیح الهدی فی الآفاق مشرقین بنور المحبة و الوفاق,https://oceanoflights.org/abdul-baha-muntakhabati1-11/,,https://oceanlibrary.com/selections-from-the-writings-of-abdul-baha?paraId=para_113
413,"According to the teachings of Bahá’u’lláh the family, being a human unit, must be educated according to the rules of sanctity.",The Divine Art of Living,The Promulgation of Universal Peace,DIFFERS,Public address given in Church of the Ascension on 1912-Jun-02 (ABU0006) — «بحسب اوامر بهآءالله جمیع خویشان را همیشه باید مواظبت نمود که روز بروز ارتباط آنها زیاد شود و حقوق آنها معلوم باشد مثلاً حقوق پدر چه چیز است حقوق پسر چه چیز است »,linked translation,,بحسب اوامر بهآءالله جمیع خویشان را همیشه باید مواظبت نمود که روز بروز ارتباط آنها زیاد شود و حقوق آنها معلوم باشد مثلاً حقوق پدر چه چیز است حقوق پسر چه چیز است ,,https://portlandiator.github.io/PI_browser/?id=ABU0006,https://oceanlibrary.com/promulgation-of-universal-peace_abdul-baha?paraId=para_808
414,O handmaids of the Lord!,Selections from the Writings of ’Abdu’l-Bahá,Selections from the Writings of ‘Abdu’l-Bahá,agree,On the Training of Children by Mothers (Muntakhabát 1:94) — «_ ٩٥ ای اماء رحمن محفل رحمانی که در آن مدینه نورانی تأسیس نمودید بسیار بجا و مجری بود فی الحقیقه همتی نمودید و گوی سبقتی ربودید و بعتبه کبریا بعبودیتی قیام نمود» — https://oceanoflights.org/abdul-baha-muntakhabati1-94/,linked translation,,_ ٩٥ ای اماء رحمن محفل رحمانی که در آن مدینه نورانی تأسیس نمودید بسیار بجا و مجری بود فی الحقیقه همتی نمودید و گوی سبقتی ربودید و بعتبه کبریا بعبودیتی قیام نمود,https://oceanoflights.org/abdul-baha-muntakhabati1-94/,,https://oceanlibrary.com/selections-from-the-writings-of-abdul-baha?paraId=para_625
415,"In this new cycle, education and training are recorded in the Book of God as obligatory and not voluntary.",Selections from the Writings of ’Abdu’l-Bahá,Selections from the Writings of ‘Abdu’l-Bahá,agree,Lawh-i-Tarbiyyat (Tablet of Education) (AB00142) — «و تربیت امر اجباریست نه اختیاری یعنی بر پدر و مادر فرض عین است که دختر و پسر را بنهایت همت تعلیم و تربیت نمایند و از پستان عرفان شیر دهند و در آغوش علوم و معارف» — https://oceanoflights.org/abdul-baha-mk01-085-fa/,linked translation,,و تربیت امر اجباریست نه اختیاری یعنی بر پدر و مادر فرض عین است که دختر و پسر را بنهایت همت تعلیم و تربیت نمایند و از پستان عرفان شیر دهند و در آغوش علوم و معارف,https://oceanoflights.org/abdul-baha-mk01-085-fa/,https://portlandiator.github.io/PI_browser/?id=AB00142,https://oceanlibrary.com/selections-from-the-writings-of-abdul-baha?paraId=para_638
416,"Therefore, the beloved of the Lord and the handmaidens of the Merciful should, with all their heart and soul, educate children and instruct them in the school of virtue and perfection.",,Bahá’í World Faith (‘Abdu’l-Bahá section),sheet empty,Lawh-i-Tarbiyyat (Tablet of Education) (AB00142) — «پس باید احبّای الٓهی و اماء رحمانی بجان و دل اطفال را تربیت نمایند و در دبستان فضل و کمال تعلیم فرمایند، در اینخصوص ابداً فتور نکنند و قصور نخواهند، البتّه طفل » — https://oceanoflights.org/abdul-baha-bkw18-fa/,linked translation,,پس باید احبّای الٓهی و اماء رحمانی بجان و دل اطفال را تربیت نمایند و در دبستان فضل و کمال تعلیم فرمایند، در اینخصوص ابداً فتور نکنند و قصور نخواهند، البتّه طفل ,https://oceanoflights.org/abdul-baha-bkw18-fa/,https://portlandiator.github.io/PI_browser/?id=AB00142,https://oceanlibrary.com/bahai-world-faith-abdul-baha-section_2?paraId=para_660
417,Training in morals and good conduct is far more important than book learning.,Selections from the Writings of ‘Abdu’l-Bahá,Selections from the Writings of ‘Abdu’l-Bahá,agree,On the Education and Training of Children in School (Muntakhabát 1:109) (AB00824) — «تربیت و آداب اعظم از تحصیل علوم است طفل طیب طاهر و خوش طینت و خوش اخلاق و لو جاهل باشد بهتر از طفل بی‌ادب کثیف بد اخلاق و لو در جمیع فنون ماهر گردد زیرا طفل خوش» — https://oceanoflights.org/abdul-baha-muntakhabati1-109/,linked translation,,تربیت و آداب اعظم از تحصیل علوم است طفل طیب طاهر و خوش طینت و خوش اخلاق و لو جاهل باشد بهتر از طفل بی‌ادب کثیف بد اخلاق و لو در جمیع فنون ماهر گردد زیرا طفل خوش,https://oceanoflights.org/abdul-baha-muntakhabati1-109/,https://portlandiator.github.io/PI_browser/?id=AB00824,https://oceanlibrary.com/selections-from-the-writings-of-abdul-baha?paraId=para_690
418,"The root cause of wrongdoing is ignorance, and we must therefore hold fast to the tools of perception and knowledge.",Selections from the Writings of ’Abdu’l-Bahá,Selections from the Writings of ‘Abdu’l-Bahá,agree,On the Moral Education of Children (Makátíb 1:98) (AB00251) — «أس اساس سیئات نادانی و جهالت است لهذا باید باسباب بصیرت و دانائی تشبث نمود و تعلیم اخلاق کرد و روشنی بآفاق داد تا در دبستان انسانی تخلق باخلاق روحانی نمایند و ی» — https://oceanoflights.org/abdul-baha-mk01-098-fa/,linked translation,,أس اساس سیئات نادانی و جهالت است لهذا باید باسباب بصیرت و دانائی تشبث نمود و تعلیم اخلاق کرد و روشنی بآفاق داد تا در دبستان انسانی تخلق باخلاق روحانی نمایند و ی,https://oceanoflights.org/abdul-baha-mk01-098-fa/,https://portlandiator.github.io/PI_browser/?id=AB00251,https://oceanlibrary.com/selections-from-the-writings-of-abdul-baha?paraId=para_694
419,Make ye every effort to improve the Tarbíyat School and to develop order and discipline in this institution.,Mahatma Gandhi and the Bahá’ís: Striving towards a Nonviolent Civilization,O thou confirmed personage! The letter that thou hast written to Aga Seyad Assadollah was …,DIFFERS,Possibly: O ye friends of God! The All-Merciful hath created humankind for the adornment of this con… (AB03799) — «پس ای یاران بدل و جان و قوای و ارکان سعی بلیغ نمائید که مدرسهٴ تربیت را دبستان دانائی کنید و منبع حقائق و معانی تا نورسیدگان الهی پرتو علوم نامتناهی یابند و نها»,possible — verify,,پس ای یاران بدل و جان و قوای و ارکان سعی بلیغ نمائید که مدرسهٴ تربیت را دبستان دانائی کنید و منبع حقائق و معانی تا نورسیدگان الهی پرتو علوم نامتناهی یابند و نها,,https://portlandiator.github.io/PI_browser/?id=AB03799,https://portlandiator.github.io/PI_browser/?id=AB00904
420,"The education and training of children is among the most meritorious acts of humankind and draweth down the grace and favour of the All-Merciful, for education is the indispensable foundation of all h",Selections from the Writings of ’Abdu’l-Bahá,Selections from the Writings of ‘Abdu’l-Bahá,agree,On the Education and Training of Children (Muntakhabát 1:102) (AB01170) — «_ ١٠٣تعلیم اطفال و پرورش کودکان اعظم مناقب عالم انسان و جاذب الطاف و عنایت حضرت رحمان زیرا اس اساس فضائل عالم انسانیست و سبب تدرج باوج عزت جاودانی چون طفل در کو» — https://oceanoflights.org/abdul-baha-muntakhabati1-102/,linked translation,,_ ١٠٣تعلیم اطفال و پرورش کودکان اعظم مناقب عالم انسان و جاذب الطاف و عنایت حضرت رحمان زیرا اس اساس فضائل عالم انسانیست و سبب تدرج باوج عزت جاودانی چون طفل در کو,https://oceanoflights.org/abdul-baha-muntakhabati1-102/,https://portlandiator.github.io/PI_browser/?id=AB01170,https://oceanlibrary.com/selections-from-the-writings-of-abdul-baha?paraId=para_656
421,It is clear that learning is the greatest bestowal of God; that knowledge and the acquirement thereof is a blessing from Heaven.,Divine Philosophy,Selections from the Writings of ‘Abdu’l-Bahá,DIFFERS,On the Education of Children and the School of Ishqábád (Makátíb 1:86) (AB01616) — «و عقل و هوشیاری و اطلاع بر حقائق کونیه و اسرار الهی لهذا ترویج علم و عرفان فرض و واجب بر هر یک از یاران است» — https://oceanoflights.org/abdul-baha-mk01-086-fa/,linked translation,,و عقل و هوشیاری و اطلاع بر حقائق کونیه و اسرار الهی لهذا ترویج علم و عرفان فرض و واجب بر هر یک از یاران است,https://oceanoflights.org/abdul-baha-mk01-086-fa/,https://portlandiator.github.io/PI_browser/?id=AB01616,https://oceanlibrary.com/selections-from-the-writings-of-abdul-baha?paraId=para_633
422,O thou steadfast in the Covenant!,"Feast, Nineteen-Day",Selections from the Writings of ‘Abdu’l-Bahá,DIFFERS,On the Joy of the Nineteen Day Feast (Muntakhabát 1:50) (AB10951) — «٥١ - ضیافت نوزده روزه بسیار سبب فرح و سرور قلوبست اگر چنانچه باید و شاید این ضیافت مجری گردد یاران در هر نوزده روزی روح جدیدی یابند و قوتی روحانی جویند * … ٥١ -» — https://oceanoflights.org/abdul-baha-muntakhabati1-50/,linked translation,,٥١ - ضیافت نوزده روزه بسیار سبب فرح و سرور قلوبست اگر چنانچه باید و شاید این ضیافت مجری گردد یاران در هر نوزده روزی روح جدیدی یابند و قوتی روحانی جویند * … ٥١ -,https://oceanoflights.org/abdul-baha-muntakhabati1-50/,https://portlandiator.github.io/PI_browser/?id=AB10951,https://oceanlibrary.com/selections-from-the-writings-of-abdul-baha?paraId=para_407
423,"On the days pertaining to the Abhá Beauty and the Primal Point—that is to say, these nine days—occupation with trade, commerce, industry, and agriculture is not permitted and, likewise, the performanc",,O thou who art steadfast in the Covenant! Thy letter hath been received. Due to the press …,sheet empty,Possibly: O thou who art steadfast in the Covenant! Thy letter hath been received. Due to the press … (AB05133) — «ایّامی که تعلّق به جمال ابهی و نقطهٴ اولی دارد یعنی این نه روز اشتغال به کسب و تجارت و صناعت و زراعت جائز نه و همچنین اجرای مقتضای مناصب و وظائف یعنی اجرای خدمت»,possible — verify,,ایّامی که تعلّق به جمال ابهی و نقطهٴ اولی دارد یعنی این نه روز اشتغال به کسب و تجارت و صناعت و زراعت جائز نه و همچنین اجرای مقتضای مناصب و وظائف یعنی اجرای خدمت,,https://portlandiator.github.io/PI_browser/?id=AB05133,https://portlandiator.github.io/PI_browser/?id=AB05133
424,"In brief, every nation has a day to mark as a holiday which they celebrate with joy.",Social and Economic Development,On the Festival of Naw-Rúz,DIFFERS,"Possibly: Words spoken at Hotel Victoria in Ramleh, 1912-Mar-21 (ABU0220) — «باری هر ملّتی را روزیست که آنروز را یوم سعادت دانند و اسباب مسرّت فراهم آرند و در شرایع مقدّسه الٓهیّه در هر دوری و کوری نیز ایّام سرور و حبور و اعیاد مبارکی که» — https://oceanoflights.org/abdul-baha-kw05-fa/",possible — verify,,باری هر ملّتی را روزیست که آنروز را یوم سعادت دانند و اسباب مسرّت فراهم آرند و در شرایع مقدّسه الٓهیّه در هر دوری و کوری نیز ایّام سرور و حبور و اعیاد مبارکی که,https://oceanoflights.org/abdul-baha-kw05-fa/,https://portlandiator.github.io/PI_browser/?id=ABU0220,https://siftersearch.com/library/bahai/core-tablets/abdul-baha_on-the-festival-of-naw-ruz_fa#p1
425,"As to you, O ye other handmaids who are enamoured of the heavenly fragrances, arrange ye holy gatherings, and found ye Spiritual Assemblies, for these are the basis for spreading the sweet savours of",Lights of Fortitude: Glimpses into the Lives of the Hands of the Cause of God,Selections from the Writings of ‘Abdu’l-Bahá,DIFFERS,On the Equality of Men and Women and the House of Justice (Muntakhabát 1:37) (AB02310) — «و اما انتن ایتها المنجذبات بنفحات الله اسسن محافل روحانیة و مجامع ربانیة التی هی اساس لنشر نفحات الله و اعلآء کلمة الله و سطوع سراج موهبة الله و ترویج دین الله » — https://oceanoflights.org/abdul-baha-muntakhabati1-37/,linked translation,,و اما انتن ایتها المنجذبات بنفحات الله اسسن محافل روحانیة و مجامع ربانیة التی هی اساس لنشر نفحات الله و اعلآء کلمة الله و سطوع سراج موهبة الله و ترویج دین الله ,https://oceanoflights.org/abdul-baha-muntakhabati1-37/,https://portlandiator.github.io/PI_browser/?id=AB02310,https://oceanlibrary.com/selections-from-the-writings-of-abdul-baha?paraId=para_346
426,O ye dear friends of ‘Abdu’l-Bahá!,Selections from the Writings of ’Abdu’l-Bahá,Selections from the Writings of ‘Abdu’l-Bahá,agree,On the Election of the Spiritual Assembly and Steadfastness in Service (Muntakhabát 1:36) (AB00774) — «_ ٣٧ ای یاران عزیز عبدالبهآء نامه مبارکی که دلالت بر انتخاب محفل روحانی مینمود وصول یافت و سبب حصول سرور شد که الحمد لله یاران آندیار در نهایت الفت و محبت و یگا» — https://oceanoflights.org/abdul-baha-muntakhabati1-36/,linked translation,,_ ٣٧ ای یاران عزیز عبدالبهآء نامه مبارکی که دلالت بر انتخاب محفل روحانی مینمود وصول یافت و سبب حصول سرور شد که الحمد لله یاران آندیار در نهایت الفت و محبت و یگا,https://oceanoflights.org/abdul-baha-muntakhabati1-36/,https://portlandiator.github.io/PI_browser/?id=AB00774,https://oceanlibrary.com/selections-from-the-writings-of-abdul-baha?paraId=para_330
427,"Verily the Abhá Beauty made a promise to the beloved who are steadfast in the Covenant, that He would reinforce their strivings with the strongest of supports, and succour them with His triumphant mig",Selections from the Writings of ’Abdu’l-Bahá,Selections from the Writings of ‘Abdu’l-Bahá,agree,On Unity Among the Members of the Spiritual Assembly (Muntakhabát 1:41) (AB01023) — «یا عصبة المیثاق ان الجمال الأبهی وعد الأحبآء الثابتین علی المیثاق بالنصرة العظمی و التأیید بشدید القوی فسوف ترون لمجمعکم النورانی آثارا باهرة فی القلوب و الأروا» — https://oceanoflights.org/abdul-baha-muntakhabati1-41/,linked translation,,یا عصبة المیثاق ان الجمال الأبهی وعد الأحبآء الثابتین علی المیثاق بالنصرة العظمی و التأیید بشدید القوی فسوف ترون لمجمعکم النورانی آثارا باهرة فی القلوب و الأروا,https://oceanoflights.org/abdul-baha-muntakhabati1-41/,https://portlandiator.github.io/PI_browser/?id=AB01023,https://oceanlibrary.com/selections-from-the-writings-of-abdul-baha?paraId=para_371
428,"Man must consult on all matters, whether major or minor, so that he may become cognizant of what is good.",Action Research,Selections from the Writings of ‘Abdu’l-Bahá,DIFFERS,On Consultation and Freedom of Speech in Meetings (Muntakhabát 1:43) — «_ ٤٤ باید بنوعی مذاکره و مشاوره کرد که اسباب کدورتی و اختلافی فراهم نیاید و آن اینست حین عقد مجلس هر یک بکمال حریت رأی خویش را بیان و کشف برهان نماید اگر دیگری » — https://oceanoflights.org/abdul-baha-muntakhabati1-43/,linked translation,,_ ٤٤ باید بنوعی مذاکره و مشاوره کرد که اسباب کدورتی و اختلافی فراهم نیاید و آن اینست حین عقد مجلس هر یک بکمال حریت رأی خویش را بیان و کشف برهان نماید اگر دیگری ,https://oceanoflights.org/abdul-baha-muntakhabati1-43/,,https://oceanlibrary.com/selections-from-the-writings-of-abdul-baha?paraId=para_379
429,"The purpose of consultation is to show that the views of several individuals are assuredly preferable to one man, even as the power of a number of men is of course greater than the power of one man.",Principles of Consultation Applied to the Process of Innovation in a,O ye friends of God! His honor Aqa Siyyid Asadu'llah hath sent a letter conveying abundant…,DIFFERS,"Possibly: On the Nineteen Day Feast, Unity, and Consultation (Makátíb 3:219) (AB00696) — «از مشورت مقصود آنست که آراء نفوس متعدده البته بهتر از رأی واحد است نظیر قوت نفوس کثیره البته اعظم از قوت شخص واحد است لهذا شور مقبول درگاه کبریا و مأمور به و آن» — https://oceanoflights.org/abdul-baha-makatib3-219/",possible — verify,,از مشورت مقصود آنست که آراء نفوس متعدده البته بهتر از رأی واحد است نظیر قوت نفوس کثیره البته اعظم از قوت شخص واحد است لهذا شور مقبول درگاه کبریا و مأمور به و آن,https://oceanoflights.org/abdul-baha-makatib3-219/,https://portlandiator.github.io/PI_browser/?id=AB00696,https://portlandiator.github.io/PI_browser/?id=AB05193
430,"The prime requisites for them that take counsel together are purity of motive, radiance of spirit, detachment from all else save God, attraction to His Divine Fragrances, humility and lowliness amongs",Selections from the Writings of ’Abdu’l-Bahá,Selections from the Writings of ‘Abdu’l-Bahá,agree,On the First Requisite of Consultation (Muntakhabát 1:42) — «_ ٤٣ اول فریضه اصحاب شور خلوص نیت و نورانیت حقیقت و انقطاع از ما سوی الله و انجذاب بنفحات الله و خضوع و خشوع بین احباء و صبر و تحمل بر بلاء و بندگی عتبه سامیهء » — https://oceanoflights.org/abdul-baha-muntakhabati1-42/,linked translation,,_ ٤٣ اول فریضه اصحاب شور خلوص نیت و نورانیت حقیقت و انقطاع از ما سوی الله و انجذاب بنفحات الله و خضوع و خشوع بین احباء و صبر و تحمل بر بلاء و بندگی عتبه سامیهء ,https://oceanoflights.org/abdul-baha-muntakhabati1-42/,,https://oceanlibrary.com/selections-from-the-writings-of-abdul-baha?paraId=para_376
431,"In this day, assemblies of consultation are of the greatest importance and a vital necessity.",Selections from the Writings of ’Abdu’l-Bahá,Selections from the Writings of ‘Abdu’l-Bahá,agree,On Consultation and Freedom of Speech in Meetings (Muntakhabát 1:43) — «_ ٤٤ باید بنوعی مذاکره و مشاوره کرد که اسباب کدورتی و اختلافی فراهم نیاید و آن اینست حین عقد مجلس هر یک بکمال حریت رأی خویش را بیان و کشف برهان نماید اگر دیگری » — https://oceanoflights.org/abdul-baha-muntakhabati1-43/,linked translation,,_ ٤٤ باید بنوعی مذاکره و مشاوره کرد که اسباب کدورتی و اختلافی فراهم نیاید و آن اینست حین عقد مجلس هر یک بکمال حریت رأی خویش را بیان و کشف برهان نماید اگر دیگری ,https://oceanoflights.org/abdul-baha-muntakhabati1-43/,,https://oceanlibrary.com/selections-from-the-writings-of-abdul-baha?paraId=para_379
432,The first condition is absolute love and harmony amongst the members of the assembly.,Selections from the Writings of ’Abdu’l-Bahá,Selections from the Writings of ‘Abdu’l-Bahá,agree,On the Principles and Conduct of Consultation (Muntakhabát 1:44) — «_ ٤٥اول شرط محبت و الفت تام بین اعضاء آن انجمن است که از بیگانگی بیزار گردند و یگانگی حضرت پروردگار آشکار کنند زیرا امواج یک بحرند و قطرات یک نهر نجوم یک افقند » — https://oceanoflights.org/abdul-baha-muntakhabati1-44/,linked translation,,_ ٤٥اول شرط محبت و الفت تام بین اعضاء آن انجمن است که از بیگانگی بیزار گردند و یگانگی حضرت پروردگار آشکار کنند زیرا امواج یک بحرند و قطرات یک نهر نجوم یک افقند ,https://oceanoflights.org/abdul-baha-muntakhabati1-44/,,https://oceanlibrary.com/selections-from-the-writings-of-abdul-baha?paraId=para_382
433,"It befitteth the friends to hold a gathering, a meeting, where they shall glorify God and fix their hearts upon Him, and read and recite the Holy Writings of the Blessed Beauty—may my soul be the rans",Selections from the Writings of ’Abdu’l-Bahá,Selections from the Writings of ‘Abdu’l-Bahá,agree,On the Establishment of Spiritual Gatherings and Mashriqu'l-Adhkár (Muntakhabát 1:54) — «_ ٥٥ دوستان را محفلی باید و مجمعی شاید که در آن مجامع و محافل بذکر و فکر حق و تلاوت و ترتیل آیات و آثار جمال مبارک روحی لأحبائه الفدا مشغول و مألوف گردند و انوا» — https://oceanoflights.org/abdul-baha-muntakhabati1-54/,linked translation,,_ ٥٥ دوستان را محفلی باید و مجمعی شاید که در آن مجامع و محافل بذکر و فکر حق و تلاوت و ترتیل آیات و آثار جمال مبارک روحی لأحبائه الفدا مشغول و مألوف گردند و انوا,https://oceanoflights.org/abdul-baha-muntakhabati1-54/,,https://oceanlibrary.com/selections-from-the-writings-of-abdul-baha?paraId=para_423
434,Thou hast asked about places of worship and the underlying reason therefor.,Selections from the Writings of ’Abdu’l-Bahá,Selections from the Writings of ‘Abdu’l-Bahá,agree,On the Wisdom of Places of Worship (Muntakhabát 1:57) (AB11183) — «_ ٥٨ از معابد سؤال نموده بودید که حکمتش چیست حکمتش این است که در وقت معلوم نفوس وقت اجتماع را بدانند و کل مجتمع گردند و جمیع بالاتحاد بمناجات پردازند تا از این » — https://oceanoflights.org/abdul-baha-muntakhabati1-57/,linked translation,,_ ٥٨ از معابد سؤال نموده بودید که حکمتش چیست حکمتش این است که در وقت معلوم نفوس وقت اجتماع را بدانند و کل مجتمع گردند و جمیع بالاتحاد بمناجات پردازند تا از این ,https://oceanoflights.org/abdul-baha-muntakhabati1-57/,https://portlandiator.github.io/PI_browser/?id=AB11183,https://oceanlibrary.com/selections-from-the-writings-of-abdul-baha?paraId=para_432
435,O ye who are firm in the Covenant and Testament of God!,The Institution of the Mashriqu’l-Adhkár,Selections from the Writings of ‘Abdu’l-Bahá,DIFFERS,"O God, Who Confirmest the Steadfast in the Covenant (Muntakhabát 1:60) (AB10321) — «_ ٦١ اللهم یا موفق الثابتین فی المیثاق علی الأنفاق حبا بنیر الآفاق اعانة لمشرق الأذکار و مطلع الأنوار و مشهر الآثار اید هؤ لاء الأبرار البررة الأخیار فی هذه الد» — https://oceanoflights.org/abdul-baha-muntakhabati1-60/",linked translation,,_ ٦١ اللهم یا موفق الثابتین فی المیثاق علی الأنفاق حبا بنیر الآفاق اعانة لمشرق الأذکار و مطلع الأنوار و مشهر الآثار اید هؤ لاء الأبرار البررة الأخیار فی هذه الد,https://oceanoflights.org/abdul-baha-muntakhabati1-60/,https://portlandiator.github.io/PI_browser/?id=AB10321,https://oceanlibrary.com/selections-from-the-writings-of-abdul-baha?paraId=para_443
436,"But when the heavenly outpourings descend and the radiant effulgences appear, the hearts are resuscitated, are liberated from the darkness of nature and the flowers of divine mysteries grow and become",Themes of ’Abdu’l-Bahá's Tablets of The Divine Plan Illustrated by Scriptural References to the Bible and the Qur'án,Tablets of the Divine Plan,agree,Tablet of the Divine Plan (Northeastern states I) (AB00956) — «چون فيض آسمانی برسد و تجلّيات نورانی هويدا گردد باهتزاز و حرکت آيد و از ظلمات طبيعت رهائی يابد و گلهای اسرار الهی بروياند پس بايد انسان سبب نورانيّت عالم انسانی» — https://oceanoflights.org/abdul-baha-bkw02-1-01-fa/,linked translation,,چون فيض آسمانی برسد و تجلّيات نورانی هويدا گردد باهتزاز و حرکت آيد و از ظلمات طبيعت رهائی يابد و گلهای اسرار الهی بروياند پس بايد انسان سبب نورانيّت عالم انسانی,https://oceanoflights.org/abdul-baha-bkw02-1-01-fa/,https://portlandiator.github.io/PI_browser/?id=AB00956,https://oceanlibrary.com/tablets-of-the-divine-plan_abdul-baha?paraId=para_11
437,"Praise be to His Highness the Desired One that ye have become confirmed in the promotion of divine teachings in that vast Continent, raised the call of the Kingdom of God in that region and announced",Tablets of the Divine Plan,Tablets of the Divine Plan,agree,Tablet of the Divine Plan (U.S. and Canada II) (AB00049) — «هو اللّه ای بهائيان حقيقی امريک شکر حضرت مقصود را که موفّق بر نشر تعاليم الهی در آن خطّه وسيعه شده‌ايد و نداء ملکوت اللّه در آن ديار بلند کرديد و بشارت بظهور رب» — https://oceanoflights.org/abdul-baha-bkw02-1-07-fa/,linked translation,,هو اللّه ای بهائيان حقيقی امريک شکر حضرت مقصود را که موفّق بر نشر تعاليم الهی در آن خطّه وسيعه شده‌ايد و نداء ملکوت اللّه در آن ديار بلند کرديد و بشارت بظهور رب,https://oceanoflights.org/abdul-baha-bkw02-1-07-fa/,https://portlandiator.github.io/PI_browser/?id=AB00049,https://oceanlibrary.com/tablets-of-the-divine-plan_abdul-baha?paraId=para_79
438,The blessed Person of the Promised One is interpreted in the Holy Book as the Lord of Hosts—the heavenly armies.,Tablets of the Divine Plan,Tablets of the Divine Plan,agree,Tablet of the Divine Plan (U.S. and Canada III) (AB00032) — «هو اللّه ای حواريون بهاءاللّه روحی لکم الفداء نفس مبارک موعود در کتاب مقدّس بربّ الجنود تعبير گشته يعنی جنود آسمانی و مقصود از جنود آسمانی نفوسی هستند که بکلّی » — https://oceanoflights.org/abdul-baha-bkw02-1-08-fa/,linked translation,,هو اللّه ای حواريون بهاءاللّه روحی لکم الفداء نفس مبارک موعود در کتاب مقدّس بربّ الجنود تعبير گشته يعنی جنود آسمانی و مقصود از جنود آسمانی نفوسی هستند که بکلّی ,https://oceanoflights.org/abdul-baha-bkw02-1-08-fa/,https://portlandiator.github.io/PI_browser/?id=AB00032,https://oceanlibrary.com/tablets-of-the-divine-plan_abdul-baha?paraId=para_111
439,"The philosophers of the ancients, the thinkers of the Middle Ages and the scientists of this and the former centuries have all agreed upon the fact that the best and the most ideal region for the habi",Tablets of the Divine Plan,Tablets of the Divine Plan,agree,Tablet of the Divine Plan (Southern states II) (AB00209) — «هو اللّه ای نفوس مبارکه محترمه، فلاسفه قرون اولی و علماء قرون وسطی و فلاسفه قرون اخيره جميع برآنند که بهترين اقاليم منطقه معتدله است زيرا عقول و افکار در نهايت » — https://oceanoflights.org/abdul-baha-bkw02-2-02-fa/,linked translation,,هو اللّه ای نفوس مبارکه محترمه، فلاسفه قرون اولی و علماء قرون وسطی و فلاسفه قرون اخيره جميع برآنند که بهترين اقاليم منطقه معتدله است زيرا عقول و افکار در نهايت ,https://oceanoflights.org/abdul-baha-bkw02-2-02-fa/,https://portlandiator.github.io/PI_browser/?id=AB00209,https://oceanlibrary.com/tablets-of-the-divine-plan_abdul-baha?paraId=para_170
440,"O ye friends of God! Exert ye with heart and soul, so that association, love, unity and agreement be obtained between the hearts, all the aims may be merged into one aim, all the songs become one song",Tablets of the Divine Plan,Tablets of the Divine Plan,agree,Tablet of the Divine Plan (Central states II) (AB00184) — «ای ياران الهی، بجان و دل بکوشيد تا الفت و محبّت و اتّحاد و اتّفاق بين قلوب حاصل شود جميع نوايا نيّت واحد گردد و همه آهنگها آهنگ واحد شود قوّه روح القدس چنان غلب» — https://oceanoflights.org/abdul-baha-bkw02-2-03-fa/,linked translation,,ای ياران الهی، بجان و دل بکوشيد تا الفت و محبّت و اتّحاد و اتّفاق بين قلوب حاصل شود جميع نوايا نيّت واحد گردد و همه آهنگها آهنگ واحد شود قوّه روح القدس چنان غلب,https://oceanoflights.org/abdul-baha-bkw02-2-03-fa/,https://portlandiator.github.io/PI_browser/?id=AB00184,https://oceanlibrary.com/tablets-of-the-divine-plan_abdul-baha?paraId=para_198
441,"When a farmer comes into the possession of a virgin soil, in a short time he will bring under cultivation a large field.",Themes of ’Abdu’l-Bahá's Tablets of The Divine Plan Illustrated by Scriptural References to the Bible and the Qur'án,Tablets of the Divine Plan,agree,Tablet of the Divine Plan (U.S. and Canada II) (AB00049) — «و نساء مؤمنات مثل مريم مجدليّه و مريم امّ يعقوب چه تاج مرصّعی از جواهر زواهر هدايت بر سر نهاده بودند همچنين موفّقيّت شما حال معلوم نه اميدوارم که بزودی موفّقيّت» — https://oceanoflights.org/abdul-baha-bkw02-1-07-fa/,linked translation,,و نساء مؤمنات مثل مريم مجدليّه و مريم امّ يعقوب چه تاج مرصّعی از جواهر زواهر هدايت بر سر نهاده بودند همچنين موفّقيّت شما حال معلوم نه اميدوارم که بزودی موفّقيّت,https://oceanoflights.org/abdul-baha-bkw02-1-07-fa/,https://portlandiator.github.io/PI_browser/?id=AB00049,https://oceanlibrary.com/tablets-of-the-divine-plan_abdul-baha?paraId=para_81
442,In the contingent world there are many collective centres which are conducive to association and unity between the children of men.,Tablets of the Divine Plan,Tablets of the Divine Plan,agree,Tablet of the Divine Plan (U.S. and Canada IV) (AB00094) — «وَلَا تَفَرَّقُوا﴾ هر چند در عالم امکان جهت جامعه بسيار که سبب الفت و اتّحاد بين بشر است مثلاً وطنيّت جهت جامعه است، ملّيّت جهت جامعه است، اتّحاد منافع جهت جامع» — https://oceanoflights.org/abdul-baha-bkw02-2-06-fa/,linked translation,,وَلَا تَفَرَّقُوا﴾ هر چند در عالم امکان جهت جامعه بسيار که سبب الفت و اتّحاد بين بشر است مثلاً وطنيّت جهت جامعه است، ملّيّت جهت جامعه است، اتّحاد منافع جهت جامع,https://oceanoflights.org/abdul-baha-bkw02-2-06-fa/,https://portlandiator.github.io/PI_browser/?id=AB00094,https://oceanlibrary.com/tablets-of-the-divine-plan_abdul-baha?paraId=para_252
443,"Verily I say unto thee that if thou be steadfast in this Cause, and arise with all thy power to promote the Word of God in those regions, and exert thine utmost effort to breathe the spirit of life in",,Tablets of ‘Abdu’l-Bahá ‘Abbás vol. 1-3,sheet empty,Possibly: O Thou Who Hast Striven With Thy Spirit (Makátíb 5:202) (AB04976) — «یا من اجتهد بروحه و ذاته و کینونته فی نشر نفحات الله احسنت احسنت بما استقمت علی عهد الله و میثاقه و ثبت بقوة من الله علی هذا الصراط الممدود لعمرالله یؤیدک علی ذ» — https://oceanoflights.org/abdul-baha-makatib5-202/,possible — verify,,یا من اجتهد بروحه و ذاته و کینونته فی نشر نفحات الله احسنت احسنت بما استقمت علی عهد الله و میثاقه و ثبت بقوة من الله علی هذا الصراط الممدود لعمرالله یؤیدک علی ذ,https://oceanoflights.org/abdul-baha-makatib5-202/,https://portlandiator.github.io/PI_browser/?id=AB04976,https://oceanlibrary.com/tablets-of-abdul-baha-abbas-vol-1-3?paraId=para_1514
444,O ye servants of the Sacred Threshold!,Bahá’í Administration,Selections from the Writings of ‘Abdu’l-Bahá,DIFFERS,O Servants of the Sacred Threshold (Muntakhabát 1:207) (AB07853) — «_ ٢٠٨ ای بندگان آستان مقدس جنود ملأ اعلی در اوج علا صف بسته و مهیا و منتظر و مترصد مرد میدان و فارس عرفان که بمحض جولان نصرت نمایند و تأیید کنند و قوت الظهر گرد» — https://oceanoflights.org/abdul-baha-muntakhabati1-207/,linked translation,,_ ٢٠٨ ای بندگان آستان مقدس جنود ملأ اعلی در اوج علا صف بسته و مهیا و منتظر و مترصد مرد میدان و فارس عرفان که بمحض جولان نصرت نمایند و تأیید کنند و قوت الظهر گرد,https://oceanoflights.org/abdul-baha-muntakhabati1-207/,https://portlandiator.github.io/PI_browser/?id=AB07853,https://oceanlibrary.com/selections-from-the-writings-of-abdul-baha?paraId=para_1354
445,"I hope that, through the bounties of Him Who quickeneth the spirits, thou mayest not for a moment remain still, nor be deterred from pulsating like unto an artery in the body of the world, that thou m",,Tablets of Bahá’u’lláh Revealed After the Kitáb-i-Aqdas,sheet empty,Lawh-i-Hikmat (Tablet of Wisdom) (BH00223) — «انّ ربّک لهو المؤيّد العليم الخبير کن نبّاضا کالشّريان فى جسد الامکان ليحدث من الحرارة المحدثة من الحرکة ما تسرع به افئدة المتوقّفين انّک عاشرت معى و رايت شموس » — https://oceanoflights.org/bahaullah-pub06-006-ar/,linked translation,REVIEW: tablet is by the other author,انّ ربّک لهو المؤيّد العليم الخبير کن نبّاضا کالشّريان فى جسد الامکان ليحدث من الحرارة المحدثة من الحرکة ما تسرع به افئدة المتوقّفين انّک عاشرت معى و رايت شموس ,https://oceanoflights.org/bahaullah-pub06-006-ar/,https://portlandiator.github.io/PI_browser/?id=BH00223,https://siftersearch.com/library/bahai/core-publications/tablets-of-bahaullah-revealed-after-the-kitab-i-aqdas#p331
446,"As to the fundamentals of teaching the Faith: Know thou that delivering the Message can be accomplished only through goodly deeds and spiritual attributes, an utterance that is crystal clear and the h",Selections from the Writings of ’Abdu’l-Bahá,Selections from the Writings of ‘Abdu’l-Bahá,agree,O Thou Who Art Enkindled With The Fire Of The Love Of God (Muntakhabát 1:145) (AB00553) — «و اما اصول التبلیغ اعلمی ان التبلیغ انما بالأعمال الملکوتیة و الأخلاق الرحمانیة و البیان الواضح المبین و البشارات الواضحة الساطعة من وجه الأنسان عند النطق و الب» — https://oceanoflights.org/abdul-baha-muntakhabati1-145/,linked translation,,و اما اصول التبلیغ اعلمی ان التبلیغ انما بالأعمال الملکوتیة و الأخلاق الرحمانیة و البیان الواضح المبین و البشارات الواضحة الساطعة من وجه الأنسان عند النطق و الب,https://oceanoflights.org/abdul-baha-muntakhabati1-145/,https://portlandiator.github.io/PI_browser/?id=AB00553,https://oceanlibrary.com/selections-from-the-writings-of-abdul-baha?paraId=para_905
447,The teaching work should under all conditions be actively pursued by the believers because divine confirmations are dependent upon it.,Selections from the Writings of ’Abdu’l-Bahá,Selections from the Writings of ‘Abdu’l-Bahá,agree,On Non-Interference in Political Affairs and Wisdom in Teaching (Muntakhabát 2:282) (AB00187) — «و دیگر آنکه بساط تبلیغ باید در جمیع احیان ممدود گردد زیرا تأیید الهی موکول بر آن اگر نفسی بجان و دل در نهایت همت کمر بر تبلیغ امر الله نبندد البته از تأیید ملکو» — https://oceanoflights.org/abdul-baha-muntakhabati2-282/,linked translation,,و دیگر آنکه بساط تبلیغ باید در جمیع احیان ممدود گردد زیرا تأیید الهی موکول بر آن اگر نفسی بجان و دل در نهایت همت کمر بر تبلیغ امر الله نبندد البته از تأیید ملکو,https://oceanoflights.org/abdul-baha-muntakhabati2-282/,https://portlandiator.github.io/PI_browser/?id=AB00187,https://oceanlibrary.com/selections-from-the-writings-of-abdul-baha?paraId=para_1378
448,"It is at such times that the friends of God avail themselves of the occasion, seize the opportunity, rush forth and win the prize.",Selections from the Writings of ’Abdu’l-Bahá,Selections from the Writings of ‘Abdu’l-Bahá,agree,On Using Times of Opportunity to Prove the Manifestation of the Sun of Truth (Muntakhabát 1:211) (AB10886) — «_ ٢١٢چنین اوقات یاران الهی فرصتی یابند و وقت غنیمت شمرند و جولان کنند و از این میدان گوئی بربایند و اگر کار ایشان منحصر بحسن سلوک و موعظه حسنه باشد کاری از پیش » — https://oceanoflights.org/abdul-baha-muntakhabati1-211/,linked translation,,_ ٢١٢چنین اوقات یاران الهی فرصتی یابند و وقت غنیمت شمرند و جولان کنند و از این میدان گوئی بربایند و اگر کار ایشان منحصر بحسن سلوک و موعظه حسنه باشد کاری از پیش ,https://oceanoflights.org/abdul-baha-muntakhabati1-211/,https://portlandiator.github.io/PI_browser/?id=AB10886,https://oceanlibrary.com/selections-from-the-writings-of-abdul-baha?paraId=para_1375
449,The friends of God should weave bonds of fellowship with others and show absolute love and affection towards them.,,O thou who art firm in the Covenant! Thy letter was received. Its contents were detailed i…,sheet empty,Possibly: On Teaching through Fellowship and Gradual Association (Muntakhabát 2:227) (AB04113) — «که در آینده موفق بتبلیغ نبأ عظیم شوند یعنی یاران الهی با نفوس سائره طرح الفت افکنند و بکمال محبت و مؤانست پردازند این نوع معاشرت در اکثر نفوس تأثیر نماید و گوش » — https://oceanoflights.org/abdul-baha-muntakhabati2-227/,possible — verify,,که در آینده موفق بتبلیغ نبأ عظیم شوند یعنی یاران الهی با نفوس سائره طرح الفت افکنند و بکمال محبت و مؤانست پردازند این نوع معاشرت در اکثر نفوس تأثیر نماید و گوش ,https://oceanoflights.org/abdul-baha-muntakhabati2-227/,https://portlandiator.github.io/PI_browser/?id=AB04113,https://portlandiator.github.io/PI_browser/?id=AB09918
450,"The teacher, when teaching, must be himself fully enkindled, so that his utterance, like unto a flame of fire, may exert influence and consume the veil of self and passion.",Selections from the Writings of ’Abdu’l-Bahá,Selections from the Writings of ‘Abdu’l-Bahá,agree,On the Qualities Required of the Teacher of the Cause (Muntakhabát 1:216) (AB04273) — «_ ٢١٧خود مبلغ باید در وقت تبلیغ بی‌نهایت متأثر باشد تا بیانش مانند شعله آتش تأثیر کند و پرده حجبات نفس و هوی بسوزاند و باید در نهایت خضوع و خشوع باشد تا دیگران » — https://oceanoflights.org/abdul-baha-muntakhabati1-216/,linked translation,,_ ٢١٧خود مبلغ باید در وقت تبلیغ بی‌نهایت متأثر باشد تا بیانش مانند شعله آتش تأثیر کند و پرده حجبات نفس و هوی بسوزاند و باید در نهایت خضوع و خشوع باشد تا دیگران ,https://oceanoflights.org/abdul-baha-muntakhabati1-216/,https://portlandiator.github.io/PI_browser/?id=AB04273,https://oceanlibrary.com/selections-from-the-writings-of-abdul-baha?paraId=para_1392
451,"Walk, therefore, with a sure step and engage with the utmost assurance and confidence in the promulgation of the divine fragrances, the glorification of the Word of God and firmness in the Covenant.",Selections from the Writings of ’Abdu’l-Bahá,Selections from the Writings of ‘Abdu’l-Bahá,agree,On Steadfastness in the Covenant Amid Trials in Los Angeles (Muntakhabát 1:183) (AB03780) — «پس قدم را ثابت نمائید و بنهایت قوت بنشر نفحات الهیه و اعلآء کلمة الله و ثبات بر میثاق پردازید و یقین بدانید که اگر نفسی با کمال استقامت ندای بملکوت نماید و بنها» — https://oceanoflights.org/abdul-baha-muntakhabati1-183/,linked translation,,پس قدم را ثابت نمائید و بنهایت قوت بنشر نفحات الهیه و اعلآء کلمة الله و ثبات بر میثاق پردازید و یقین بدانید که اگر نفسی با کمال استقامت ندای بملکوت نماید و بنها,https://oceanoflights.org/abdul-baha-muntakhabati1-183/,https://portlandiator.github.io/PI_browser/?id=AB03780,https://oceanlibrary.com/selections-from-the-writings-of-abdul-baha?paraId=para_1123
452,Every assembly held for the purpose of bringing about unity and concord will be conducive to turning strangers into friends and aliens into companions.,,Tablets of ‘Abdu’l-Bahá ‘Abbás vol. 1-3,sheet empty,O thou servant of the True One! Thy letter was received. The meeting ... which was arrange… (AB04289) — «زیرا یاران الهی در نهایت اتّحاد و یگانگی بودند و امیدوارم که اهل عالم جمیعاً چنین متّحد و متّفق گردند جمال مبارک محض اتّحاد و اتّفاق اهل عالم ظاهر شدند تا کلّ د»,linked translation,,زیرا یاران الهی در نهایت اتّحاد و یگانگی بودند و امیدوارم که اهل عالم جمیعاً چنین متّحد و متّفق گردند جمال مبارک محض اتّحاد و اتّفاق اهل عالم ظاهر شدند تا کلّ د,,https://portlandiator.github.io/PI_browser/?id=AB04289,https://oceanlibrary.com/tablets-of-abdul-baha-abbas-vol-1-3?paraId=para_3982
453,"We hear that thou hast in mind to embellish thy house from time to time with a meeting of Bahá’ís, where some among them will engage in glorifying the All-Glorious Lord….",Selections from the Writings of ’Abdu’l-Bahá,Selections from the Writings of ‘Abdu’l-Bahá,agree,That Earthly House Will Become Heavenly (Muntakhabát 1:56) (AB10839) — «_ ٥٧ از قرار مسموع شما را نیت چنان که خانه خویش را گاهی باجتماع بهائیان مزین نمائید تا بعضی بتمجید رب مجید پردازند .... این قدر بدان که … اگر چنین بنمائی آن خان» — https://oceanoflights.org/abdul-baha-muntakhabati1-56/,linked translation,,_ ٥٧ از قرار مسموع شما را نیت چنان که خانه خویش را گاهی باجتماع بهائیان مزین نمائید تا بعضی بتمجید رب مجید پردازند .... این قدر بدان که … اگر چنین بنمائی آن خان,https://oceanoflights.org/abdul-baha-muntakhabati1-56/,https://portlandiator.github.io/PI_browser/?id=AB10839,https://oceanlibrary.com/selections-from-the-writings-of-abdul-baha?paraId=para_429
454,"Verily, ‘Abdu’l-Bahá inhaleth the fragrance of the love of God from every meeting place where the Word of God is uttered and proofs and arguments set forth that shed their rays across the world, and w",Selections from the Writings of ’Abdu’l-Bahá,Selections from the Writings of ‘Abdu’l-Bahá,agree,On Refraining from Politics and Confining Speech to Spiritual Matters (Muntakhabát 1:52) (AB07020) — «_ ٥٣ ان عبدالبهآء یشم رائحة محبة الله من کل محفل تنطقین فیه بکلمة الله و تذکرین الحجج و البراهین التی سطعت انوارها علی الآفاق و تحدثین ببلایآء عبدالبهآء من شر ا» — https://oceanoflights.org/abdul-baha-muntakhabati1-52/,linked translation,,_ ٥٣ ان عبدالبهآء یشم رائحة محبة الله من کل محفل تنطقین فیه بکلمة الله و تذکرین الحجج و البراهین التی سطعت انوارها علی الآفاق و تحدثین ببلایآء عبدالبهآء من شر ا,https://oceanoflights.org/abdul-baha-muntakhabati1-52/,https://portlandiator.github.io/PI_browser/?id=AB07020,https://oceanlibrary.com/selections-from-the-writings-of-abdul-baha?paraId=para_415
455,"Speak, therefore; speak out with great courage at every meeting.",Selections from the Writings of ’Abdu’l-Bahá,Selections from the Writings of ‘Abdu’l-Bahá,agree,Be Assured That the Breaths of the Holy Spirit Will Loosen Your Tongues (Muntakhabát 1:215) (AB09344) — «و بکمال شجاعت در هر محفلی صحبت بدارید در وقت خطاب اول توجه ببهآء الله نمائید و تأییدات روح القدس بخواهید و زبان بگشائید و آنچه بر قلب شما القا میشود بیان نمائید» — https://oceanoflights.org/abdul-baha-muntakhabati1-215/,linked translation,,و بکمال شجاعت در هر محفلی صحبت بدارید در وقت خطاب اول توجه ببهآء الله نمائید و تأییدات روح القدس بخواهید و زبان بگشائید و آنچه بر قلب شما القا میشود بیان نمائید,https://oceanoflights.org/abdul-baha-muntakhabati1-215/,https://portlandiator.github.io/PI_browser/?id=AB09344,https://oceanlibrary.com/selections-from-the-writings-of-abdul-baha?paraId=para_1389
456,"Ye have written as to the meetings of the friends, and how filled they are with peace and joy.",Selections from the Writings of ’Abdu’l-Bahá,Selections from the Writings of ‘Abdu’l-Bahá,agree,On Forgetting All Else and Devoting Thought Wholly to the Cause (Muntakhabát 1:53) (AB04561) — «_ ٥٤ از اجتماع احبا مرقوم نموده بودید که در نهایت روح و ریحانست البته چنین است زیرا در مجامع روحانیان جمال مبارک شاهد انجمن است البته نهایت روح و ریحان حاصل گرد» — https://oceanoflights.org/abdul-baha-muntakhabati1-53/,linked translation,,_ ٥٤ از اجتماع احبا مرقوم نموده بودید که در نهایت روح و ریحانست البته چنین است زیرا در مجامع روحانیان جمال مبارک شاهد انجمن است البته نهایت روح و ریحان حاصل گرد,https://oceanoflights.org/abdul-baha-muntakhabati1-53/,https://portlandiator.github.io/PI_browser/?id=AB04561,https://oceanlibrary.com/selections-from-the-writings-of-abdul-baha?paraId=para_419
457,"Praise thou God that at last, through the divine teachings, thou hast obtained both sight and insight to the highest degree, and hast become firmly rooted in certitude and faith.",Paradise and Paradigm: Key Symbols in Persian Christianity and the Bahá’í Faith,Selections from the Writings of ‘Abdu’l-Bahá,DIFFERS,Lawh-i-Haft Sham' (Seven Candles) (AB00143) — «که تو نیز مسیحی حقیقی گردی حمد کن خدا را که بواسطه تعالیم الهیه نورانیت و بصیرت عظمی حاصل گردید و در ایمان و ایقان ثابت و پایدار شدی امیدوارم که دیگران نیز چشمی» — https://oceanoflights.org/abdul-baha-mk01-090-fa/,linked translation,,که تو نیز مسیحی حقیقی گردی حمد کن خدا را که بواسطه تعالیم الهیه نورانیت و بصیرت عظمی حاصل گردید و در ایمان و ایقان ثابت و پایدار شدی امیدوارم که دیگران نیز چشمی,https://oceanoflights.org/abdul-baha-mk01-090-fa/,https://portlandiator.github.io/PI_browser/?id=AB00143,https://oceanlibrary.com/selections-from-the-writings-of-abdul-baha?paraId=para_129
458,The third element of the utterance under discussion is “opposes his passions”.,The Secret of Divine Civilization,The Secret of Divine Civilization,agree,"Possibly: The Secret of Divine Civilization — «Once in the course of My travels I heard an eminent personage make the following excellent remark, the wit and charm of which remain in memory: “Not every cleri»",possible — verify,,"Once in the course of My travels I heard an eminent personage make the following excellent remark, the wit and charm of which remain in memory: “Not every cleri",,,https://oceanlibrary.com/secret-of-divine-civilization_abdul-baha
459,"The highest station, the supreme sphere, the noblest, most sublime position in creation, whether visible or invisible, whether alpha or omega, is that of the Prophets of God, notwithstanding the fact",The Secret of Divine Civilization,The Secret of Divine Civilization,agree,Possibly: Siyasiyyih (The Art of Divine Polity - Treatise on Politics) (AB00011) — «امّا شأن ائمّهء هدی و مقام مقرّبين درگاه کبريا عزّت و حشمت روحانيّه است و حقوقشان ولايت حضرت رحمانيّه اکليل جليلشان غبار سبيل رحمان است و تاج وهّاجشان انوار موه» — https://oceanoflights.org/abdul-baha-bkw25-fa/,possible — verify,,امّا شأن ائمّهء هدی و مقام مقرّبين درگاه کبريا عزّت و حشمت روحانيّه است و حقوقشان ولايت حضرت رحمانيّه اکليل جليلشان غبار سبيل رحمان است و تاج وهّاجشان انوار موه,https://oceanoflights.org/abdul-baha-bkw25-fa/,https://portlandiator.github.io/PI_browser/?id=AB00011,https://oceanlibrary.com/secret-of-divine-civilization_abdul-baha
460,"As to the difference between that material civilization now prevailing, and the divine civilization which will be one of the benefits to derive from the House of Justice, it is this: Material civiliza",Selections from the Writings of ‘Abdu’l-Bahá,Selections from the Writings of ‘Abdu’l-Bahá,agree,On the Difference Between Material Civilization and Divine Civilization (Muntakhabát 1:104) (AB00754) — «_ ١٠٥و اما تفاوت بین مدنیت طبیعیه که الیوم منتشر است و بین مدنیت الهیه که از نتائج بیت العدل خواهد بود فرق اینست که مدنیت طبیعیه بقوه قوانین جزائیه و قصاص رادع » — https://oceanoflights.org/abdul-baha-muntakhabati1-104/,linked translation,,_ ١٠٥و اما تفاوت بین مدنیت طبیعیه که الیوم منتشر است و بین مدنیت الهیه که از نتائج بیت العدل خواهد بود فرق اینست که مدنیت طبیعیه بقوه قوانین جزائیه و قصاص رادع ,https://oceanoflights.org/abdul-baha-muntakhabati1-104/,https://portlandiator.github.io/PI_browser/?id=AB00754,https://oceanlibrary.com/selections-from-the-writings-of-abdul-baha?paraId=para_668
461,True civilization will unfurl its banner in the midmost heart of the world whenever a certain number of its distinguished and high-minded sovereigns—the shining exemplars of devotion and determination,The Secret of Divine Civilization,The Secret of Divine Civilization,agree,"Naw-Rúz Message to the Bahá'ís of the East, 89 B.E. (AB07788) — «و همچنین حضرت عبدالبهاء در رسالهء مدنیّه می‌فرماید: “بلی تمدّن حقیقی وقتی در قطب عالم علم افرازد که چند ملوک بزرگوار بلند همّت چون آفتاب رخشندهٴ عالم غیرت و حمی» — https://oceanoflights.org/shoghi-effendi-bkw-02-fa/",linked translation,,و همچنین حضرت عبدالبهاء در رسالهء مدنیّه می‌فرماید: “بلی تمدّن حقیقی وقتی در قطب عالم علم افرازد که چند ملوک بزرگوار بلند همّت چون آفتاب رخشندهٴ عالم غیرت و حمی,https://oceanoflights.org/shoghi-effendi-bkw-02-fa/,https://portlandiator.github.io/PI_browser/?id=AB07788,https://oceanlibrary.com/secret-of-divine-civilization_abdul-baha?paraId=para_127
462,O ye concourse of the Kingdom of Abhá!,Selections from the Writings of ’Abdu’l-Bahá,Selections from the Writings of ‘Abdu’l-Bahá,agree,Lawh-i-Du-Niday-i-Falah va Najah (Two Calls to Success and Prosperity) (AB00022) — «_ ٢٢٥ ای اهل ملکوت ابهی دو ندای فلاح و نجاح از اوج سعادت عالم انسانی بلند است خفتگان بیدار کند کوران بینا نماید غافلان هوشیار فرماید کران شنوا نماید گنگان گویا » — https://oceanoflights.org/abdul-baha-muntakhabati1-224/,linked translation,,_ ٢٢٥ ای اهل ملکوت ابهی دو ندای فلاح و نجاح از اوج سعادت عالم انسانی بلند است خفتگان بیدار کند کوران بینا نماید غافلان هوشیار فرماید کران شنوا نماید گنگان گویا ,https://oceanoflights.org/abdul-baha-muntakhabati1-224/,https://portlandiator.github.io/PI_browser/?id=AB00022,https://oceanlibrary.com/selections-from-the-writings-of-abdul-baha?paraId=para_1460
463,"Can we maintain that it is contrary to the fundamentals of the Faith to encourage the acquisition of useful arts and of general knowledge, to inform oneself as to the truths of such physical sciences",The Secret of Divine Civilization,The Secret of Divine Civilization,agree,Madaniyyih (The Secret of Divine Civilization) (AB00004) — «وسائط ثروت ملّت منافی اصول ديانت الهيّه است ؟» — https://oceanoflights.org/abdul-baha-bkw19-fa/,linked translation,,وسائط ثروت ملّت منافی اصول ديانت الهيّه است ؟,https://oceanoflights.org/abdul-baha-bkw19-fa/,https://portlandiator.github.io/PI_browser/?id=AB00004,https://oceanlibrary.com/secret-of-divine-civilization_abdul-baha
464,"The primary, the most urgent requirement is the promotion of education.",The Secret of Divine Civilization,The Secret of Divine Civilization,agree,Madaniyyih (The Secret of Divine Civilization) (AB00004) — «معارف است و از هيچ ملّتی نجاح و فلاح بدون ترقّی» — https://oceanoflights.org/abdul-baha-bkw19-fa/,linked translation,,معارف است و از هيچ ملّتی نجاح و فلاح بدون ترقّی,https://oceanoflights.org/abdul-baha-bkw19-fa/,https://portlandiator.github.io/PI_browser/?id=AB00004,https://oceanlibrary.com/secret-of-divine-civilization_abdul-baha
465,"Wealth is praiseworthy in the highest degree, if it is acquired by an individual’s own efforts and the grace of God, in commerce, agriculture, art and industry, and if it be expended for philanthropic",Social and Economic Development,The Secret of Divine Civilization,DIFFERS,Madaniyyih (The Secret of Divine Civilization) (AB00004) — «عاقل و مدبّر تشبّث بوسائلی نمايد که جمهور اهالی بثروت» — https://oceanoflights.org/abdul-baha-bkw19-fa/,linked translation,,عاقل و مدبّر تشبّث بوسائلی نمايد که جمهور اهالی بثروت,https://oceanoflights.org/abdul-baha-bkw19-fa/,https://portlandiator.github.io/PI_browser/?id=AB00004,https://oceanlibrary.com/secret-of-divine-civilization_abdul-baha
466,"Now, the root cause of these difficulties lies in the law of nature that governs present-day civilization, for it results in a handful of people accumulating vast fortunes that far exceed their needs,",Some Answered Questions,Some Answered Questions,agree,"Chapter 79, The Reality of the World of Being (AB02618) — «امّا سبب اصلی اين مشکلات قوانين طبيعی مدنيّت حاضره است زيرا نتيجه اين قوانين اين که نفوسی معدود بيش از لزوم ثروت بی پايان يابند و اکثری برهنه و عريان و بی سر و » — https://oceanoflights.org/abdul-baha-bkw22-5-05-fa/",linked translation,,امّا سبب اصلی اين مشکلات قوانين طبيعی مدنيّت حاضره است زيرا نتيجه اين قوانين اين که نفوسی معدود بيش از لزوم ثروت بی پايان يابند و اکثری برهنه و عريان و بی سر و ,https://oceanoflights.org/abdul-baha-bkw22-5-05-fa/,https://portlandiator.github.io/PI_browser/?id=AB02618,https://oceanlibrary.com/some-answered-questions_abdul-baha?paraId=para_960
467,"Praise and thanksgiving be unto Providence that out of all the realities in existence He has chosen the reality of man and has honoured it with intellect and wisdom, the two most luminous lights in ei",The Secret of Divine Civilization,The Secret of Divine Civilization,agree,Madaniyyih (The Secret of Divine Civilization) (AB00004) — «حال ای هوشمندان بشکرانهء» — https://oceanoflights.org/abdul-baha-bkw19-fa/,linked translation,,حال ای هوشمندان بشکرانهء,https://oceanoflights.org/abdul-baha-bkw19-fa/,https://portlandiator.github.io/PI_browser/?id=AB00004,https://oceanlibrary.com/secret-of-divine-civilization_abdul-baha
468,"Make ye a mighty effort till you yourselves betoken this advancement and all these confirmations, and become focal centres of God’s blessings, daysprings of the light of His unity, promoters of the gi","Iranian Believers Throughout the World, Message to",Selections from the Writings of ‘Abdu’l-Bahá,DIFFERS,On the Education and Training of Children (Muntakhabát 1:101) (AB00551) — «ای احبای الهی جهد بلیغ نمائید تا شما مظهر این ترقیات و تأییدات گردید و مرکز سنوحات رحمانیت شوید و مشرق انوار احدیت گردید و مروج مواهب مدنیت شوید و در آن کشور ره» — https://oceanoflights.org/abdul-baha-muntakhabati1-101/,linked translation,,ای احبای الهی جهد بلیغ نمائید تا شما مظهر این ترقیات و تأییدات گردید و مرکز سنوحات رحمانیت شوید و مشرق انوار احدیت گردید و مروج مواهب مدنیت شوید و در آن کشور ره,https://oceanoflights.org/abdul-baha-muntakhabati1-101/,https://portlandiator.github.io/PI_browser/?id=AB00551,https://oceanlibrary.com/selections-from-the-writings-of-abdul-baha?paraId=para_653
469,"It is obvious that not until the people are educated, not until public opinion is rightly focused, not until government officials, even minor ones, are free from even the least remnant of corruption,",The Secret of Divine Civilization,The Secret of Divine Civilization,agree,Madaniyyih (The Secret of Divine Civilization) (AB00004) — «تا آن اصلاحات از حيّز قوّه بوجود آيد» — https://oceanoflights.org/abdul-baha-bkw19-fa/,linked translation,,تا آن اصلاحات از حيّز قوّه بوجود آيد,https://oceanoflights.org/abdul-baha-bkw19-fa/,https://portlandiator.github.io/PI_browser/?id=AB00004,https://oceanlibrary.com/secret-of-divine-civilization_abdul-baha
470,"By its nature, human society standeth in need of essential relations and rules, for otherwise it would not enjoy peace and protection, nor experience happiness and security.",,Siyasiyyih,sheet empty,Possibly: Siyasiyyih (The Art of Divine Polity - Treatise on Politics) (AB00011) — «هيئت اجتماعيّه بشريّه بالطّبع محتاج روابط و ضوابط ضروريّه است. چه که بدون اين روابط صيانت و سلامت نيابد و امنيّت و سعادت نيابد عزّت مقدّسه انسان رخ ننمايد و معش» — https://oceanoflights.org/abdul-baha-bkw25-fa/,possible — verify,,هيئت اجتماعيّه بشريّه بالطّبع محتاج روابط و ضوابط ضروريّه است. چه که بدون اين روابط صيانت و سلامت نيابد و امنيّت و سعادت نيابد عزّت مقدّسه انسان رخ ننمايد و معش,https://oceanoflights.org/abdul-baha-bkw25-fa/,https://portlandiator.github.io/PI_browser/?id=AB00011,https://siftersearch.com/library/bahai/core-tablets/abdul-baha_siyasiyyih_fa#p20
471,"Speak thou no word of politics; thy task concerneth the life of the soul, for this verily leadeth to man’s joy in the world of God.",Selections from the Writings of ’Abdu’l-Bahá,Selections from the Writings of ‘Abdu’l-Bahá,agree,On Refraining from Politics and Confining Speech to Spiritual Matters (Muntakhabát 1:52) (AB07020) — «یا امة الله لا تتلفظی بکلمة من السیاسیات علیک بالروحانیات لانها تؤل الی السعادة البشریة فی العالم الأبهی و لا تذکری ملوک الأرض و حکوماتها المادیة و الزمنیة الا » — https://oceanoflights.org/abdul-baha-muntakhabati1-52/,linked translation,,یا امة الله لا تتلفظی بکلمة من السیاسیات علیک بالروحانیات لانها تؤل الی السعادة البشریة فی العالم الأبهی و لا تذکری ملوک الأرض و حکوماتها المادیة و الزمنیة الا ,https://oceanoflights.org/abdul-baha-muntakhabati1-52/,https://portlandiator.github.io/PI_browser/?id=AB07020,https://oceanlibrary.com/selections-from-the-writings-of-abdul-baha?paraId=para_416
472,"Furthermore each and every one is required to show obedience, submission and loyalty towards his own government….",Selections from the Writings of ‘Abdu’l-Bahá,Selections from the Writings of ‘Abdu’l-Bahá,agree,Possibly: Lawh-i-Du-Niday-i-Falah va Najah (Two Calls to Success and Prosperity) (AB00022) — «که خيرخواه و مطيع دول و محبّ و مهربان بجميع مللند، و اين اطاعت و انقياد بنصّ صريح جمال ابهی فرض و واجب بر کلّ، لهذا احبّاء اطاعة لأمر الحق بجميع دول بی‌نهايت صا» — https://oceanoflights.org/abdul-baha-bkw09-fa/,possible — verify,,که خيرخواه و مطيع دول و محبّ و مهربان بجميع مللند، و اين اطاعت و انقياد بنصّ صريح جمال ابهی فرض و واجب بر کلّ، لهذا احبّاء اطاعة لأمر الحق بجميع دول بی‌نهايت صا,https://oceanoflights.org/abdul-baha-bkw09-fa/,https://portlandiator.github.io/PI_browser/?id=AB00022,https://oceanlibrary.com/selections-from-the-writings-of-abdul-baha?paraId=para_1487
473,O thou servant of Bahá!,,Tablets of ‘Abdu’l-Bahá ‘Abbás vol. 1-3,sheet empty,...O dear one of ‘Abdu’l‑Baha! Be the son of thy father and be the fruit of that tree. Be … (AB00639) — «ای بندهٴ بها از مداخلهٴ در امور حکومت سؤال نموده بودی از مقتضیات ممالک امریک اینست که در انتخابات باید اهالی مداخله نمایند این امر لازمیست اعتذار از آن ممکن نه »,linked translation,,ای بندهٴ بها از مداخلهٴ در امور حکومت سؤال نموده بودی از مقتضیات ممالک امریک اینست که در انتخابات باید اهالی مداخله نمایند این امر لازمیست اعتذار از آن ممکن نه ,,https://portlandiator.github.io/PI_browser/?id=AB00639,https://oceanlibrary.com/tablets-of-abdul-baha-abbas-vol-1-3?paraId=para_2599
474,"If any of the friends should enter into the service of the government, they should make their occupation a means of drawing nearer to the divine Threshold: They should act with probity and uprightness",Lights of Guidance,On Loyalty to Government and the Regeneration of Iran (Makátíb 8:332),DIFFERS,Possibly: O thou who art firm in the Covenant! Thy letter was received and its contents became known… (AB10467) — «امّا نفوسی از احبّا که در ادارهٴ حکومت مستخدمند باید بنهایت صداقت و امانت و عفّت و استقامت و پاکی و آزادگی خدمت نمایند دامن خویش بمنافع شخصیّه نیالایند و بسبب د»,possible — verify,,امّا نفوسی از احبّا که در ادارهٴ حکومت مستخدمند باید بنهایت صداقت و امانت و عفّت و استقامت و پاکی و آزادگی خدمت نمایند دامن خویش بمنافع شخصیّه نیالایند و بسبب د,,https://portlandiator.github.io/PI_browser/?id=AB10467,https://siftersearch.com/library/bahai/makatib-i-abdul-baha-vol-8/abdul-baha_on-loyalty-to-government-and-the-regeneration-of-iran_fa#p0
475,O ye my loved ones! The world is wrapped in the thick darkness of open revolt and swept by a whirlwind of hate.,Selections from the Writings of ’Abdu’l-Bahá,Selections from the Writings of ‘Abdu’l-Bahá,agree,"O Ye Spiritual Friends, Praise Be to God, Ye Have Cast Aside the Veil (Makátíb 3:82) (AB00687) — «و تکالیف حضرت کبریا ای یاران جهان را ظلام عناد فرا گرفته و گردباد بغضا احاطه نموده نار عدوانست که شعله بعنان آسمان زند سیل خونریز است که از دشت و کهسار جاری و س» — https://oceanoflights.org/abdul-baha-makatib3-082/",linked translation,,و تکالیف حضرت کبریا ای یاران جهان را ظلام عناد فرا گرفته و گردباد بغضا احاطه نموده نار عدوانست که شعله بعنان آسمان زند سیل خونریز است که از دشت و کهسار جاری و س,https://oceanoflights.org/abdul-baha-makatib3-082/,https://portlandiator.github.io/PI_browser/?id=AB00687,https://oceanlibrary.com/selections-from-the-writings-of-abdul-baha?paraId=para_1594
476,Today the pulsating power in the arteries of the body of the world is the spirit of the Covenant—the spirit which is the cause of life.,The Covenant,The Covenant,agree,"O Daughter of the Kingdom, Thy Letter Was Received (Muntakhabát 1:182) (AB04657) — «الیوم قوه محرکه عالم وجود قوه پیمانست که مانند شریان در جسم امکان نابض است و سبب محافظه وحدت بهائی بهائیان مأمور که تأسیس وحدت عالم انسانی نمایند اگر خود در نقط» — https://oceanoflights.org/abdul-baha-muntakhabati1-182/",linked translation,,الیوم قوه محرکه عالم وجود قوه پیمانست که مانند شریان در جسم امکان نابض است و سبب محافظه وحدت بهائی بهائیان مأمور که تأسیس وحدت عالم انسانی نمایند اگر خود در نقط,https://oceanoflights.org/abdul-baha-muntakhabati1-182/,https://portlandiator.github.io/PI_browser/?id=AB04657,https://oceanlibrary.com/covenant_bahaullah?paraId=para_172
477,It is indubitably clear that the pivot of the oneness of mankind is nothing else but the power of the Covenant….,The Covenant,"On the Covenant, To the Believers of Honolulu",agree,Possibly: O Kind Friends and Handmaidens of the Merciful in Those Distant and Remote Islands (Makátíb 3:30) — «و این مشروط بثبوت بر میثاق است … قوه میثاق مانند حرارت آفتابست که جمیع کائنات ارضیه را تربیت نماید و نشو و نما بخشد بهمچنین نور میثاق عالم عقول و نفوس و قلوب و » — https://oceanoflights.org/abdul-baha-makatib3-030/,possible — verify,,و این مشروط بثبوت بر میثاق است … قوه میثاق مانند حرارت آفتابست که جمیع کائنات ارضیه را تربیت نماید و نشو و نما بخشد بهمچنین نور میثاق عالم عقول و نفوس و قلوب و ,https://oceanoflights.org/abdul-baha-makatib3-030/,,https://siftersearch.com/library/bahai/core-tablets/abdul-baha_on-the-covenant-to-the-believers-of-honolulu_fa#p1
478,"Today, the Lord of Hosts is the defender of the Covenant, the forces of the Kingdom protect it, heavenly souls tender their services, and heavenly angels promulgate and spread it broadcast.",Selections from the Writings of ’Abdu’l-Bahá,Selections from the Writings of ‘Abdu’l-Bahá,agree,The Lord of Hosts Is the Protector of the Covenant (Muntakhabát 1:191) — «_ ١٩٢ امروز رب الجنود حامی میثاق است و قوای ملکوت محافظ میثاق و نفوس آسمانی خادم میثاق و فرشته‌های ملکوتی مروج میثاق بلکه اگر بدیده بصیرت نظر بشود جمیع قوای عال» — https://oceanoflights.org/abdul-baha-muntakhabati1-191/,linked translation,,_ ١٩٢ امروز رب الجنود حامی میثاق است و قوای ملکوت محافظ میثاق و نفوس آسمانی خادم میثاق و فرشته‌های ملکوتی مروج میثاق بلکه اگر بدیده بصیرت نظر بشود جمیع قوای عال,https://oceanoflights.org/abdul-baha-muntakhabati1-191/,,https://oceanlibrary.com/selections-from-the-writings-of-abdul-baha?paraId=para_1205
479,No power can eliminate misunderstandings except that of the Covenant.,,abdul-baha-tablets-talks-bahai-library-050_en,sheet empty,Possibly: O thou who art firm in the Covenant! Thy detailed letter and the brief ones have all been … (AB00945) — «سوء تفاهم ممکن نیست بهیچ قوّه‌ئی زائل شود مگر بقوّهٴ میثاق قوّهٴ میثاق کلمهٴ جامعه است و حلّال مشکلات زیرا بنصّ صریح باثر قلم اعلی میفرماید هر سوء تفاهمی که حاص»,possible — verify,,سوء تفاهم ممکن نیست بهیچ قوّه‌ئی زائل شود مگر بقوّهٴ میثاق قوّهٴ میثاق کلمهٴ جامعه است و حلّال مشکلات زیرا بنصّ صریح باثر قلم اعلی میفرماید هر سوء تفاهمی که حاص,,https://portlandiator.github.io/PI_browser/?id=AB00945,https://oceanoflights.org/file/autogenerated/abdul-baha-tablets-talks-bahai-library-050_en.docx
480,"Were not the mighty stronghold of the Cause of God to remain protected by the power of the Covenant, there would arise in a single day a thousand different sects among the Bahá’ís, even as was the cas",,Talks of 'Abdu'l-Bahá in Haifa,sheet empty,"Possibly: O dearly beloved son! Your letter dated July 8, 1914 was received. Its contents [3.5s]... … (AB05591) — «اگر حصن حصین امر اللّه بقوّهٴ میثاق محفوظ نماند در یک روز در بهائیان هزار مذهب پیدا شود چنانچه در دورهای سابق حاصل شد ولی در این دور مبارک محض صیانت امر اللّه ک»",possible — verify,,اگر حصن حصین امر اللّه بقوّهٴ میثاق محفوظ نماند در یک روز در بهائیان هزار مذهب پیدا شود چنانچه در دورهای سابق حاصل شد ولی در این دور مبارک محض صیانت امر اللّه ک,,https://portlandiator.github.io/PI_browser/?id=AB05591,https://siftersearch.com/library/bahai/pilgrim-notes/talks-of-abdul-baha-in-haifa#p274
481,O thou maidservant of God!,Light of the World,Light of the World,agree,"O thou maidservant of God! Thy letter was received, and its contents testified to thy firm… (AB00224) — «ای کنیز الهی نامهٴ شما رسید مضامین دلالت بر ثبوت بر میثاق داشت لهذا امید چنان است که در جمیع موارد موفّق گردی زیرا الیوم اهمّ امور ثبوت و رسوخ بر عهد و میثاق اس»",linked translation,,ای کنیز الهی نامهٴ شما رسید مضامین دلالت بر ثبوت بر میثاق داشت لهذا امید چنان است که در جمیع موارد موفّق گردی زیرا الیوم اهمّ امور ثبوت و رسوخ بر عهد و میثاق اس,,https://portlandiator.github.io/PI_browser/?id=AB00224,https://oceanlibrary.com/light-of-the-world_abdul-baha?paraId=para_437
482,"I affirm that the true meaning, the real significance, the innermost secret of these verses, of these very words, is my own servitude to the sacred Threshold of the Abhá Beauty, my complete self-effac",,O Servant of the Divine Threshold (Muntakhabát 2:266),sheet empty,Possibly: O thou whom I have loved since the tenderness of my earliest youth! The face of the verdan… (AB01645) — «انّ عبودیّتی ابهی جوهرة تتلئلأ فی الاکلیل الجلیل و رقّیّتی اعصم فریدة تتشعشع علی التّاج الوهّاج و افتخر بها فی ملکوت الوجود من الغیب و الشّهود و اتباهی بها بین »,possible — verify,,انّ عبودیّتی ابهی جوهرة تتلئلأ فی الاکلیل الجلیل و رقّیّتی اعصم فریدة تتشعشع علی التّاج الوهّاج و افتخر بها فی ملکوت الوجود من الغیب و الشّهود و اتباهی بها بین ,,https://portlandiator.github.io/PI_browser/?id=AB01645,https://siftersearch.com/library/bahai/muntakhabati-az-makatib-i-abdul-baha-vol-2/abdul-baha_o-servant-of-the-divine-threshold_fa-2#p0
483,My name is ‘Abdu’l-Bahá.,,Tablets of ‘Abdu’l-Bahá ‘Abbás vol. 1-3,sheet empty,O ye beloved friends of Abdul-Baha! The detailed letter which you have written was receive… (AB00252) — «امّا نام من عبدالبهآء ذات من عبدالبهآء صفت من عبدالبهآء حقیقت من عبدالبهآء ستایش من عبدالبهآء زیرا عبودیّت جمال مبارک اکلیل جلیل من است و خدمت کلّ بشر آئین دیری»,linked translation,,امّا نام من عبدالبهآء ذات من عبدالبهآء صفت من عبدالبهآء حقیقت من عبدالبهآء ستایش من عبدالبهآء زیرا عبودیّت جمال مبارک اکلیل جلیل من است و خدمت کلّ بشر آئین دیری,,https://portlandiator.github.io/PI_browser/?id=AB00252,https://oceanlibrary.com/tablets-of-abdul-baha-abbas-vol-1-3?paraId=para_3125
484,O ye who are holding fast unto the Covenant and Testament!,Selections from the Writings of ’Abdu’l-Bahá,Selections from the Writings of ‘Abdu’l-Bahá,agree,O Ye Who Cling to the Covenant and Testament of God (Muntakhabát 1:181) (AB04432) — «_ ١٨٢ ای متمسکین بعهد و پیمان الهی الیوم اهل ملأ اعلی از ملکوت ابهی ناظر و از جبروت قدس بشری و طوبی ملتفت چون نظر بمجامع و محافل ثابتین بر عهد و میثاق نمایند فر» — https://oceanoflights.org/abdul-baha-muntakhabati1-181/,linked translation,,_ ١٨٢ ای متمسکین بعهد و پیمان الهی الیوم اهل ملأ اعلی از ملکوت ابهی ناظر و از جبروت قدس بشری و طوبی ملتفت چون نظر بمجامع و محافل ثابتین بر عهد و میثاق نمایند فر,https://oceanoflights.org/abdul-baha-muntakhabati1-181/,https://portlandiator.github.io/PI_browser/?id=AB04432,https://oceanlibrary.com/selections-from-the-writings-of-abdul-baha?paraId=para_1112
485,Gracious God! A hundred times it hath been foretold that the violators are lying in ambush and by every means desire to cause dissension among the friends so that this dissension may end in violation,Selections from the Writings of ’Abdu’l-Bahá,Selections from the Writings of ‘Abdu’l-Bahá,agree,On Steadfastness in the Covenant Against the Machinations of Covenant-Breakers (Makátíb 3:17) — «فتور یافته سبحان الله از پیش صد مرتبه اخبار شده که ناقضان در کمینند و بوسیله‌ئی میخواهند میان احبا اختلاف اندازند تا این اختلاف منتهی بنقض میثاق شود با وجود این» — https://oceanoflights.org/abdul-baha-makatib3-017/,linked translation,,فتور یافته سبحان الله از پیش صد مرتبه اخبار شده که ناقضان در کمینند و بوسیله‌ئی میخواهند میان احبا اختلاف اندازند تا این اختلاف منتهی بنقض میثاق شود با وجود این,https://oceanoflights.org/abdul-baha-makatib3-017/,,https://oceanlibrary.com/selections-from-the-writings-of-abdul-baha?paraId=para_1137
486,"Thou hadst enquired, however, regarding the remedy for the current situation.",,O thou ancient servant of that sacred Being! Thou didst complain of lacking eloquence and …,sheet empty,Possibly: O thou ancient servant of that sacred Being! Thou didst complain of lacking eloquence and … (AB02352) — «و اعظم وسائل ازالهٴ این مشکلات ثبوت احبّاء بر میثاق است تا نفوسیکه تصوّر نموده‌اند در اینجا که بتدبیر وهن عظیم در میثاق الهی اندازند و نیّر عهد را از مرکز قدیم »,possible — verify,,و اعظم وسائل ازالهٴ این مشکلات ثبوت احبّاء بر میثاق است تا نفوسیکه تصوّر نموده‌اند در اینجا که بتدبیر وهن عظیم در میثاق الهی اندازند و نیّر عهد را از مرکز قدیم ,,https://portlandiator.github.io/PI_browser/?id=AB02352,https://portlandiator.github.io/PI_browser/?id=AB02352
487,"O friends, make ye a mighty effort!",,Light of the World,sheet empty,"O ye true friends! The letters ye wrote, the pages ye penned, and the names ye mentioned w… (AB00413) — «ای دوستان همّتی و ای یاران جنبش و حرکتی خود را به روایات و حکایات متزلزلین میثاق مشغول ننمائید چه که اضغاث و احلامست و مقالات صبیان از ثابتین بگوئید و سبیل راسخ»",linked translation,,ای دوستان همّتی و ای یاران جنبش و حرکتی خود را به روایات و حکایات متزلزلین میثاق مشغول ننمائید چه که اضغاث و احلامست و مقالات صبیان از ثابتین بگوئید و سبیل راسخ,,https://portlandiator.github.io/PI_browser/?id=AB00413,https://oceanlibrary.com/light-of-the-world_abdul-baha?paraId=para_276
488,"All praise to Him Who, by the Shield of His Covenant, hath guarded the Temple of His Cause from the darts of doubtfulness; Who by the Hosts of His Testament hath preserved the Sanctuary of His Most Be",The Will and Testament of ‘Abdu’l-Bahá,The Will and Testament of ‘Abdu’l-Bahá,agree,Alvah-i-Visaya (Will and Testament) (AB00001) — «هواللّه حمدا لمن صان هيكل أمره بدرع الميثاق عن سهام الشّبهات وحَمی حِمی شريعته السّمحاء ووقی محجّته البيضاء بجنود عهوده من هجوم عصبة ناقضة وثلّة هادمة للبنيان و» — https://oceanoflights.org/abdul-baha-bkw03-fa/,linked translation,,هواللّه حمدا لمن صان هيكل أمره بدرع الميثاق عن سهام الشّبهات وحَمی حِمی شريعته السّمحاء ووقی محجّته البيضاء بجنود عهوده من هجوم عصبة ناقضة وثلّة هادمة للبنيان و,https://oceanoflights.org/abdul-baha-bkw03-fa/,https://portlandiator.github.io/PI_browser/?id=AB00001,https://oceanlibrary.com/will-and-testament-of-abdul-baha?paraId=para_8
489,O dearly beloved friends!,The Authority of the Institutions According to the Will and Testament of ’Abdu’l-Bahá: A Text Analysis,The Will and Testament of ‘Abdu’l-Bahá,agree,Alvah-i-Visaya (Will and Testament) (AB00001) — «ای ياران عزيز، الآن من در خطری عظيمم و اميد ساعتی از حيات مفقود و ناچار بتحرير اين ورقه پرداختم حفظاً لأمر اللّه و صيانة لدينه و حفظاً لكلمته و صوناً لتعاليمه. » — https://oceanoflights.org/abdul-baha-bkw03-fa/,linked translation,,ای ياران عزيز، الآن من در خطری عظيمم و اميد ساعتی از حيات مفقود و ناچار بتحرير اين ورقه پرداختم حفظاً لأمر اللّه و صيانة لدينه و حفظاً لكلمته و صوناً لتعاليمه. ,https://oceanoflights.org/abdul-baha-bkw03-fa/,https://portlandiator.github.io/PI_browser/?id=AB00001,https://oceanlibrary.com/will-and-testament-of-abdul-baha?paraId=para_47
490,"Whosoever and whatsoever meeting becometh a hindrance to the diffusion of the Light of Faith, let the loved ones give them counsel and say: “Of all the gifts of God the greatest is the gift of Teachin",The Universal House of Justice,The Will and Testament of ‘Abdu’l-Bahá,DIFFERS,Alvah-i-Visaya (Will and Testament) (AB00001) — «يا محفلی از محافل مانع نشر انوار ايقان گردد احبّا آنانرا نصيحت كنند كه اعظم موهبت الهيّه تبليغ است و سبب تأييد و اوّل تكليف ماست، چگونه از اين موهبت باز مانيم؟ » — https://oceanoflights.org/abdul-baha-bkw03-fa/,linked translation,,يا محفلی از محافل مانع نشر انوار ايقان گردد احبّا آنانرا نصيحت كنند كه اعظم موهبت الهيّه تبليغ است و سبب تأييد و اوّل تكليف ماست، چگونه از اين موهبت باز مانيم؟ ,https://oceanoflights.org/abdul-baha-bkw03-fa/,https://portlandiator.github.io/PI_browser/?id=AB00001,https://oceanlibrary.com/will-and-testament-of-abdul-baha?paraId=para_67
491,"Praise be to God that Bahá’u’lláh—may my life be a sacrifice for His loved ones—hath expounded and fully explained all matters in His perspicuous Book, hath left no soul any room for perplexity, hath",,The Will and Testament of ‘Abdu’l-Bahá,sheet empty,Alvah-i-Visaya (Will and Testament) (AB00001) — «ای ياران مهربان، بعد از مفقودی اين مظلوم بايد اغصان و افنان سدره مباركه و ايادی امر اللّه و احبّای جمال ابهی توجّه بفرع دو سدره كه از دو شجره مقدّسه مباركه انبا» — https://oceanoflights.org/abdul-baha-bkw03-fa/,linked translation,,ای ياران مهربان، بعد از مفقودی اين مظلوم بايد اغصان و افنان سدره مباركه و ايادی امر اللّه و احبّای جمال ابهی توجّه بفرع دو سدره كه از دو شجره مقدّسه مباركه انبا,https://oceanoflights.org/abdul-baha-bkw03-fa/,https://portlandiator.github.io/PI_browser/?id=AB00001,https://oceanlibrary.com/will-and-testament-of-abdul-baha?paraId=para_24
492,The Supreme House of Justice should be elected according to the system followed in the election of the parliaments of Europe.,The Universal House of Justice,On the Covenant and the Establishment of the Universal House of Justice (Makátíb 3:218),agree,Possibly: On the Covenant and the Establishment of the Universal House of Justice (Makátíb 3:218) (AB00203) — «که در انتخاب مجالس ملت در اورپا انتخاب میشود انتخاب گردد و چون ممالک مهتدی شود بیوت عدل ممالک بیت عدل اعظم را انتخاب نماید و در هر زمان که جمیع احبا در هر دیار » — https://oceanoflights.org/abdul-baha-makatib3-218/,possible — verify,,که در انتخاب مجالس ملت در اورپا انتخاب میشود انتخاب گردد و چون ممالک مهتدی شود بیوت عدل ممالک بیت عدل اعظم را انتخاب نماید و در هر زمان که جمیع احبا در هر دیار ,https://oceanoflights.org/abdul-baha-makatib3-218/,https://portlandiator.github.io/PI_browser/?id=AB00203,https://siftersearch.com/library/bahai/makatib-i-abdul-baha-vol-3/abdul-baha_on-the-covenant-and-the-establishment-of-the-universal-house-of-justice_fa#p4
493,"Such laws as are not mentioned in the Book must all be referred to the House of Justice and not to ‘Abdu’l-Bahá, inasmuch as he is the interpreter of the laws that are mentioned in the Book and not th",The Universal House of Justice,The Will and Testament of ‘Abdu’l-Bahá,DIFFERS,Alvah-i-Visaya (Will and Testament) (AB00001) — «امّا بيت عدل الّذی جعله اللّه مصدر كلّ خير و مصوناً من كلّ خطاءٍ بايد بانتخاب عمومی يعنی نفوس مؤمنه تشكيل شود و اعضاء بايد مظاهر تقوای الهی و مطالع علم و دانائی» — https://oceanoflights.org/abdul-baha-bkw03-fa/,linked translation,,امّا بيت عدل الّذی جعله اللّه مصدر كلّ خير و مصوناً من كلّ خطاءٍ بايد بانتخاب عمومی يعنی نفوس مؤمنه تشكيل شود و اعضاء بايد مظاهر تقوای الهی و مطالع علم و دانائی,https://oceanoflights.org/abdul-baha-bkw03-fa/,https://portlandiator.github.io/PI_browser/?id=AB00001,https://oceanlibrary.com/will-and-testament-of-abdul-baha?paraId=para_47
494,"In this most great Dispensation, the House of Justice is the body unto which all must turn: Whatsoever the House of Justice should ordain, the same is incumbent upon the people.",,Talks of 'Abdu'l-Bahá in Haifa,sheet empty,"Possibly: Words to the Baha'is, spoken on 1912-May-30 (ABU3313) — «امّا بعد رجوع کلّ ببیت عدل الٓهیست ""»",possible — verify,,"امّا بعد رجوع کلّ ببیت عدل الٓهیست """,,https://portlandiator.github.io/PI_browser/?id=ABU3313,https://siftersearch.com/library/bahai/pilgrim-notes/talks-of-abdul-baha-in-haifa#p210
495,"All other ordinances are subservient to faith, certitude, confidence, and understanding.",Universal House of Justice and the Principles of Jurisprudence,Universal House of Justice and the Principles of Jurisprudence,agree,On the Immutable and Mutable Aspects of Divine Religion (AB07436) — «حكمى نه مگر انكه در تحت تصديق بيت عدل در ايد» — https://oceanoflights.org/abdul-baha-inba-072-fa/,linked translation,,حكمى نه مگر انكه در تحت تصديق بيت عدل در ايد,https://oceanoflights.org/abdul-baha-inba-072-fa/,https://portlandiator.github.io/PI_browser/?id=AB07436,https://bahai-library.com/abdulbaha_uhj_principles_jurisprudence
496,"The Báb, the Exalted One, is the Morn of Truth, the splendour of Whose light shineth through all regions.",The Universal House of Justice,Lawh-i-Hizar Bayti - Tablet of the Thousand Verses,DIFFERS,Possibly: On the Covenant and the Establishment of the Universal House of Justice (Makátíb 3:218) (AB00203) — «حضرت اعلی صبح حقیقت روشن و تابنده بر جمیع ارجاء و مبشر نیر اعظم ابهی و جمال مبارک موعود جمیع کتب و صحف و زبر و الواح و ظهور مجلی طور در سدره سینا و ماعدا کل بند» — https://oceanoflights.org/abdul-baha-makatib3-218/,possible — verify,,حضرت اعلی صبح حقیقت روشن و تابنده بر جمیع ارجاء و مبشر نیر اعظم ابهی و جمال مبارک موعود جمیع کتب و صحف و زبر و الواح و ظهور مجلی طور در سدره سینا و ماعدا کل بند,https://oceanoflights.org/abdul-baha-makatib3-218/,https://portlandiator.github.io/PI_browser/?id=AB00203,https://siftersearch.com/library/bahai/core-tablets/abdul-baha_lawh-i-hizar-bayti-tablet-of-the-thousand-verses_fa#p28
497,"The substance is, that prior to the completion of a thousand years, no individual may presume to breathe a word.",Selections from the Writings of ’Abdu’l-Bahá,Selections from the Writings of ‘Abdu’l-Bahá,agree,On the Meaning of the Verse Concerning a Thousand Years (Muntakhabát 1:32) (AB01673) — «که قبل از الف نفسی نفسی نتواند زد باید در سلک رعیت باشد و خاضع و خاشع اوامر الهی و احکام بیت العدل اگر از حکم بیت العدل عمومی مقدار رأس ابره تجاوز نماید یا در ا» — https://oceanoflights.org/abdul-baha-muntakhabati1-32/,linked translation,,که قبل از الف نفسی نفسی نتواند زد باید در سلک رعیت باشد و خاضع و خاشع اوامر الهی و احکام بیت العدل اگر از حکم بیت العدل عمومی مقدار رأس ابره تجاوز نماید یا در ا,https://oceanoflights.org/abdul-baha-muntakhabati1-32/,https://portlandiator.github.io/PI_browser/?id=AB01673,https://oceanlibrary.com/selections-from-the-writings-of-abdul-baha?paraId=para_290
498,O ye beloved of the Lord!,,Light of the World,sheet empty,"O Lord, my God, my Best-Beloved, my Aim, my heart’s Desire! This, verily, is the first of … (AB00048) — «ای احبّای الهی متّحد و متّفق شوید و بعروة الوثقای میثاق متشبّث و در اعلای کلمة اللّه سعی بلیغ و جهد جهید بنمائید تا نور حقیقت آفاق امکانرا بتمامه منوّر نماید و »",linked translation,,ای احبّای الهی متّحد و متّفق شوید و بعروة الوثقای میثاق متشبّث و در اعلای کلمة اللّه سعی بلیغ و جهد جهید بنمائید تا نور حقیقت آفاق امکانرا بتمامه منوّر نماید و ,,https://portlandiator.github.io/PI_browser/?id=AB00048,https://oceanlibrary.com/light-of-the-world_abdul-baha?paraId=para_67
