21733	2026-08-13	../../../../../../tank/site2rag/websites_md/bahai-library.com/1640.md	Victory Promises	11	11				1	title->lib/ocean
22024	2026-08-13	../../../../../../tank/site2rag/websites_md/bahai-library.com/2435.md	Dispensacion de Baha'u'llah	11	11				1	title->lib/ocean
22025	2026-08-13	../../../../../../tank/site2rag/websites_md/bahai-library.com/2436.md	Llamado a las Naciones	14	14				1	title->lib/ocean
22329	2026-08-13	../../../../../../tank/site2rag/websites_md/bahai-library.com/3144.md	Encouragement	11	11				1	title->lib/ocean
22562	2026-08-13	../../../../../../tank/site2rag/websites_md/bahai-library.com/3847.md	Four Talks Redefining Democracy, Education, and World Citizenship	14	14				1	title->lib/ocean
22753	2026-08-13	../../../../../../tank/site2rag/websites_md/bahai-library.com/4464.md	Esperanto	11	11				1	title->lib/ocean
22867	2026-08-13	../../../../../../tank/site2rag/websites_md/bahai-library.com/4765.md	Memories of Talks with the Guardian	12	12				1	title->lib/ocean
22908	2026-08-13	../../../../../../tank/site2rag/websites_md/bahai-library.com/4870.md	Seyyed Ali Mohammed, dit le Bâb	11	11				1	title->lib/ocean
22946	2026-08-13	../../../../../../tank/site2rag/websites_md/bahai-library.com/4964.md	The Principle of an International Auxiliary Language	12	12				1	title->lib/ocean
22948	2026-08-13	../../../../../../tank/site2rag/websites_md/bahai-library.com/4969.md	Tablet of Wisdom (Lawh-i-Hikmat): Study Guide	12	12				1	title->lib/ocean
22964	2026-08-13	../../../../../../tank/site2rag/websites_md/bahai-library.com/5004.md	My Pilgrimage to the Land of Desire	11	11				1	title->lib/ocean
22967	2026-08-13	../../../../../../tank/site2rag/websites_md/bahai-library.com/5011.md	Deganawida, the Peacemaker	12	12				1	title->lib/ocean
23027	2026-08-13	../../../../../../tank/site2rag/websites_md/bahai-library.com/5132.md	The Baha'i Faith 1844-1952: Information Statistical and Comparative	11	11				1	title->lib/ocean
23078	2026-08-13	../../../../../../tank/site2rag/websites_md/bahai-library.com/5209.md	Extracts from Letters Written by or on Behalf of Shoghi Effendi Regarding the Absence of Clergy in the Baha'i Faith	11	11				1	title->lib/ocean
23204	2026-08-13	../../../../../../tank/site2rag/websites_md/bahai-library.com/5589.md	Prières de 'Abdu'l-Baha	11	11				1	title->lib/ocean
23270	2026-08-13	../../../../../../tank/site2rag/websites_md/bahai-library.com/5736.md	Challenge: Messages to Baha'i Youth	12	12				1	title->lib/ocean
23285	2026-08-13	../../../../../../tank/site2rag/websites_md/bahai-library.com/5762.md	Random Thoughts of a Mystic Economist	11	11				1	title->lib/ocean
23362	2026-08-13	../../../../../../tank/site2rag/websites_md/bahai-library.com/5934.md	Voyage to the Heart of the Koran: The Holy Book of Islám for Thinking Minds (By a Non-Muslim)	12	12				1	title->lib/ocean
23512	2026-08-13	../../../../../../tank/site2rag/websites_md/bahai-library.com/6344.md	Babism	12	12				1	title->lib/ocean
23519	2026-08-13	../../../../../../tank/site2rag/websites_md/bahai-library.com/6354.md	Principios de Administracion Baha'i (Una compilacion)	11	11				1	title->lib/ocean
23541	2026-08-13	../../../../../../tank/site2rag/websites_md/bahai-library.com/6392.md	Tablets Revealed in Honor of the Greatest Holy Leaf	12	12				1	title->lib/ocean
23716	2026-08-13	../../../../../../tank/site2rag/websites_md/bahai-library.com/6727.md	The Heart	10	10				1	title->lib/ocean
24076	2026-08-13	../../../../../../tank/site2rag/websites_md/bahai-library.com/734.md	Australian Baha'i Studies: Vol. 1:2	19	19				1	title->lib/ocean
24400	2026-08-13	../../../../../../tank/site2rag/websites_md/bahai-library.com/abdul-baha_douze_conversations_table.md	Douze Conversations à Table à 'Akká par 'Abdu'l-Bahá	12	12				1	title->lib/ocean
24402	2026-08-13	../../../../../../tank/site2rag/websites_md/bahai-library.com/abdul-baha_elias_tratado_gobernanza.md	Tratado sobre gobernanza	13	13				1	title->lib/ocean
24406	2026-08-13	../../../../../../tank/site2rag/websites_md/bahai-library.com/abdul-baha_foundations_world_unity.md	Foundations of World Unity	12	12				1	title->lib/ocean
24433	2026-08-13	../../../../../../tank/site2rag/websites_md/bahai-library.com/abdul-baha_londres.md	Abdu'l-Baha à Londres	14	14				1	title->lib/ocean
24454	2026-08-13	../../../../../../tank/site2rag/websites_md/bahai-library.com/abdul-baha_new_york.md	Abdu'l-Baha in New York: The City of the Covenant, April-December 1912	11	11				1	title->lib/ocean
24460	2026-08-13	../../../../../../tank/site2rag/websites_md/bahai-library.com/abdul-baha_prieres_supplementaires_daoust.md	Prières supplémentaires révélées par 'Abdu'l-Bahá	12	12				1	title->lib/ocean
24498	2026-08-13	../../../../../../tank/site2rag/websites_md/bahai-library.com/abdul-baha_tablets_america_1900.md	Tablets from 'Abdu'l-Baha Abbas to some American Believers in the Year 1900	10	10				1	title->lib/ocean
24504	2026-08-13	../../../../../../tank/site2rag/websites_md/bahai-library.com/abdul-baha_tablets_home_circle.md	Tablet from Our Lord, Abbas Effendi, Presented by Abdel Karim Effendi, to the American Beloved, and Tablet from the Master	10	10				1	title->lib/ocean
24513	2026-08-13	../../../../../../tank/site2rag/websites_md/bahai-library.com/abdul-baha_twenty-six_prayers_centenary.md	Twenty-six Prayers Revealed by 'Abdu'l-Baha	11	11				1	title->lib/ocean
24519	2026-08-13	../../../../../../tank/site2rag/websites_md/bahai-library.com/abdul-baha_vingt-six_prieres.md	Prières de 'Abdu'l-Baha	11	11				1	title->lib/ocean
24546	2026-08-13	../../../../../../tank/site2rag/websites_md/bahai-library.com/abs_australia_volume_1-2.md	Australian Baha'i Studies: Vol. 1:2	19	19				1	title->lib/ocean
24548	2026-08-13	../../../../../../tank/site2rag/websites_md/bahai-library.com/abs_australia_volume_3.md	Australian Baha'i Studies: Vol. 3	20	20				1	title->lib/ocean
24549	2026-08-13	../../../../../../tank/site2rag/websites_md/bahai-library.com/abs_australia_volume_4.md	Australian Baha'i Studies: Vol. 4	18	18				1	title->lib/ocean
24582	2026-08-13	../../../../../../tank/site2rag/websites_md/bahai-library.com/afaqi_proofs_quran_bahaullah.md	Proofs from the Holy Qur'an Regarding the Advent of Baha'u'llah	10	10				1	title->lib/ocean
24682	2026-08-13	../../../../../../tank/site2rag/websites_md/bahai-library.com/alexander_notes_41st_convention.md	Notes on the Annual Baha'i Convention	10	10				1	title->lib/ocean
24683	2026-08-13	../../../../../../tank/site2rag/websites_md/bahai-library.com/alexander_notes_shoghi-effendi_1937.md	Notes of Shoghi Effendi's Words	10	10				1	title->lib/ocean
24684	2026-08-13	../../../../../../tank/site2rag/websites_md/bahai-library.com/alexander_significance_four-year_plan.md	The Significance of the Four Year Plan	12	12				1	title->lib/ocean
24693	2026-08-13	../../../../../../tank/site2rag/websites_md/bahai-library.com/alkan_ottoman_sunni_missionary.md	The Late Ottoman Sunni Missionary Project	12	12				1	title->lib/ocean
24731	2026-08-13	../../../../../../tank/site2rag/websites_md/bahai-library.com/anonymous_bahai_hymns_explanations.md	The Baha'i Hymns: Explanations and Meanings	12	12				1	title->lib/ocean
24734	2026-08-13	../../../../../../tank/site2rag/websites_md/bahai-library.com/anonymous_dynamics_navajo_ceremonial.md	A Comparative of Dynamics in Navajo Ceremonial and the Baha'i World Faith	10	10				1	title->lib/ocean
24735	2026-08-13	../../../../../../tank/site2rag/websites_md/bahai-library.com/anonymous_messiah_hebrew_scriptures.md	Two Comings of Messiah as Foretold in the Hebrew Scriptures	11	11				1	title->lib/ocean
24740	2026-08-13	../../../../../../tank/site2rag/websites_md/bahai-library.com/appreciations_bahai_faith_1972.md	Appreciations of the Baha'i Faith; Worldwide Statistics	11	11				1	title->lib/ocean
24792	2026-08-13	../../../../../../tank/site2rag/websites_md/bahai-library.com/arjomand_crisis_imamate.md	The Crisis of the Imamate and the Institution of Occultation in Twelver Shiism: A Sociohistorical Perspective	14	14				1	title->lib/ocean
24795	2026-08-13	../../../../../../tank/site2rag/websites_md/bahai-library.com/arjomandi_liderazgo_viene.md	El liderazgo que viene	12	12				1	title->lib/ocean
24821	2026-08-13	../../../../../../tank/site2rag/websites_md/bahai-library.com/ashelman_conversion_transformation_sacrifice.md	Conversion, Transformation, and Sacrifice in the Revelation of The Bab	11	11				1	title->lib/ocean
27757	2026-08-13	../../../../../../tank/site2rag/websites_md/bahai-library.com/2117.md	The Crisis in Babi and Baha'i Studies: Part of a Wider Crisis in Academic Freedom?	13	13				1	title->lib/ocean
27760	2026-08-13	../../../../../../tank/site2rag/websites_md/bahai-library.com/2124.md	Christ the Seed	11	11				1	title->lib/ocean
27765	2026-08-13	../../../../../../tank/site2rag/websites_md/bahai-library.com/2135.md	Religions: A Preliminary Historical and Theological Study	12	12				1	title->lib/ocean
27768	2026-08-13	../../../../../../tank/site2rag/websites_md/bahai-library.com/2138.md	Man's Religions: Fifth Edition	12	12				1	title->lib/ocean
27770	2026-08-13	../../../../../../tank/site2rag/websites_md/bahai-library.com/2140.md	The Faiths Men Live By	11	11				1	title->lib/ocean
27777	2026-08-13	../../../../../../tank/site2rag/websites_md/bahai-library.com/6547.md	Report of the International Teaching Team to the Far East	10	10				1	title->lib/ocean
27778	2026-08-13	../../../../../../tank/site2rag/websites_md/bahai-library.com/6548.md	Some Thoughts on the Lesser Peace	10	10				1	title->lib/ocean
28262	2026-08-13	../../../../../../tank/site2rag/websites_md/bahai-library.com/badee_economic_significance_huququllah.md	Economic Significance of the Law of Huququ'llah	10	10				1	title->lib/ocean
28325	2026-08-13	../../../../../../tank/site2rag/websites_md/bahai-library.com/bahai_marriage_family_compilation.md	Baha'i Marriage and Family Life	10	10				1	title->lib/ocean
28335	2026-08-13	../../../../../../tank/site2rag/websites_md/bahai-library.com/bahai_studies_bulletin_index.md	Baha'i Studies Bulletin: Index by volume	12	12				1	title->lib/ocean
28405	2026-08-13	../../../../../../tank/site2rag/websites_md/bahai-library.com/bahaullah_abdul-baha_tablets_holy-leaf.md	Tablets Revealed in Honor of the Greatest Holy Leaf	11	11				1	title->lib/ocean
28428	2026-08-13	../../../../../../tank/site2rag/websites_md/bahai-library.com/bahaullah_daoust_kitab_aqdas.md	Kitab-i-Aqdas: le plus saint livre	12	12				1	title->lib/ocean
28429	2026-08-13	../../../../../../tank/site2rag/websites_md/bahai-library.com/bahaullah_daoust_lawh_huriyyih.md	Tablette de la Vierge	14	14				1	title->lib/ocean
28431	2026-08-13	../../../../../../tank/site2rag/websites_md/bahai-library.com/bahaullah_daoust_paradis_justice.md	Tablette du Paradis de la Justice (Lawh-i-Ridvanuʼl-ʻAdl)	11	11				1	title->lib/ocean
28432	2026-08-13	../../../../../../tank/site2rag/websites_md/bahai-library.com/bahaullah_daoust_paroles_cachees.md	Paroles Cachees: Essai de correction de traductions françaises antérieures	12	12				1	title->lib/ocean
28433	2026-08-13	../../../../../../tank/site2rag/websites_md/bahai-library.com/bahaullah_daoust_proteger_epidemies.md	Prière pour proteger des epidemies	11	11				1	title->lib/ocean
28435	2026-08-13	../../../../../../tank/site2rag/websites_md/bahai-library.com/bahaullah_daoust_sourate_patience.md	Sourate de la Patience (Tablette de Job)	11	11				1	title->lib/ocean
28617	2026-08-13	../../../../../../tank/site2rag/websites_md/bahai-library.com/bahaullah_hall_exalted_letters.md	Suffering of the Exalted Letters	13	13				1	title->lib/ocean
28637	2026-08-13	../../../../../../tank/site2rag/websites_md/bahai-library.com/bahaullah_khan_tarazat_etc.md	Tablets of Tarazat, World, Words of Paradise, Tajalliyat, and Glad Tidings	11	11				1	title->lib/ocean
28729	2026-08-13	../../../../../../tank/site2rag/websites_md/bahai-library.com/bahaullah_priere_jeune_daoust.md	Prière révélée par Bahá'u'lláh le premier jour du Jeûne	11	11				1	title->lib/ocean
28730	2026-08-13	../../../../../../tank/site2rag/websites_md/bahai-library.com/bahaullah_prieres_supplementaires_daoust.md	Prières supplémentaires révélées par Bahá'u'lláh	11	11				1	title->lib/ocean
28731	2026-08-13	../../../../../../tank/site2rag/websites_md/bahai-library.com/bahaullah_proclamacion_de_bahaullah.md	Proclamacion de Baha'u'llah a los Reyes y Dirigentes del Mundo, La	11	11				1	title->lib/ocean
28736	2026-08-13	../../../../../../tank/site2rag/websites_md/bahai-library.com/bahaullah_rashh_ama_commission.md	Rashh-i-'Ama: Les nuees du plus haut des cieux	16	16				1	title->lib/ocean
28737	2026-08-13	../../../../../../tank/site2rag/websites_md/bahai-library.com/bahaullah_rashh_ama_daoust.md	Rashh-i-'Ama: Les Nuages des Royaumes d'en-haut	15	15				1	title->lib/ocean
28740	2026-08-13	../../../../../../tank/site2rag/websites_md/bahai-library.com/bahaullah_rashh_ama_parallel.md	The Clouds of the Realms Above: The Tablet Rashh-i-'Ama with Persian and English Side-by-side	12	12				1	title->lib/ocean
28741	2026-08-13	../../../../../../tank/site2rag/websites_md/bahai-library.com/bahaullah_rashh_ama_spierckel.md	Rashh-i-'Ama: traduction en assonances	15	15				1	title->bl
28828	2026-08-13	../../../../../../tank/site2rag/websites_md/bahai-library.com/bahaullah_tablets_communes_utterances.md	Tablets, Communes and Holy Utterances	11	11				1	title->lib/ocean
28834	2026-08-13	../../../../../../tank/site2rag/websites_md/bahai-library.com/bahullah_spierckel_prieres_meditations.md	Prieres et meditations: Choix de prieres et de meditations revelees par Baha'u'llah, compile et traduit en anglais par Shoghi Effendi	12	12				1	title->lib/ocean
28848	2026-08-13	../../../../../../tank/site2rag/websites_md/bahai-library.com/balyuzi_abdul-baha_war_years.md	Abdu'l-Baha: Through the War Years	13	13				1	title->lib/ocean
28861	2026-08-13	../../../../../../tank/site2rag/websites_md/bahai-library.com/balyuzi_spierckel_gloire_pere.md	Dans la Gloire du Pere: Une Biographie de Baha'u'llah	13	13				1	title->lib/ocean
28884	2026-08-13	../../../../../../tank/site2rag/websites_md/bahai-library.com/barnes_competing_oneness_mankind.md	Competing for the Oneness Of Mankind: The Influence of the Baha'i Faith on the Olympic Games	14	14				1	title->lib/ocean
28926	2026-08-13	../../../../../../tank/site2rag/websites_md/bahai-library.com/bayat_study_answered_questions.md	Some Answered Questions: Study Guide	11	11				1	title->lib/ocean
28928	2026-08-13	../../../../../../tank/site2rag/websites_md/bahai-library.com/bayat_study_guide_gleanings.md	Gleanings from the Writings of Baha'u'llah: Study Guide	11	11				1	title->lib/ocean
28934	2026-08-13	../../../../../../tank/site2rag/websites_md/bahai-library.com/bayat_study_writings_abdul-baha.md	Selections from the Writings of 'Abdu'l-Baha: Study Guide	11	11				1	title->lib/ocean
28936	2026-08-13	../../../../../../tank/site2rag/websites_md/bahai-library.com/bayat_uhj_2023-11-28_study.md	The Universal House of Justice Letter Dated 28 November 2023: A Study Guide	11	11				1	title->lib/ocean
28947	2026-08-13	../../../../../../tank/site2rag/websites_md/bahai-library.com/bell_spell_holy_land&tagsall=yes.md	Meeting a Prophet	12	12				1	title->lib/ocean
28948	2026-08-13	../../../../../../tank/site2rag/websites_md/bahai-library.com/bell_spell_holy_land.md	Meeting a Prophet	12	12				1	title->lib/ocean
28955	2026-08-13	../../../../../../tank/site2rag/websites_md/bahai-library.com/bennett_way_life.md	Baha'i: A Way of Life for Millions	12	12				1	title->lib/ocean
28967	2026-08-13	../../../../../../tank/site2rag/websites_md/bahai-library.com/bertholet_lehrbuch_religionsgeschichte.md	Lehrbuch der Religionsgeschichte	11	11				1	title->lib/ocean
28973	2026-08-13	../../../../../../tank/site2rag/websites_md/bahai-library.com/bia_bahai_participation_internet.md	Bahá'í Participation on the Internet: Some Reflections	11	11				1	title->lib/ocean
28976	2026-08-13	../../../../../../tank/site2rag/websites_md/bahai-library.com/bia_internet_guidance.md	Internet Guidance	10	10				1	title->lib/ocean
33707	2026-08-13	../../../../../../tank/site2rag/websites_md/bahai-library.com/bic_the_bahais_magazine.md	The Baha'is: Contributing to an Emerging Global Civilization	12	12				1	title->lib/ocean
33731	2026-08-13	../../../../../../tank/site2rag/websites_md/bahai-library.com/bixby_babism_bab.md	Babism and the Bab	12	12				1	title->lib/ocean
33795	2026-08-13	../../../../../../tank/site2rag/websites_md/bahai-library.com/bliss_religions_syria_palestine.md	The Religions of Modern Syria and Palestine	11	11				1	title->lib/ocean
33809	2026-08-13	../../../../../../tank/site2rag/websites_md/bahai-library.com/boicu_conceptual_framework_education.md	On the Notion of a 'Conceptual Framework' in Bahá'í Education: Part 1. The Harmony of Science and Religion	12	12				1	title->lib/ocean
34271	2026-08-13	../../../../../../tank/site2rag/websites_md/bahai-library.com/bookwalter_comments_infallible_institutions.md	On the Degree of Infallibility of the Universal House of Justice	11	11				1	title->lib/ocean
34388	2026-08-13	../../../../../../tank/site2rag/websites_md/bahai-library.com/browne_literary_history_four.md	Literary History of Persia, Volume 4: Modern Times (1500-1924)	11	11				1	title->lib/ocean
34403	2026-08-13	../../../../../../tank/site2rag/websites_md/bahai-library.com/brownstein_black_beautiful.md	Black and Beautiful: Skin Color in the Biblical Song of Songs	12	12				1	title->lib/ocean
34443	2026-08-13	../../../../../../tank/site2rag/websites_md/bahai-library.com/buck_america-mosaic_harlem_renaissance.md	Harlem Renaissance	11	11				1	title->lib/ocean
34460	2026-08-13	../../../../../../tank/site2rag/websites_md/bahai-library.com/buck_carter_harris_locke.md	Philosophic Values and World Citizenship: Locke to Obama and Beyond, ed. Jacoby Adeshai Carter and Leonard Harris: Review	13	13				1	title->lib/ocean
34478	2026-08-13	../../../../../../tank/site2rag/websites_md/bahai-library.com/buck_contributions_interfaith_relations.md	Baha'i Contributions to Interfaith Relations	13	13				1	title->lib/ocean
34480	2026-08-13	../../../../../../tank/site2rag/websites_md/bahai-library.com/buck_deganawida_peacemaker.md	Deganawida, the Peacemaker	12	12				1	title->lib/ocean
34488	2026-08-13	../../../../../../tank/site2rag/websites_md/bahai-library.com/buck_fisher_locke_talks.md	Four Talks Redefining Democracy, Education, and World Citizenship	13	13				1	title->lib/ocean
34520	2026-08-13	../../../../../../tank/site2rag/websites_md/bahai-library.com/buck_locke_indigenous_messengers.md	Indigenous Messengers of God	11	11				1	title->lib/ocean
34533	2026-08-13	../../../../../../tank/site2rag/websites_md/bahai-library.com/buck_mcmullen_bahais_america.md	The Baha'is of America: The Growth of a Religious Movement, by Mike McMullen: Review	11	11				1	title->lib/ocean
34543	2026-08-13	../../../../../../tank/site2rag/websites_md/bahai-library.com/buck_pop-culture_alain_locke.md	Alain Locke	11	11				1	title->lib/ocean
34546	2026-08-13	../../../../../../tank/site2rag/websites_md/bahai-library.com/buck_reflections_seal_prophets.md	Baha'i Reflections on the Seal of the Prophets	11	11				1	title->lib/ocean
34553	2026-08-13	../../../../../../tank/site2rag/websites_md/bahai-library.com/buck_religious_myths.md	Religious Myths of America (Syllabus)	12	12				1	title->lib/ocean
34574	2026-08-13	../../../../../../tank/site2rag/websites_md/bahai-library.com/buck_universalism_native_prophets.md	Baha'i Universalism and Native Prophets	12	12				1	title->lib/ocean
34595	2026-08-13	../../../../../../tank/site2rag/websites_md/bahai-library.com/bw_memoriam_zia_bagdadi.md	In Memoriam: Dr. Zia M. Bagdadi	13	13				1	title->lib/ocean
34645	2026-08-13	../../../../../../tank/site2rag/websites_md/bahai-library.com/cardell_report_teaching_team.md	Report of the International Teaching Team to the Far East	11	11				1	title->lib/ocean
34649	2026-08-13	../../../../../../tank/site2rag/websites_md/bahai-library.com/carey_model_human_species.md	Towards a Complete and Fully Integrated Model of the Human Species	13	13				1	title->lib/ocean
34668	2026-08-13	../../../../../../tank/site2rag/websites_md/bahai-library.com/chamankhah_ghettos_bahais_iran.md	At Home in the Ghettos: Baha'is in Iran	14	14				1	title->lib/ocean
39240	2026-08-13	../../../../../../tank/site2rag/websites_md/bahai-library.com/clark_community_histories_baltimore.md	The Baha'is of Baltimore, 1898-1990	12	12				1	title->lib/ocean
39248	2026-08-13	../../../../../../tank/site2rag/websites_md/bahai-library.com/cobb_character_spiritual_psychology.md	Character: A Sequence in Spiritual Psychology	11	11				1	title->lib/ocean
34304	2026-08-13	../../../../../../tank/site2rag/websites_md/bahai-library.com/boyles_style_shoghi_effendi.md	The Epistolary Style of Shoghi Effendi	12	12				1	title->lib/ocean
34357	2026-08-13	../../../../../../tank/site2rag/websites_md/bahai-library.com/brown_andalusi_philosophy.md	Andalusi Theosophy: A Recontextualization	14	14				1	title->lib/ocean
39249	2026-08-13	../../../../../../tank/site2rag/websites_md/bahai-library.com/cobb_difficulties_turk_party.md	The Difficulties of the Young Turk Party	13	26				1	title->lib/ocean
39250	2026-08-13	../../../../../../tank/site2rag/websites_md/bahai-library.com/cobb_essential_mysticism.md	The Essential Mysticism	11	11				1	title->lib/ocean
39253	2026-08-13	../../../../../../tank/site2rag/websites_md/bahai-library.com/cobb_meaning_life.md	The Meaning of Life	10	10				1	title->lib/ocean
39255	2026-08-13	../../../../../../tank/site2rag/websites_md/bahai-library.com/cobb_new_horizons_child.md	New Horizons for the Child	11	11				1	title->lib/ocean
39261	2026-08-13	../../../../../../tank/site2rag/websites_md/bahai-library.com/cobb_tomorrow_and_tomorrow.md	Tomorrow and Tomorrow	10	10				1	title->lib/ocean
39272	2026-08-13	../../../../../../tank/site2rag/websites_md/bahai-library.com/coe_sdc_outline.md	Secret of Divine Civilization: Expanded outline	12	24				1	title->lib/ocean
39281	2026-08-13	../../../../../../tank/site2rag/websites_md/bahai-library.com/cole_azali_bahai_crisis.md	The Azali-Baha'i Crisis of September, 1867	13	13				1	title->lib/ocean
39295	2026-08-13	../../../../../../tank/site2rag/websites_md/bahai-library.com/cole_ideology_ethics_iran.md	Ideology, Ethics, and Philosophical Discourse in Eighteenth-Century Iran	13	13				1	title->lib/ocean
39300	2026-08-13	../../../../../../tank/site2rag/websites_md/bahai-library.com/cole_iranian_millenarianism.md	Iranian Millenarianism and Democratic Thought in the Nineteenth Century	13	13				1	title->lib/ocean
39317	2026-08-13	../../../../../../tank/site2rag/websites_md/bahai-library.com/cole_naqshbandi_sufis_iraq.md	Baha'u'llah and the Naqshbandi Sufis in Iraq, 1854-1856	12	12				1	title->lib/ocean
39330	2026-08-13	../../../../../../tank/site2rag/websites_md/bahai-library.com/cole_wittgensteinian_language_religions.md	Wittgensteinian Language-Games in an Indo-Persian Dialogue on the World Religions	12	12				1	title->lib/ocean
39365	2026-08-13	../../../../../../tank/site2rag/websites_md/bahai-library.com/compilacion_importancia_oracion_obligatoria.md	Oracion Obligatoria y el Ayuno, La Importancia de la	11	11				1	title->lib/ocean
39366	2026-08-13	../../../../../../tank/site2rag/websites_md/bahai-library.com/compilacion_principios_administracion_bahai.md	Principios de Administracion Baha'i (Una compilacion)	11	11				1	title->lib/ocean
39424	2026-08-13	../../../../../../tank/site2rag/websites_md/bahai-library.com/compilation_challenge_messages_youth.md	Challenge: Messages to Baha'i Youth	12	12				1	title->lib/ocean
39441	2026-08-13	../../../../../../tank/site2rag/websites_md/bahai-library.com/compilation_divine_art_living&tagsall=yes.md	The Divine Art of Living	11	11				1	title->lib/ocean
39442	2026-08-13	../../../../../../tank/site2rag/websites_md/bahai-library.com/compilation_divine_art_living.md	The Divine Art of Living	12	12				1	title->lib/ocean
39447	2026-08-13	../../../../../../tank/site2rag/websites_md/bahai-library.com/compilation_encouragement.md	Encouragement	10	10				1	title->lib/ocean
39460	2026-08-13	../../../../../../tank/site2rag/websites_md/bahai-library.com/compilation_feast_book.md	Baha'i Feast Book	11	11				1	title->lib/ocean
39485	2026-08-13	../../../../../../tank/site2rag/websites_md/bahai-library.com/compilation_institution_mashriq-adhkar.md	Mashriqu'l-Adhkar, The Institution of the	11	11				1	title->lib/ocean
39506	2026-08-13	../../../../../../tank/site2rag/websites_md/bahai-library.com/compilation_laws_abrogated_bahaullah.md	Laws Abrogated by Baha'u'llah	11	11				1	title->lib/ocean
39515	2026-08-13	../../../../../../tank/site2rag/websites_md/bahai-library.com/compilation_maid_heaven.md	The Maid of Heaven: A Personal Compilation	12	12				1	title->lib/ocean
39546	2026-08-13	../../../../../../tank/site2rag/websites_md/bahai-library.com/compilation_principle_auxiliary_language.md	The Principle of an International Auxiliary Language	11	11				1	title->lib/ocean
39600	2026-08-13	../../../../../../tank/site2rag/websites_md/bahai-library.com/compilation_victory_promises.md	Victory Promises	10	10				1	title->lib/ocean
39805	2026-08-13	../../../../../../tank/site2rag/websites_md/bahai-library.com/conner_buddhism_bahai_faith.md	Buddhism and the Baha'i Faith	13	13				1	title->lib/ocean
39841	2026-08-13	../../../../../../tank/site2rag/websites_md/bahai-library.com/cottam_nationalism_iran.md	Nationalism in Iran	11	11				1	title->lib/ocean
39855	2026-08-13	../../../../../../tank/site2rag/websites_md/bahai-library.com/crews_empire_faithful.md	An Empire for the Faithful, A Colony for the Dispossessed	13	13				1	title->lib/ocean
39867	2026-08-13	../../../../../../tank/site2rag/websites_md/bahai-library.com/cuj_libertad_de_expresion.md	La Libertad de Expresion	10	10				1	title->lib/ocean
39905	2026-08-13	../../../../../../tank/site2rag/websites_md/bahai-library.com/dahl_community_histories_kenosha.md	A History of the Kenosha Baha'i Community 1897-1980	12	12				1	title->lib/ocean
39939	2026-08-13	../../../../../../tank/site2rag/websites_md/bahai-library.com/dammann_grundris_religionsgeschichte.md	Grundriss der Religionsgeschichte	11	11				1	title->lib/ocean
39949	2026-08-13	../../../../../../tank/site2rag/websites_md/bahai-library.com/danesh_internationalism_divine_law.md	Internationalism and Divine Law: A Baha'i Perspective	14	14				1	title->lib/ocean
39969	2026-08-13	../../../../../../tank/site2rag/websites_md/bahai-library.com/daoust_condtion_humaine.md	La Condition Humaine: âme, raison, conscience	12	12				1	title->lib/ocean
39970	2026-08-13	../../../../../../tank/site2rag/websites_md/bahai-library.com/daoust_importance_transliteration_bahaie.md	L'importance de la transliteration baha'ie avec quelques exemples	10	10				1	title->lib/ocean
39973	2026-08-13	../../../../../../tank/site2rag/websites_md/bahai-library.com/daoust_translitteration_bahaie_comment.md	La translitteration baha'ie: pourquoi, comment	11	11				1	title->lib/ocean
40081	2026-08-13	../../../../../../tank/site2rag/websites_md/bahai-library.com/davoodi_tablet_wisdom_study.md	Tablet of Wisdom (Lawh-i-Hikmat): Study Guide	12	12				1	title->lib/ocean
40114	2026-08-13	../../../../../../tank/site2rag/websites_md/bahai-library.com/de-luna-garcia_canales_genero_catolicismo.md	Genero y catolicismo: Concepciones y realidades de practicantes del catolicismo referente a la pluralidad del genero	13	13				1	title->lib/ocean
40219	2026-08-13	../../../../../../tank/site2rag/websites_md/bahai-library.com/duncan_reflections_climate_change.md	Reflections on Climate Change: A Baha'i Response	14	14				1	title->lib/ocean
40242	2026-08-13	../../../../../../tank/site2rag/websites_md/bahai-library.com/egea_reading_reality_crisis.md	Reading Reality in Times of Crisis: 'Abdu'l-Baha and the Great War	13	13				1	title->lib/ocean
40253	2026-08-13	../../../../../../tank/site2rag/websites_md/bahai-library.com/ekbal_memoriam_kamran_ekbal.md	In Memoriam: Kamran Ekbal (1946 - 2014)	14	14				1	title->lib/ocean
40262	2026-08-13	../../../../../../tank/site2rag/websites_md/bahai-library.com/elias_compilation_esperanto.md	Esperanto	11	11				1	title->lib/ocean
40339	2026-08-13	../../../../../../tank/site2rag/websites_md/bahai-library.com/evans_contacts_teaching_committee.md	Contacts: National Teaching Committee Guidance on Outreach and Teaching	11	11				1	title->lib/ocean
40340	2026-08-13	../../../../../../tank/site2rag/websites_md/bahai-library.com/events_bahai_history_1969.md	Significant Events in Baha'i History	11	11				1	title->lib/ocean
40353	2026-08-13	../../../../../../tank/site2rag/websites_md/bahai-library.com/faber_manifestation_process_theology.md	The Manifestation of God in the View of Process Theology	13	13				1	title->lib/ocean
40375	2026-08-13	../../../../../../tank/site2rag/websites_md/bahai-library.com/faizi_promise_lord_krishna.md	The Promise of Lord Krishna	10	10				1	title->lib/ocean
40384	2026-08-13	../../../../../../tank/site2rag/websites_md/bahai-library.com/fananapazir_bahaullah_tablets_aqa-yahuda.md	Three Tablets of Baha'u'llah to Áqa Yahuda, an Early Jewish Convert to the Baha'i Faith from Hamadan	10	10				1	title->lib/ocean
40402	2026-08-13	../../../../../../tank/site2rag/websites_md/bahai-library.com/farrand_artemus_lamb.md	Artemus Lamb, 1905-1998	11	11				1	title->lib/ocean
40419	2026-08-13	../../../../../../tank/site2rag/websites_md/bahai-library.com/fazel_bahai_major_encyclopedias.md	The Bahá'í Faith Seen through the Eyes of Major Encyclopedias	12	12				1	title->lib/ocean
40482	2026-08-13	../../../../../../tank/site2rag/websites_md/bahai-library.com/fitzgerald_new_revelation.md	The New Revelation: Its Marvelous Message	11	22				1	title->lib/ocean
40484	2026-08-13	../../../../../../tank/site2rag/websites_md/bahai-library.com/flannery_john_william_cormick.md	Adventures in Biographical Research: John and William Cormick	14	14				1	title->lib/ocean
40491	2026-08-13	../../../../../../tank/site2rag/websites_md/bahai-library.com/fontaine_creative_inspiration.md	Creative Inspiration: Symbolism and Seeing	13	13				1	title->lib/ocean
40492	2026-08-13	../../../../../../tank/site2rag/websites_md/bahai-library.com/foo_healing_role_homeopathy.md	Baha'i Guidelines to Healing and the Role of Homoeopathy	12	12				1	title->lib/ocean
40495	2026-08-13	../../../../../../tank/site2rag/websites_md/bahai-library.com/forbes_heart_iran.md	The Heart of Iran	11	11				1	title->lib/ocean
40496	2026-08-13	../../../../../../tank/site2rag/websites_md/bahai-library.com/forbis_fall_peacock_throne.md	Fall of the Peacock Throne: The Story of Iran	12	12				1	title->lib/ocean
40544	2026-08-13	../../../../../../tank/site2rag/websites_md/bahai-library.com/frye_persia_1968.md	Persia	11	11				1	title->lib/ocean
40592	2026-08-13	../../../../../../tank/site2rag/websites_md/bahai-library.com/garcia-magarino_marco_accion_discurso.md	Hacia un marco conceptual para la accion y el discurso: estudio de caso de la Oficina de Asuntos Publicos española ante la crisis de la Covid-19	14	14				1	title->lib/ocean
40594	2026-08-13	../../../../../../tank/site2rag/websites_md/bahai-library.com/garcia_voyage_heart_koran&tagsall=yes.md	Voyage to the Heart of the Koran: The Holy Book of Islám for Thinking Minds (By a Non-Muslim)	12	36				1	title->lib/ocean
40595	2026-08-13	../../../../../../tank/site2rag/websites_md/bahai-library.com/garcia_voyage_heart_koran.md	Voyage to the Heart of the Koran: The Holy Book of Islám for Thinking Minds (By a Non-Muslim)	12	12				1	title->lib/ocean
40607	2026-08-13	../../../../../../tank/site2rag/websites_md/bahai-library.com/gent_bahai_faith_austin.md	The Baha'i Faith in Austin: The Early Years	12	12				1	title->lib/ocean
40608	2026-08-13	../../../../../../tank/site2rag/websites_md/bahai-library.com/gerard_phoenix_schedule_dewey.md	A Phoenix Schedule for the Dewey '200s', Suggested in particular for Bahá'í Libraries	13	13				1	title->lib/ocean
40643	2026-08-13	../../../../../../tank/site2rag/websites_md/bahai-library.com/ghasempour_lawh_haqqu_nas.md	Baha'u'llah's Lawh-i Haqqu'n-Nas: Tablet of the Right of the People, Provisional Translation	16	16				1	title->lib/ocean
40661	2026-08-13	../../../../../../tank/site2rag/websites_md/bahai-library.com/glasenapp_funf_grossen_religionen.md	Die Funf Grossen Religionen	11	11				1	title->lib/ocean
40774	2026-08-13	../../../../../../tank/site2rag/websites_md/bahai-library.com/hall_phelps_life_review.md	Life and Teachings of Abbas Effendi, by Myron Henry Phelps: Review	14	28				1	title->lib/ocean
40783	2026-08-13	../../../../../../tank/site2rag/websites_md/bahai-library.com/handal_aqa_buzurg_badi.md	Áqa Buzurg, Entitled Badi The Wonderful	11	11				1	title->lib/ocean
40816	2026-08-13	../../../../../../tank/site2rag/websites_md/bahai-library.com/handal_radio_bahai_titicaca.md	The Birth of Radio Baha'i of Lake Titicaca in Peru	12	12				1	title->lib/ocean
40818	2026-08-13	../../../../../../tank/site2rag/websites_md/bahai-library.com/handal_siyyid_yahya_darabi.md	Siyyid Yahya-i-Darabi, Entitled Vahid The Incomparable	11	11				1	title->lib/ocean
40843	2026-08-13	../../../../../../tank/site2rag/websites_md/bahai-library.com/harmsen_holy_grail_objectivity.md	The Holy Grail of Objectivity: Some Considerations for Balancing Sacred and Secular in Baha'i Scholarship	13	13				1	title->lib/ocean
40859	2026-08-13	../../../../../../tank/site2rag/websites_md/bahai-library.com/hassall_75_years_australia.md	Baha'i Faith in Australia: 75 Years Remembered	14	14				1	title->lib/ocean
40933	2026-08-13	../../../../../../tank/site2rag/websites_md/bahai-library.com/hatcher_bahai_non-ideological_approach.md	The Baha'i Faith: A Non-ideological Approach to Religion	11	22				1	title->lib/ocean
40956	2026-08-13	../../../../../../tank/site2rag/websites_md/bahai-library.com/hatcher_epilogue_neo-darwinian_theory.md	Epilogue on Neo-Darwinian Theory	11	11				1	title->lib/ocean
40964	2026-08-13	../../../../../../tank/site2rag/websites_md/bahai-library.com/hatcher_fear_teching.md	Fear of Teaching: A Meditation on Authenticity in Human Relationships	11	11				1	title->lib/ocean
40988	2026-08-13	../../../../../../tank/site2rag/websites_md/bahai-library.com/hatcher_lectures_universal_themes.md	Cycle of Lectures on Universal and Contemporary Themes	10	10				1	title->lib/ocean
41008	2026-08-13	../../../../../../tank/site2rag/websites_md/bahai-library.com/hatcher_nashville_community_1960s.md	The Amazing Nashville Baha'i Community in the 1960s	12	24				1	title->lib/ocean
41017	2026-08-13	../../../../../../tank/site2rag/websites_md/bahai-library.com/hatcher_philosophy_spirituality.md	The Philosophy of Spirituality: A Baha'i Viewpoint	13	13				1	title->lib/ocean
41028	2026-08-13	../../../../../../tank/site2rag/websites_md/bahai-library.com/hatcher_reconstructing_academy.md	Reconstructing the Academy	10	10				1	title->lib/ocean
41030	2026-08-13	../../../../../../tank/site2rag/websites_md/bahai-library.com/hatcher_reflections_male_spirit.md	Reflections of a Human Spirit in a Male Body	10	20				1	title->lib/ocean
41034	2026-08-13	../../../../../../tank/site2rag/websites_md/bahai-library.com/hatcher_role_function_institutes.md	Role and Function of Baha'i Institutes in the Life of the Baha'i Community	10	10				1	title->lib/ocean
41040	2026-08-13	../../../../../../tank/site2rag/websites_md/bahai-library.com/hatcher_science_bahai_faith.md	Science and the Baha'i Faith	13	13				1	title->lib/ocean
41058	2026-08-13	../../../../../../tank/site2rag/websites_md/bahai-library.com/hatcher_valeurs_economiques.md	Les Valeurs economiques et les valeurs morales	12	24				1	title->lib/ocean
41093	2026-08-13	../../../../../../tank/site2rag/websites_md/bahai-library.com/herrmann_bertha_kirkpatrick.md	Bertha: An Early American Baha'i Stalwart	13	13				1	title->lib/ocean
41095	2026-08-13	../../../../../../tank/site2rag/websites_md/bahai-library.com/herrmann_community_histories_kansas.md	The Baha'i Faith in Kansas 1897-1947	12	24				1	title->lib/ocean
41096	2026-08-13	../../../../../../tank/site2rag/websites_md/bahai-library.com/herrmann_david_ruhe_author.md	Dr. David S. Ruhe: Kansas Author	12	12				1	title->lib/ocean
41097	2026-08-13	../../../../../../tank/site2rag/websites_md/bahai-library.com/herrmann_elizabeth_elsbeth_kansas.md	Elizabeth and Elsbeth: Typically Extraordinary Kansas Women	12	24				1	title->lib/ocean
41098	2026-08-13	../../../../../../tank/site2rag/websites_md/bahai-library.com/herrmann_enterprise_second_oldest.md	Enterprise: Second Oldest in U.S.?	12	24				1	title->lib/ocean
41104	2026-08-13	../../../../../../tank/site2rag/websites_md/bahai-library.com/herrmann_houses_perfect_possible.md	Houses as Perfect as Is Possible	13	13				1	title->lib/ocean
41108	2026-08-13	../../../../../../tank/site2rag/websites_md/bahai-library.com/herrmann_kansas_farm_boy.md	Kansas Farm Boy	12	24				1	title->lib/ocean
41111	2026-08-13	../../../../../../tank/site2rag/websites_md/bahai-library.com/herrmann_letters_kansas_bahai.md	Letters from a 19th-century Kansas Baha'i	12	12				1	title->lib/ocean
41115	2026-08-13	../../../../../../tank/site2rag/websites_md/bahai-library.com/herrmann_not_new_kansas.md	Not Quite So New in Kansas	12	24				1	title->lib/ocean
41131	2026-08-13	../../../../../../tank/site2rag/websites_md/bahai-library.com/herrmann_the_encounter.md	The Encounter	13	13				1	title->lib/ocean
41149	2026-08-13	../../../../../../tank/site2rag/websites_md/bahai-library.com/hock_chinese_family_religion.md	Chinese Family Religion and World Religion	12	12				1	title->lib/ocean
41182	2026-08-13	../../../../../../tank/site2rag/websites_md/bahai-library.com/holley_divinations_creation.md	Divinations and Creation	10	10				1	title->lib/ocean
41193	2026-08-13	../../../../../../tank/site2rag/websites_md/bahai-library.com/holley_spiritual_spring.md	Spiritual Spring	10	10				1	title->lib/ocean
41197	2026-08-13	../../../../../../tank/site2rag/websites_md/bahai-library.com/hollinger_community_histories_introduction.md	Baha'i Communities in the West, 1897-1992	12	12				1	title->lib/ocean
42293	2026-08-13	../../../../../../tank/site2rag/websites_md/bahai-library.com/inventory-AB01036.md	AB01036	9	9				1	title->lib/ocean
42746	2026-08-13	../../../../../../tank/site2rag/websites_md/bahai-library.com/inventory-AB01504.md	AB01504	9	9				1	title->lib/ocean
42819	2026-08-13	../../../../../../tank/site2rag/websites_md/bahai-library.com/inventory-AB01577.md	AB01577	9	9				1	title->lib/ocean
42970	2026-08-13	../../../../../../tank/site2rag/websites_md/bahai-library.com/inventory-AB01730.md	AB01730	9	9				1	title->lib/ocean
43003	2026-08-13	../../../../../../tank/site2rag/websites_md/bahai-library.com/inventory-AB01763.md	AB01763	9	9				1	title->lib/ocean
43012	2026-08-13	../../../../../../tank/site2rag/websites_md/bahai-library.com/inventory-AB01772.md	AB01772	9	9				1	title->lib/ocean
43027	2026-08-13	../../../../../../tank/site2rag/websites_md/bahai-library.com/inventory-AB01787.md	AB01787	9	9				1	no title match
43122	2026-08-13	../../../../../../tank/site2rag/websites_md/bahai-library.com/inventory-AB01885.md	AB01885	9	9				1	no title match
43249	2026-08-13	../../../../../../tank/site2rag/websites_md/bahai-library.com/inventory-AB02015.md	AB02015	9	9				1	title->lib/ocean
43300	2026-08-13	../../../../../../tank/site2rag/websites_md/bahai-library.com/inventory-AB02099.md	AB02099	9	9				1	no title match
43411	2026-08-13	../../../../../../tank/site2rag/websites_md/bahai-library.com/inventory-AB02294.md	AB02294	9	9				1	title->lib/ocean
43454	2026-08-13	../../../../../../tank/site2rag/websites_md/bahai-library.com/inventory-AB02371.md	AB02371	9	9				1	no title match
43461	2026-08-13	../../../../../../tank/site2rag/websites_md/bahai-library.com/inventory-AB02381.md	AB02381	9	9				1	title->lib/ocean
43480	2026-08-13	../../../../../../tank/site2rag/websites_md/bahai-library.com/inventory-AB02410.md	AB02410	9	9				1	title->lib/ocean
43523	2026-08-13	../../../../../../tank/site2rag/websites_md/bahai-library.com/inventory-AB02479.md	AB02479	9	9				1	title->lib/ocean
43532	2026-08-13	../../../../../../tank/site2rag/websites_md/bahai-library.com/inventory-AB02500.md	AB02500	9	9				1	title->lib/ocean
43551	2026-08-13	../../../../../../tank/site2rag/websites_md/bahai-library.com/inventory-AB02528.md	AB02528	9	9				1	no title match
43560	2026-08-13	../../../../../../tank/site2rag/websites_md/bahai-library.com/inventory-AB02545.md	AB02545	9	9				1	no title match
43838	2026-08-13	../../../../../../tank/site2rag/websites_md/bahai-library.com/inventory-AB02989.md	AB02989	9	9				1	no title match
43855	2026-08-13	../../../../../../tank/site2rag/websites_md/bahai-library.com/inventory-AB03014.md	AB03014	9	9				1	title->lib/ocean
43882	2026-08-13	../../../../../../tank/site2rag/websites_md/bahai-library.com/inventory-AB03068.md	AB03068	9	9				1	title->lib/ocean
44328	2026-08-13	../../../../../../tank/site2rag/websites_md/bahai-library.com/inventory-AB03720.md	AB03720	9	9				1	no title match
44344	2026-08-13	../../../../../../tank/site2rag/websites_md/bahai-library.com/inventory-AB03741.md	AB03741	9	9				1	no title match
44409	2026-08-13	../../../../../../tank/site2rag/websites_md/bahai-library.com/inventory-AB03822.md	AB03822	9	9				1	no title match
44444	2026-08-13	../../../../../../tank/site2rag/websites_md/bahai-library.com/inventory-AB03891.md	AB03891	9	9				1	title->lib/ocean
44516	2026-08-13	../../../../../../tank/site2rag/websites_md/bahai-library.com/inventory-AB04009.md	AB04009	9	9				1	no title match
44535	2026-08-13	../../../../../../tank/site2rag/websites_md/bahai-library.com/inventory-AB04042.md	AB04042	9	9				1	no title match
44543	2026-08-13	../../../../../../tank/site2rag/websites_md/bahai-library.com/inventory-AB04050.md	AB04050	9	9				1	no title match
44560	2026-08-13	../../../../../../tank/site2rag/websites_md/bahai-library.com/inventory-AB04078.md	AB04078	9	9				1	no title match
44587	2026-08-13	../../../../../../tank/site2rag/websites_md/bahai-library.com/inventory-AB04120.md	AB04120	9	9				1	no title match
44651	2026-08-13	../../../../../../tank/site2rag/websites_md/bahai-library.com/inventory-AB04216.md	AB04216	9	9				1	no title match
44652	2026-08-13	../../../../../../tank/site2rag/websites_md/bahai-library.com/inventory-AB04217.md	AB04217	9	9				1	no title match
44738	2026-08-13	../../../../../../tank/site2rag/websites_md/bahai-library.com/inventory-AB04351.md	AB04351	9	9				1	title->lib/ocean
44775	2026-08-13	../../../../../../tank/site2rag/websites_md/bahai-library.com/inventory-AB04407.md	AB04407	9	9				1	title->lib/ocean
44812	2026-08-13	../../../../../../tank/site2rag/websites_md/bahai-library.com/inventory-AB04456.md	AB04456	9	9				1	no title match
44907	2026-08-13	../../../../../../tank/site2rag/websites_md/bahai-library.com/inventory-AB04605.md	AB04605	9	9				1	title->lib/ocean
45174	2026-08-13	../../../../../../tank/site2rag/websites_md/bahai-library.com/inventory-AB04996.md	AB04996	9	9				1	no title match
45287	2026-08-13	../../../../../../tank/site2rag/websites_md/bahai-library.com/inventory-AB05172.md	AB05172	9	9				1	title->lib/ocean
46278	2026-08-13	../../../../../../tank/site2rag/websites_md/bahai-library.com/inventory-AB06543.md	AB06543	9	9				1	no title match
46323	2026-08-13	../../../../../../tank/site2rag/websites_md/bahai-library.com/inventory-AB06613.md	AB06613	9	9				1	no title match
46492	2026-08-13	../../../../../../tank/site2rag/websites_md/bahai-library.com/inventory-AB06828.md	AB06828	9	9				1	no title match
46714	2026-08-13	../../../../../../tank/site2rag/websites_md/bahai-library.com/inventory-AB07132.md	AB07132	9	9				1	no title match
46906	2026-08-13	../../../../../../tank/site2rag/websites_md/bahai-library.com/inventory-AB07385.md	AB07385	10	10				1	no title match
46949	2026-08-13	../../../../../../tank/site2rag/websites_md/bahai-library.com/inventory-AB07439.md	AB07439	9	9				1	no title match
47053	2026-08-13	../../../../../../tank/site2rag/websites_md/bahai-library.com/inventory-AB07575.md	AB07575	9	9				1	no title match
47057	2026-08-13	../../../../../../tank/site2rag/websites_md/bahai-library.com/inventory-AB07580.md	AB07580	9	9				1	no title match
47237	2026-08-13	../../../../../../tank/site2rag/websites_md/bahai-library.com/inventory-AB07824.md	AB07824	9	9				1	no title match
47244	2026-08-13	../../../../../../tank/site2rag/websites_md/bahai-library.com/inventory-AB07831.md	AB07831	9	9				1	no title match
47389	2026-08-13	../../../../../../tank/site2rag/websites_md/bahai-library.com/inventory-AB08006.md	AB08006	9	9				1	no title match
47566	2026-08-13	../../../../../../tank/site2rag/websites_md/bahai-library.com/inventory-AB08234.md	AB08234	9	9				1	no title match
47858	2026-08-13	../../../../../../tank/site2rag/websites_md/bahai-library.com/inventory-AB08628.md	AB08628	9	9				1	no title match
48223	2026-08-13	../../../../../../tank/site2rag/websites_md/bahai-library.com/inventory-AB09096.md	AB09096	9	9				1	no title match
48234	2026-08-13	../../../../../../tank/site2rag/websites_md/bahai-library.com/inventory-AB09109.md	AB09109	9	9				1	no title match
48426	2026-08-13	../../../../../../tank/site2rag/websites_md/bahai-library.com/inventory-AB09346.md	AB09346	9	9				1	no title match
49084	2026-08-13	../../../../../../tank/site2rag/websites_md/bahai-library.com/inventory-AB10291.md	AB10291	9	9				1	no title match
49090	2026-08-13	../../../../../../tank/site2rag/websites_md/bahai-library.com/inventory-AB10297.md	AB10297	9	9				1	no title match
49235	2026-08-13	../../../../../../tank/site2rag/websites_md/bahai-library.com/inventory-AB10841.md	AB10841	9	9				1	no title match
49244	2026-08-13	../../../../../../tank/site2rag/websites_md/bahai-library.com/inventory-AB10903.md	AB10903	9	9				1	title->lib/ocean
49249	2026-08-13	../../../../../../tank/site2rag/websites_md/bahai-library.com/inventory-AB10943.md	AB10943	9	9				1	no title match
49293	2026-08-13	../../../../../../tank/site2rag/websites_md/bahai-library.com/inventory-AB11087.md	AB11087	9	9				1	no title match
49310	2026-08-13	../../../../../../tank/site2rag/websites_md/bahai-library.com/inventory-AB11104.md	AB11104	9	9				1	no title match
49386	2026-08-13	../../../../../../tank/site2rag/websites_md/bahai-library.com/inventory-AB11248.md	AB11248	9	9				1	no title match
49389	2026-08-13	../../../../../../tank/site2rag/websites_md/bahai-library.com/inventory-AB11257.md	AB11257	9	9				1	no title match
49410	2026-08-13	../../../../../../tank/site2rag/websites_md/bahai-library.com/inventory-AB11280.md	AB11280	9	9				1	no title match
49430	2026-08-13	../../../../../../tank/site2rag/websites_md/bahai-library.com/inventory-AB11300.md	AB11300	9	9				1	no title match
49534	2026-08-13	../../../../../../tank/site2rag/websites_md/bahai-library.com/inventory-AB11422.md	AB11422	9	9				1	no title match
49543	2026-08-13	../../../../../../tank/site2rag/websites_md/bahai-library.com/inventory-AB11431.md	AB11431	9	9				1	no title match
50302	2026-08-13	../../../../../../tank/site2rag/websites_md/bahai-library.com/inventory-ABU0289.md	ABU0289	9	9				1	no title match
50344	2026-08-13	../../../../../../tank/site2rag/websites_md/bahai-library.com/inventory-ABU0332.md	ABU0332	9	9				1	no title match
50472	2026-08-13	../../../../../../tank/site2rag/websites_md/bahai-library.com/inventory-ABU0467.md	ABU0467	10	10				1	title->lib/ocean
50554	2026-08-13	../../../../../../tank/site2rag/websites_md/bahai-library.com/inventory-ABU0553.md	ABU0553	9	9				1	no title match
50562	2026-08-13	../../../../../../tank/site2rag/websites_md/bahai-library.com/inventory-ABU0562.md	ABU0562	9	9				1	no title match
50570	2026-08-13	../../../../../../tank/site2rag/websites_md/bahai-library.com/inventory-ABU0570.md	ABU0570	10	10				1	title->lib/ocean
50670	2026-08-13	../../../../../../tank/site2rag/websites_md/bahai-library.com/inventory-ABU0670.md	ABU0670	10	10				1	no title match
50690	2026-08-13	../../../../../../tank/site2rag/websites_md/bahai-library.com/inventory-ABU0692.md	ABU0692	9	9				1	no title match
50736	2026-08-13	../../../../../../tank/site2rag/websites_md/bahai-library.com/inventory-ABU0746.md	ABU0746	9	9				1	no title match
50796	2026-08-13	../../../../../../tank/site2rag/websites_md/bahai-library.com/inventory-ABU0811.md	ABU0811	9	9				1	title->lib/ocean
50876	2026-08-13	../../../../../../tank/site2rag/websites_md/bahai-library.com/inventory-ABU0899.md	ABU0899	9	9				1	title->lib/ocean
50932	2026-08-13	../../../../../../tank/site2rag/websites_md/bahai-library.com/inventory-ABU0963.md	ABU0963	9	9				1	no title match
50971	2026-08-13	../../../../../../tank/site2rag/websites_md/bahai-library.com/inventory-ABU1010.md	ABU1010	9	9				1	title->lib/ocean
51004	2026-08-13	../../../../../../tank/site2rag/websites_md/bahai-library.com/inventory-ABU1049.md	ABU1049	10	10				1	no title match
51008	2026-08-13	../../../../../../tank/site2rag/websites_md/bahai-library.com/inventory-ABU1053.md	ABU1053	9	9				1	no title match
51048	2026-08-13	../../../../../../tank/site2rag/websites_md/bahai-library.com/inventory-ABU1099.md	ABU1099	9	9				1	no title match
51071	2026-08-13	../../../../../../tank/site2rag/websites_md/bahai-library.com/inventory-ABU1123.md	ABU1123	9	9				1	no title match
51085	2026-08-13	../../../../../../tank/site2rag/websites_md/bahai-library.com/inventory-ABU1144.md	ABU1144	9	9				1	no title match
51104	2026-08-13	../../../../../../tank/site2rag/websites_md/bahai-library.com/inventory-ABU1165.md	ABU1165	9	9				1	title->lib/ocean
51124	2026-08-13	../../../../../../tank/site2rag/websites_md/bahai-library.com/inventory-ABU1188.md	ABU1188	10	10				1	title->lib/ocean
51136	2026-08-13	../../../../../../tank/site2rag/websites_md/bahai-library.com/inventory-ABU1200.md	ABU1200	9	9				1	title->lib/ocean
51200	2026-08-13	../../../../../../tank/site2rag/websites_md/bahai-library.com/inventory-ABU1277.md	ABU1277	9	9				1	no title match
51239	2026-08-13	../../../../../../tank/site2rag/websites_md/bahai-library.com/inventory-ABU1328.md	ABU1328	9	9				1	no title match
51357	2026-08-13	../../../../../../tank/site2rag/websites_md/bahai-library.com/inventory-ABU1464.md	ABU1464	10	10				1	no title match
51366	2026-08-13	../../../../../../tank/site2rag/websites_md/bahai-library.com/inventory-ABU1473.md	ABU1473	10	10				1	title->lib/ocean
51372	2026-08-13	../../../../../../tank/site2rag/websites_md/bahai-library.com/inventory-ABU1479.md	ABU1479	10	10				1	title->lib/ocean
51501	2026-08-13	../../../../../../tank/site2rag/websites_md/bahai-library.com/inventory-ABU1637.md	ABU1637	9	9				1	no title match
51505	2026-08-13	../../../../../../tank/site2rag/websites_md/bahai-library.com/inventory-ABU1641.md	ABU1641	10	10				1	no title match
51759	2026-08-13	../../../../../../tank/site2rag/websites_md/bahai-library.com/inventory-ABU1937.md	ABU1937	9	9				1	no title match
51846	2026-08-13	../../../../../../tank/site2rag/websites_md/bahai-library.com/inventory-ABU2040.md	ABU2040	9	9				1	no title match
51887	2026-08-13	../../../../../../tank/site2rag/websites_md/bahai-library.com/inventory-ABU2094.md	ABU2094	10	10				1	no title match
51919	2026-08-13	../../../../../../tank/site2rag/websites_md/bahai-library.com/inventory-ABU2126.md	ABU2126	9	9				1	no title match
52073	2026-08-13	../../../../../../tank/site2rag/websites_md/bahai-library.com/inventory-ABU2322.md	ABU2322	9	9				1	no title match
52077	2026-08-13	../../../../../../tank/site2rag/websites_md/bahai-library.com/inventory-ABU2327.md	ABU2327	9	9				1	no title match
52114	2026-08-13	../../../../../../tank/site2rag/websites_md/bahai-library.com/inventory-ABU2370.md	ABU2370	10	10				1	title->lib/ocean
52123	2026-08-13	../../../../../../tank/site2rag/websites_md/bahai-library.com/inventory-ABU2379.md	ABU2379	9	9				1	no title match
52141	2026-08-13	../../../../../../tank/site2rag/websites_md/bahai-library.com/inventory-ABU2397.md	ABU2397	9	9				1	no title match
52145	2026-08-13	../../../../../../tank/site2rag/websites_md/bahai-library.com/inventory-ABU2401.md	ABU2401	10	10				1	no title match
52166	2026-08-13	../../../../../../tank/site2rag/websites_md/bahai-library.com/inventory-ABU2423.md	ABU2423	9	9				1	title->lib/ocean
52224	2026-08-13	../../../../../../tank/site2rag/websites_md/bahai-library.com/inventory-ABU2493.md	ABU2493	9	9				1	no title match
52320	2026-08-13	../../../../../../tank/site2rag/websites_md/bahai-library.com/inventory-ABU2603.md	ABU2603	9	9				1	no title match
52408	2026-08-13	../../../../../../tank/site2rag/websites_md/bahai-library.com/inventory-ABU2693.md	ABU2693	9	9				1	no title match
52412	2026-08-13	../../../../../../tank/site2rag/websites_md/bahai-library.com/inventory-ABU2697.md	ABU2697	10	10				1	title->lib/ocean
52417	2026-08-13	../../../../../../tank/site2rag/websites_md/bahai-library.com/inventory-ABU2706.md	ABU2706	9	9				1	no title match
52464	2026-08-13	../../../../../../tank/site2rag/websites_md/bahai-library.com/inventory-ABU2765.md	ABU2765	9	9				1	no title match
52586	2026-08-13	../../../../../../tank/site2rag/websites_md/bahai-library.com/inventory-ABU2908.md	ABU2908	9	9				1	no title match
52592	2026-08-13	../../../../../../tank/site2rag/websites_md/bahai-library.com/inventory-ABU2914.md	ABU2914	9	9				1	no title match
52596	2026-08-13	../../../../../../tank/site2rag/websites_md/bahai-library.com/inventory-ABU2918.md	ABU2918	10	10				1	no title match
52625	2026-08-13	../../../../../../tank/site2rag/websites_md/bahai-library.com/inventory-ABU2948.md	ABU2948	10	10				1	title->lib/ocean
52631	2026-08-13	../../../../../../tank/site2rag/websites_md/bahai-library.com/inventory-ABU2955.md	ABU2955	9	9				1	no title match
52697	2026-08-13	../../../../../../tank/site2rag/websites_md/bahai-library.com/inventory-ABU3047.md	ABU3047	10	10				1	title->lib/ocean
52705	2026-08-13	../../../../../../tank/site2rag/websites_md/bahai-library.com/inventory-ABU3056.md	ABU3056	9	9				1	no title match
52856	2026-08-13	../../../../../../tank/site2rag/websites_md/bahai-library.com/inventory-ABU3234.md	ABU3234	9	9				1	no title match
52871	2026-08-13	../../../../../../tank/site2rag/websites_md/bahai-library.com/inventory-ABU3253.md	ABU3253	10	10				1	title->lib/ocean
53290	2026-08-13	../../../../../../tank/site2rag/websites_md/bahai-library.com/inventory-ADP.076-078x.md	ADP.076-078x	9	9				1	title->lib/ocean
57483	2026-08-13	../../../../../../tank/site2rag/websites_md/bahai-library.com/ihrdc_crimes_against_humanity.md	Crimes Against Humanity: The Islamic Republic's Attacks on the Baha'is	11	11				1	title->lib/ocean
59640	2026-08-13	../../../../../../tank/site2rag/websites_md/bahai-library.com/1785.md	Divinations and Creation	10	10				1	title->lib/ocean
59708	2026-08-13	../../../../../../tank/site2rag/websites_md/bahai-library.com/2071.md	Fall of the Peacock Throne: The Story of Iran	12	12				1	title->lib/ocean
59733	2026-08-13	../../../../../../tank/site2rag/websites_md/bahai-library.com/2153.md	The Heart of Iran	11	11				1	title->lib/ocean
59757	2026-08-13	../../../../../../tank/site2rag/websites_md/bahai-library.com/2202.md	Der Islam (Sekten)	11	11				1	title->lib/ocean
59770	2026-08-13	../../../../../../tank/site2rag/websites_md/bahai-library.com/2208.md	Grundriss der Religionsgeschichte	11	11				1	title->lib/ocean
59877	2026-08-13	../../../../../../tank/site2rag/websites_md/bahai-library.com/2539.md	The Bahá'í Faith Seen through the Eyes of Major Encyclopedias	12	12				1	title->lib/ocean
60019	2026-08-13	../../../../../../tank/site2rag/websites_md/bahai-library.com/2859.md	The Holy Grail of Objectivity: Some Considerations for Balancing Sacred and Secular in Baha'i Scholarship	13	13				1	title->lib/ocean
60032	2026-08-13	../../../../../../tank/site2rag/websites_md/bahai-library.com/2905.md	Fear of Teaching: A Meditation on Authenticity in Human Relationships	11	11				1	title->lib/ocean
60035	2026-08-13	../../../../../../tank/site2rag/websites_md/bahai-library.com/2913.md	Reflections of a Human Spirit in a Male Body	10	10				1	title->lib/ocean
60038	2026-08-13	../../../../../../tank/site2rag/websites_md/bahai-library.com/2915.md	Cycle of Lectures on Universal and Contemporary Themes	10	10				1	title->lib/ocean
60045	2026-08-13	../../../../../../tank/site2rag/websites_md/bahai-library.com/2944.md	The Baha'i Faith: A Non-ideological Approach to Religion	11	11				1	title->lib/ocean
60047	2026-08-13	../../../../../../tank/site2rag/websites_md/bahai-library.com/2945.md	The Philosophy of Spirituality: A Baha'i Viewpoint	13	13				1	title->lib/ocean
60215	2026-08-13	../../../../../../tank/site2rag/websites_md/bahai-library.com/3042.md	Reconstructing the Academy	10	10				1	title->lib/ocean
60705	2026-08-13	../../../../../../tank/site2rag/websites_md/bahai-library.com/4260.md	Religious Freedom in the Jurisprudence of the Egyptian and European Court of Human Rights	12	12				1	title->lib/ocean
60715	2026-08-13	../../../../../../tank/site2rag/websites_md/bahai-library.com/4339.md	The Hijaz-Palestine Railway and the Development of Haifa	12	12				1	title->lib/ocean
60792	2026-08-13	../../../../../../tank/site2rag/websites_md/bahai-library.com/4888.md	La refutation des mythes: Les theories du complot en Iran sur l'origine et les objectifs de la religion baha'ie	14	14				1	title->lib/ocean
60856	2026-08-13	../../../../../../tank/site2rag/websites_md/bahai-library.com/5082.md	Tratado sobre gobernanza	13	13				1	title->lib/ocean
60873	2026-08-13	../../../../../../tank/site2rag/websites_md/bahai-library.com/5377.md	Rethinking Migration from a Global Perspective	11	11				1	title->lib/ocean
60874	2026-08-13	../../../../../../tank/site2rag/websites_md/bahai-library.com/5400.md	Doing Scholarship from a Faith Perspective: Reading the Sacred as Sacred Encounter	11	11				1	title->lib/ocean
60881	2026-08-13	../../../../../../tank/site2rag/websites_md/bahai-library.com/5502.md	Tomorrow and Tomorrow	10	10				1	title->lib/ocean
60883	2026-08-13	../../../../../../tank/site2rag/websites_md/bahai-library.com/5508.md	The Meaning of Life	10	10				1	title->lib/ocean
61036	2026-08-13	../../../../../../tank/site2rag/websites_md/bahai-library.com/5885.md	The Baha'i Faith	12	12				1	title->lib/ocean
61127	2026-08-13	../../../../../../tank/site2rag/websites_md/bahai-library.com/6196.md	Notes on the Annual Baha'i Convention	10	10				1	title->lib/ocean
61132	2026-08-13	../../../../../../tank/site2rag/websites_md/bahai-library.com/6217.md	Contacts: National Teaching Committee Guidance on Outreach and Teaching	11	11				1	title->lib/ocean
61134	2026-08-13	../../../../../../tank/site2rag/websites_md/bahai-library.com/6230.md	Spiritual Spring	10	10				1	title->lib/ocean
61140	2026-08-13	../../../../../../tank/site2rag/websites_md/bahai-library.com/6234.md	Notes on Turning to the Guardian	10	10				1	title->lib/ocean
61165	2026-08-13	../../../../../../tank/site2rag/websites_md/bahai-library.com/6274.md	Oppression and Universalism in Selected Palestinian and Baha'i Poetry: A Contrastive Analysis	11	11				1	title->lib/ocean
61174	2026-08-13	../../../../../../tank/site2rag/websites_md/bahai-library.com/6277.md	Religion, Orientalism and Modernity: Mahdi Movements of Iran and South Asia, by Geoffrey Nash: Review	11	11				1	title->lib/ocean
61239	2026-08-13	../../../../../../tank/site2rag/websites_md/bahai-library.com/6390.md	Tablets from 'Abdu'l-Baha Abbas to some American Believers in the Year 1900	10	10				1	title->lib/ocean
61365	2026-08-13	../../../../../../tank/site2rag/websites_md/bahai-library.com/6621.md	Abdu'l-Baha: Through the War Years	13	13				1	title->lib/ocean
61381	2026-08-13	../../../../../../tank/site2rag/websites_md/bahai-library.com/6826.md	The Ethiopian King	13	13				1	title->lib/ocean
120895	2026-08-13	../../../../../../tank/site2rag/websites_md/bahai-library.com/5003.md	Laws Abrogated by Baha'u'llah	11	11				1	title->lib/ocean
120965	2026-08-13	../../../../../../tank/site2rag/websites_md/bahai-library.com/5480.md	The Maid of Heaven: A Personal Compilation	13	13				1	title->lib/ocean
124533	2026-08-13	../../../../../../tank/site2rag/websites_md/bahai-library.com/compilation_laws_abrogated_bahaullah&tagsall=yes.md	Laws Abrogated by Baha'u'llah	11	11				1	title->lib/ocean
146620	2026-08-13	../../../../../../tank/site2rag/websites_md/bahai-library.com/ioannesyan_messianic_prophecies_shaykhi.md	Reflections on Some Messianic Prophecies in Shaykhi Works	13	13				1	title->lib/ocean
147012	2026-08-13	../../../../../../tank/site2rag/websites_md/bahai-library.com/izadinia_ishqabad_city_love.md	Ishqabad, City of Love: A Study into the Story of Those Who Became the Foremost in the Baha'i Faith	12	12				1	title->lib/ocean
147400	2026-08-13	../../../../../../tank/site2rag/websites_md/bahai-library.com/jessup_babism_babites.md	Babism and the Babites	13	13				1	title->lib/ocean
147435	2026-08-13	../../../../../../tank/site2rag/websites_md/bahai-library.com/jessup_the_babites.md	The Babites	13	13				1	title->lib/ocean
147537	2026-08-13	../../../../../../tank/site2rag/websites_md/bahai-library.com/johnson_quddus.md	Quddus	11	11				1	title->lib/ocean
147566	2026-08-13	../../../../../../tank/site2rag/websites_md/bahai-library.com/johnson_tahirih.md	Tahirih	11	11				1	title->lib/ocean
148007	2026-08-13	../../../../../../tank/site2rag/websites_md/bahai-library.com/jones_indigenous_medical_knowledge.md	Universities as the Gatekeepers of the Intellectual Property of Indigenous People's Medical Knowledge	13	13				1	title->lib/ocean
148125	2026-08-13	../../../../../../tank/site2rag/websites_md/bahai-library.com/jones_the_heart.md	The Heart	11	11				1	title->lib/ocean
148337	2026-08-13	../../../../../../tank/site2rag/websites_md/bahai-library.com/jung_nash_orientalism_modernity.md	Religion, Orientalism and Modernity: Mahdi Movements of Iran and South Asia, by Geoffrey Nash: Review	11	11				1	title->lib/ocean
148360	2026-08-13	../../../../../../tank/site2rag/websites_md/bahai-library.com/kahn_reaching_teaching_indians.md	Reaching and Teaching the Indians: Clinics and Task Force Discussions #17	11	11				1	title->lib/ocean
148428	2026-08-13	../../../../../../tank/site2rag/websites_md/bahai-library.com/karimi_iran_democracy_law.md	Iran, Democracy, and International Law	12	12				1	title->lib/ocean
148910	2026-08-13	../../../../../../tank/site2rag/websites_md/bahai-library.com/keene_bahai_redefinition_religion.md	Baha'i World Faith: Redefinition of Religion	14	14				1	title->lib/ocean
148998	2026-08-13	../../../../../../tank/site2rag/websites_md/bahai-library.com/keene_religious_behavior.md	Religious Behavior and Neuroticism, Spontaneity, and Worldmindedness	13	13				1	title->lib/ocean
149222	2026-08-13	../../../../../../tank/site2rag/websites_md/bahai-library.com/kennedy_religions_philosophies_east.md	The Religions and Philosophies of the East	11	11				1	title->lib/ocean
149472	2026-08-13	../../../../../../tank/site2rag/websites_md/bahai-library.com/khan_aspects_scholarship_talk.md	Some Aspects of Baha'i Scholarship	10	10				1	title->lib/ocean
149508	2026-08-13	../../../../../../tank/site2rag/websites_md/bahai-library.com/khan_dedication_temple_sydney.md	Dedication of the Baha'i House of Worship in Sydney	13	13				1	title->lib/ocean
149825	2026-08-13	../../../../../../tank/site2rag/websites_md/bahai-library.com/khanum_address_wilmette_1953.md	Public Address of Ruhiyyih Khanum to the 1953 Conference in Wilmette	10	10				1	title->lib/ocean
149846	2026-08-13	../../../../../../tank/site2rag/websites_md/bahai-library.com/khanum_bahaullah_desire_world.md	The Desire of the World: Materials for the contemplation of God and His Manifestation for this Day	12	12				1	title->lib/ocean
149876	2026-08-13	../../../../../../tank/site2rag/websites_md/bahai-library.com/khanum_dream_monaver.md	Dream of Monaver Khanum	11	11				1	title->lib/ocean
149900	2026-08-13	../../../../../../tank/site2rag/websites_md/bahai-library.com/khanum_extracts_letter_1943.md	Excerpts from a Letter from Ruhiyyih Khanum	10	10				1	title->lib/ocean
150220	2026-08-13	../../../../../../tank/site2rag/websites_md/bahai-library.com/khanum_historical_romance_nabil.md	The Re-florescence of Historical Romance in Nabil	13	13				1	title->lib/ocean
151608	2026-08-13	../../../../../../tank/site2rag/websites_md/bahai-library.com/klebel_reflections_greatest_name.md	Reflections about the Greatest Name of God in the Baha'i Faith	11	11				1	title->lib/ocean
151930	2026-08-13	../../../../../../tank/site2rag/websites_md/bahai-library.com/kluge_nietzsche_bahai_writings.md	Nietzsche and the Baha'i Writings: A First Look	14	14				1	title->lib/ocean
152200	2026-08-13	../../../../../../tank/site2rag/websites_md/bahai-library.com/knopf_music_devotional_practice.md	Of Paramount Importance: Addressing the Paucity of Music in Bahá'í Devotional Practice	14	14				1	title->lib/ocean
152227	2026-08-13	../../../../../../tank/site2rag/websites_md/bahai-library.com/knopf_paucity_music_considerations.md	The Paucity of Music in Baha'i Devotional Practice and Considerations in the Composition of Music for Baha'i Devotional Purposes	11	11				1	title->lib/ocean
152402	2026-08-13	../../../../../../tank/site2rag/websites_md/bahai-library.com/kraemer_world_cultures_religions.md	World Cultures and World Religions: The Coming Dialogue	12	12				1	title->lib/ocean
153344	2026-08-13	../../../../../../tank/site2rag/websites_md/bahai-library.com/lample_teachings_spiritual_reality.md	Baha'u'llah's Teachings on Spiritual Reality	11	11				1	title->lib/ocean
153608	2026-08-13	../../../../../../tank/site2rag/websites_md/bahai-library.com/lawson_art_interconnectedness_things.md	Art and the Interconnectedness of All Things	13	26				1	title->lib/ocean
153676	2026-08-13	../../../../../../tank/site2rag/websites_md/bahai-library.com/lawson_coran_imaginaire_apocalyptique.md	Le Coran et l'imaginaire apocalyptique	14	28				1	title->lib/ocean
154760	2026-08-13	../../../../../../tank/site2rag/websites_md/bahai-library.com/levick_maturation_learning.md	Maturation and Learning in the Baha'i Community	12	12				1	title->lib/ocean
154939	2026-08-13	../../../../../../tank/site2rag/websites_md/bahai-library.com/liedtke_abdul-baha_tablet_universe.md	Abdu'l-Baha's Tablet of the Universe	11	11				1	title->lib/ocean
154972	2026-08-13	../../../../../../tank/site2rag/websites_md/bahai-library.com/liedtke_greenland_promise.md	The Greenland Promise	11	11				1	title->lib/ocean
154985	2026-08-13	../../../../../../tank/site2rag/websites_md/bahai-library.com/liedtke_guardians_wartime_travels.md	The Guardian's Wartime Travels	10	10				1	title->lib/ocean
155043	2026-08-13	../../../../../../tank/site2rag/websites_md/bahai-library.com/liedtke_thousand_years_prophecy.md	Thousand Years Must Elapse: Examining a Tablet by 'Abdu'l-Baha	12	12				1	title->lib/ocean
155445	2026-08-13	../../../../../../tank/site2rag/websites_md/bahai-library.com/linard_bibliography_french_ojbs.md	Preliminary Bibliography of works in French making mention of the Babi or Baha'i religions (19452000)	13	13				1	title->lib/ocean
156430	2026-08-13	../../../../../../tank/site2rag/websites_md/bahai-library.com/maani_north-america_iran_service.md	The Interdependence of Baha'i Communities: Services of North American Baha'i Women to Iran	13	13				1	title->lib/ocean
157788	2026-08-13	../../../../../../tank/site2rag/websites_md/bahai-library.com/maceoin_bahai_fundamentalism.md	Baha'i Fundamentalism and the Academic Study of the Babi Movement	13	13				1	title->lib/ocean
157807	2026-08-13	../../../../../../tank/site2rag/websites_md/bahai-library.com/maceoin_crisis_bahai_studies.md	The Crisis in Babi and Baha'i Studies: Part of a Wider Crisis in Academic Freedom?	14	14				1	title->lib/ocean
157837	2026-08-13	../../../../../../tank/site2rag/websites_md/bahai-library.com/maceoin_interpretations_mystery_reversal.md	Some Baha'i and Shaykhi Interpretations of 'the Mystery of Reversal'	13	13				1	title->lib/ocean
158101	2026-08-13	../../../../../../tank/site2rag/websites_md/bahai-library.com/maceoin_problems_scholarship.md	Problems of Scholarship in a Baha'i Context	12	12				1	title->lib/ocean
158391	2026-08-13	../../../../../../tank/site2rag/websites_md/bahai-library.com/macke_helen_frances_grand.md	Helen Frances Grand (1865-1944): Traces of a Bahá'í Life	12	12				1	title->lib/ocean
158519	2026-08-13	../../../../../../tank/site2rag/websites_md/bahai-library.com/mahmood_saba_religious_freedom.md	Religious Freedom in the Jurisprudence of the Egyptian and European Court of Human Rights	12	12				1	title->lib/ocean
158798	2026-08-13	../../../../../../tank/site2rag/websites_md/bahai-library.com/maloney_bahai_mental_health.md	Toward a Baha'i Concept of Mental Health: Implications for Clinical Practice	14	14				1	title->lib/ocean
158919	2026-08-13	../../../../../../tank/site2rag/websites_md/bahai-library.com/maneck_early_zoroastrian_conversions.md	Early Zoroastrian Conversions to the Baha'i Faith in Yazd, Iran	13	13				1	title->lib/ocean
159319	2026-08-13	../../../../../../tank/site2rag/websites_md/bahai-library.com/mansour_railway_development_haifa.md	The Hijaz-Palestine Railway and the Development of Haifa	12	12				1	title->lib/ocean
159735	2026-08-13	../../../../../../tank/site2rag/websites_md/bahai-library.com/marks_banani_divine_plan.md	Forewords and Preface to Tablets of the Divine Plan	11	11				1	title->lib/ocean
159903	2026-08-13	../../../../../../tank/site2rag/websites_md/bahai-library.com/martin_bahai_not_pluralist.md	Why the Baha'i Faith Is Not Pluralist	13	26				1	title->lib/ocean
159961	2026-08-13	../../../../../../tank/site2rag/websites_md/bahai-library.com/martin_mission_bab_retrospective.md	The Mission of the Bab: Retrospective 1844-1994	14	14				1	title->lib/ocean
160052	2026-08-13	../../../../../../tank/site2rag/websites_md/bahai-library.com/martin_persecution_bahais_iran.md	Persecution of the Baha'is of Iran 1844-1984	13	13				1	title->lib/ocean
160222	2026-08-13	../../../../../../tank/site2rag/websites_md/bahai-library.com/masumian_abdul-baha_progressive_iran.md	Abdu'l-Baha's Blueprint for a Progressive and Prosperous Iran	10	10				1	title->lib/ocean
160275	2026-08-13	../../../../../../tank/site2rag/websites_md/bahai-library.com/masumian_bahai_studies_iran.md	Baha'i Studies in Iran: A Preliminary Survey	13	13				1	title->lib/ocean
160407	2026-08-13	../../../../../../tank/site2rag/websites_md/bahai-library.com/masumian_refutation_des_mythes.md	La refutation des mythes: Les theories du complot en Iran sur l'origine et les objectifs de la religion baha'ie	14	14				1	title->lib/ocean
160623	2026-08-13	../../../../../../tank/site2rag/websites_md/bahai-library.com/maxwell_greatest-name_abdul-baha_fazl.md	Elucidation of the Meaning of the Greatest Name by 'Abdu'l-Baha and Mirza Abu'l Fadl	11	11				1	title->lib/ocean
160717	2026-08-13	../../../../../../tank/site2rag/websites_md/bahai-library.com/maxwell_notes_guardian_guardianship.md	Notes on Turning to the Guardian	10	10				1	title->lib/ocean
162378	2026-08-13	../../../../../../tank/site2rag/websites_md/bahai-library.com/mccants_milani_nuqtat_al-kaf.md	The History and Provenance of an Early Manuscript of the Nuqtat al-kaf dated 1268 (1851-52)	13	13				1	title->lib/ocean
162465	2026-08-13	../../../../../../tank/site2rag/websites_md/bahai-library.com/mccloughan_asking_questions.md	Asking Questions: The Independent Investigation of  Truth	14	14				1	title->lib/ocean
164163	2026-08-13	../../../../../../tank/site2rag/websites_md/bahai-library.com/mehti_ashgabat_collection.md	Ashgabat Collection	10	10				1	title->lib/ocean
164201	2026-08-13	../../../../../../tank/site2rag/websites_md/bahai-library.com/melikova_bahaism_azerbaijan.md	Bahaism in Azerbaijan	12	12				1	title->lib/ocean
164216	2026-08-13	../../../../../../tank/site2rag/websites_md/bahai-library.com/melikova_bahaism_ecumenism.md	Bahaism and Ecumenism in the Context of Recent Sociocultural Trends	13	13				1	title->lib/ocean
164556	2026-08-13	../../../../../../tank/site2rag/websites_md/bahai-library.com/memoriam_heshmat_shariary.md	In Memoriam: Heshmat Shariary (1934-2018)	13	13				1	title->lib/ocean
164764	2026-08-13	../../../../../../tank/site2rag/websites_md/bahai-library.com/merchant_compassion_karuna_bahai.md	Compassion or Karuna as Understood in the Baha'i Religion	13	13				1	title->lib/ocean
165186	2026-08-13	../../../../../../tank/site2rag/websites_md/bahai-library.com/michot_tablets_bahaullah_2.md	Tablets of Baha'u'llah vol. 2: Compilation and Provisional Translations	12	12				1	title->lib/ocean
165217	2026-08-13	../../../../../../tank/site2rag/websites_md/bahai-library.com/michot_tablets_bahaullah_3.md	Tablets of Baha'u'llah vol. 3: Compilation and Provisional Translations	12	24				1	title->lib/ocean
165234	2026-08-13	../../../../../../tank/site2rag/websites_md/bahai-library.com/michot_uhj_2023-11-28_study.md	The Universal House of Justice Letter Dated 28 November 2023: A Study Guide	12	12				1	title->lib/ocean
165422	2026-08-13	../../../../../../tank/site2rag/websites_md/bahai-library.com/miller_high_performance_organization.md	The High-Performance Organization: An Assessment of Virtues and Values	12	12				1	title->lib/ocean
165783	2026-08-13	../../../../../../tank/site2rag/websites_md/bahai-library.com/moane_bahai_view_evolution.md	Evolution and Baha'i Belief, by Keven Brown and Eberhard von Kitzing: Review and Commentary	14	14				1	title->bl
165858	2026-08-13	../../../../../../tank/site2rag/websites_md/bahai-library.com/moani_teaching_australia_1963-1975.md	Teaching the Faith in Australia 1963-1975: Personal Recollections	14	14				1	title->lib/ocean
166310	2026-08-13	../../../../../../tank/site2rag/websites_md/bahai-library.com/momen_babi_bahai_religions.md	Babi and Baha'i Religions 1844-1944: Some Contemporary Western Accounts	11	33				1	title->lib/ocean
166358	2026-08-13	../../../../../../tank/site2rag/websites_md/bahai-library.com/momen_bahai_sacred_texts.md	Baha'i Sacred Texts	11	11				1	title->lib/ocean
166647	2026-08-13	../../../../../../tank/site2rag/websites_md/bahai-library.com/momen_commentary_esw_2013.md	Commentary on a Passage in the Epistle to the Son of the Wolf	13	13				1	title->lib/ocean
167961	2026-08-13	../../../../../../tank/site2rag/websites_md/bahai-library.com/momen_lawson_holy_people.md	The Bab; Husayn Bushru'i; Ruh al-Quddus; Tahirih	12	12				1	title->lib/ocean
168154	2026-08-13	../../../../../../tank/site2rag/websites_md/bahai-library.com/momen_messianic_concealment.md	Messianic Concealment and Theophanic Disclosure	13	13				1	title->lib/ocean
168529	2026-08-13	../../../../../../tank/site2rag/websites_md/bahai-library.com/monjazeb_sealed_words.md	The Sealed Words: A Brief Account of the Revelation of Baha'u'llah's Kitab-i-Iqan	12	12				1	title->lib/ocean
168870	2026-08-13	../../../../../../tank/site2rag/websites_md/bahai-library.com/nakhjavani_constitutional_coherence_iran.md	Constitutional Coherence and the Legal Status of the Baha'i Community of Iran	13	13				1	title->lib/ocean
168886	2026-08-13	../../../../../../tank/site2rag/websites_md/bahai-library.com/nakhjavani_interpretation_elucidation.md	Interpretation and Elucidation	12	12				1	title->lib/ocean
168924	2026-08-13	../../../../../../tank/site2rag/websites_md/bahai-library.com/nakhjavani_supreme_tribunal.md	Supreme Tribunal (Mahkamiy-i-Kubra)	13	13				1	title->lib/ocean
168957	2026-08-13	../../../../../../tank/site2rag/websites_md/bahai-library.com/nakhjavani_thoughts_ministry_uhj.md	Some Thoughts on the Ministry of the Universal House of Justice	13	13				1	title->lib/ocean
168978	2026-08-13	../../../../../../tank/site2rag/websites_md/bahai-library.com/nash_bahai_orientalism.md	What is Baha'i Orientalism?	13	13				1	title->lib/ocean
168991	2026-08-13	../../../../../../tank/site2rag/websites_md/bahai-library.com/nash_palestinian_bahai_poetry.md	Oppression and Universalism in Selected Palestinian and Baha'i Poetry: A Contrastive Analysis	11	11				1	title->lib/ocean
174694	2026-08-13	../../../../../../tank/site2rag/websites_md/bahai-library.com/nadimi_view_biological_evolution.md	Baha'i View on Biological Evolution: Exploring Baha'i Perspectives on the Intersection of Theology and Science	12	12				1	title->lib/ocean
186880	2026-08-13	../../../../../../tank/site2rag/websites_md/bahai-library.com/nicolas_behahis_bab.md	Les Behahis et le Bâb	13	13				1	title->lib/ocean
186921	2026-08-13	../../../../../../tank/site2rag/websites_md/bahai-library.com/nicolas_seyyed_ali_mohammed.md	Seyyed Ali Mohammed, dit le Bâb	11	11				1	title->lib/ocean
187150	2026-08-13	../../../../../../tank/site2rag/websites_md/bahai-library.com/noss_mans_religions_1956.md	Man's Religions	11	11				1	title->lib/ocean
187151	2026-08-13	../../../../../../tank/site2rag/websites_md/bahai-library.com/noss_mans_religions_1974.md	Man's Religions: Fifth Edition	12	12				1	title->lib/ocean
187828	2026-08-13	../../../../../../tank/site2rag/websites_md/bahai-library.com/nypl_works_persia_1915.md	List of Works in the New York Public Library Relating to Persia: Babism and Behaism	13	13				1	title->lib/ocean
187848	2026-08-13	../../../../../../tank/site2rag/websites_md/bahai-library.com/nyrop_iran_country_study.md	Iran: A Country Study	12	12				1	title->lib/ocean
188221	2026-08-13	../../../../../../tank/site2rag/websites_md/bahai-library.com/osborn_bahai_islamic_sects.md	The Baha'i Faith	12	12				1	title->lib/ocean
188235	2026-08-13	../../../../../../tank/site2rag/websites_md/bahai-library.com/osborn_buckton_glastonbury_pilgrimage.md	Alice Buckton's Glastonbury Pilgrimage	10	10				1	title->lib/ocean
188660	2026-08-13	../../../../../../tank/site2rag/websites_md/bahai-library.com/pakravan_social_economic_development.md	Baha'i Social and Economic Development: Participating in the Unfoldment of World Civilisation	13	13				1	title->lib/ocean
188839	2026-08-13	../../../../../../tank/site2rag/websites_md/bahai-library.com/payman_drug_abuse_prevention.md	Drug Abuse Prevention: The Spiritual Dimension	13	13				1	title->lib/ocean
207127	2026-08-13	../../../../../../tank/site2rag/websites_md/bahai-library.com/peeke_behaism_schaff-herzog_encyclopedia.md	Behaism	12	12				1	title->lib/ocean
207994	2026-08-13	../../../../../../tank/site2rag/websites_md/bahai-library.com/pfleiderer_christ_primitive.md	The Christ of Primitive Christian Faith in the Light of Religio-Historical Criticism	12	12				1	title->lib/ocean
211584	2026-08-13	../../../../../../tank/site2rag/websites_md/bahai-library.com/pinchon_coming_glory.md	The Coming of The Glory	10	10				1	title->lib/ocean
211618	2026-08-13	../../../../../../tank/site2rag/websites_md/bahai-library.com/pink_bahais_egypt.md	Deriding Revealed Religions?: Baha'is in Egypt	14	14				1	title->lib/ocean
211653	2026-08-13	../../../../../../tank/site2rag/websites_md/bahai-library.com/pink_religion_apostasy_egypt.md	A Post-Quranic Religion Between Apostasy and Public Order: Egyptian Muftis and Courts on the Legal Status of the Baha'i Faith	14	14				1	title->lib/ocean
212342	2026-08-13	../../../../../../tank/site2rag/websites_md/bahai-library.com/potter_faiths_live_by.md	The Faiths Men Live By	11	11				1	title->lib/ocean
214546	2026-08-13	../../../../../../tank/site2rag/websites_md/bahai-library.com/rabbani_conversion_great-uncle_bab.md	The Conversion of the Great-Uncle of the Bab	12	12				1	title->lib/ocean
215245	2026-08-13	../../../../../../tank/site2rag/websites_md/bahai-library.com/rafati_hikmat_agents_patients.md	Lawh-i-Hikmat: The Two Agents and the Two Patients	15	15				1	title->lib/ocean
218140	2026-08-13	../../../../../../tank/site2rag/websites_md/bahai-library.com/rezai_inseparability_complementarity.md	The Inseparability and Complementarity of the Book and the Universal House of Justice	10	10				1	title->lib/ocean
218485	2026-08-13	../../../../../../tank/site2rag/websites_md/bahai-library.com/richter_allgemeine_evangelische_missionsgeschichte.md	Allgemeine Evangelische Missionsgeschichte: Mission und Evangelisation im Orient, vol. 2	12	12				1	title->lib/ocean
282663	2026-08-13	../../../../../../tank/site2rag/websites_md/bahai-library.com/roesch_psychology_peace.md	Psychology and Peace	13	13				1	title->lib/ocean
282667	2026-08-13	../../../../../../tank/site2rag/websites_md/bahai-library.com/rogers_function_revelation_art.md	The Function of Revelation in Artistic Expression	13	13				1	title->lib/ocean
282669	2026-08-13	../../../../../../tank/site2rag/websites_md/bahai-library.com/rohani_early_childhood_education.md	Early Childhood Education	12	12				1	title->lib/ocean
282679	2026-08-13	../../../../../../tank/site2rag/websites_md/bahai-library.com/root_tahirih_pure_1938.md	Tahirih, The Pure, Iran's Greatest Woman	12	12				1	title->lib/ocean
282829	2026-08-13	../../../../../../tank/site2rag/websites_md/bahai-library.com/sabeti_iran_denial_education.md	Iran's Systemic Denial of Access to Higher Education	13	13				1	title->lib/ocean
282833	2026-08-13	../../../../../../tank/site2rag/websites_md/bahai-library.com/sabri_response_commentaries.md	Author's Response to Commentaries on The Purpose of Poetry	13	13				1	title->lib/ocean
282881	2026-08-13	../../../../../../tank/site2rag/websites_md/bahai-library.com/saiedi_ghaemmaghami_ethiopian_king.md	The Ethiopian King	13	13				1	title->lib/ocean
282903	2026-08-13	../../../../../../tank/site2rag/websites_md/bahai-library.com/sanaei_creativity_spirituality.md	Creativity and Spirituality: Are They Related?	14	14				1	title->lib/ocean
282928	2026-08-13	../../../../../../tank/site2rag/websites_md/bahai-library.com/savi_contest_exclusivism_pluralism.md	The Continuing Contest between Exclusivism and Pluralism: Thoughts on the 2002 Day of Prayer for Peace	13	13				1	title->lib/ocean
282954	2026-08-13	../../../../../../tank/site2rag/websites_md/bahai-library.com/savi_religious_pluralism.md	Religious Pluralism: A Baha'i Perspective	13	13				1	title->lib/ocean
282966	2026-08-13	../../../../../../tank/site2rag/websites_md/bahai-library.com/schaefer_bahai_ethics.md	Some Aspects of Baha'i Ethics	13	13				1	title->lib/ocean
282974	2026-08-13	../../../../../../tank/site2rag/websites_md/bahai-library.com/schaefer_chapitre_histoire_religieuse.md	Les Baha'is: Un chapitre de l'histoire religieuse recente	13	13				1	title->lib/ocean
282976	2026-08-13	../../../../../../tank/site2rag/websites_md/bahai-library.com/schaefer_conception_homme_bahaullah.md	La conception de l'homme de Baha'u'llah	11	11				1	title->lib/ocean
282980	2026-08-13	../../../../../../tank/site2rag/websites_md/bahai-library.com/schaefer_excerpt_crooked_straight.md	Making the Crooked Straight	13	13				1	title->lib/ocean
282998	2026-08-13	../../../../../../tank/site2rag/websites_md/bahai-library.com/schewel_migration_global_perspective.md	Rethinking Migration from a Global Perspective	11	11				1	title->lib/ocean
283076	2026-08-13	../../../../../../tank/site2rag/websites_md/bahai-library.com/sergeev_theses_modernity_bahai.md	Theses on Modernity and the Bahá'í Faith	13	13				1	title->lib/ocean
283167	2026-08-13	../../../../../../tank/site2rag/websites_md/bahai-library.com/shams_economic_suggestions_everyday.md	Practical Economic Suggestions For Everyday Use	11	11				1	title->lib/ocean
283173	2026-08-13	../../../../../../tank/site2rag/websites_md/bahai-library.com/shams_guidelines_economic_living.md	Guidelines for Economic Living: Messages from the Universal House of Justice Related to Economics	12	12				1	title->lib/ocean
283178	2026-08-13	../../../../../../tank/site2rag/websites_md/bahai-library.com/shams_pensamientos_varios_economista.md	Pensamientos varios de un economista mistico	10	10				1	title->lib/ocean
283179	2026-08-13	../../../../../../tank/site2rag/websites_md/bahai-library.com/shams_random_thoughts_economist.md	Random Thoughts of a Mystic Economist	10	10				1	title->lib/ocean
283183	2026-08-13	../../../../../../tank/site2rag/websites_md/bahai-library.com/shams_suggestions_community_service.md	Practical Suggestions for Community Service	11	11				1	title->lib/ocean
283186	2026-08-13	../../../../../../tank/site2rag/websites_md/bahai-library.com/shams_times_colonist.md	Baha'i Essays in the Times Colonist	12	12				1	title->lib/ocean
283205	2026-08-13	../../../../../../tank/site2rag/websites_md/bahai-library.com/sharon_valleys_real_symbolic.md	Valleys: Real, Symbolic and Holy Sites	12	12				1	title->lib/ocean
283212	2026-08-13	../../../../../../tank/site2rag/websites_md/bahai-library.com/shedd_babism_doctrines.md	Babism: Its Doctrines and Relations to Mission Work	14	14				1	title->lib/ocean
283226	2026-08-13	../../../../../../tank/site2rag/websites_md/bahai-library.com/shoghi-effendi_absence_clergy.md	Extracts from Letters Written by or on Behalf of Shoghi Effendi Regarding the Absence of Clergy in the Baha'i Faith	10	10				1	title->lib/ocean
283227	2026-08-13	../../../../../../tank/site2rag/websites_md/bahai-library.com/shoghi-effendi_advenimiento_justicia_divina.md	Advenimiento de la Justicia Divina, El	12	12				1	title->lib/ocean
283251	2026-08-13	../../../../../../tank/site2rag/websites_md/bahai-library.com/shoghi-effendi_dispensacion_de_bahaullah.md	Dispensacion de Baha'u'llah	10	40				1	title->lib/ocean
283276	2026-08-13	../../../../../../tank/site2rag/websites_md/bahai-library.com/shoghi-effendi_llamado_naciones.md	Llamado a las Naciones	13	13				1	title->lib/ocean
283293	2026-08-13	../../../../../../tank/site2rag/websites_md/bahai-library.com/shoghi-effendi_statistics_1844-1952.md	The Baha'i Faith 1844-1952: Information Statistical and Comparative	11	11				1	title->lib/ocean
283681	2026-08-13	../../../../../../tank/site2rag/websites_md/bahai-library.com/smith_administrative_order_1914-1950.md	Development and Influence of the Baha'i Administrative Order in Great Britain, 1914-1950	13	13				1	title->lib/ocean
283686	2026-08-13	../../../../../../tank/site2rag/websites_md/bahai-library.com/smith_babi_bahai_numbers.md	A Note on Babi and Baha'i Numbers in Iran	13	65				1	title->lib/ocean
283703	2026-08-13	../../../../../../tank/site2rag/websites_md/bahai-library.com/smith_buck_alain_locke.md	Alain Locke: Faith and Philosophy, by Christopher Buck: Review	12	12				1	title->lib/ocean
283854	2026-08-13	../../../../../../tank/site2rag/websites_md/bahai-library.com/spiegelberg_living_religions_world.md	Living Religions of the World	11	11				1	title->lib/ocean
283950	2026-08-13	../../../../../../tank/site2rag/websites_md/bahai-library.com/stausberg_challenging_apostasy.md	Challenging Apostasy: Responses to Moojan Momen's 'Marginality and Apostasy in the Baha'i Community'	13	13				1	title->lib/ocean
284071	2026-08-13	../../../../../../tank/site2rag/websites_md/bahai-library.com/strong_new_world_religion.md	The New World-Religion	11	11				1	title->lib/ocean
284072	2026-08-13	../../../../../../tank/site2rag/websites_md/bahai-library.com/strothmann_der_islam_sekten.md	Der Islam (Sekten)	11	11				1	title->lib/ocean
323038	2026-08-13	../../../../../../tank/site2rag/websites_md/bahai-library.com/takano_memories_talks_guardian.md	Memories of Talks with the Guardian	11	22				1	title->lib/ocean
323303	2026-08-13	../../../../../../tank/site2rag/websites_md/bahai-library.com/terry_philosophy_material_spiritual.md	Philosophy: Material and Spiritual	11	11				1	title->lib/ocean
323353	2026-08-13	../../../../../../tank/site2rag/websites_md/bahai-library.com/terry_service_cause_god.md	Service to the Cause of God versus Professional Clergy	11	11				1	title->lib/ocean
325116	2026-08-13	../../../../../../tank/site2rag/websites_md/bahai-library.com/uhj_daniels_prophecies.md	Daniel's Prophecies	13	13				1	title->lib/ocean
325164	2026-08-13	../../../../../../tank/site2rag/websites_md/bahai-library.com/uhj_designation_mirza_yahya.md	Mirza Yahya Azal, Designation of in the Writings of the Bab	13	13				1	title->lib/ocean
325167	2026-08-13	../../../../../../tank/site2rag/websites_md/bahai-library.com/uhj_development_scholarly_activities.md	Scholarly Activities, Development of	13	39				1	title->lib/ocean
325207	2026-08-13	../../../../../../tank/site2rag/websites_md/bahai-library.com/uhj_double_crusade_america.md	Double Crusade	10	50				1	title->lib/ocean
325351	2026-08-13	../../../../../../tank/site2rag/websites_md/bahai-library.com/uhj_guardianship_uhj.md	Guardianship and the Universal House of Justice	13	13				1	title->lib/ocean
325354	2026-08-13	../../../../../../tank/site2rag/websites_md/bahai-library.com/uhj_guardianship_uhj_2008.md	Guardianship and the Universal House of Justice	13	13				1	title->lib/ocean
325532	2026-08-13	../../../../../../tank/site2rag/websites_md/bahai-library.com/uhj_infallibility_uhj.md	Infallibility of the Universal House of Justice	13	13				1	title->lib/ocean
325734	2026-08-13	../../../../../../tank/site2rag/websites_md/bahai-library.com/uhj_letter_shoghi-effendi_1929.md	Notes on Letter from Shoghi Effendi re Parental Consent for Marriage	10	20				1	title->lib/ocean
327629	2026-08-13	../../../../../../tank/site2rag/websites_md/bahai-library.com/us-nsa_bahai_centenary_1844-1944.md	The Baha'i Centenary, 1844-1944	10	10				1	title->lib/ocean
328096	2026-08-13	../../../../../../tank/site2rag/websites_md/bahai-library.com/velasco_art_sacred_reading.md	The Art of Sacred Reading: In Search of a Bahá'í Approach	11	11				1	title->lib/ocean
328168	2026-08-13	../../../../../../tank/site2rag/websites_md/bahai-library.com/velasco_memoriam_hugh_mckinley.md	In Memoriam: Hugh McKinley	14	14				1	title->lib/ocean
328237	2026-08-13	../../../../../../tank/site2rag/websites_md/bahai-library.com/velasco_scholarship_faith_perspective.md	Doing Scholarship from a Faith Perspective: Reading the Sacred as Sacred Encounter	11	11				1	title->lib/ocean
328321	2026-08-13	../../../../../../tank/site2rag/websites_md/bahai-library.com/video_story_anis_zunuzi.md	The Story of Anis Zunuzi	11	11				1	title->lib/ocean
328428	2026-08-13	../../../../../../tank/site2rag/websites_md/bahai-library.com/waia_native_title_determination.md	A Lonely Road to Native Title Determination	13	13				1	title->lib/ocean
329327	2026-08-13	../../../../../../tank/site2rag/websites_md/bahai-library.com/watson_pilgrimage_land_desire.md	My Pilgrimage to the Land of Desire	11	11				1	title->lib/ocean
329353	2026-08-13	../../../../../../tank/site2rag/websites_md/bahai-library.com/webb_intent_surih_sabr.md	Declaration or Deflection?: An Exploration of the Intent of the Surih-i-Sabr, or Lawh-i-Ayyub	12	12				1	title->lib/ocean
329489	2026-08-13	../../../../../../tank/site2rag/websites_md/bahai-library.com/wellspring_divine_virtues_spiritual.md	Divine Virtues and Spiritual Qualities: A Compilation from Sacred Texts	12	12				1	title->lib/ocean
329615	2026-08-13	../../../../../../tank/site2rag/websites_md/bahai-library.com/white_season_glimpses_abdul-baha.md	Glimpses of Abdu'l-Baha: Adapted from the Diary of Juliet Thompson	13	26				1	title->lib/ocean
330160	2026-08-13	../../../../../../tank/site2rag/websites_md/bahai-library.com/wilson_bahaism_antichristian.md	Baha'ism: An Anti-Christian System	13	13				1	title->lib/ocean
330362	2026-08-13	../../../../../../tank/site2rag/websites_md/bahai-library.com/wilson_qualities_spiritually_learned.md	Qualities and Attributes of the Spiritually Learned: Excerpts from The Secret of Divine Civilization	11	11				1	title->lib/ocean
330728	2026-08-13	../../../../../../tank/site2rag/websites_md/bahai-library.com/wood_genealogy_founders_faiths.md	Genealogical Background of the Founders of the Babi and the Baha'i Faiths	12	12				1	title->lib/ocean
355269	2026-08-13	../../../../../../tank/site2rag/websites_md/bahai-library.com/yadollahpour_world_bahai_institute.md	World Baha'i Institute in New York	10	10				1	title->lib/ocean
627736	2026-08-13	../../../../../../tank/site2rag/websites_md/bahai-library.com/3390.md	Augur, George Jacob	11	11				1	title->lib/ocean
627738	2026-08-13	../../../../../../tank/site2rag/websites_md/bahai-library.com/3392.md	Ali Bastami, Mulla	11	11				1	title->lib/ocean
629226	2026-08-13	../../../../../../tank/site2rag/websites_md/bahai-library.com/4889.md	Baha'is	12	12				1	title->lib/ocean
629227	2026-08-13	../../../../../../tank/site2rag/websites_md/bahai-library.com/5007.md	Baha'i: History, Beliefs, Practices, Theological Exchanges, and Current Issues	13	13				1	title->lib/ocean
635330	2026-08-13	../../../../../../tank/site2rag/websites_md/bahai-library.com/3385.md	Dodge, Arthur Pillsbury	11	11				1	title->lib/ocean
642878	2026-08-13	../../../../../../tank/site2rag/websites_md/bahai-library.com/3384.md	Dunn, Clara and John Henry Hyde	11	11				1	title->lib/ocean
715524	2026-08-13	../../../../../../tank/site2rag/websites_md/bahai-library.com/5238.md	On the Degree of Infallibility of the Universal House of Justice	11	11				1	title->lib/ocean
715579	2026-08-13	../../../../../../tank/site2rag/websites_md/bahai-library.com/5707.md	The Story of Anis Zunuzi	11	11				1	title->lib/ocean
715598	2026-08-13	../../../../../../tank/site2rag/websites_md/bahai-library.com/5776.md	Baha'i Essays in the Times Colonist	12	12				1	title->lib/ocean
806554	2026-08-13	../../../../../../tank/site2rag/websites_md/bahai-library.com/5719.md	Wittgensteinian Language-Games in an Indo-Persian Dialogue on the World Religions	12	12				1	title->lib/ocean
806587	2026-08-13	../../../../../../tank/site2rag/websites_md/bahai-library.com/6254.md	Two Comings of Messiah as Foretold in the Hebrew Scriptures	10	10				1	title->lib/ocean
806590	2026-08-13	../../../../../../tank/site2rag/websites_md/bahai-library.com/6266.md	The Epistolary Style of Shoghi Effendi	12	12				1	title->lib/ocean
806595	2026-08-13	../../../../../../tank/site2rag/websites_md/bahai-library.com/6357.md	Black and Beautiful: Skin Color in the Biblical Song of Songs	11	11				1	title->lib/ocean
806603	2026-08-13	../../../../../../tank/site2rag/websites_md/bahai-library.com/6440.md	Genero y catolicismo: Concepciones y realidades de practicantes del catolicismo referente a la pluralidad del genero	13	13				1	title->lib/ocean
808990	2026-08-13	../../../../../../tank/site2rag/websites_md/bahai-library.com/cole_wittgensteinian_language_religions&tagsall=yes.md	Wittgensteinian Language-Games in an Indo-Persian Dialogue on the World Religions	12	12				1	title->lib/ocean
809586	2026-08-13	../../../../../../tank/site2rag/websites_md/bahai-library.com/lawson_quranic_kerygma&tagsall=yes.md	Qur'anic Kerygma: Epic, Apocalypse, and Typological Figuration	13	26				1	title->lib/ocean
810517	2026-08-13	../../../../../../tank/site2rag/websites_md/bahai-library.com/1869.md	The Second Coming: A Biblical Approach to Understanding the Evidence that Christ has Returned	11	11				1	title->lib/ocean
810536	2026-08-13	../../../../../../tank/site2rag/websites_md/bahai-library.com/5758.md	An Entrancing Biblical Journey to meet the Promised Christ Returned: Baha'u'llah - The 'Glory of God'	11	11				1	title->lib/ocean
810627	2026-08-13	../../../../../../tank/site2rag/websites_md/bahai-library.com/5226.md	Bahaism and Ecumenism in the Context of Recent Sociocultural Trends	12	12				1	title->lib/ocean
810628	2026-08-13	../../../../../../tank/site2rag/websites_md/bahai-library.com/5297.md	Internationalism and Divine Law: A Baha'i Perspective	13	13				1	title->lib/ocean
810676	2026-08-13	../../../../../../tank/site2rag/websites_md/bahai-library.com/4478.md	The Continuing Contest between Exclusivism and Pluralism: Thoughts on the 2002 Day of Prayer for Peace	13	13				1	title->lib/ocean
810783	2026-08-13	../../../../../../tank/site2rag/websites_md/bahai-library.com/923.md	Baha'i Studies Bulletin: Index by volume	12	12				1	title->lib/ocean
810786	2026-08-13	../../../../../../tank/site2rag/websites_md/bahai-library.com/bahai_studies_bulletin_index&tagsall=yes.md	Baha'i Studies Bulletin: Index by volume	12	12				1	title->lib/ocean
810944	2026-08-13	../../../../../../tank/site2rag/websites_md/bahai-library.com/sours_maid_heaven_sophia&tagsall=yes.md	The Maid of Heaven, the Image of Sophia, and the Logos: Personification of the Spirit of God in Scripture and Sacred Literature	13	13				1	title->lib/ocean
810954	2026-08-13	../../../../../../tank/site2rag/websites_md/bahai-library.com/3735.md	Religious Behavior and Neuroticism, Spontaneity, and Worldmindedness	12	12				1	title->lib/ocean
810960	2026-08-13	../../../../../../tank/site2rag/websites_md/bahai-library.com/49.md	Baha'i World Faith: Redefinition of Religion	13	13				1	title->lib/ocean
810966	2026-08-13	../../../../../../tank/site2rag/websites_md/bahai-library.com/6314.md	Buddhism and the Baha'i Faith	12	12				1	title->lib/ocean
811060	2026-08-13	../../../../../../tank/site2rag/websites_md/bahai-library.com/4452.md	Baha'ism: An Anti-Christian System	13	13				1	title->lib/ocean
824454	2026-08-13	../../../../../../tank/site2rag/websites_md/bahai-library.com/5243.md	Baha'i Contributions to Interfaith Relations	12	12				1	title->lib/ocean
824487	2026-08-13	../../../../../../tank/site2rag/websites_md/bahai-library.com/5542.md	Baha'i Reflections on the Seal of the Prophets	10	10				1	title->lib/ocean
824530	2026-08-13	../../../../../../tank/site2rag/websites_md/bahai-library.com/5755.md	Valleys: Real, Symbolic and Holy Sites	11	11				1	title->lib/ocean
827072	2026-08-13	../../../../../../tank/site2rag/websites_md/bahai-library.com/3574.md	Andalusi Theosophy: A Recontextualization	13	13				1	title->lib/ocean
827075	2026-08-13	../../../../../../tank/site2rag/websites_md/bahai-library.com/3594.md	Why the Baha'i Faith Is Not Pluralist	12	12				1	title->lib/ocean
827159	2026-08-13	../../../../../../tank/site2rag/websites_md/bahai-library.com/2791.md	Religious Myths of America (Syllabus)	12	12				1	title->lib/ocean
827174	2026-08-13	../../../../../../tank/site2rag/websites_md/bahai-library.com/4403.md	Compassion or Karuna as Understood in the Baha'i Religion	12	12				1	title->lib/ocean
827220	2026-08-13	../../../../../../tank/site2rag/websites_md/bahai-library.com/4479.md	Religious Pluralism: A Baha'i Perspective	13	13				1	title->lib/ocean
838955	2026-08-13	../../../../../../tank/site2rag/websites_md/bahai-library.com/5309.md	I Found You!	11	11				1	title->lib/ocean
839053	2026-08-13	../../../../../../tank/site2rag/websites_md/bahai-library.com/6380.md	The Greenland Promise	10	10				1	title->lib/ocean
853431	2026-08-13	../../../../../../tank/site2rag/websites_md/bahai-library.com/5702.md	Reading Reality in Times of Crisis: 'Abdu'l-Baha and the Great War	12	12				1	title->lib/ocean
853579	2026-08-13	../../../../../../tank/site2rag/websites_md/bahai-library.com/5267.md	Abdu'l-Baha in New York: The City of the Covenant, April-December 1912	11	11				1	title->lib/ocean
862836	2026-08-13	../../../../../../tank/site2rag/websites_md/bahai-library.com/6200.md	Notes of Shoghi Effendi's Words	10	10				1	title->lib/ocean
882062	2026-08-13	../../../../../../tank/site2rag/websites_md/bahai-library.com/3163.md	The Interdependence of Baha'i Communities: Services of North American Baha'i Women to Iran	13	13				1	title->lib/ocean
894235	2026-08-13	../../../../../../tank/site2rag/websites_md/bahai-library.com/4095.md	Martyrdom of Haji Muhammad-Rida: 19 Historical Accounts	13	13				1	title->lib/ocean
33720	2026-08-13	../../../../../../tank/site2rag/websites_md/bahai-library.com/bidwell_native_american_vision.md	Native American Vision and the Teachings of 'Abdu'l-Baha	10	10				1	title->lib/ocean
34438	2026-08-13	../../../../../../tank/site2rag/websites_md/bahai-library.com/buck_abdul-baha_howard_louhelen.md	Public Discourse on Race: Abdu'l-Baha's 1912 Howard University Speech	11	11				1	title->lib/ocean
34518	2026-08-13	../../../../../../tank/site2rag/websites_md/bahai-library.com/buck_locke_enlighten_world.md	Abdu'l-Baha's Prophecy	10	10				1	title->lib/ocean
39264	2026-08-13	../../../../../../tank/site2rag/websites_md/bahai-library.com/cobb_what_is_god.md	What Is God?	11	11				1	title->lib/ocean
41086	2026-08-13	../../../../../../tank/site2rag/websites_md/bahai-library.com/herrman_family_plowing_poems.md	Family Plowing and other Prairie Poems	10	10				1	title->lib/ocean
60739	2026-08-13	../../../../../../tank/site2rag/websites_md/bahai-library.com/4475.md	Remoteness: Selected Poems	11	11				1	title->lib/ocean
160332	2026-08-13	../../../../../../tank/site2rag/websites_md/bahai-library.com/masumian_languages_bahai_writings.md	The Languages of Revelation of the Bahá'í Writings	11	11				1	title->lib/ocean
214623	2026-08-13	../../../../../../tank/site2rag/websites_md/bahai-library.com/rabbani_dispensation_bahaullah.md	Dispensation of Baha'u'llah	10	10				1	title->lib/ocean
283176	2026-08-13	../../../../../../tank/site2rag/websites_md/bahai-library.com/shams_mystic_ramblings.md	Mystic Ramblings and Daydreamings	10	10				1	title->lib/ocean
282955	2026-08-13	../../../../../../tank/site2rag/websites_md/bahai-library.com/savi_remoteness_poems.md	Remoteness: Selected Poems	11	11				1	title->lib/ocean
168225	2026-08-13	../../../../../../tank/site2rag/websites_md/bahai-library.com/newspaper_clippings_archive-chicago_defender_1910-1975-1971-05-22,%20Bahai%20Bahai_In_Dual_127Th_Anniversar.md	1971-05-22,%20Bahai%20Bahai_In_Dual_127Th_Anniversar	1	0				1	title->lib/ocean
168230	2026-08-13	../../../../../../tank/site2rag/websites_md/bahai-library.com/newspaper_clippings_archive-chicago_defender_1910-1975-1971-06-19,%20Bahai%20Kellum_Hits_Racial_Bias_In_Bah.md	1971-06-19,%20Bahai%20Kellum_Hits_Racial_Bias_In_Bah	1	0				1	title->lib/ocean
168280	2026-08-13	../../../../../../tank/site2rag/websites_md/bahai-library.com/newspaper_clippings_archive-chicago_defender_1910-1975-1973-06-7,%20Baha%20Hoosiers_To_Hear_Kellumon_Sund.md	1973-06-7,%20Baha%20Hoosiers_To_Hear_Kellumon_Sund	1	0				1	title->lib/ocean
168282	2026-08-13	../../../../../../tank/site2rag/websites_md/bahai-library.com/newspaper_clippings_archive-chicago_defender_1910-1975-1973-07-14,%20Bahai%20Catholic_Capsules.md	1973-07-14,%20Bahai%20Catholic_Capsules	1	0				1	title->lib/ocean
168300	2026-08-13	../../../../../../tank/site2rag/websites_md/bahai-library.com/newspaper_clippings_archive-chicago_defender_1910-1975-1974-08-31,%20Bahai%20World-Wide_Bahais_Meet_In_St._.md	1974-08-31,%20Bahai%20World-Wide_Bahais_Meet_In_St._	1	0				1	title->lib/ocean
168321	2026-08-13	../../../../../../tank/site2rag/websites_md/bahai-library.com/newspaper_clippings_archive-chicago_defender_1910-1975-1975-05-03,%20Baha%20Bahais_66Th_Convention_Opened_.md	1975-05-03,%20Baha%20Bahais_66Th_Convention_Opened_	1	0				1	title->lib/ocean
168325	2026-08-13	../../../../../../tank/site2rag/websites_md/bahai-library.com/newspaper_clippings_archive-chicago_defender_1910-1975-1975-05-03,%20Glenford%20Mitchell%20Bahais_66Th_Convention_Opened_.md	1975-05-03,%20Glenford%20Mitchell%20Bahais_66Th_Convention_Opened_	1	0				1	no title match
169067	2026-08-13	../../../../../../tank/site2rag/websites_md/bahai-library.com/newspaper_archive_oregon-oregon_newspaper_archive_1923-05-05_ed-1_seq-4.md	oregon_newspaper_archive_1923-05-05_ed-1_seq-4	1	0				1	title->lib/ocean
169071	2026-08-13	../../../../../../tank/site2rag/websites_md/bahai-library.com/newspaper_archive_oregon-oregon_newspaper_archive_1923-06-02_ed-1_seq-1.md	oregon_newspaper_archive_1923-06-02_ed-1_seq-1	1	0				1	title->lib/ocean
169075	2026-08-13	../../../../../../tank/site2rag/websites_md/bahai-library.com/newspaper_archive_oregon-oregon_newspaper_archive_1923-08-04_ed-1_seq-4.md	oregon_newspaper_archive_1923-08-04_ed-1_seq-4	1	0				1	title->lib/ocean
169080	2026-08-13	../../../../../../tank/site2rag/websites_md/bahai-library.com/newspaper_archive_oregon-oregon_newspaper_archive_1924-02-09_ed-1_seq-4.md	oregon_newspaper_archive_1924-02-09_ed-1_seq-4	1	0				1	title->lib/ocean
169084	2026-08-13	../../../../../../tank/site2rag/websites_md/bahai-library.com/newspaper_archive_oregon-oregon_newspaper_archive_1924-03-15_ed-1_seq-4.md	oregon_newspaper_archive_1924-03-15_ed-1_seq-4	1	0				1	title->lib/ocean
169090	2026-08-13	../../../../../../tank/site2rag/websites_md/bahai-library.com/newspaper_archive_oregon-oregon_newspaper_archive_1924-03-29_ed-1_seq-1.md	oregon_newspaper_archive_1924-03-29_ed-1_seq-1	1	0				1	title->lib/ocean
169095	2026-08-13	../../../../../../tank/site2rag/websites_md/bahai-library.com/newspaper_archive_oregon-oregon_newspaper_archive_1924-03-29_ed-1_seq-4.md	oregon_newspaper_archive_1924-03-29_ed-1_seq-4	1	0				1	title->lib/ocean
169098	2026-08-13	../../../../../../tank/site2rag/websites_md/bahai-library.com/newspaper_archive_oregon-oregon_newspaper_archive_1924-04-19_ed-1_seq-4.md	oregon_newspaper_archive_1924-04-19_ed-1_seq-4	1	0				1	title->lib/ocean
169103	2026-08-13	../../../../../../tank/site2rag/websites_md/bahai-library.com/newspaper_archive_oregon-oregon_newspaper_archive_1924-04-26_ed-1_seq-4.md	oregon_newspaper_archive_1924-04-26_ed-1_seq-4	1	0				1	title->lib/ocean
169106	2026-08-13	../../../../../../tank/site2rag/websites_md/bahai-library.com/newspaper_archive_oregon-oregon_newspaper_archive_1924-05-10_ed-1_seq-1.md	oregon_newspaper_archive_1924-05-10_ed-1_seq-1	1	0				1	title->lib/ocean
169109	2026-08-13	../../../../../../tank/site2rag/websites_md/bahai-library.com/newspaper_archive_oregon-oregon_newspaper_archive_1924-05-24_ed-1_seq-4.md	oregon_newspaper_archive_1924-05-24_ed-1_seq-4	1	0				1	title->lib/ocean
169118	2026-08-13	../../../../../../tank/site2rag/websites_md/bahai-library.com/newspaper_archive_oregon-oregon_newspaper_archive_1924-08-16_ed-1_seq-1.md	oregon_newspaper_archive_1924-08-16_ed-1_seq-1	1	0				1	title->lib/ocean
169120	2026-08-13	../../../../../../tank/site2rag/websites_md/bahai-library.com/newspaper_archive_oregon-oregon_newspaper_archive_1924-09-13_ed-1_seq-4.md	oregon_newspaper_archive_1924-09-13_ed-1_seq-4	1	0				1	title->lib/ocean
169124	2026-08-13	../../../../../../tank/site2rag/websites_md/bahai-library.com/newspaper_archive_oregon-oregon_newspaper_archive_1924-09-27_ed-1_seq-4.md	oregon_newspaper_archive_1924-09-27_ed-1_seq-4	1	0				1	title->lib/ocean
169128	2026-08-13	../../../../../../tank/site2rag/websites_md/bahai-library.com/newspaper_archive_oregon-oregon_newspaper_archive_1924-12-13_ed-1_seq-1.md	oregon_newspaper_archive_1924-12-13_ed-1_seq-1	1	0				1	title->lib/ocean
169133	2026-08-13	../../../../../../tank/site2rag/websites_md/bahai-library.com/newspaper_archive_oregon-oregon_newspaper_archive_1925-01-03_ed-1_seq-1.md	oregon_newspaper_archive_1925-01-03_ed-1_seq-1	1	0				1	title->lib/ocean
169136	2026-08-13	../../../../../../tank/site2rag/websites_md/bahai-library.com/newspaper_archive_oregon-oregon_newspaper_archive_1925-01-03_ed-1_seq-4.md	oregon_newspaper_archive_1925-01-03_ed-1_seq-4	1	0				1	title->lib/ocean
169141	2026-08-13	../../../../../../tank/site2rag/websites_md/bahai-library.com/newspaper_archive_oregon-oregon_newspaper_archive_1925-01-17_ed-1_seq-1.md	oregon_newspaper_archive_1925-01-17_ed-1_seq-1	1	0				1	title->lib/ocean
169145	2026-08-13	../../../../../../tank/site2rag/websites_md/bahai-library.com/newspaper_archive_oregon-oregon_newspaper_archive_1925-01-17_ed-1_seq-4.md	oregon_newspaper_archive_1925-01-17_ed-1_seq-4	1	0				1	title->lib/ocean
169155	2026-08-13	../../../../../../tank/site2rag/websites_md/bahai-library.com/newspaper_archive_oregon-oregon_newspaper_archive_1925-02-21_ed-1_seq-1.md	oregon_newspaper_archive_1925-02-21_ed-1_seq-1	1	0				1	title->lib/ocean
169160	2026-08-13	../../../../../../tank/site2rag/websites_md/bahai-library.com/newspaper_archive_oregon-oregon_newspaper_archive_1925-04-04_ed-1_seq-4.md	oregon_newspaper_archive_1925-04-04_ed-1_seq-4	1	0				1	title->lib/ocean
169165	2026-08-13	../../../../../../tank/site2rag/websites_md/bahai-library.com/newspaper_archive_oregon-oregon_newspaper_archive_1925-05-02_ed-1_seq-4.md	oregon_newspaper_archive_1925-05-02_ed-1_seq-4	1	0				1	title->lib/ocean
169171	2026-08-13	../../../../../../tank/site2rag/websites_md/bahai-library.com/newspaper_archive_oregon-oregon_newspaper_archive_1925-06-20_ed-1_seq-1.md	oregon_newspaper_archive_1925-06-20_ed-1_seq-1	1	0				1	title->lib/ocean
169173	2026-08-13	../../../../../../tank/site2rag/websites_md/bahai-library.com/newspaper_archive_oregon-oregon_newspaper_archive_1925-06-27_ed-1_seq-1.md	oregon_newspaper_archive_1925-06-27_ed-1_seq-1	1	0				1	title->lib/ocean
169179	2026-08-13	../../../../../../tank/site2rag/websites_md/bahai-library.com/newspaper_archive_oregon-oregon_newspaper_archive_1925-09-26_ed-1_seq-1.md	oregon_newspaper_archive_1925-09-26_ed-1_seq-1	1	0				1	title->lib/ocean
169181	2026-08-13	../../../../../../tank/site2rag/websites_md/bahai-library.com/newspaper_archive_oregon-oregon_newspaper_archive_1925-10-10_ed-1_seq-1.md	oregon_newspaper_archive_1925-10-10_ed-1_seq-1	1	0				1	title->lib/ocean
169185	2026-08-13	../../../../../../tank/site2rag/websites_md/bahai-library.com/newspaper_archive_oregon-oregon_newspaper_archive_1925-10-17_ed-1_seq-1.md	oregon_newspaper_archive_1925-10-17_ed-1_seq-1	1	0				1	title->lib/ocean
169189	2026-08-13	../../../../../../tank/site2rag/websites_md/bahai-library.com/newspaper_archive_oregon-oregon_newspaper_archive_1926-02-13_ed-1_seq-1.md	oregon_newspaper_archive_1926-02-13_ed-1_seq-1	1	0				1	title->lib/ocean
169195	2026-08-13	../../../../../../tank/site2rag/websites_md/bahai-library.com/newspaper_archive_oregon-oregon_newspaper_archive_1926-03-20_ed-1_seq-1.md	oregon_newspaper_archive_1926-03-20_ed-1_seq-1	1	0				1	title->lib/ocean
169199	2026-08-13	../../../../../../tank/site2rag/websites_md/bahai-library.com/newspaper_archive_oregon-oregon_newspaper_archive_1926-03-27_ed-1_seq-4.md	oregon_newspaper_archive_1926-03-27_ed-1_seq-4	1	0				1	title->lib/ocean
169202	2026-08-13	../../../../../../tank/site2rag/websites_md/bahai-library.com/newspaper_archive_oregon-oregon_newspaper_archive_1926-04-03_ed-1_seq-4.md	oregon_newspaper_archive_1926-04-03_ed-1_seq-4	1	0				1	title->lib/ocean
169209	2026-08-13	../../../../../../tank/site2rag/websites_md/bahai-library.com/newspaper_archive_oregon-oregon_newspaper_archive_1926-05-22_ed-1_seq-6.md	oregon_newspaper_archive_1926-05-22_ed-1_seq-6	1	0				1	title->lib/ocean
169212	2026-08-13	../../../../../../tank/site2rag/websites_md/bahai-library.com/newspaper_archive_oregon-oregon_newspaper_archive_1926-05-29_ed-1_seq-1.md	oregon_newspaper_archive_1926-05-29_ed-1_seq-1	1	0				1	title->lib/ocean
169216	2026-08-13	../../../../../../tank/site2rag/websites_md/bahai-library.com/newspaper_archive_oregon-oregon_newspaper_archive_1926-05-29_ed-1_seq-4.md	oregon_newspaper_archive_1926-05-29_ed-1_seq-4	1	0				1	title->lib/ocean
169221	2026-08-13	../../../../../../tank/site2rag/websites_md/bahai-library.com/newspaper_archive_oregon-oregon_newspaper_archive_1926-06-05_ed-1_seq-1.md	oregon_newspaper_archive_1926-06-05_ed-1_seq-1	1	0				1	title->lib/ocean
169225	2026-08-13	../../../../../../tank/site2rag/websites_md/bahai-library.com/newspaper_archive_oregon-oregon_newspaper_archive_1926-06-05_ed-1_seq-2.md	oregon_newspaper_archive_1926-06-05_ed-1_seq-2	1	0				1	title->lib/ocean
169231	2026-08-13	../../../../../../tank/site2rag/websites_md/bahai-library.com/newspaper_archive_oregon-oregon_newspaper_archive_1926-06-05_ed-1_seq-4.md	oregon_newspaper_archive_1926-06-05_ed-1_seq-4	1	0				1	title->lib/ocean
169234	2026-08-13	../../../../../../tank/site2rag/websites_md/bahai-library.com/newspaper_archive_oregon-oregon_newspaper_archive_1926-06-12_ed-1_seq-1.md	oregon_newspaper_archive_1926-06-12_ed-1_seq-1	1	0				1	title->lib/ocean
169242	2026-08-13	../../../../../../tank/site2rag/websites_md/bahai-library.com/newspaper_archive_oregon-oregon_newspaper_archive_1926-07-24_ed-1_seq-4.md	oregon_newspaper_archive_1926-07-24_ed-1_seq-4	1	0				1	title->lib/ocean
169254	2026-08-13	../../../../../../tank/site2rag/websites_md/bahai-library.com/newspaper_archive_oregon-oregon_newspaper_archive_1926-08-21_ed-1_seq-1.md	oregon_newspaper_archive_1926-08-21_ed-1_seq-1	1	0				1	title->lib/ocean
169261	2026-08-13	../../../../../../tank/site2rag/websites_md/bahai-library.com/newspaper_archive_oregon-oregon_newspaper_archive_1926-08-21_ed-1_seq-4.md	oregon_newspaper_archive_1926-08-21_ed-1_seq-4	1	0				1	title->lib/ocean
169266	2026-08-13	../../../../../../tank/site2rag/websites_md/bahai-library.com/newspaper_archive_oregon-oregon_newspaper_archive_1926-09-25_ed-1_seq-1.md	oregon_newspaper_archive_1926-09-25_ed-1_seq-1	1	0				1	title->lib/ocean
169267	2026-08-13	../../../../../../tank/site2rag/websites_md/bahai-library.com/newspaper_archive_oregon-oregon_newspaper_archive_1926-10-16_ed-1_seq-1.md	oregon_newspaper_archive_1926-10-16_ed-1_seq-1	1	0				1	title->lib/ocean
169268	2026-08-13	../../../../../../tank/site2rag/websites_md/bahai-library.com/newspaper_archive_oregon-oregon_newspaper_archive_1926-11-20_ed-1_seq-1.md	oregon_newspaper_archive_1926-11-20_ed-1_seq-1	1	0				1	title->lib/ocean
169270	2026-08-13	../../../../../../tank/site2rag/websites_md/bahai-library.com/newspaper_archive_oregon-oregon_newspaper_archive_1926-11-27_ed-1_seq-2.md	oregon_newspaper_archive_1926-11-27_ed-1_seq-2	1	0				1	title->lib/ocean
169278	2026-08-13	../../../../../../tank/site2rag/websites_md/bahai-library.com/newspaper_archive_oregon-oregon_newspaper_archive_1926-12-04_ed-1_seq-3.md	oregon_newspaper_archive_1926-12-04_ed-1_seq-3	1	0				1	title->lib/ocean
169283	2026-08-13	../../../../../../tank/site2rag/websites_md/bahai-library.com/newspaper_archive_oregon-oregon_newspaper_archive_1927-01-29_ed-1_seq-1.md	oregon_newspaper_archive_1927-01-29_ed-1_seq-1	1	0				1	title->lib/ocean
169310	2026-08-13	../../../../../../tank/site2rag/websites_md/bahai-library.com/newspaper_clippings_archive-chicago_defender_1910-1975-1910-02-19,%20Douglass%20Center,%20Article_1_--_No_Title.md	1910-02-19,%20Douglass%20Center,%20Article_1_--_No_Title	1	0				1	title->lib/ocean
169314	2026-08-13	../../../../../../tank/site2rag/websites_md/bahai-library.com/newspaper_clippings_archive-chicago_defender_1910-1975-1910-06-25,%20Frederick%20Douglass%20Center.md	1910-06-25,%20Frederick%20Douglass%20Center	1	0				1	title->lib/ocean
169319	2026-08-13	../../../../../../tank/site2rag/websites_md/bahai-library.com/newspaper_clippings_archive-chicago_defender_1910-1975-1911-02-11,%20Douglass%20Center,%20Personals.md	1911-02-11,%20Douglass%20Center,%20Personals	1	0				1	title->lib/ocean
169344	2026-08-13	../../../../../../tank/site2rag/websites_md/bahai-library.com/newspaper_clippings_archive-chicago_defender_1910-1975-1911-05-20,%20Douglass%20Center,%20Personals.md	1911-05-20,%20Douglass%20Center,%20Personals	1	0				1	title->lib/ocean
169348	2026-08-13	../../../../../../tank/site2rag/websites_md/bahai-library.com/newspaper_clippings_archive-chicago_defender_1910-1975-1911-06-03,%20Frederick%20Douglass%20Center.md	1911-06-03,%20Frederick%20Douglass%20Center	1	0				1	title->lib/ocean
169357	2026-08-13	../../../../../../tank/site2rag/websites_md/bahai-library.com/newspaper_clippings_archive-chicago_defender_1910-1975-1911-06-17,%20Frederick%20Douglass%20Center_Stil.md	1911-06-17,%20Frederick%20Douglass%20Center_Stil	1	0				1	title->lib/ocean
169381	2026-08-13	../../../../../../tank/site2rag/websites_md/bahai-library.com/newspaper_clippings_archive-chicago_defender_1910-1975-1911-08-12,%20Douglass%20Center,%20Personals.md	1911-08-12,%20Douglass%20Center,%20Personals	1	0				1	title->lib/ocean
169383	2026-08-13	../../../../../../tank/site2rag/websites_md/bahai-library.com/newspaper_clippings_archive-chicago_defender_1910-1975-1911-08-19,%20Douglass%20Center,%20Personals.md	1911-08-19,%20Douglass%20Center,%20Personals	1	0				1	title->lib/ocean
169406	2026-08-13	../../../../../../tank/site2rag/websites_md/bahai-library.com/newspaper_clippings_archive-chicago_defender_1910-1975-1911-09-02,%20Douglass%20Center,%20Personals.md	1911-09-02,%20Douglass%20Center,%20Personals	1	0				1	title->lib/ocean
169416	2026-08-13	../../../../../../tank/site2rag/websites_md/bahai-library.com/newspaper_clippings_archive-chicago_defender_1910-1975-1911-09-30,%20Douglass%20Center,%20Personals.md	1911-09-30,%20Douglass%20Center,%20Personals	1	0				1	title->lib/ocean
169423	2026-08-13	../../../../../../tank/site2rag/websites_md/bahai-library.com/newspaper_clippings_archive-chicago_defender_1910-1975-1911-10-07,%20Douglass%20Center,%20The_Park_Ridge_Home.md	1911-10-07,%20Douglass%20Center,%20The_Park_Ridge_Home	1	0				1	title->lib/ocean
169436	2026-08-13	../../../../../../tank/site2rag/websites_md/bahai-library.com/newspaper_clippings_archive-chicago_defender_1910-1975-1911-10-21,%20Douglass%20Center,%20Personals.md	1911-10-21,%20Douglass%20Center,%20Personals	1	0				1	title->lib/ocean
169457	2026-08-13	../../../../../../tank/site2rag/websites_md/bahai-library.com/newspaper_clippings_archive-chicago_defender_1910-1975-1911-12-02,%20Douglass%20Center,%20Memorial_Services_For_The_Late.md	1911-12-02,%20Douglass%20Center,%20Memorial_Services_For_The_Late	1	0				1	title->lib/ocean
169466	2026-08-13	../../../../../../tank/site2rag/websites_md/bahai-library.com/newspaper_clippings_archive-chicago_defender_1910-1975-1912-01-06,%20Douglass%20Center,%20City_Churches--Religious_News.md	1912-01-06,%20Douglass%20Center,%20City_Churches--Religious_News	1	0				1	title->lib/ocean
169468	2026-08-13	../../../../../../tank/site2rag/websites_md/bahai-library.com/newspaper_clippings_archive-chicago_defender_1910-1975-1912-01-13,%20Douglass%20Center,%20City_Churches--Religious_News.md	1912-01-13,%20Douglass%20Center,%20City_Churches--Religious_News	1	0				1	title->lib/ocean
169473	2026-08-13	../../../../../../tank/site2rag/websites_md/bahai-library.com/newspaper_clippings_archive-chicago_defender_1910-1975-1912-01-13,%20Douglass%20Center,%20Oswald_Garrison_Villard_Speaks.md	1912-01-13,%20Douglass%20Center,%20Oswald_Garrison_Villard_Speaks	1	0				1	title->lib/ocean
169483	2026-08-13	../../../../../../tank/site2rag/websites_md/bahai-library.com/newspaper_clippings_archive-chicago_defender_1910-1975-1912-01-27,%20Douglass%20Center,%20City_Churches--Religious_News.md	1912-01-27,%20Douglass%20Center,%20City_Churches--Religious_News	1	0				1	title->lib/ocean
169486	2026-08-13	../../../../../../tank/site2rag/websites_md/bahai-library.com/newspaper_clippings_archive-chicago_defender_1910-1975-1912-02-03,%20Douglass%20Center,%20City_Churches--Religious_News.md	1912-02-03,%20Douglass%20Center,%20City_Churches--Religious_News	1	0				1	title->lib/ocean
169490	2026-08-13	../../../../../../tank/site2rag/websites_md/bahai-library.com/newspaper_clippings_archive-chicago_defender_1910-1975-1912-02-17,%20Douglass%20Center,%20In_Chicago_And_Its_Suburbs_Ou.md	1912-02-17,%20Douglass%20Center,%20In_Chicago_And_Its_Suburbs_Ou	1	0				1	title->lib/ocean
169498	2026-08-13	../../../../../../tank/site2rag/websites_md/bahai-library.com/newspaper_clippings_archive-chicago_defender_1910-1975-1912-02-24,%20Douglass%20Center,%20City_Churches--Religious_News.md	1912-02-24,%20Douglass%20Center,%20City_Churches--Religious_News	1	0				1	title->lib/ocean
169505	2026-08-13	../../../../../../tank/site2rag/websites_md/bahai-library.com/newspaper_clippings_archive-chicago_defender_1910-1975-1912-03-17,%20Douglass%20Center,%20City_Churches--Religious_News.md	1912-03-17,%20Douglass%20Center,%20City_Churches--Religious_News	1	0				1	title->lib/ocean
169509	2026-08-13	../../../../../../tank/site2rag/websites_md/bahai-library.com/newspaper_clippings_archive-chicago_defender_1910-1975-1912-03-23,%20Douglass%20Center,%20Phyllis_Wheatley.md	1912-03-23,%20Douglass%20Center,%20Phyllis_Wheatley	1	0				1	title->lib/ocean
169524	2026-08-13	../../../../../../tank/site2rag/websites_md/bahai-library.com/newspaper_clippings_archive-chicago_defender_1910-1975-1912-04-13,%20Baha%20Abdul_Baha_Abbas_Coming_Famou.md	1912-04-13,%20Baha%20Abdul_Baha_Abbas_Coming_Famou	1	0				1	title->lib/ocean
169527	2026-08-13	../../../../../../tank/site2rag/websites_md/bahai-library.com/newspaper_clippings_archive-chicago_defender_1910-1975-1912-04-20,%20Baha%20Chicago_Ministers_To_Denounce_.md	1912-04-20,%20Baha%20Chicago_Ministers_To_Denounce_	1	0				1	title->lib/ocean
169540	2026-08-13	../../../../../../tank/site2rag/websites_md/bahai-library.com/newspaper_clippings_archive-chicago_defender_1910-1975-1912-04-27,%20Baha%20Final_Plans_For_Fourth_Meeting.md	1912-04-27,%20Baha%20Final_Plans_For_Fourth_Meeting	1	0				1	title->lib/ocean
169548	2026-08-13	../../../../../../tank/site2rag/websites_md/bahai-library.com/newspaper_clippings_archive-chicago_defender_1910-1975-1912-05-04,%20Baha%20Speakers_Encourage_And_Tell_Of.md	1912-05-04,%20Baha%20Speakers_Encourage_And_Tell_Of	2	0				1	title->lib/ocean
169554	2026-08-13	../../../../../../tank/site2rag/websites_md/bahai-library.com/newspaper_clippings_archive-chicago_defender_1910-1975-1912-05-04,%20Baha%20The_First_Step_For_The_Equalit.md	1912-05-04,%20Baha%20The_First_Step_For_The_Equalit	1	0				1	title->lib/ocean
169565	2026-08-13	../../../../../../tank/site2rag/websites_md/bahai-library.com/newspaper_clippings_archive-chicago_defender_1910-1975-1912-05-18,%20Baha%20Race_Prejudice_A_Peril_To_Demo.md	1912-05-18,%20Baha%20Race_Prejudice_A_Peril_To_Demo	2	0				1	title->lib/ocean
169573	2026-08-13	../../../../../../tank/site2rag/websites_md/bahai-library.com/newspaper_clippings_archive-chicago_defender_1910-1975-1912-05-25,%20Douglass%20Center,%20City_Churches--Religious_News.md	1912-05-25,%20Douglass%20Center,%20City_Churches--Religious_News	1	0				1	title->lib/ocean
169594	2026-08-13	../../../../../../tank/site2rag/websites_md/bahai-library.com/newspaper_clippings_archive-chicago_defender_1910-1975-1912-06-29,%20Douglass%20Center,%20City_Churches--Religious_News.md	1912-06-29,%20Douglass%20Center,%20City_Churches--Religious_News	1	0				1	title->lib/ocean
169600	2026-08-13	../../../../../../tank/site2rag/websites_md/bahai-library.com/newspaper_clippings_archive-chicago_defender_1910-1975-1912-07-06,%20Douglass%20Center,%20City_Churches--Religious_News.md	1912-07-06,%20Douglass%20Center,%20City_Churches--Religious_News	1	0				1	title->lib/ocean
169626	2026-08-13	../../../../../../tank/site2rag/websites_md/bahai-library.com/newspaper_clippings_archive-chicago_defender_1910-1975-1912-08-17,%20Douglass%20Center,%20National_Negro_Business_League.md	1912-08-17,%20Douglass%20Center,%20National_Negro_Business_League	2	0				1	title->lib/ocean
169633	2026-08-13	../../../../../../tank/site2rag/websites_md/bahai-library.com/newspaper_clippings_archive-chicago_defender_1910-1975-1912-08-31,%20Douglass%20Center,%20City_Churches.md	1912-08-31,%20Douglass%20Center,%20City_Churches	1	0				1	title->lib/ocean
169639	2026-08-13	../../../../../../tank/site2rag/websites_md/bahai-library.com/newspaper_clippings_archive-chicago_defender_1910-1975-1912-09-14,%20Baha%20City_Churches_Markspan_Cla.md	1912-09-14,%20Baha%20City_Churches_Markspan_Cla	1	0				1	title->lib/ocean
169644	2026-08-13	../../../../../../tank/site2rag/websites_md/bahai-library.com/newspaper_clippings_archive-chicago_defender_1910-1975-1912-09-14,%20Douglass%20Center,%20City_Churches_Markspan_Cla.md	1912-09-14,%20Douglass%20Center,%20City_Churches_Markspan_Cla	1	0				1	title->lib/ocean
169651	2026-08-13	../../../../../../tank/site2rag/websites_md/bahai-library.com/newspaper_clippings_archive-chicago_defender_1910-1975-1912-10-05,%20Douglass%20Center,%20City_Churches_Ebenezer_Baptis.md	1912-10-05,%20Douglass%20Center,%20City_Churches_Ebenezer_Baptis	1	0				1	title->lib/ocean
169707	2026-08-13	../../../../../../tank/site2rag/websites_md/bahai-library.com/newspaper_clippings_archive-chicago_defender_1910-1975-1913-02-15,%20Douglass%20Center,%20Men_And_Women_Of_Merit_To_Be_R.md	1913-02-15,%20Douglass%20Center,%20Men_And_Women_Of_Merit_To_Be_R	1	0				1	title->lib/ocean
169715	2026-08-13	../../../../../../tank/site2rag/websites_md/bahai-library.com/newspaper_clippings_archive-chicago_defender_1910-1975-1913-03-01,%20Douglass%20Center,%20Ow_And_Rosenwald_Visit_Tuskege.md	1913-03-01,%20Douglass%20Center,%20Ow_And_Rosenwald_Visit_Tuskege	1	0				1	title->lib/ocean
169797	2026-08-13	../../../../../../tank/site2rag/websites_md/bahai-library.com/newspaper_clippings_archive-chicago_defender_1910-1975-1913-06-28,%20Caroline%20W.%20Harris%20Two_Hundred_Washington_Student.md	1913-06-28,%20Caroline%20W.%20Harris%20Two_Hundred_Washington_Student	2	0				1	title->lib/ocean
169825	2026-08-13	../../../../../../tank/site2rag/websites_md/bahai-library.com/newspaper_clippings_archive-chicago_defender_1910-1975-1913-07-26,%20Douglass%20Center,%20News_Of_The_Churches_Items_Of.md	1913-07-26,%20Douglass%20Center,%20News_Of_The_Churches_Items_Of	1	0				1	title->lib/ocean
169851	2026-08-13	../../../../../../tank/site2rag/websites_md/bahai-library.com/newspaper_clippings_archive-chicago_defender_1910-1975-1913-08-09,%20Frederick%20Douglass%20Center.md	1913-08-09,%20Frederick%20Douglass%20Center	1	0				1	title->lib/ocean
170075	2026-08-13	../../../../../../tank/site2rag/websites_md/bahai-library.com/newspaper_clippings_archive-chicago_defender_1910-1975-1914-06-27,%20Thomas%20W%20Fleming%20Cleveland,_Ohio..md	1914-06-27,%20Thomas%20W%20Fleming%20Cleveland,_Ohio.	1	0				1	title->lib/ocean
170124	2026-08-13	../../../../../../tank/site2rag/websites_md/bahai-library.com/newspaper_clippings_archive-chicago_defender_1910-1975-1914-09-12,%20Thomas%20W%20Fleming%20Cleveland,_Ohio.md	1914-09-12,%20Thomas%20W%20Fleming%20Cleveland,_Ohio	1	0				1	title->lib/ocean
170129	2026-08-13	../../../../../../tank/site2rag/websites_md/bahai-library.com/newspaper_clippings_archive-chicago_defender_1910-1975-1914-09-26,%20Douglass%20Center,%20Marshal_Field_&_Co._Courteousl.md	1914-09-26,%20Douglass%20Center,%20Marshal_Field_&_Co._Courteousl	1	0				1	title->lib/ocean
170132	2026-08-13	../../../../../../tank/site2rag/websites_md/bahai-library.com/newspaper_clippings_archive-chicago_defender_1910-1975-1914-09-26,%20Thomas%20W%20Fleming%20Cleveland,_Ohio.md	1914-09-26,%20Thomas%20W%20Fleming%20Cleveland,_Ohio	1	0				1	title->lib/ocean
170147	2026-08-13	../../../../../../tank/site2rag/websites_md/bahai-library.com/newspaper_clippings_archive-chicago_defender_1910-1975-1914-10-31,%20Thomas%20W%20Fleming%20Cleveland_Letter.md	1914-10-31,%20Thomas%20W%20Fleming%20Cleveland_Letter	1	0				1	title->lib/ocean
170153	2026-08-13	../../../../../../tank/site2rag/websites_md/bahai-library.com/newspaper_clippings_archive-chicago_defender_1910-1975-1914-11-07,%20Thomas%20W%20Fleming%20Cleveland_Letter.md	1914-11-07,%20Thomas%20W%20Fleming%20Cleveland_Letter	1	0				1	title->lib/ocean
170175	2026-08-13	../../../../../../tank/site2rag/websites_md/bahai-library.com/newspaper_clippings_archive-chicago_defender_1910-1975-1914-12-12,%20Thomas%20W%20Fleming%20Cleveland_Letter.md	1914-12-12,%20Thomas%20W%20Fleming%20Cleveland_Letter	1	0				1	title->lib/ocean
170180	2026-08-13	../../../../../../tank/site2rag/websites_md/bahai-library.com/newspaper_clippings_archive-chicago_defender_1910-1975-1914-12-19,%20Douglass%20Center,%20Clubs_Societies_Weekly_Gossip.md	1914-12-19,%20Douglass%20Center,%20Clubs_Societies_Weekly_Gossip	1	0				1	title->lib/ocean
170185	2026-08-13	../../../../../../tank/site2rag/websites_md/bahai-library.com/newspaper_clippings_archive-chicago_defender_1910-1975-1914-12-26,%20Douglass%20Center,%20Clubs_And_Societies_Weekly_Go.md	1914-12-26,%20Douglass%20Center,%20Clubs_And_Societies_Weekly_Go	1	0				1	title->lib/ocean
170196	2026-08-13	../../../../../../tank/site2rag/websites_md/bahai-library.com/newspaper_clippings_archive-chicago_defender_1910-1975-1915-01-16,%20Thomas%20W%20Fleming%20Cleveland_Letter.md	1915-01-16,%20Thomas%20W%20Fleming%20Cleveland_Letter	1	0				1	title->lib/ocean
170218	2026-08-13	../../../../../../tank/site2rag/websites_md/bahai-library.com/newspaper_clippings_archive-chicago_defender_1910-1975-1915-04-03,%20Douglass%20Center,%20Dr._A._Wilberforce_Williams_Ta.md	1915-04-03,%20Douglass%20Center,%20Dr._A._Wilberforce_Williams_Ta	1	0				1	title->lib/ocean
170233	2026-08-13	../../../../../../tank/site2rag/websites_md/bahai-library.com/newspaper_clippings_archive-chicago_defender_1910-1975-1915-04-17,%20Thomas%20W%20Fleming%20Brief_News_From_The_Buckeye_St.md	1915-04-17,%20Thomas%20W%20Fleming%20Brief_News_From_The_Buckeye_St	1	0				1	title->lib/ocean
170246	2026-08-13	../../../../../../tank/site2rag/websites_md/bahai-library.com/newspaper_clippings_archive-chicago_defender_1910-1975-1915-05-22,%20Douglass%20Center,%20Clubs_And_Societies_The_Clove.md	1915-05-22,%20Douglass%20Center,%20Clubs_And_Societies_The_Clove	1	0				1	title->lib/ocean
170251	2026-08-13	../../../../../../tank/site2rag/websites_md/bahai-library.com/newspaper_clippings_archive-chicago_defender_1910-1975-1915-05-22,%20Thomas%20W%20Fleming%20Brief_News_From_The_Buckeye_St.md	1915-05-22,%20Thomas%20W%20Fleming%20Brief_News_From_The_Buckeye_St	1	0				1	title->lib/ocean
170273	2026-08-13	../../../../../../tank/site2rag/websites_md/bahai-library.com/newspaper_clippings_archive-chicago_defender_1910-1975-1915-06-05,%20Thomas%20W%20Fleming%20Harry_Smith_And_Other_Ohioans_.md	1915-06-05,%20Thomas%20W%20Fleming%20Harry_Smith_And_Other_Ohioans_	1	0				1	title->lib/ocean
170283	2026-08-13	../../../../../../tank/site2rag/websites_md/bahai-library.com/newspaper_clippings_archive-chicago_defender_1910-1975-1915-06-12,%20Thomas%20W%20Fleming%20Brief_News_From_The_Buckeye_St.md	1915-06-12,%20Thomas%20W%20Fleming%20Brief_News_From_The_Buckeye_St	1	0				1	title->lib/ocean
170297	2026-08-13	../../../../../../tank/site2rag/websites_md/bahai-library.com/newspaper_clippings_archive-chicago_defender_1910-1975-1915-07-10,%20Thomas%20W%20Fleming%20Brief_News_From_The_Buckeye_St.md	1915-07-10,%20Thomas%20W%20Fleming%20Brief_News_From_The_Buckeye_St	1	0				1	title->lib/ocean
170304	2026-08-13	../../../../../../tank/site2rag/websites_md/bahai-library.com/newspaper_clippings_archive-chicago_defender_1910-1975-1915-07-17,%20Thomas%20W%20Fleming%20Brief_News_From_The_Buckeye_St.md	1915-07-17,%20Thomas%20W%20Fleming%20Brief_News_From_The_Buckeye_St	1	0				1	title->lib/ocean
170317	2026-08-13	../../../../../../tank/site2rag/websites_md/bahai-library.com/newspaper_clippings_archive-chicago_defender_1910-1975-1915-07-24,%20Thomas%20W%20Fleming%20Brief_News_From_The_Buckeye_St.md	1915-07-24,%20Thomas%20W%20Fleming%20Brief_News_From_The_Buckeye_St	1	0				1	title->lib/ocean
170341	2026-08-13	../../../../../../tank/site2rag/websites_md/bahai-library.com/newspaper_clippings_archive-chicago_defender_1910-1975-1915-08-27,%20Douglass%20Center,%20Keep_Healthy_Public_Health_S.md	1915-08-27,%20Douglass%20Center,%20Keep_Healthy_Public_Health_S	1	0				1	title->lib/ocean
170349	2026-08-13	../../../../../../tank/site2rag/websites_md/bahai-library.com/newspaper_clippings_archive-chicago_defender_1910-1975-1915-09-04,%20Thomas%20W%20Fleming%20Brief_News_From_The_Buckeye_St.md	1915-09-04,%20Thomas%20W%20Fleming%20Brief_News_From_The_Buckeye_St	1	0				1	title->lib/ocean
170371	2026-08-13	../../../../../../tank/site2rag/websites_md/bahai-library.com/newspaper_clippings_archive-chicago_defender_1910-1975-1915-10-09,%20Rosa%20Williams%20Rose_Williams_Will_Attend_A._U.md	1915-10-09,%20Rosa%20Williams%20Rose_Williams_Will_Attend_A._U	1	0				1	title->lib/ocean
170376	2026-08-13	../../../../../../tank/site2rag/websites_md/bahai-library.com/newspaper_clippings_archive-chicago_defender_1910-1975-1915-10-09,%20Thomas%20W%20Fleming%20Brief_News_From_The_Buckeye_St.md	1915-10-09,%20Thomas%20W%20Fleming%20Brief_News_From_The_Buckeye_St	1	0				1	title->lib/ocean
170381	2026-08-13	../../../../../../tank/site2rag/websites_md/bahai-library.com/newspaper_clippings_archive-chicago_defender_1910-1975-1915-10-15,%20Baha%20The_Principal_Cause_That_Led_T.md	1915-10-15,%20Baha%20The_Principal_Cause_That_Led_T	1	0				1	title->lib/ocean
170396	2026-08-13	../../../../../../tank/site2rag/websites_md/bahai-library.com/newspaper_clippings_archive-chicago_defender_1910-1975-1915-10-30,%20Baha%20Race_Prejudice_Under_Fire_Aga.md	1915-10-30,%20Baha%20Race_Prejudice_Under_Fire_Aga	1	0				1	title->lib/ocean
170410	2026-08-13	../../../../../../tank/site2rag/websites_md/bahai-library.com/newspaper_clippings_archive-chicago_defender_1910-1975-1915-11-13,%20Thomas%20W%20Fleming%20Brief_News_From_The_Buckeye_St.md	1915-11-13,%20Thomas%20W%20Fleming%20Brief_News_From_The_Buckeye_St	1	0				1	title->lib/ocean
170424	2026-08-13	../../../../../../tank/site2rag/websites_md/bahai-library.com/newspaper_clippings_archive-chicago_defender_1910-1975-1915-11-20,%20Thomas%20W%20Fleming%20Brief_News_From_The_Buckeye_St.md	1915-11-20,%20Thomas%20W%20Fleming%20Brief_News_From_The_Buckeye_St	1	0				1	title->lib/ocean
170431	2026-08-13	../../../../../../tank/site2rag/websites_md/bahai-library.com/newspaper_clippings_archive-chicago_defender_1910-1975-1915-11-27,%20Baha%20A_Monument_For_Booker_T._Washi.md	1915-11-27,%20Baha%20A_Monument_For_Booker_T._Washi	1	0				1	title->lib/ocean
170439	2026-08-13	../../../../../../tank/site2rag/websites_md/bahai-library.com/newspaper_clippings_archive-chicago_defender_1910-1975-1915-11-27,%20Thomas%20W%20Fleming%20Brief_News_From_The_Buckeye_St.md	1915-11-27,%20Thomas%20W%20Fleming%20Brief_News_From_The_Buckeye_St	1	0				1	title->lib/ocean
170441	2026-08-13	../../../../../../tank/site2rag/websites_md/bahai-library.com/newspaper_clippings_archive-chicago_defender_1910-1975-1915-11-27,%20Thomas%20W%20Fleming%20Cleveland_Association_Holds_Sp.md	1915-11-27,%20Thomas%20W%20Fleming%20Cleveland_Association_Holds_Sp	1	0				1	title->lib/ocean
170473	2026-08-13	../../../../../../tank/site2rag/websites_md/bahai-library.com/newspaper_clippings_archive-chicago_defender_1910-1975-1916-01-01,%20Baha%20Abdul_Baha_On_Spirituality_Tr.md	1916-01-01,%20Baha%20Abdul_Baha_On_Spirituality_Tr	1	0				1	title->lib/ocean
170500	2026-08-13	../../../../../../tank/site2rag/websites_md/bahai-library.com/newspaper_clippings_archive-chicago_defender_1910-1975-1916-01-08,%20Thomas%20W%20Fleming%20Brief_News_From_The_Buckeye_St.md	1916-01-08,%20Thomas%20W%20Fleming%20Brief_News_From_The_Buckeye_St	1	0				1	title->lib/ocean
170506	2026-08-13	../../../../../../tank/site2rag/websites_md/bahai-library.com/newspaper_clippings_archive-chicago_defender_1910-1975-1916-01-15,%20Baha%20Abdul-Baha_True_Happiness,_Wi.md	1916-01-15,%20Baha%20Abdul-Baha_True_Happiness,_Wi	1	0				1	title->lib/ocean
170510	2026-08-13	../../../../../../tank/site2rag/websites_md/bahai-library.com/newspaper_clippings_archive-chicago_defender_1910-1975-1916-01-15,%20Thomas%20W%20Fleming%20Article_22_--_No_Title_Events.md	1916-01-15,%20Thomas%20W%20Fleming%20Article_22_--_No_Title_Events	1	0				1	title->lib/ocean
170523	2026-08-13	../../../../../../tank/site2rag/websites_md/bahai-library.com/newspaper_clippings_archive-chicago_defender_1910-1975-1916-01-22,%20Baha%20Abdul-Baha_True_Happiness,_Wi.md	1916-01-22,%20Baha%20Abdul-Baha_True_Happiness,_Wi	1	0				1	title->lib/ocean
170534	2026-08-13	../../../../../../tank/site2rag/websites_md/bahai-library.com/newspaper_clippings_archive-chicago_defender_1910-1975-1916-01-22,%20Douglass%20Center,%20Clubs_And_Societies_Weekly_Go.md	1916-01-22,%20Douglass%20Center,%20Clubs_And_Societies_Weekly_Go	1	0				1	title->lib/ocean
170545	2026-08-13	../../../../../../tank/site2rag/websites_md/bahai-library.com/newspaper_clippings_archive-chicago_defender_1910-1975-1916-01-29,%20Baha%20Abdul-Baha_True_Happiness,_Wi.md	1916-01-29,%20Baha%20Abdul-Baha_True_Happiness,_Wi	1	0				1	title->lib/ocean
170562	2026-08-13	../../../../../../tank/site2rag/websites_md/bahai-library.com/newspaper_clippings_archive-chicago_defender_1910-1975-1916-02-12,%20Baha%20Abdul_-_Baha_True_Happiness,_.md	1916-02-12,%20Baha%20Abdul_-_Baha_True_Happiness,_	1	0				1	title->lib/ocean
170568	2026-08-13	../../../../../../tank/site2rag/websites_md/bahai-library.com/newspaper_clippings_archive-chicago_defender_1910-1975-1916-02-19,%20Baha%20Abdul_-_Baha_True_Happiness,_.md	1916-02-19,%20Baha%20Abdul_-_Baha_True_Happiness,_	1	0				1	title->lib/ocean
170583	2026-08-13	../../../../../../tank/site2rag/websites_md/bahai-library.com/newspaper_clippings_archive-chicago_defender_1910-1975-1916-03-04,%20Baha%20Abdul-Baha_True_Happiness,_Wi.md	1916-03-04,%20Baha%20Abdul-Baha_True_Happiness,_Wi	1	0				1	title->lib/ocean
170587	2026-08-13	../../../../../../tank/site2rag/websites_md/bahai-library.com/newspaper_clippings_archive-chicago_defender_1910-1975-1916-03-18,%20Baha%20Abdul-Baha_True_Happiness,_Wi.md	1916-03-18,%20Baha%20Abdul-Baha_True_Happiness,_Wi	1	0				1	title->lib/ocean
170590	2026-08-13	../../../../../../tank/site2rag/websites_md/bahai-library.com/newspaper_clippings_archive-chicago_defender_1910-1975-1916-03-18,%20Douglass%20Center,%20Article_40_--_No_Title.md	1916-03-18,%20Douglass%20Center,%20Article_40_--_No_Title	1	0				1	title->lib/ocean
170598	2026-08-13	../../../../../../tank/site2rag/websites_md/bahai-library.com/newspaper_clippings_archive-chicago_defender_1910-1975-1916-05-06,%20Douglass%20Center,%20Clubs_And_Societies.md	1916-05-06,%20Douglass%20Center,%20Clubs_And_Societies	1	0				1	title->lib/ocean
170603	2026-08-13	../../../../../../tank/site2rag/websites_md/bahai-library.com/newspaper_clippings_archive-chicago_defender_1910-1975-1916-05-27,%20Robert%20S%20Abbott%20Article_7_--_No_Title_Sees_Ma.md	1916-05-27,%20Robert%20S%20Abbott%20Article_7_--_No_Title_Sees_Ma	1	0				1	title->lib/ocean
170607	2026-08-13	../../../../../../tank/site2rag/websites_md/bahai-library.com/newspaper_clippings_archive-chicago_defender_1910-1975-1916-07-01,%20Thomas%20W%20Fleming%20The_Buckeye_State.md	1916-07-01,%20Thomas%20W%20Fleming%20The_Buckeye_State	1	0				1	title->lib/ocean
170610	2026-08-13	../../../../../../tank/site2rag/websites_md/bahai-library.com/newspaper_clippings_archive-chicago_defender_1910-1975-1916-07-22,%20Baha%20Abdul_-_Baha_True_Happiness,_.md	1916-07-22,%20Baha%20Abdul_-_Baha_True_Happiness,_	1	0				1	title->lib/ocean
170614	2026-08-13	../../../../../../tank/site2rag/websites_md/bahai-library.com/newspaper_clippings_archive-chicago_defender_1910-1975-1916-07-29,%20Baha%20Abdul-Baha_True_Happiness,_Wi.md	1916-07-29,%20Baha%20Abdul-Baha_True_Happiness,_Wi	1	0				1	title->lib/ocean
170619	2026-08-13	../../../../../../tank/site2rag/websites_md/bahai-library.com/newspaper_clippings_archive-chicago_defender_1910-1975-1916-08-05,%20Baha%20Abdul_-_Baha_True_Happiness,_.md	1916-08-05,%20Baha%20Abdul_-_Baha_True_Happiness,_	1	0				1	title->lib/ocean
170622	2026-08-13	../../../../../../tank/site2rag/websites_md/bahai-library.com/newspaper_clippings_archive-chicago_defender_1910-1975-1916-08-12,%20Baha%20Abdul_-_Baha_True_Happiness,_.md	1916-08-12,%20Baha%20Abdul_-_Baha_True_Happiness,_	1	0				1	title->lib/ocean
170629	2026-08-13	../../../../../../tank/site2rag/websites_md/bahai-library.com/newspaper_clippings_archive-chicago_defender_1910-1975-1916-08-19,%20Baha%20Abdul-Baha_True_Happiness,_Wi.md	1916-08-19,%20Baha%20Abdul-Baha_True_Happiness,_Wi	1	0				1	title->lib/ocean
170640	2026-08-13	../../../../../../tank/site2rag/websites_md/bahai-library.com/newspaper_clippings_archive-chicago_defender_1910-1975-1916-08-19,%20Thomas%20W%20Fleming%20The_Buckeye_State.md	1916-08-19,%20Thomas%20W%20Fleming%20The_Buckeye_State	1	0				1	title->lib/ocean
170641	2026-08-13	../../../../../../tank/site2rag/websites_md/bahai-library.com/newspaper_clippings_archive-chicago_defender_1910-1975-1916-08-26,%20Baha%20Abdul-Baha_True_Happiness,_Wi.md	1916-08-26,%20Baha%20Abdul-Baha_True_Happiness,_Wi	1	0				1	title->lib/ocean
170643	2026-08-13	../../../../../../tank/site2rag/websites_md/bahai-library.com/newspaper_clippings_archive-chicago_defender_1910-1975-1916-09-23,%20Baha%20Abdul-Baha_True_Happiness,_Wi.md	1916-09-23,%20Baha%20Abdul-Baha_True_Happiness,_Wi	1	0				1	title->lib/ocean
170646	2026-08-13	../../../../../../tank/site2rag/websites_md/bahai-library.com/newspaper_clippings_archive-chicago_defender_1910-1975-1916-10-14,%20Thomas%20W%20Fleming%20The_Buckeye_State.md	1916-10-14,%20Thomas%20W%20Fleming%20The_Buckeye_State	1	0				1	title->lib/ocean
170649	2026-08-13	../../../../../../tank/site2rag/websites_md/bahai-library.com/newspaper_clippings_archive-chicago_defender_1910-1975-1916-11-04,%20Thomas%20W%20Fleming%20The_Buckeye_State_Notice.md	1916-11-04,%20Thomas%20W%20Fleming%20The_Buckeye_State_Notice	1	0				1	title->lib/ocean
170653	2026-08-13	../../../../../../tank/site2rag/websites_md/bahai-library.com/newspaper_clippings_archive-chicago_defender_1910-1975-1916-11-18,%20Robert%20S%20Abbott%20Police_Chief_Denies_Report_Pr.md	1916-11-18,%20Robert%20S%20Abbott%20Police_Chief_Denies_Report_Pr	1	0				1	title->lib/ocean
170658	2026-08-13	../../../../../../tank/site2rag/websites_md/bahai-library.com/newspaper_clippings_archive-chicago_defender_1910-1975-1916-11-25,%20Thomas%20W%20Fleming%20The_Buckeye_State.md	1916-11-25,%20Thomas%20W%20Fleming%20The_Buckeye_State	1	0				1	title->lib/ocean
170666	2026-08-13	../../../../../../tank/site2rag/websites_md/bahai-library.com/newspaper_clippings_archive-chicago_defender_1910-1975-1916-12-30,%20Thomas%20W%20Fleming%20The_Buckeye_State.md	1916-12-30,%20Thomas%20W%20Fleming%20The_Buckeye_State	1	0				1	title->lib/ocean
170675	2026-08-13	../../../../../../tank/site2rag/websites_md/bahai-library.com/newspaper_clippings_archive-chicago_defender_1910-1975-1917-01-27,%20Thomas%20W%20Fleming%20The_Buckeye_State.md	1917-01-27,%20Thomas%20W%20Fleming%20The_Buckeye_State	1	0				1	title->lib/ocean
170677	2026-08-13	../../../../../../tank/site2rag/websites_md/bahai-library.com/newspaper_clippings_archive-chicago_defender_1910-1975-1917-02-07,%20Douglass%20Center,%20Clubs_And_Fraternal.md	1917-02-07,%20Douglass%20Center,%20Clubs_And_Fraternal	1	0				1	title->lib/ocean
170687	2026-08-13	../../../../../../tank/site2rag/websites_md/bahai-library.com/newspaper_clippings_archive-chicago_defender_1910-1975-1917-02-10,%20Robert%20S%20Abbott%20Society_Prepares_For_Biggest_C.md	1917-02-10,%20Robert%20S%20Abbott%20Society_Prepares_For_Biggest_C	1	0				1	title->lib/ocean
170693	2026-08-13	../../../../../../tank/site2rag/websites_md/bahai-library.com/newspaper_clippings_archive-chicago_defender_1910-1975-1917-02-10,%20Thomas%20W%20Fleming%20The_Buckeye_State.md	1917-02-10,%20Thomas%20W%20Fleming%20The_Buckeye_State	1	0				1	title->lib/ocean
170698	2026-08-13	../../../../../../tank/site2rag/websites_md/bahai-library.com/newspaper_clippings_archive-chicago_defender_1910-1975-1917-02-17,%20Douglass%20Center,%20Clubs_And_Societies.md	1917-02-17,%20Douglass%20Center,%20Clubs_And_Societies	1	0				1	title->lib/ocean
170700	2026-08-13	../../../../../../tank/site2rag/websites_md/bahai-library.com/newspaper_clippings_archive-chicago_defender_1910-1975-1917-02-24,%20Robert%20S%20Abbott%20B._F._Moseley_Speaks_At_Grace.md	1917-02-24,%20Robert%20S%20Abbott%20B._F._Moseley_Speaks_At_Grace	1	0				1	title->lib/ocean
170720	2026-08-13	../../../../../../tank/site2rag/websites_md/bahai-library.com/newspaper_clippings_archive-chicago_defender_1910-1975-1917-04-14,%20Robert%20S%20Abbott%20Real_Estate_Issue_Stirs_Citize.md	1917-04-14,%20Robert%20S%20Abbott%20Real_Estate_Issue_Stirs_Citize	1	0				1	title->lib/ocean
170732	2026-08-13	../../../../../../tank/site2rag/websites_md/bahai-library.com/newspaper_clippings_archive-chicago_defender_1910-1975-1917-04-21,%20Robert%20S%20Abbott%20American_Giants_Begin_Local_Se.md	1917-04-21,%20Robert%20S%20Abbott%20American_Giants_Begin_Local_Se	1	0				1	title->lib/ocean
170737	2026-08-13	../../../../../../tank/site2rag/websites_md/bahai-library.com/newspaper_clippings_archive-chicago_defender_1910-1975-1917-04-28,%20Douglass%20Center,%20Clubs_..._Societies.md	1917-04-28,%20Douglass%20Center,%20Clubs_..._Societies	1	0				1	title->lib/ocean
170755	2026-08-13	../../../../../../tank/site2rag/websites_md/bahai-library.com/newspaper_clippings_archive-chicago_defender_1910-1975-1917-05-05,%20Robert%20S%20Abbott%20Hampton_Wins_Many_Friends_At_G.md	1917-05-05,%20Robert%20S%20Abbott%20Hampton_Wins_Many_Friends_At_G	1	0				1	title->lib/ocean
170760	2026-08-13	../../../../../../tank/site2rag/websites_md/bahai-library.com/newspaper_clippings_archive-chicago_defender_1910-1975-1917-05-05,%20Robert%20S%20Abbott%20Simmons_Thrills_Big_Audiences.md	1917-05-05,%20Robert%20S%20Abbott%20Simmons_Thrills_Big_Audiences	2	0				1	title->lib/ocean
170774	2026-08-13	../../../../../../tank/site2rag/websites_md/bahai-library.com/newspaper_clippings_archive-chicago_defender_1910-1975-1917-06-02,%20Thomas%20W%20Fleming%20The_Buckeye_State.md	1917-06-02,%20Thomas%20W%20Fleming%20The_Buckeye_State	1	0				1	title->lib/ocean
170781	2026-08-13	../../../../../../tank/site2rag/websites_md/bahai-library.com/newspaper_clippings_archive-chicago_defender_1910-1975-1917-06-16,%20Thomas%20W%20Fleming%20Article_1_--_No_Title.md	1917-06-16,%20Thomas%20W%20Fleming%20Article_1_--_No_Title	1	0				1	title->lib/ocean
170796	2026-08-13	../../../../../../tank/site2rag/websites_md/bahai-library.com/newspaper_clippings_archive-chicago_defender_1910-1975-1917-07-07,%20Douglass%20Center,%20Article_16_--_No_Title.md	1917-07-07,%20Douglass%20Center,%20Article_16_--_No_Title	1	0				1	title->lib/ocean
170805	2026-08-13	../../../../../../tank/site2rag/websites_md/bahai-library.com/newspaper_clippings_archive-chicago_defender_1910-1975-1917-07-14,%20Robert%20S%20Abbott%20Article_1_--_No_Title.md	1917-07-14,%20Robert%20S%20Abbott%20Article_1_--_No_Title	1	0				1	title->lib/ocean
170823	2026-08-13	../../../../../../tank/site2rag/websites_md/bahai-library.com/newspaper_clippings_archive-chicago_defender_1910-1975-1917-07-14,%20Robert%20S%20Abbott%20Memorial_Presented_To_Governor.md	1917-07-14,%20Robert%20S%20Abbott%20Memorial_Presented_To_Governor	1	0				1	title->lib/ocean
170837	2026-08-13	../../../../../../tank/site2rag/websites_md/bahai-library.com/newspaper_clippings_archive-chicago_defender_1910-1975-1917-08-04,%20Robert%20S%20Abbott%20I_Appeal_To_All_The_Members_Of.md	1917-08-04,%20Robert%20S%20Abbott%20I_Appeal_To_All_The_Members_Of	1	0				1	title->lib/ocean
170847	2026-08-13	../../../../../../tank/site2rag/websites_md/bahai-library.com/newspaper_clippings_archive-chicago_defender_1910-1975-1917-08-11,%20Robert%20S%20Abbott%20Eighth_Regiment_Not_To_Go_Sout.md	1917-08-11,%20Robert%20S%20Abbott%20Eighth_Regiment_Not_To_Go_Sout	1	0				1	title->lib/ocean
170861	2026-08-13	../../../../../../tank/site2rag/websites_md/bahai-library.com/newspaper_clippings_archive-chicago_defender_1910-1975-1917-08-11,%20Robert%20S%20Abbott%20Principal_Of_Hampton_Institute.md	1917-08-11,%20Robert%20S%20Abbott%20Principal_Of_Hampton_Institute	2	0				1	title->lib/ocean
170868	2026-08-13	../../../../../../tank/site2rag/websites_md/bahai-library.com/newspaper_clippings_archive-chicago_defender_1910-1975-1917-08-18,%20Robert%20S%20Abbott%20Phyllis_Wheatley_Benefit_Ball_.md	1917-08-18,%20Robert%20S%20Abbott%20Phyllis_Wheatley_Benefit_Ball_	1	0				1	title->lib/ocean
170888	2026-08-13	../../../../../../tank/site2rag/websites_md/bahai-library.com/newspaper_clippings_archive-chicago_defender_1910-1975-1917-08-25,%20Thomas%20W%20Fleming%20The_Buckeye_State.md	1917-08-25,%20Thomas%20W%20Fleming%20The_Buckeye_State	1	0				1	title->lib/ocean
170915	2026-08-13	../../../../../../tank/site2rag/websites_md/bahai-library.com/newspaper_clippings_archive-chicago_defender_1910-1975-1917-09-29,%20Robert%20S%20Abbott%20A_Lone_Car_Bandit_Holds_Up_Ye_.md	1917-09-29,%20Robert%20S%20Abbott%20A_Lone_Car_Bandit_Holds_Up_Ye_	1	0				1	title->lib/ocean
170923	2026-08-13	../../../../../../tank/site2rag/websites_md/bahai-library.com/newspaper_clippings_archive-chicago_defender_1910-1975-1917-09-29,%20Robert%20S%20Abbott%20Other_22_--_No_Title.md	1917-09-29,%20Robert%20S%20Abbott%20Other_22_--_No_Title	1	0				1	title->lib/ocean
170929	2026-08-13	../../../../../../tank/site2rag/websites_md/bahai-library.com/newspaper_clippings_archive-chicago_defender_1910-1975-1917-10-06,%20Thomas%20W%20Fleming%20The_Buckeye_State.md	1917-10-06,%20Thomas%20W%20Fleming%20The_Buckeye_State	1	0				1	title->lib/ocean
170931	2026-08-13	../../../../../../tank/site2rag/websites_md/bahai-library.com/newspaper_clippings_archive-chicago_defender_1910-1975-1917-10-20,%20Thomas%20W%20Fleming%20The_Buckeye_State.md	1917-10-20,%20Thomas%20W%20Fleming%20The_Buckeye_State	1	0				1	title->lib/ocean
170934	2026-08-13	../../../../../../tank/site2rag/websites_md/bahai-library.com/newspaper_clippings_archive-chicago_defender_1910-1975-1917-11-17,%20Thomas%20W%20Fleming%20The_Buckeye_State.md	1917-11-17,%20Thomas%20W%20Fleming%20The_Buckeye_State	1	0				1	title->lib/ocean
170939	2026-08-13	../../../../../../tank/site2rag/websites_md/bahai-library.com/newspaper_clippings_archive-chicago_defender_1910-1975-1918-01-19,%20Thomas%20W%20Fleming%20The_Buckeye_State.md	1918-01-19,%20Thomas%20W%20Fleming%20The_Buckeye_State	1	0				1	title->lib/ocean
170948	2026-08-13	../../../../../../tank/site2rag/websites_md/bahai-library.com/newspaper_clippings_archive-chicago_defender_1910-1975-1918-02-09,%20Thomas%20W%20Fleming%20The_Buckeye_State.md	1918-02-09,%20Thomas%20W%20Fleming%20The_Buckeye_State	1	0				1	title->lib/ocean
170955	2026-08-13	../../../../../../tank/site2rag/websites_md/bahai-library.com/newspaper_clippings_archive-chicago_defender_1910-1975-1918-03-02,%20Thomas%20W%20Fleming%20The_Buckeye_State.md	1918-03-02,%20Thomas%20W%20Fleming%20The_Buckeye_State	1	0				1	title->lib/ocean
170961	2026-08-13	../../../../../../tank/site2rag/websites_md/bahai-library.com/newspaper_clippings_archive-chicago_defender_1910-1975-1918-03-16,%20Douglass%20Center,%20Mrs._Celia_Parker_Woolley_Is_D.md	1918-03-16,%20Douglass%20Center,%20Mrs._Celia_Parker_Woolley_Is_D	1	0				1	title->lib/ocean
170967	2026-08-13	../../../../../../tank/site2rag/websites_md/bahai-library.com/newspaper_clippings_archive-chicago_defender_1910-1975-1918-04-06,%20Thomas%20W%20Fleming%20The_Buckeye_State.md	1918-04-06,%20Thomas%20W%20Fleming%20The_Buckeye_State	1	0				1	title->lib/ocean
170983	2026-08-13	../../../../../../tank/site2rag/websites_md/bahai-library.com/newspaper_clippings_archive-chicago_defender_1910-1975-1918-05-11,%20Gregory%20Y._M._C._A._News.md	1918-05-11,%20Gregory%20Y._M._C._A._News	1	0				1	title->lib/ocean
170989	2026-08-13	../../../../../../tank/site2rag/websites_md/bahai-library.com/newspaper_clippings_archive-chicago_defender_1910-1975-1918-05-25,%20Bahai%20The_Buckeye_State.md	1918-05-25,%20Bahai%20The_Buckeye_State	1	0				1	title->lib/ocean
170996	2026-08-13	../../../../../../tank/site2rag/websites_md/bahai-library.com/newspaper_clippings_archive-chicago_defender_1910-1975-1918-05-25,%20Thomas%20W%20Fleming%20The_Buckeye_State.md	1918-05-25,%20Thomas%20W%20Fleming%20The_Buckeye_State	1	0				1	no title match
171003	2026-08-13	../../../../../../tank/site2rag/websites_md/bahai-library.com/newspaper_clippings_archive-chicago_defender_1910-1975-1918-07-06,%20Bahai%20Clubs_And_Fraternal.md	1918-07-06,%20Bahai%20Clubs_And_Fraternal	1	0				1	title->lib/ocean
171006	2026-08-13	../../../../../../tank/site2rag/websites_md/bahai-library.com/newspaper_clippings_archive-chicago_defender_1910-1975-1918-07-13,%20Bahai%20Clubs_And_Fraternal.md	1918-07-13,%20Bahai%20Clubs_And_Fraternal	1	0				1	title->lib/ocean
171011	2026-08-13	../../../../../../tank/site2rag/websites_md/bahai-library.com/newspaper_clippings_archive-chicago_defender_1910-1975-1918-07-13,%20Thomas%20W%20Fleming%20The_Buckeye_State.md	1918-07-13,%20Thomas%20W%20Fleming%20The_Buckeye_State	1	0				1	title->lib/ocean
171012	2026-08-13	../../../../../../tank/site2rag/websites_md/bahai-library.com/newspaper_clippings_archive-chicago_defender_1910-1975-1918-08-03,%20Thomas%20W%20Fleming%20The_Buckeye_State.md	1918-08-03,%20Thomas%20W%20Fleming%20The_Buckeye_State	1	0				1	title->lib/ocean
171022	2026-08-13	../../../../../../tank/site2rag/websites_md/bahai-library.com/newspaper_clippings_archive-chicago_defender_1910-1975-1918-08-09,%20Gregory%20Pennsylvania.md	1918-08-09,%20Gregory%20Pennsylvania	1	0				1	title->lib/ocean
171030	2026-08-13	../../../../../../tank/site2rag/websites_md/bahai-library.com/newspaper_clippings_archive-chicago_defender_1910-1975-1918-08-24,%20Thomas%20W%20Fleming%20_Buckeye_State_..._Alexand.md	1918-08-24,%20Thomas%20W%20Fleming%20_Buckeye_State_..._Alexand	1	0				1	title->lib/ocean
171035	2026-08-13	../../../../../../tank/site2rag/websites_md/bahai-library.com/newspaper_clippings_archive-chicago_defender_1910-1975-1918-08-31,%20Thomas%20W%20Fleming%20The_Buckeye_State.md	1918-08-31,%20Thomas%20W%20Fleming%20The_Buckeye_State	1	0				1	title->lib/ocean
171041	2026-08-13	../../../../../../tank/site2rag/websites_md/bahai-library.com/newspaper_clippings_archive-chicago_defender_1910-1975-1918-09-21,%20Fleming%20The_Buckeye_State.md	1918-09-21,%20Fleming%20The_Buckeye_State	1	0				1	title->lib/ocean
171049	2026-08-13	../../../../../../tank/site2rag/websites_md/bahai-library.com/newspaper_clippings_archive-chicago_defender_1910-1975-1918-10-19,%20Lethia%20C%20Fleming%20The_Buckeye_State.md	1918-10-19,%20Lethia%20C%20Fleming%20The_Buckeye_State	1	0				1	title->lib/ocean
171058	2026-08-13	../../../../../../tank/site2rag/websites_md/bahai-library.com/newspaper_clippings_archive-chicago_defender_1910-1975-1918-10-19,%20Richard%20M.%20Bolden%20Liberia_Day_At_The_Altar_Of_Li.md	1918-10-19,%20Richard%20M.%20Bolden%20Liberia_Day_At_The_Altar_Of_Li	1	0				1	title->lib/ocean
171064	2026-08-13	../../../../../../tank/site2rag/websites_md/bahai-library.com/newspaper_clippings_archive-chicago_defender_1910-1975-1918-11-24,%20Douglass%20Center,%20Cincinnati_News.md	1918-11-24,%20Douglass%20Center,%20Cincinnati_News	1	0				1	title->lib/ocean
171071	2026-08-13	../../../../../../tank/site2rag/websites_md/bahai-library.com/newspaper_clippings_archive-chicago_defender_1910-1975-1919-05-03%20Bahaism%20The_Buckeye_State.md	1919-05-03%20Bahaism%20The_Buckeye_State	1	0				1	title->lib/ocean
171074	2026-08-13	../../../../../../tank/site2rag/websites_md/bahai-library.com/newspaper_clippings_archive-chicago_defender_1910-1975-1919-06-07,%20%20Richard%20M.%20Bolden%20Mme._Walker_Is_Laid_To_Rest_T.md	1919-06-07,%20%20Richard%20M.%20Bolden%20Mme._Walker_Is_Laid_To_Rest_T	1	0				1	title->lib/ocean
171085	2026-08-13	../../../../../../tank/site2rag/websites_md/bahai-library.com/newspaper_clippings_archive-chicago_defender_1910-1975-1919-06-21,%20Thomas%20W%20Fleming%20The_Buckeye_State.md	1919-06-21,%20Thomas%20W%20Fleming%20The_Buckeye_State	1	0				1	title->lib/ocean
171088	2026-08-13	../../../../../../tank/site2rag/websites_md/bahai-library.com/newspaper_clippings_archive-chicago_defender_1910-1975-1919-06-28,%20Thomas%20W%20Fleming%20The_Buckeye_State.md	1919-06-28,%20Thomas%20W%20Fleming%20The_Buckeye_State	1	0				1	title->lib/ocean
171092	2026-08-13	../../../../../../tank/site2rag/websites_md/bahai-library.com/newspaper_clippings_archive-chicago_defender_1910-1975-1919-09-27,%20Thomas%20W%20Fleming%20The_Buckeye_State.md	1919-09-27,%20Thomas%20W%20Fleming%20The_Buckeye_State	1	0				1	title->lib/ocean
171096	2026-08-13	../../../../../../tank/site2rag/websites_md/bahai-library.com/newspaper_clippings_archive-chicago_defender_1910-1975-1919-11-01,%20Thomas%20W%20Fleming%20The_Buckeye_State.md	1919-11-01,%20Thomas%20W%20Fleming%20The_Buckeye_State	1	0				1	title->lib/ocean
171098	2026-08-13	../../../../../../tank/site2rag/websites_md/bahai-library.com/newspaper_clippings_archive-chicago_defender_1910-1975-1919-12-27,%20Thomas%20W%20Fleming%20The_Buckeye_State.md	1919-12-27,%20Thomas%20W%20Fleming%20The_Buckeye_State	1	0				1	title->lib/ocean
171100	2026-08-13	../../../../../../tank/site2rag/websites_md/bahai-library.com/newspaper_clippings_archive-chicago_defender_1910-1975-1920-01-10,%20Baha%20Texas.md	1920-01-10,%20Baha%20Texas	1	0				1	title->lib/ocean
171102	2026-08-13	../../../../../../tank/site2rag/websites_md/bahai-library.com/newspaper_clippings_archive-chicago_defender_1910-1975-1920-01-10,%20Thomas%20W%20Fleming%20The_Buckeye_State.md	1920-01-10,%20Thomas%20W%20Fleming%20The_Buckeye_State	1	0				1	title->lib/ocean
171104	2026-08-13	../../../../../../tank/site2rag/websites_md/bahai-library.com/newspaper_clippings_archive-chicago_defender_1910-1975-1920-01-24,%20Thomas%20W%20Fleming%20Lincoln_League_Notes.md	1920-01-24,%20Thomas%20W%20Fleming%20Lincoln_League_Notes	1	0				1	title->lib/ocean
171110	2026-08-13	../../../../../../tank/site2rag/websites_md/bahai-library.com/newspaper_clippings_archive-chicago_defender_1910-1975-1920-01-24,%20Thomas%20W%20Fleming%20The_Buckeye_State.md	1920-01-24,%20Thomas%20W%20Fleming%20The_Buckeye_State	1	0				1	title->lib/ocean
171121	2026-08-13	../../../../../../tank/site2rag/websites_md/bahai-library.com/newspaper_clippings_archive-chicago_defender_1910-1975-1920-01-31,%20Thomas%20W%20Fleming%20The_Buckeye_State.md	1920-01-31,%20Thomas%20W%20Fleming%20The_Buckeye_State	1	0				1	title->lib/ocean
171127	2026-08-13	../../../../../../tank/site2rag/websites_md/bahai-library.com/newspaper_clippings_archive-chicago_defender_1910-1975-1920-02-14,%20Thomas%20W%20Fleming%20Delegates_Attending_Lincoln_Me.md	1920-02-14,%20Thomas%20W%20Fleming%20Delegates_Attending_Lincoln_Me	1	0				1	title->lib/ocean
171132	2026-08-13	../../../../../../tank/site2rag/websites_md/bahai-library.com/newspaper_clippings_archive-chicago_defender_1910-1975-1920-02-28,%20Thomas%20W%20Fleming%20Sidelights_On_The_Lincoln_Leag.md	1920-02-28,%20Thomas%20W%20Fleming%20Sidelights_On_The_Lincoln_Leag	1	0				1	title->lib/ocean
171140	2026-08-13	../../../../../../tank/site2rag/websites_md/bahai-library.com/newspaper_clippings_archive-chicago_defender_1910-1975-1920-03-06,%20Thomas%20W%20Fleming%20The_Buckeye_State.md	1920-03-06,%20Thomas%20W%20Fleming%20The_Buckeye_State	1	0				1	title->lib/ocean
171145	2026-08-13	../../../../../../tank/site2rag/websites_md/bahai-library.com/newspaper_clippings_archive-chicago_defender_1910-1975-1920-04-10,%20Thomas%20W%20Fleming%20The_Buckeye_State.md	1920-04-10,%20Thomas%20W%20Fleming%20The_Buckeye_State	1	0				1	title->lib/ocean
171153	2026-08-13	../../../../../../tank/site2rag/websites_md/bahai-library.com/newspaper_clippings_archive-chicago_defender_1910-1975-1920-04-17,%20Debatiste,%20Y._W._C._A._News.md	1920-04-17,%20Debatiste,%20Y._W._C._A._News	1	0				1	title->lib/ocean
171157	2026-08-13	../../../../../../tank/site2rag/websites_md/bahai-library.com/newspaper_clippings_archive-chicago_defender_1910-1975-1920-04-17,%20Thomas%20W%20Fleming%20The_Buckeye_State.md	1920-04-17,%20Thomas%20W%20Fleming%20The_Buckeye_State	1	0				1	title->lib/ocean
171165	2026-08-13	../../../../../../tank/site2rag/websites_md/bahai-library.com/newspaper_clippings_archive-chicago_defender_1910-1975-1920-05-08,%20Thomas%20W%20Fleming%20The_Buckeye_State.md	1920-05-08,%20Thomas%20W%20Fleming%20The_Buckeye_State	1	0				1	title->lib/ocean
171177	2026-08-13	../../../../../../tank/site2rag/websites_md/bahai-library.com/newspaper_clippings_archive-chicago_defender_1910-1975-1920-06-05,%20Thomas%20W%20Fleming%20The_Buckeye_State.md	1920-06-05,%20Thomas%20W%20Fleming%20The_Buckeye_State	1	0				1	title->lib/ocean
171184	2026-08-13	../../../../../../tank/site2rag/websites_md/bahai-library.com/newspaper_clippings_archive-chicago_defender_1910-1975-1920-07-24,%20Thomas%20W%20Fleming%20The_Buckeye_State.md	1920-07-24,%20Thomas%20W%20Fleming%20The_Buckeye_State	1	0				1	title->lib/ocean
171191	2026-08-13	../../../../../../tank/site2rag/websites_md/bahai-library.com/newspaper_clippings_archive-chicago_defender_1910-1975-1920-09-18,%20Thomas%20W%20Fleming%20The_Buckeye_State.md	1920-09-18,%20Thomas%20W%20Fleming%20The_Buckeye_State	1	0				1	title->lib/ocean
171197	2026-08-13	../../../../../../tank/site2rag/websites_md/bahai-library.com/newspaper_clippings_archive-chicago_defender_1910-1975-1920-09-25,%20Thomas%20W%20Fleming%20The_Buckeye_State.md	1920-09-25,%20Thomas%20W%20Fleming%20The_Buckeye_State	1	0				1	title->lib/ocean
171205	2026-08-13	../../../../../../tank/site2rag/websites_md/bahai-library.com/newspaper_clippings_archive-chicago_defender_1910-1975-1920-10-09,%20Thomas%20W%20Fleming%20The_Buckeye_State.md	1920-10-09,%20Thomas%20W%20Fleming%20The_Buckeye_State	1	0				1	title->lib/ocean
171211	2026-08-13	../../../../../../tank/site2rag/websites_md/bahai-library.com/newspaper_clippings_archive-chicago_defender_1910-1975-1920-10-30,%20Thomas%20W%20Fleming%20The_Buckeye_State.md	1920-10-30,%20Thomas%20W%20Fleming%20The_Buckeye_State	1	0				1	title->lib/ocean
171214	2026-08-13	../../../../../../tank/site2rag/websites_md/bahai-library.com/newspaper_clippings_archive-chicago_defender_1910-1975-1920-11-20,%20Lethia%20C%20Fleming%20The_Buckeye_State.md	1920-11-20,%20Lethia%20C%20Fleming%20The_Buckeye_State	1	0				1	title->lib/ocean
171218	2026-08-13	../../../../../../tank/site2rag/websites_md/bahai-library.com/newspaper_clippings_archive-chicago_defender_1910-1975-1920-12-25,%20Thomas%20W%20Fleming%20The_Buckeye_State.md	1920-12-25,%20Thomas%20W%20Fleming%20The_Buckeye_State	1	0				1	title->lib/ocean
171223	2026-08-13	../../../../../../tank/site2rag/websites_md/bahai-library.com/newspaper_clippings_archive-chicago_defender_1910-1975-1921-01-15,%20Thomas%20W%20Fleming%20The_Buckeye_State.md	1921-01-15,%20Thomas%20W%20Fleming%20The_Buckeye_State	1	0				1	title->lib/ocean
171237	2026-08-13	../../../../../../tank/site2rag/websites_md/bahai-library.com/newspaper_clippings_archive-chicago_defender_1910-1975-1921-04-23,%20Bahai%20Bahai_Congress_To_Meet.md	1921-04-23,%20Bahai%20Bahai_Congress_To_Meet	1	0				1	title->lib/ocean
171248	2026-08-13	../../../../../../tank/site2rag/websites_md/bahai-library.com/newspaper_clippings_archive-chicago_defender_1910-1975-1921-04-30,%20Baha%20The_Buckeye_State.md	1921-04-30,%20Baha%20The_Buckeye_State	1	0				1	title->lib/ocean
171255	2026-08-13	../../../../../../tank/site2rag/websites_md/bahai-library.com/newspaper_clippings_archive-chicago_defender_1910-1975-1921-05-04,%20Bahai%20Few_Facts_Concerning_He_New_Ba.md	1921-05-04,%20Bahai%20Few_Facts_Concerning_He_New_Ba	1	0				1	title->lib/ocean
171269	2026-08-13	../../../../../../tank/site2rag/websites_md/bahai-library.com/newspaper_clippings_archive-chicago_defender_1910-1975-1921-05-07,%20Thomas%20W%20Fleming%20The_Buckeye_State.md	1921-05-07,%20Thomas%20W%20Fleming%20The_Buckeye_State	1	0				1	title->lib/ocean
171278	2026-08-13	../../../../../../tank/site2rag/websites_md/bahai-library.com/newspaper_clippings_archive-chicago_defender_1910-1975-1921-05-21,%20Baha%20Bahai_Movement.md	1921-05-21,%20Baha%20Bahai_Movement	1	0				1	title->lib/ocean
171284	2026-08-13	../../../../../../tank/site2rag/websites_md/bahai-library.com/newspaper_clippings_archive-chicago_defender_1910-1975-1921-05-28,%20Baha%20Seer_From_East_Decries_Unrest_.md	1921-05-28,%20Baha%20Seer_From_East_Decries_Unrest_	2	0				1	title->lib/ocean
171290	2026-08-13	../../../../../../tank/site2rag/websites_md/bahai-library.com/newspaper_clippings_archive-chicago_defender_1910-1975-1921-05-28,%20Matthew%20Bullock%20Close_Boston_Theatre_To_Stot_B.md	1921-05-28,%20Matthew%20Bullock%20Close_Boston_Theatre_To_Stot_B	1	0				1	title->lib/ocean
171297	2026-08-13	../../../../../../tank/site2rag/websites_md/bahai-library.com/newspaper_clippings_archive-chicago_defender_1910-1975-1921-05-28,%20Thomas%20W%20Fleming%20The_Buckeye_State.md	1921-05-28,%20Thomas%20W%20Fleming%20The_Buckeye_State	1	0				1	title->lib/ocean
171300	2026-08-13	../../../../../../tank/site2rag/websites_md/bahai-library.com/newspaper_clippings_archive-chicago_defender_1910-1975-1921-06-18,%20Bahai%20Prejudice_Germ_Infests_People_.md	1921-06-18,%20Bahai%20Prejudice_Germ_Infests_People_	1	0				1	title->lib/ocean
171307	2026-08-13	../../../../../../tank/site2rag/websites_md/bahai-library.com/newspaper_clippings_archive-chicago_defender_1910-1975-1921-08-06,%20Thomas%20W%20Fleming%20The_Buckeye_State.md	1921-08-06,%20Thomas%20W%20Fleming%20The_Buckeye_State	1	0				1	title->lib/ocean
171334	2026-08-13	../../../../../../tank/site2rag/websites_md/bahai-library.com/newspaper_clippings_archive-chicago_defender_1910-1975-1921-12-10,%20Baha%20The_Onlooker_Religious_Worshi.md	1921-12-10,%20Baha%20The_Onlooker_Religious_Worshi	1	0				1	title->lib/ocean
171344	2026-08-13	../../../../../../tank/site2rag/websites_md/bahai-library.com/newspaper_clippings_archive-chicago_defender_1910-1975-1921-12-31,%20Baha%20Gregory_Sees_Great_Service_Of_.md	1921-12-31,%20Baha%20Gregory_Sees_Great_Service_Of_	1	0				1	title->lib/ocean
171349	2026-08-13	../../../../../../tank/site2rag/websites_md/bahai-library.com/newspaper_clippings_archive-chicago_defender_1910-1975-1922-01-07,%20Coralie%20F.%20Cook%20Under_The_Capitol_Dome.md	1922-01-07,%20Coralie%20F.%20Cook%20Under_The_Capitol_Dome	1	0				1	title->lib/ocean
171353	2026-08-13	../../../../../../tank/site2rag/websites_md/bahai-library.com/newspaper_clippings_archive-chicago_defender_1910-1975-1922-03-18,%20Rosa%20Williams%20Georgia_Markspan_Class=hi.md	1922-03-18,%20Rosa%20Williams%20Georgia_Markspan_Class=hi	1	0				1	title->lib/ocean
171361	2026-08-13	../../../../../../tank/site2rag/websites_md/bahai-library.com/newspaper_clippings_archive-chicago_defender_1910-1975-1922-04-22,%20Baha%20Races_Forget_Color_In_Great_Br.md	1922-04-22,%20Baha%20Races_Forget_Color_In_Great_Br	1	0				1	title->lib/ocean
171375	2026-08-13	../../../../../../tank/site2rag/websites_md/bahai-library.com/newspaper_clippings_archive-chicago_defender_1910-1975-1922-04-29,%20Bahai%20Bahai_Congress_Open_Door_For_R.md	1922-04-29,%20Bahai%20Bahai_Congress_Open_Door_For_R	1	0				1	title->lib/ocean
171387	2026-08-13	../../../../../../tank/site2rag/websites_md/bahai-library.com/newspaper_clippings_archive-chicago_defender_1910-1975-1922-05-27,%20Matthew%20Bullock%20Around_The_Hub_Notice_To_Corr.md	1922-05-27,%20Matthew%20Bullock%20Around_The_Hub_Notice_To_Corr	1	0				1	title->lib/ocean
171388	2026-08-13	../../../../../../tank/site2rag/websites_md/bahai-library.com/newspaper_clippings_archive-chicago_defender_1910-1975-1922-05-27-%20Leslie%20Hill%20Writers--Past_And_Present.md	1922-05-27-%20Leslie%20Hill%20Writers--Past_And_Present	1	0				1	title->lib/ocean
171398	2026-08-13	../../../../../../tank/site2rag/websites_md/bahai-library.com/newspaper_clippings_archive-chicago_defender_1910-1975-1922-07-08,%20Thomas%20W%20Fleming%20The_Buckeye_State.md	1922-07-08,%20Thomas%20W%20Fleming%20The_Buckeye_State	1	0				1	title->lib/ocean
171403	2026-08-13	../../../../../../tank/site2rag/websites_md/bahai-library.com/newspaper_clippings_archive-chicago_defender_1910-1975-1922-08-19,%20Baha%20City_News_In_Brief_Miss_Spaul.md	1922-08-19,%20Baha%20City_News_In_Brief_Miss_Spaul	1	0				1	title->lib/ocean
171428	2026-08-13	../../../../../../tank/site2rag/websites_md/bahai-library.com/newspaper_clippings_archive-chicago_defender_1910-1975-1922-08-19,%20Thomas%20W%20Fleming%20The_Week_Henry_Clews_Indianap.md	1922-08-19,%20Thomas%20W%20Fleming%20The_Week_Henry_Clews_Indianap	2	0				1	title->lib/ocean
171431	2026-08-13	../../../../../../tank/site2rag/websites_md/bahai-library.com/newspaper_clippings_archive-chicago_defender_1910-1975-1922-08-26,%20Baha%20City_News_In_Brief_Mrs._Peter.md	1922-08-26,%20Baha%20City_News_In_Brief_Mrs._Peter	1	0				1	title->lib/ocean
171439	2026-08-13	../../../../../../tank/site2rag/websites_md/bahai-library.com/newspaper_clippings_archive-chicago_defender_1910-1975-1922-09-09,%20Baha%20City_News_In_Brief_Visitors_T.md	1922-09-09,%20Baha%20City_News_In_Brief_Visitors_T	1	0				1	title->lib/ocean
171451	2026-08-13	../../../../../../tank/site2rag/websites_md/bahai-library.com/newspaper_clippings_archive-chicago_defender_1910-1975-1922-10-07,%20Baha%20City_News_In_Brief_Accused_Of.md	1922-10-07,%20Baha%20City_News_In_Brief_Accused_Of	1	0				1	title->lib/ocean
171458	2026-08-13	../../../../../../tank/site2rag/websites_md/bahai-library.com/newspaper_clippings_archive-chicago_defender_1910-1975-1922-10-21,%20Baha%20City_News_In_Brief_The_Rev._W.md	1922-10-21,%20Baha%20City_News_In_Brief_The_Rev._W	1	0				1	title->lib/ocean
171463	2026-08-13	../../../../../../tank/site2rag/websites_md/bahai-library.com/newspaper_clippings_archive-chicago_defender_1910-1975-1922-10-28,%20Baha%20City_News_In_Brief_Alabama_So.md	1922-10-28,%20Baha%20City_News_In_Brief_Alabama_So	1	0				1	title->lib/ocean
171468	2026-08-13	../../../../../../tank/site2rag/websites_md/bahai-library.com/newspaper_clippings_archive-chicago_defender_1910-1975-1922-11-25,%20Thomas%20W%20Fleming%20The_Buckeye_State_Cleveland_O.md	1922-11-25,%20Thomas%20W%20Fleming%20The_Buckeye_State_Cleveland_O	1	0				1	title->lib/ocean
171474	2026-08-13	../../../../../../tank/site2rag/websites_md/bahai-library.com/newspaper_clippings_archive-chicago_defender_1910-1975-1922-12-16,%20Baha%20Instruction_In_The_Noble_Word_.md	1922-12-16,%20Baha%20Instruction_In_The_Noble_Word_	1	0				1	title->lib/ocean
171486	2026-08-13	../../../../../../tank/site2rag/websites_md/bahai-library.com/newspaper_clippings_archive-chicago_defender_1910-1975-1922-12-23,%20Thomas%20W%20Fleming%20The_Buckeye_State.md	1922-12-23,%20Thomas%20W%20Fleming%20The_Buckeye_State	1	0				1	title->lib/ocean
171494	2026-08-13	../../../../../../tank/site2rag/websites_md/bahai-library.com/newspaper_clippings_archive-chicago_defender_1910-1975-1923-01-13,%20Bahai%20City_News_In_Brief_Shot_In_Fi.md	1923-01-13,%20Bahai%20City_News_In_Brief_Shot_In_Fi	1	0				1	title->lib/ocean
171504	2026-08-13	../../../../../../tank/site2rag/websites_md/bahai-library.com/newspaper_clippings_archive-chicago_defender_1910-1975-1923-01-20,%20Bahai%20City_News_In_Brief_Gives_Husb.md	1923-01-20,%20Bahai%20City_News_In_Brief_Gives_Husb	1	0				1	title->lib/ocean
171512	2026-08-13	../../../../../../tank/site2rag/websites_md/bahai-library.com/newspaper_clippings_archive-chicago_defender_1910-1975-1923-01-27,%20Bahai%20City_News_In_Brief_A_Correcti.md	1923-01-27,%20Bahai%20City_News_In_Brief_A_Correcti	1	0				1	title->lib/ocean
171517	2026-08-13	../../../../../../tank/site2rag/websites_md/bahai-library.com/newspaper_clippings_archive-chicago_defender_1910-1975-1923-02-17,%20Bahai%20City_News_In_Brief_Returns_To.md	1923-02-17,%20Bahai%20City_News_In_Brief_Returns_To	1	0				1	title->lib/ocean
171528	2026-08-13	../../../../../../tank/site2rag/websites_md/bahai-library.com/newspaper_clippings_archive-chicago_defender_1910-1975-1923-02-24,%20Bahai%20City_News_In_Brief_Goes_Home.md	1923-02-24,%20Bahai%20City_News_In_Brief_Goes_Home	1	0				1	title->lib/ocean
171532	2026-08-13	../../../../../../tank/site2rag/websites_md/bahai-library.com/newspaper_clippings_archive-chicago_defender_1910-1975-1923-03-03,%20Bahai%20City_News_In_Brief_Wields_Wic.md	1923-03-03,%20Bahai%20City_News_In_Brief_Wields_Wic	1	0				1	title->lib/ocean
171534	2026-08-13	../../../../../../tank/site2rag/websites_md/bahai-library.com/newspaper_clippings_archive-chicago_defender_1910-1975-1923-03-10,%20Bahai%20City_News_In_Brief_Mrs._Louis.md	1923-03-10,%20Bahai%20City_News_In_Brief_Mrs._Louis	1	0				1	title->lib/ocean
171541	2026-08-13	../../../../../../tank/site2rag/websites_md/bahai-library.com/newspaper_clippings_archive-chicago_defender_1910-1975-1923-04-07,%20Thomas%20W%20Fleming%20The_Buckeye_State_Cleveland,_.md	1923-04-07,%20Thomas%20W%20Fleming%20The_Buckeye_State_Cleveland,_	1	0				1	title->lib/ocean
171550	2026-08-13	../../../../../../tank/site2rag/websites_md/bahai-library.com/newspaper_clippings_archive-chicago_defender_1910-1975-1923-05-05,%20Bahai%20Bahais_Bring_Unity_Message_To_.md	1923-05-05,%20Bahai%20Bahais_Bring_Unity_Message_To_	1	0				1	title->lib/ocean
171566	2026-08-13	../../../../../../tank/site2rag/websites_md/bahai-library.com/newspaper_clippings_archive-chicago_defender_1910-1975-1923-05-26,%20Bahai%20Churches.md	1923-05-26,%20Bahai%20Churches	1	0				1	title->lib/ocean
171572	2026-08-13	../../../../../../tank/site2rag/websites_md/bahai-library.com/newspaper_clippings_archive-chicago_defender_1910-1975-1923-06-09,%20Bahai%20Churches.md	1923-06-09,%20Bahai%20Churches	1	0				1	title->lib/ocean
171582	2026-08-13	../../../../../../tank/site2rag/websites_md/bahai-library.com/newspaper_clippings_archive-chicago_defender_1910-1975-1923-06-16,%20Bahai%20Churches.md	1923-06-16,%20Bahai%20Churches	1	0				1	title->lib/ocean
171588	2026-08-13	../../../../../../tank/site2rag/websites_md/bahai-library.com/newspaper_clippings_archive-chicago_defender_1910-1975-1923-06-23,%20Bahai%20Churches.md	1923-06-23,%20Bahai%20Churches	1	0				1	title->lib/ocean
171591	2026-08-13	../../../../../../tank/site2rag/websites_md/bahai-library.com/newspaper_clippings_archive-chicago_defender_1910-1975-1923-07-14,%20Bahai%20Churches.md	1923-07-14,%20Bahai%20Churches	1	0				1	title->lib/ocean
171596	2026-08-13	../../../../../../tank/site2rag/websites_md/bahai-library.com/newspaper_clippings_archive-chicago_defender_1910-1975-1923-07-28,%20Bahai%20Churches.md	1923-07-28,%20Bahai%20Churches	1	0				1	title->lib/ocean
171609	2026-08-13	../../../../../../tank/site2rag/websites_md/bahai-library.com/newspaper_clippings_archive-chicago_defender_1910-1975-1923-08-11,%20Bahai%20Churches.md	1923-08-11,%20Bahai%20Churches	1	0				1	title->lib/ocean
171617	2026-08-13	../../../../../../tank/site2rag/websites_md/bahai-library.com/newspaper_clippings_archive-chicago_defender_1910-1975-1923-10-13,%20Bahai%20Churches.md	1923-10-13,%20Bahai%20Churches	1	0				1	title->lib/ocean
171624	2026-08-13	../../../../../../tank/site2rag/websites_md/bahai-library.com/newspaper_clippings_archive-chicago_defender_1910-1975-1923-11-03,%20Bahai%20Churches.md	1923-11-03,%20Bahai%20Churches	1	0				1	title->lib/ocean
171627	2026-08-13	../../../../../../tank/site2rag/websites_md/bahai-library.com/newspaper_clippings_archive-chicago_defender_1910-1975-1923-11-10,%20Bahai%20Churches.md	1923-11-10,%20Bahai%20Churches	1	0				1	title->lib/ocean
171630	2026-08-13	../../../../../../tank/site2rag/websites_md/bahai-library.com/newspaper_clippings_archive-chicago_defender_1910-1975-1923-11-24,%20Bahai%20Churches.md	1923-11-24,%20Bahai%20Churches	1	0				1	title->lib/ocean
171637	2026-08-13	../../../../../../tank/site2rag/websites_md/bahai-library.com/newspaper_clippings_archive-chicago_defender_1910-1975-1923-12-08,%20Thomas%20W%20Fleming%20The_Buckeye_State_Cleveland_N.md	1923-12-08,%20Thomas%20W%20Fleming%20The_Buckeye_State_Cleveland_N	1	0				1	title->lib/ocean
171652	2026-08-13	../../../../../../tank/site2rag/websites_md/bahai-library.com/newspaper_clippings_archive-chicago_defender_1910-1975-1923-12-29,%20Thomas%20W%20Fleming%20The_Buckeye_State_Cleveland_N.md	1923-12-29,%20Thomas%20W%20Fleming%20The_Buckeye_State_Cleveland_N	1	0				1	title->lib/ocean
171669	2026-08-13	../../../../../../tank/site2rag/websites_md/bahai-library.com/newspaper_clippings_archive-chicago_defender_1910-1975-1924-01-26,%20Richard%20M.%20Bolden%20Non-Partisans_Give_John_Smith_.md	1924-01-26,%20Richard%20M.%20Bolden%20Non-Partisans_Give_John_Smith_	1	0				1	title->lib/ocean
171687	2026-08-13	../../../../../../tank/site2rag/websites_md/bahai-library.com/newspaper_clippings_archive-chicago_defender_1910-1975-1924-02-02,%20Thomas%20W%20Fleming%20Chicago_Prepares_For_Lincoln_L.md	1924-02-02,%20Thomas%20W%20Fleming%20Chicago_Prepares_For_Lincoln_L	1	0				1	title->lib/ocean
171703	2026-08-13	../../../../../../tank/site2rag/websites_md/bahai-library.com/newspaper_clippings_archive-chicago_defender_1910-1975-1924-02-23,%20Thomas%20W%20Fleming%20The_Buckeye_State_Cleveland_N.md	1924-02-23,%20Thomas%20W%20Fleming%20The_Buckeye_State_Cleveland_N	1	0				1	title->lib/ocean
171710	2026-08-13	../../../../../../tank/site2rag/websites_md/bahai-library.com/newspaper_clippings_archive-chicago_defender_1910-1975-1924-03-08,%20Thomas%20W%20Fleming%20The_Buckeye_State_Cleveland_N.md	1924-03-08,%20Thomas%20W%20Fleming%20The_Buckeye_State_Cleveland_N	1	0				1	title->lib/ocean
171717	2026-08-13	../../../../../../tank/site2rag/websites_md/bahai-library.com/newspaper_clippings_archive-chicago_defender_1910-1975-1924-03-22,%20Bahai%20Northwestern_Students_Hear_Edi.md	1924-03-22,%20Bahai%20Northwestern_Students_Hear_Edi	1	0				1	title->lib/ocean
171725	2026-08-13	../../../../../../tank/site2rag/websites_md/bahai-library.com/newspaper_clippings_archive-chicago_defender_1910-1975-1924-04-26,%20Bahai%20Bahai_Doctrine_Strikes_At_Base.md	1924-04-26,%20Bahai%20Bahai_Doctrine_Strikes_At_Base	1	0				1	title->lib/ocean
171729	2026-08-13	../../../../../../tank/site2rag/websites_md/bahai-library.com/newspaper_clippings_archive-chicago_defender_1910-1975-1924-05-17,%20Lethia%20C%20Fleming%20Clevelanders_Make_Final_Plans_.md	1924-05-17,%20Lethia%20C%20Fleming%20Clevelanders_Make_Final_Plans_	1	0				1	title->lib/ocean
171735	2026-08-13	../../../../../../tank/site2rag/websites_md/bahai-library.com/newspaper_clippings_archive-chicago_defender_1910-1975-1924-05-24,%20Matthew%20Bullock%20Around_The_Hub.md	1924-05-24,%20Matthew%20Bullock%20Around_The_Hub	1	0				1	title->lib/ocean
171747	2026-08-13	../../../../../../tank/site2rag/websites_md/bahai-library.com/newspaper_clippings_archive-chicago_defender_1910-1975-1924-06-07,%20Lethia%20C%20Fleming%20Cleveland_Gets_Ready_For_Big_G.md	1924-06-07,%20Lethia%20C%20Fleming%20Cleveland_Gets_Ready_For_Big_G	1	0				1	title->lib/ocean
171752	2026-08-13	../../../../../../tank/site2rag/websites_md/bahai-library.com/newspaper_clippings_archive-chicago_defender_1910-1975-1924-06-07,%20Thomas%20W%20Fleming%20The_Buckeye_State_Cleveland_N.md	1924-06-07,%20Thomas%20W%20Fleming%20The_Buckeye_State_Cleveland_N	1	0				1	title->lib/ocean
171762	2026-08-13	../../../../../../tank/site2rag/websites_md/bahai-library.com/newspaper_clippings_archive-chicago_defender_1910-1975-1924-06-14,%20Lethia%20C%20Fleming%20The_Buckeye_State_Cleveland_B.md	1924-06-14,%20Lethia%20C%20Fleming%20The_Buckeye_State_Cleveland_B	1	0				1	title->lib/ocean
171765	2026-08-13	../../../../../../tank/site2rag/websites_md/bahai-library.com/newspaper_clippings_archive-chicago_defender_1910-1975-1924-06-21,%20Elsie%20Austin%20Buckeye_State_Cincinnati_News.md	1924-06-21,%20Elsie%20Austin%20Buckeye_State_Cincinnati_News	1	0				1	title->lib/ocean
171788	2026-08-13	../../../../../../tank/site2rag/websites_md/bahai-library.com/newspaper_clippings_archive-chicago_defender_1910-1975-1924-08-30,%20Thomas%20W%20Fleming%20The_Buckeye_State_Cleveland_N.md	1924-08-30,%20Thomas%20W%20Fleming%20The_Buckeye_State_Cleveland_N	1	0				1	title->lib/ocean
171792	2026-08-13	../../../../../../tank/site2rag/websites_md/bahai-library.com/newspaper_clippings_archive-chicago_defender_1910-1975-1924-09-20,%20Bahai%20Cincinnati_News.md	1924-09-20,%20Bahai%20Cincinnati_News	1	0				1	title->lib/ocean
171805	2026-08-13	../../../../../../tank/site2rag/websites_md/bahai-library.com/newspaper_clippings_archive-chicago_defender_1910-1975-1924-10-27,%20Elsie%20Austin%20Buckeye_State_Cincinnati_News.md	1924-10-27,%20Elsie%20Austin%20Buckeye_State_Cincinnati_News	1	0				1	title->lib/ocean
171808	2026-08-13	../../../../../../tank/site2rag/websites_md/bahai-library.com/newspaper_clippings_archive-chicago_defender_1910-1975-1924-11-01,%20Bahai%20Pennsylvania_Philadelphia_New.md	1924-11-01,%20Bahai%20Pennsylvania_Philadelphia_New	1	0				1	title->lib/ocean
171819	2026-08-13	../../../../../../tank/site2rag/websites_md/bahai-library.com/newspaper_clippings_archive-chicago_defender_1910-1975-1924-11-01,%20Robert%20Sengstacke%20Abbott%20Vote_For_Coolidge-Dawes_Our_D.md	1924-11-01,%20Robert%20Sengstacke%20Abbott%20Vote_For_Coolidge-Dawes_Our_D	1	0				1	title->lib/ocean
171827	2026-08-13	../../../../../../tank/site2rag/websites_md/bahai-library.com/newspaper_clippings_archive-chicago_defender_1910-1975-1925-01-03,%20Thomas%20W%20Fleming%20Cleveland_Society.md	1925-01-03,%20Thomas%20W%20Fleming%20Cleveland_Society	1	0				1	title->lib/ocean
171838	2026-08-13	../../../../../../tank/site2rag/websites_md/bahai-library.com/newspaper_clippings_archive-chicago_defender_1910-1975-1925-01-10,%20Thomas%20W%20Fleming%20Hotel_Notes_Majestic_Hotel.md	1925-01-10,%20Thomas%20W%20Fleming%20Hotel_Notes_Majestic_Hotel	1	0				1	title->lib/ocean
171849	2026-08-13	../../../../../../tank/site2rag/websites_md/bahai-library.com/newspaper_clippings_archive-chicago_defender_1910-1975-1925-01-10,%20Thomas%20W%20Fleming%20The_Buckeye_State_Cleveland_N.md	1925-01-10,%20Thomas%20W%20Fleming%20The_Buckeye_State_Cleveland_N	1	0				1	title->lib/ocean
171856	2026-08-13	../../../../../../tank/site2rag/websites_md/bahai-library.com/newspaper_clippings_archive-chicago_defender_1910-1975-1925-01-17,%20Bahai%20Around_The_Hub_Boston_News.md	1925-01-17,%20Bahai%20Around_The_Hub_Boston_News	1	0				1	title->lib/ocean
171866	2026-08-13	../../../../../../tank/site2rag/websites_md/bahai-library.com/newspaper_clippings_archive-chicago_defender_1910-1975-1925-01-24,%20Thomas%20W%20Fleming%20The_Buckeye_State_Cleveland_N.md	1925-01-24,%20Thomas%20W%20Fleming%20The_Buckeye_State_Cleveland_N	1	0				1	title->lib/ocean
171874	2026-08-13	../../../../../../tank/site2rag/websites_md/bahai-library.com/newspaper_clippings_archive-chicago_defender_1910-1975-1925-02-07,%20Alain%20Locke%20High_School_Notes_Dunbar_High.md	1925-02-07,%20Alain%20Locke%20High_School_Notes_Dunbar_High	1	0				1	title->lib/ocean
171878	2026-08-13	../../../../../../tank/site2rag/websites_md/bahai-library.com/newspaper_clippings_archive-chicago_defender_1910-1975-1925-02-14,%20Thomas%20W%20Fleming%20The_Buckeye_State_Cleveland_N.md	1925-02-14,%20Thomas%20W%20Fleming%20The_Buckeye_State_Cleveland_N	1	0				1	title->lib/ocean
171882	2026-08-13	../../../../../../tank/site2rag/websites_md/bahai-library.com/newspaper_clippings_archive-chicago_defender_1910-1975-1925-03-28,%20Thomas%20W%20Fleming%20The_Buckeye_State_Cleveland_N.md	1925-03-28,%20Thomas%20W%20Fleming%20The_Buckeye_State_Cleveland_N	1	0				1	title->lib/ocean
171886	2026-08-13	../../../../../../tank/site2rag/websites_md/bahai-library.com/newspaper_clippings_archive-chicago_defender_1910-1975-1925-04-11,%20Baha%20Our_Race_In_The_South_Views_O.md	1925-04-11,%20Baha%20Our_Race_In_The_South_Views_O	1	0				1	title->lib/ocean
171897	2026-08-13	../../../../../../tank/site2rag/websites_md/bahai-library.com/newspaper_clippings_archive-chicago_defender_1910-1975-1925-05-02,%20Bahai%20Around_The_Hub_Boston_News.md	1925-05-02,%20Bahai%20Around_The_Hub_Boston_News	1	0				1	title->lib/ocean
171915	2026-08-13	../../../../../../tank/site2rag/websites_md/bahai-library.com/newspaper_clippings_archive-chicago_defender_1910-1975-1925-10-17,%20Thomas%20W%20Fleming%20The_Buckeye_State_Cleveland_N.md	1925-10-17,%20Thomas%20W%20Fleming%20The_Buckeye_State_Cleveland_N	1	0				1	title->lib/ocean
171922	2026-08-13	../../../../../../tank/site2rag/websites_md/bahai-library.com/newspaper_clippings_archive-chicago_defender_1910-1975-1925-10-31,%20Richard%20M.%20Bolden%20New_York_City_Briefs.md	1925-10-31,%20Richard%20M.%20Bolden%20New_York_City_Briefs	1	0				1	title->lib/ocean
171923	2026-08-13	../../../../../../tank/site2rag/websites_md/bahai-library.com/newspaper_clippings_archive-chicago_defender_1910-1975-1925-10-31,%20Thomas%20W%20Fleming%20The_Buckeye_State_Cleveland_N.md	1925-10-31,%20Thomas%20W%20Fleming%20The_Buckeye_State_Cleveland_N	1	0				1	title->lib/ocean
171933	2026-08-13	../../../../../../tank/site2rag/websites_md/bahai-library.com/newspaper_clippings_archive-chicago_defender_1910-1975-1925-11-14,%20Thomas%20W%20Fleming%20The_Buckeye_State_Cleveland_N.md	1925-11-14,%20Thomas%20W%20Fleming%20The_Buckeye_State_Cleveland_N	1	0				1	title->lib/ocean
171941	2026-08-13	../../../../../../tank/site2rag/websites_md/bahai-library.com/newspaper_clippings_archive-chicago_defender_1910-1975-1925-12-12,%20Alain%20Locke%20Give_Dinner.md	1925-12-12,%20Alain%20Locke%20Give_Dinner	1	0				1	title->lib/ocean
171950	2026-08-13	../../../../../../tank/site2rag/websites_md/bahai-library.com/newspaper_clippings_archive-chicago_defender_1910-1975-1925-12-12,%20Douglass%20Center,%20Columbus,_Ohio.md	1925-12-12,%20Douglass%20Center,%20Columbus,_Ohio	1	0				1	title->lib/ocean
171955	2026-08-13	../../../../../../tank/site2rag/websites_md/bahai-library.com/newspaper_clippings_archive-chicago_defender_1910-1975-1926-02-06,%20Alain%20Locke%20Alpha_Kappa_Alphas_Hold_Fine_S.md	1926-02-06,%20Alain%20Locke%20Alpha_Kappa_Alphas_Hold_Fine_S	1	0				1	title->lib/ocean
171963	2026-08-13	../../../../../../tank/site2rag/websites_md/bahai-library.com/newspaper_clippings_archive-chicago_defender_1910-1975-1926-02-20,%20Alain%20Locke%20Contributors_Dine.md	1926-02-20,%20Alain%20Locke%20Contributors_Dine	1	0				1	title->lib/ocean
171968	2026-08-13	../../../../../../tank/site2rag/websites_md/bahai-library.com/newspaper_clippings_archive-chicago_defender_1910-1975-1926-05-08,%20Thomas%20W%20Fleming%20The_Buckeye_State_Cleveland_N.md	1926-05-08,%20Thomas%20W%20Fleming%20The_Buckeye_State_Cleveland_N	1	0				1	title->lib/ocean
171972	2026-08-13	../../../../../../tank/site2rag/websites_md/bahai-library.com/newspaper_clippings_archive-chicago_defender_1910-1975-1926-05-22,%20Bahai%20What_Is_A_Bahai.md	1926-05-22,%20Bahai%20What_Is_A_Bahai	1	0				1	title->lib/ocean
171984	2026-08-13	../../../../../../tank/site2rag/websites_md/bahai-library.com/newspaper_clippings_archive-chicago_defender_1910-1975-1926-06-05,%20Bahai%20What_Is_A_Bahai_Part_Two.md	1926-06-05,%20Bahai%20What_Is_A_Bahai_Part_Two	1	0				1	title->lib/ocean
171995	2026-08-13	../../../../../../tank/site2rag/websites_md/bahai-library.com/newspaper_clippings_archive-chicago_defender_1910-1975-1926-06-05,%20Coralie%20F.%20Cook%20High_School_Notes_Dunbar_Note.md	1926-06-05,%20Coralie%20F.%20Cook%20High_School_Notes_Dunbar_Note	1	0				1	title->lib/ocean
172003	2026-08-13	../../../../../../tank/site2rag/websites_md/bahai-library.com/newspaper_clippings_archive-chicago_defender_1910-1975-1926-06-19,%20Coralie%20F.%20Cook%20High_School_Notes.md	1926-06-19,%20Coralie%20F.%20Cook%20High_School_Notes	1	0				1	title->lib/ocean
172013	2026-08-13	../../../../../../tank/site2rag/websites_md/bahai-library.com/newspaper_clippings_archive-chicago_defender_1910-1975-1926-07-03,%20Caroline%20W.%20Harris%20Under_The_Capitol_Dome_Washin.md	1926-07-03,%20Caroline%20W.%20Harris%20Under_The_Capitol_Dome_Washin	1	0				1	title->lib/ocean
172027	2026-08-13	../../../../../../tank/site2rag/websites_md/bahai-library.com/newspaper_clippings_archive-chicago_defender_1910-1975-1926-07-10,%20Thomas%20W%20Fleming%20Elk_Champion_Band_To_Play_In_C.md	1926-07-10,%20Thomas%20W%20Fleming%20Elk_Champion_Band_To_Play_In_C	1	0				1	title->lib/ocean
172033	2026-08-13	../../../../../../tank/site2rag/websites_md/bahai-library.com/newspaper_clippings_archive-chicago_defender_1910-1975-1926-07-17,%20Douglass%20Center,%20Toledo.md	1926-07-17,%20Douglass%20Center,%20Toledo	1	0				1	title->lib/ocean
172040	2026-08-13	../../../../../../tank/site2rag/websites_md/bahai-library.com/newspaper_clippings_archive-chicago_defender_1910-1975-1926-08-07,%20Douglass%20Center,%20Toledo.md	1926-08-07,%20Douglass%20Center,%20Toledo	1	0				1	title->lib/ocean
172051	2026-08-13	../../../../../../tank/site2rag/websites_md/bahai-library.com/newspaper_clippings_archive-chicago_defender_1910-1975-1926-09-11,%20Bahai%20What_Is_A_Bahai_Part_Three.md	1926-09-11,%20Bahai%20What_Is_A_Bahai_Part_Three	1	0				1	title->lib/ocean
172061	2026-08-13	../../../../../../tank/site2rag/websites_md/bahai-library.com/newspaper_clippings_archive-chicago_defender_1910-1975-1926-12-25,%20Robert%20Sengstacke%20Abbott%20Display_Ad_14_--_No_Title.md	1926-12-25,%20Robert%20Sengstacke%20Abbott%20Display_Ad_14_--_No_Title	1	0				1	title->lib/ocean
172084	2026-08-13	../../../../../../tank/site2rag/websites_md/bahai-library.com/newspaper_clippings_archive-chicago_defender_1910-1975-1927-04-16,%20Matthew%20Bullock%20Around_The_Hub_Markspan_Cl.md	1927-04-16,%20Matthew%20Bullock%20Around_The_Hub_Markspan_Cl	1	0				1	title->lib/ocean
172086	2026-08-13	../../../../../../tank/site2rag/websites_md/bahai-library.com/newspaper_clippings_archive-chicago_defender_1910-1975-1927-05-07,%20Thomas%20W%20Fleming%20The_Buckeye_State_Cleveland_N.md	1927-05-07,%20Thomas%20W%20Fleming%20The_Buckeye_State_Cleveland_N	1	0				1	title->lib/ocean
172099	2026-08-13	../../../../../../tank/site2rag/websites_md/bahai-library.com/newspaper_clippings_archive-chicago_defender_1910-1975-1927-05-14,%20Alain%20Locke%20Display_Ad_63_--_No_Title.md	1927-05-14,%20Alain%20Locke%20Display_Ad_63_--_No_Title	1	0				1	title->lib/ocean
172105	2026-08-13	../../../../../../tank/site2rag/websites_md/bahai-library.com/newspaper_clippings_archive-chicago_defender_1910-1975-1927-05-28,%20Alain%20Locke%20Display_Ad_61_--_No_Title.md	1927-05-28,%20Alain%20Locke%20Display_Ad_61_--_No_Title	1	0				1	title->lib/ocean
172113	2026-08-13	../../../../../../tank/site2rag/websites_md/bahai-library.com/newspaper_clippings_archive-chicago_defender_1910-1975-1927-06-04,%20Alain%20Locke%20High_School_Notes_Howard_Univ.md	1927-06-04,%20Alain%20Locke%20High_School_Notes_Howard_Univ	1	0				1	title->lib/ocean
172130	2026-08-13	../../../../../../tank/site2rag/websites_md/bahai-library.com/newspaper_clippings_archive-chicago_defender_1910-1975-1927-08-06,%20Bahai%20Bahais_Arrange_Amity_Meeting_.md	1927-08-06,%20Bahai%20Bahais_Arrange_Amity_Meeting_	1	0				1	title->lib/ocean
172136	2026-08-13	../../../../../../tank/site2rag/websites_md/bahai-library.com/newspaper_clippings_archive-chicago_defender_1910-1975-1927-09-03,%20Thomas%20W%20Fleming%20Society.md	1927-09-03,%20Thomas%20W%20Fleming%20Society	1	0				1	title->lib/ocean
172152	2026-08-13	../../../../../../tank/site2rag/websites_md/bahai-library.com/newspaper_clippings_archive-chicago_defender_1910-1975-1927-09-24,%20Alain%20Locke%20To_Mr._Stoddarda.md	1927-09-24,%20Alain%20Locke%20To_Mr._Stoddarda	1	0				1	title->lib/ocean
172154	2026-08-13	../../../../../../tank/site2rag/websites_md/bahai-library.com/newspaper_clippings_archive-chicago_defender_1910-1975-1927-09-24,%20Alain%20Locke%20To_Mr._Stoddardb.md	1927-09-24,%20Alain%20Locke%20To_Mr._Stoddardb	1	0				1	no title match
172161	2026-08-13	../../../../../../tank/site2rag/websites_md/bahai-library.com/newspaper_clippings_archive-chicago_defender_1910-1975-1927-10-15,%20Alain%20Locke%20Chicago_Urban_League_Plans_Fala.md	1927-10-15,%20Alain%20Locke%20Chicago_Urban_League_Plans_Fala	1	0				1	title->lib/ocean
172170	2026-08-13	../../../../../../tank/site2rag/websites_md/bahai-library.com/newspaper_clippings_archive-chicago_defender_1910-1975-1927-10-15,%20Alain%20Locke%20Chicago_Urban_League_Plans_Falb.md	1927-10-15,%20Alain%20Locke%20Chicago_Urban_League_Plans_Falb	1	0				1	no title match
172175	2026-08-13	../../../../../../tank/site2rag/websites_md/bahai-library.com/newspaper_clippings_archive-chicago_defender_1910-1975-1927-10-15,%20Alain%20Locke%20Other_Papers_Say_That_Gary_Sa.md	1927-10-15,%20Alain%20Locke%20Other_Papers_Say_That_Gary_Sa	1	0				1	title->lib/ocean
172192	2026-08-13	../../../../../../tank/site2rag/websites_md/bahai-library.com/newspaper_clippings_archive-chicago_defender_1910-1975-1927-10-15,%20Alain%20Locke%20Other_Papers_Say_That_Gary_Sb.md	1927-10-15,%20Alain%20Locke%20Other_Papers_Say_That_Gary_Sb	1	0				1	no title match
172220	2026-08-13	../../../../../../tank/site2rag/websites_md/bahai-library.com/newspaper_clippings_archive-chicago_defender_1910-1975-1927-11-12,%20Baha%20Dr._And_Mrs._Thompson_Entertai.md	1927-11-12,%20Baha%20Dr._And_Mrs._Thompson_Entertai	1	0				1	title->lib/ocean
172230	2026-08-13	../../../../../../tank/site2rag/websites_md/bahai-library.com/newspaper_clippings_archive-chicago_defender_1910-1975-1927-11-26,%20Alain%20Locke%20Modern_Press_Promoter_Of_Racia.md	1927-11-26,%20Alain%20Locke%20Modern_Press_Promoter_Of_Racia	1	0				1	title->lib/ocean
172235	2026-08-13	../../../../../../tank/site2rag/websites_md/bahai-library.com/newspaper_clippings_archive-chicago_defender_1910-1975-1927-12-03,%20Alain%20Locke%20Society.md	1927-12-03,%20Alain%20Locke%20Society	1	0				1	title->lib/ocean
172240	2026-08-13	../../../../../../tank/site2rag/websites_md/bahai-library.com/newspaper_clippings_archive-chicago_defender_1910-1975-1927-12-10,%20Alain%20Locke%20The_Bookshelf_Play_Life.md	1927-12-10,%20Alain%20Locke%20The_Bookshelf_Play_Life	1	0				1	title->lib/ocean
172247	2026-08-13	../../../../../../tank/site2rag/websites_md/bahai-library.com/newspaper_clippings_archive-chicago_defender_1910-1975-1927-12-17,%20Thomas%20W%20Fleming%20The_Buckeye_State_Cleveland_N.md	1927-12-17,%20Thomas%20W%20Fleming%20The_Buckeye_State_Cleveland_N	1	0				1	title->lib/ocean
172264	2026-08-13	../../../../../../tank/site2rag/websites_md/bahai-library.com/newspaper_clippings_archive-chicago_defender_1910-1975-1928-01-28,%20Alain%20Locke%20Education_To_Solve_World_Race_.md	1928-01-28,%20Alain%20Locke%20Education_To_Solve_World_Race_	2	0				1	title->lib/ocean
172268	2026-08-13	../../../../../../tank/site2rag/websites_md/bahai-library.com/newspaper_clippings_archive-chicago_defender_1910-1975-1928-01-28,%20Thomas%20W%20Fleming%20The_Buckeye_State_Cleveland_N.md	1928-01-28,%20Thomas%20W%20Fleming%20The_Buckeye_State_Cleveland_N	1	0				1	title->lib/ocean
172274	2026-08-13	../../../../../../tank/site2rag/websites_md/bahai-library.com/newspaper_clippings_archive-chicago_defender_1910-1975-1928-02-11,%20Thomas%20W%20Fleming%20The_Buckeye_State_Cleveland_N.md	1928-02-11,%20Thomas%20W%20Fleming%20The_Buckeye_State_Cleveland_N	1	0				1	title->lib/ocean
172276	2026-08-13	../../../../../../tank/site2rag/websites_md/bahai-library.com/newspaper_clippings_archive-chicago_defender_1910-1975-1928-02-18,%20Thomas%20W%20Fleming%20The_Buckeye_State_Cleveland_N.md	1928-02-18,%20Thomas%20W%20Fleming%20The_Buckeye_State_Cleveland_N	1	0				1	title->lib/ocean
172279	2026-08-13	../../../../../../tank/site2rag/websites_md/bahai-library.com/newspaper_clippings_archive-chicago_defender_1910-1975-1928-02-25,%20Alain%20Locke%20Alain_Locke_Predicts_New_Advan.md	1928-02-25,%20Alain%20Locke%20Alain_Locke_Predicts_New_Advan	1	0				1	title->lib/ocean
172283	2026-08-13	../../../../../../tank/site2rag/websites_md/bahai-library.com/newspaper_clippings_archive-chicago_defender_1910-1975-1928-03-03,%20Leslie%20Pinckney%20%20Bronze_Bust_Unveiled_To_Milhol.md	1928-03-03,%20Leslie%20Pinckney%20%20Bronze_Bust_Unveiled_To_Milhol	1	0				1	title->lib/ocean
172298	2026-08-13	../../../../../../tank/site2rag/websites_md/bahai-library.com/newspaper_clippings_archive-chicago_defender_1910-1975-1928-03-03,%20Thomas%20W%20Fleming%20Society.md	1928-03-03,%20Thomas%20W%20Fleming%20Society	1	0				1	title->lib/ocean
172305	2026-08-13	../../../../../../tank/site2rag/websites_md/bahai-library.com/newspaper_clippings_archive-chicago_defender_1910-1975-1928-03-03,%20Thomas%20W%20Fleming%20The_Buckeye_State_Cleveland_N.md	1928-03-03,%20Thomas%20W%20Fleming%20The_Buckeye_State_Cleveland_N	1	0				1	title->lib/ocean
172310	2026-08-13	../../../../../../tank/site2rag/websites_md/bahai-library.com/newspaper_clippings_archive-chicago_defender_1910-1975-1928-03-10,%20Bahai%20The_Buckeye_State_Cleveland_N.md	1928-03-10,%20Bahai%20The_Buckeye_State_Cleveland_N	1	0				1	title->lib/ocean
172316	2026-08-13	../../../../../../tank/site2rag/websites_md/bahai-library.com/newspaper_clippings_archive-chicago_defender_1910-1975-1928-03-10,%20Leslie%20Pinckney%20Hill%20Moral_Problem_Discussion_Attra.md	1928-03-10,%20Leslie%20Pinckney%20Hill%20Moral_Problem_Discussion_Attra	1	0				1	title->lib/ocean
172325	2026-08-13	../../../../../../tank/site2rag/websites_md/bahai-library.com/newspaper_clippings_archive-chicago_defender_1910-1975-1928-04-21,%20Douglass%20Center,%20Toledo.md	1928-04-21,%20Douglass%20Center,%20Toledo	1	0				1	title->lib/ocean
172336	2026-08-13	../../../../../../tank/site2rag/websites_md/bahai-library.com/newspaper_clippings_archive-chicago_defender_1910-1975-1928-04-21,%20Matthew%20Bullock%20Harvard_Star_Laid_To_Rest_In_C.md	1928-04-21,%20Matthew%20Bullock%20Harvard_Star_Laid_To_Rest_In_C	1	0				1	title->lib/ocean
172354	2026-08-13	../../../../../../tank/site2rag/websites_md/bahai-library.com/newspaper_clippings_archive-chicago_defender_1910-1975-1928-05-12,%20Douglass%20Center,%20Toledo_Markspan_Class=hit.md	1928-05-12,%20Douglass%20Center,%20Toledo_Markspan_Class=hit	1	0				1	title->lib/ocean
172362	2026-08-13	../../../../../../tank/site2rag/websites_md/bahai-library.com/newspaper_clippings_archive-chicago_defender_1910-1975-1928-05-12,%20Thomas%20W%20Fleming%20The_Buckeye_State_Cleveland_N.md	1928-05-12,%20Thomas%20W%20Fleming%20The_Buckeye_State_Cleveland_N	1	0				1	title->lib/ocean
172390	2026-08-13	../../../../../../tank/site2rag/websites_md/bahai-library.com/newspaper_clippings_archive-chicago_defender_1910-1975-1928-05-26,%20Thomas%20W%20Fleming%20The_Buckeye_State_Cleveland_N.md	1928-05-26,%20Thomas%20W%20Fleming%20The_Buckeye_State_Cleveland_N	1	0				1	title->lib/ocean
172401	2026-08-13	../../../../../../tank/site2rag/websites_md/bahai-library.com/newspaper_clippings_archive-chicago_defender_1910-1975-1928-07-23,%20Elsie%20Austin%20Ohio_State_Cleveland.md	1928-07-23,%20Elsie%20Austin%20Ohio_State_Cleveland	1	0				1	title->lib/ocean
172411	2026-08-13	../../../../../../tank/site2rag/websites_md/bahai-library.com/newspaper_clippings_archive-chicago_defender_1910-1975-1928-08-11,%20Douglass%20Center,%20Toledo_Markspan_Class=hit.md	1928-08-11,%20Douglass%20Center,%20Toledo_Markspan_Class=hit	1	0				1	title->lib/ocean
172424	2026-08-13	../../../../../../tank/site2rag/websites_md/bahai-library.com/newspaper_clippings_archive-chicago_defender_1910-1975-1928-08-25,%20Thomas%20W%20Fleming%20The_Buckeye_State_Cleveland_N.md	1928-08-25,%20Thomas%20W%20Fleming%20The_Buckeye_State_Cleveland_N	1	0				1	title->lib/ocean
172434	2026-08-13	../../../../../../tank/site2rag/websites_md/bahai-library.com/newspaper_clippings_archive-chicago_defender_1910-1975-1928-09-01,%20Lethia%20C%20Fleming%20Oratorical_Contest_Ends_In_Nea.md	1928-09-01,%20Lethia%20C%20Fleming%20Oratorical_Contest_Ends_In_Nea	1	0				1	title->lib/ocean
172444	2026-08-13	../../../../../../tank/site2rag/websites_md/bahai-library.com/newspaper_clippings_archive-chicago_defender_1910-1975-1928-09-22,%20Leslie%20Pinckney%20Hill%20Rockefeller_Opens_Harlem_Bank_.md	1928-09-22,%20Leslie%20Pinckney%20Hill%20Rockefeller_Opens_Harlem_Bank_	1	0				1	title->lib/ocean
172458	2026-08-13	../../../../../../tank/site2rag/websites_md/bahai-library.com/newspaper_clippings_archive-chicago_defender_1910-1975-1928-09-22,%20Thomas%20W%20Fleming%20The_Buckeye_State_Cleveland_N.md	1928-09-22,%20Thomas%20W%20Fleming%20The_Buckeye_State_Cleveland_N	1	0				1	title->lib/ocean
172460	2026-08-13	../../../../../../tank/site2rag/websites_md/bahai-library.com/newspaper_clippings_archive-chicago_defender_1910-1975-1928-10-20,%20Baha%20The_Bookshelf_Real_Christiani.md	1928-10-20,%20Baha%20The_Bookshelf_Real_Christiani	1	0				1	title->lib/ocean
172474	2026-08-13	../../../../../../tank/site2rag/websites_md/bahai-library.com/newspaper_clippings_archive-chicago_defender_1910-1975-1928-11-10,%20Lethia%20C%20Fleming%20G._O._P._Gives_Out_List_Of_Mon.md	1928-11-10,%20Lethia%20C%20Fleming%20G._O._P._Gives_Out_List_Of_Mon	2	0				1	title->lib/ocean
172481	2026-08-13	../../../../../../tank/site2rag/websites_md/bahai-library.com/newspaper_clippings_archive-chicago_defender_1910-1975-1928-11-10,%20Thomas%20W%20Fleming%20The_Buckeye_State_Cleveland_N.md	1928-11-10,%20Thomas%20W%20Fleming%20The_Buckeye_State_Cleveland_N	1	0				1	title->lib/ocean
172483	2026-08-13	../../../../../../tank/site2rag/websites_md/bahai-library.com/newspaper_clippings_archive-chicago_defender_1910-1975-1928-11-24,%20Alain%20Locke%20The_Bookshelf_Harlem.md	1928-11-24,%20Alain%20Locke%20The_Bookshelf_Harlem	1	0				1	title->lib/ocean
172486	2026-08-13	../../../../../../tank/site2rag/websites_md/bahai-library.com/newspaper_clippings_archive-chicago_defender_1910-1975-1928-11-24,%20Thomas%20W%20Fleming%20Buckeye_State_Cleveland_News.md	1928-11-24,%20Thomas%20W%20Fleming%20Buckeye_State_Cleveland_News	1	0				1	title->lib/ocean
172492	2026-08-13	../../../../../../tank/site2rag/websites_md/bahai-library.com/newspaper_clippings_archive-chicago_defender_1910-1975-1928-12-22,%20Douglass%20Center,%20Illinois_State_News_Danville.md	1928-12-22,%20Douglass%20Center,%20Illinois_State_News_Danville	1	0				1	title->lib/ocean
172505	2026-08-13	../../../../../../tank/site2rag/websites_md/bahai-library.com/newspaper_clippings_archive-chicago_defender_1910-1975-1928-12-29,%20Bahai%20Unique_Assemblage_Meets_At_Hom.md	1928-12-29,%20Bahai%20Unique_Assemblage_Meets_At_Hom	1	0				1	title->lib/ocean
172507	2026-08-13	../../../../../../tank/site2rag/websites_md/bahai-library.com/newspaper_clippings_archive-chicago_defender_1910-1975-1929-01-03,%20Alain%20Locke%20The_Bookshelf_Peder_Victorio.md	1929-01-03,%20Alain%20Locke%20The_Bookshelf_Peder_Victorio	1	0				1	title->lib/ocean
172512	2026-08-13	../../../../../../tank/site2rag/websites_md/bahai-library.com/newspaper_clippings_archive-chicago_defender_1910-1975-1929-01-14,%20Alain%20Locke%2016_Get_Harmon_Awards_Medals_A.md	1929-01-14,%20Alain%20Locke%2016_Get_Harmon_Awards_Medals_A	3	0				1	title->lib/ocean
172514	2026-08-13	../../../../../../tank/site2rag/websites_md/bahai-library.com/newspaper_clippings_archive-chicago_defender_1910-1975-1929-01-19,%20Douglass%20Center,%20Douglas_Center_Pets_Swamp_The_.md	1929-01-19,%20Douglass%20Center,%20Douglas_Center_Pets_Swamp_The_	1	0				1	title->lib/ocean
172516	2026-08-13	../../../../../../tank/site2rag/websites_md/bahai-library.com/newspaper_clippings_archive-chicago_defender_1910-1975-1929-01-26,%20Thomas%20W%20Fleming%20Councilman_Fleming_Indicted_On.md	1929-01-26,%20Thomas%20W%20Fleming%20Councilman_Fleming_Indicted_On	2	0				1	title->lib/ocean
172518	2026-08-13	../../../../../../tank/site2rag/websites_md/bahai-library.com/newspaper_clippings_archive-chicago_defender_1910-1975-1929-02-02,%20Thomas%20W%20Fleming%20Cleveland_In_Revolt_Over_Ind.md	1929-02-02,%20Thomas%20W%20Fleming%20Cleveland_In_Revolt_Over_Ind	1	0				1	title->lib/ocean
172520	2026-08-13	../../../../../../tank/site2rag/websites_md/bahai-library.com/newspaper_clippings_archive-chicago_defender_1910-1975-1929-02-16,%20Alain%20Locke%20Harmon_Gifts_Presented_To_Oliv.md	1929-02-16,%20Alain%20Locke%20Harmon_Gifts_Presented_To_Oliv	2	0				1	title->lib/ocean
172522	2026-08-13	../../../../../../tank/site2rag/websites_md/bahai-library.com/newspaper_clippings_archive-chicago_defender_1910-1975-1929-02-16,%20Thomas%20W%20Fleming%20Fleming_Found_Guilty;_Gives_Up.md	1929-02-16,%20Thomas%20W%20Fleming%20Fleming_Found_Guilty;_Gives_Up	2	0				1	title->lib/ocean
172524	2026-08-13	../../../../../../tank/site2rag/websites_md/bahai-library.com/newspaper_clippings_archive-chicago_defender_1910-1975-1929-02-23,%20Thomas%20W%20Fleming%20Pastor_Given_Council_Seat;_Fle.md	1929-02-23,%20Thomas%20W%20Fleming%20Pastor_Given_Council_Seat;_Fle	2	0				1	title->lib/ocean
172526	2026-08-13	../../../../../../tank/site2rag/websites_md/bahai-library.com/newspaper_clippings_archive-chicago_defender_1910-1975-1929-03-09,%20Alain%20Locke%20Tid-Bits_Of_New_York_Society.md	1929-03-09,%20Alain%20Locke%20Tid-Bits_Of_New_York_Society	1	0				1	title->lib/ocean
172530	2026-08-13	../../../../../../tank/site2rag/websites_md/bahai-library.com/newspaper_clippings_archive-chicago_defender_1910-1975-1929-03-16,%20Alain%20Locke%20The_Bookshelf_A_Document_Of_A.md	1929-03-16,%20Alain%20Locke%20The_Bookshelf_A_Document_Of_A	1	0				1	title->lib/ocean
172538	2026-08-13	../../../../../../tank/site2rag/websites_md/bahai-library.com/newspaper_clippings_archive-chicago_defender_1910-1975-1929-06-22,%20Alain%20Locke%20News_From_Schools_Fisk.md	1929-06-22,%20Alain%20Locke%20News_From_Schools_Fisk	1	0				1	title->lib/ocean
172546	2026-08-13	../../../../../../tank/site2rag/websites_md/bahai-library.com/newspaper_clippings_archive-chicago_defender_1910-1975-1929-09-14,%20Lethia%20C%20Fleming%20Seek_Woman_On_Cleveland_School.md	1929-09-14,%20Lethia%20C%20Fleming%20Seek_Woman_On_Cleveland_School	1	0				1	title->lib/ocean
172547	2026-08-13	../../../../../../tank/site2rag/websites_md/bahai-library.com/newspaper_clippings_archive-chicago_defender_1910-1975-1929-09-14,%20Matthew%20Bullock%20Tid-Bits_Of_New_York_Society.md	1929-09-14,%20Matthew%20Bullock%20Tid-Bits_Of_New_York_Society	1	0				1	title->lib/ocean
172549	2026-08-13	../../../../../../tank/site2rag/websites_md/bahai-library.com/newspaper_clippings_archive-chicago_defender_1910-1975-1929-10-05,%20Matthew%20Bullock%20Pastor_Ends_17_Year_Stay_In_On.md	1929-10-05,%20Matthew%20Bullock%20Pastor_Ends_17_Year_Stay_In_On	1	0				1	title->lib/ocean
172551	2026-08-13	../../../../../../tank/site2rag/websites_md/bahai-library.com/newspaper_clippings_archive-chicago_defender_1910-1975-1929-10-12,%20Thomas%20W%20Fleming%20Mrs._Fleming_Backs_Payne_In_Cl.md	1929-10-12,%20Thomas%20W%20Fleming%20Mrs._Fleming_Backs_Payne_In_Cl	1	0				1	title->lib/ocean
172552	2026-08-13	../../../../../../tank/site2rag/websites_md/bahai-library.com/newspaper_clippings_archive-chicago_defender_1910-1975-1929-10-19,%20Lethia%20C%20Fleming%20Elks_Of_Ohio_Hold_Annual_Conve.md	1929-10-19,%20Lethia%20C%20Fleming%20Elks_Of_Ohio_Hold_Annual_Conve	1	0				1	title->lib/ocean
172554	2026-08-13	../../../../../../tank/site2rag/websites_md/bahai-library.com/newspaper_clippings_archive-chicago_defender_1910-1975-1929-11-02,%20Bahai%20Tid-Bits_Of_New_York_Society.md	1929-11-02,%20Bahai%20Tid-Bits_Of_New_York_Society	1	0				1	title->lib/ocean
172556	2026-08-13	../../../../../../tank/site2rag/websites_md/bahai-library.com/newspaper_clippings_archive-chicago_defender_1910-1975-1929-11-09,%20Bahai%20Music.md	1929-11-09,%20Bahai%20Music	1	0				1	title->lib/ocean
172558	2026-08-13	../../../../../../tank/site2rag/websites_md/bahai-library.com/newspaper_clippings_archive-chicago_defender_1910-1975-1929-11-09,%20Thomas%20W%20Fleming%20Cleveland_Elects_3_To_Council.md	1929-11-09,%20Thomas%20W%20Fleming%20Cleveland_Elects_3_To_Council	1	0				1	title->lib/ocean
172560	2026-08-13	../../../../../../tank/site2rag/websites_md/bahai-library.com/newspaper_clippings_archive-chicago_defender_1910-1975-1929-11-16,%20Thomas%20W%20Fleming%20The_Buckeye_State_Cleveland_N.md	1929-11-16,%20Thomas%20W%20Fleming%20The_Buckeye_State_Cleveland_N	1	0				1	title->lib/ocean
172566	2026-08-13	../../../../../../tank/site2rag/websites_md/bahai-library.com/newspaper_clippings_archive-chicago_defender_1910-1975-1930-01-04,%20Alain%20Locke%20Sigmas_Close_16Th_Conclave_In_.md	1930-01-04,%20Alain%20Locke%20Sigmas_Close_16Th_Conclave_In_	1	0				1	title->lib/ocean
172568	2026-08-13	../../../../../../tank/site2rag/websites_md/bahai-library.com/newspaper_clippings_archive-chicago_defender_1910-1975-1930-02-01,%20Baha%20Ohio_State_News_Markspan_C.md	1930-02-01,%20Baha%20Ohio_State_News_Markspan_C	1	0				1	title->lib/ocean
172570	2026-08-13	../../../../../../tank/site2rag/websites_md/bahai-library.com/newspaper_clippings_archive-chicago_defender_1910-1975-1930-03-01,%20Douglass%20Center,%20Michigan_State_Detroit_News.md	1930-03-01,%20Douglass%20Center,%20Michigan_State_Detroit_News	1	0				1	title->lib/ocean
172572	2026-08-13	../../../../../../tank/site2rag/websites_md/bahai-library.com/newspaper_clippings_archive-chicago_defender_1910-1975-1930-03-15,%20Alain%20Locke%20Boston_Little_Theater_Movement.md	1930-03-15,%20Alain%20Locke%20Boston_Little_Theater_Movement	1	0				1	title->lib/ocean
172574	2026-08-13	../../../../../../tank/site2rag/websites_md/bahai-library.com/newspaper_clippings_archive-chicago_defender_1910-1975-1930-03-15,%20Thomas%20W%20Fleming%20Tom_Fleming_Must_Serve_2_Years.md	1930-03-15,%20Thomas%20W%20Fleming%20Tom_Fleming_Must_Serve_2_Years	1	0				1	title->lib/ocean
172577	2026-08-13	../../../../../../tank/site2rag/websites_md/bahai-library.com/newspaper_clippings_archive-chicago_defender_1910-1975-1930-03-29,%20Douglass%20Center,%20Toledo.md	1930-03-29,%20Douglass%20Center,%20Toledo	1	0				1	title->lib/ocean
172578	2026-08-13	../../../../../../tank/site2rag/websites_md/bahai-library.com/newspaper_clippings_archive-chicago_defender_1910-1975-1930-04-05,%20Thomas%20W%20Fleming%20Ohio_State_News_Cleveland_New.md	1930-04-05,%20Thomas%20W%20Fleming%20Ohio_State_News_Cleveland_New	1	0				1	title->lib/ocean
172582	2026-08-13	../../../../../../tank/site2rag/websites_md/bahai-library.com/newspaper_clippings_archive-chicago_defender_1910-1975-1930-05-03,%20Robert%20Sengstacke%20Abbott%20A_Recapitulation_Of_25_Year_Wo.md	1930-05-03,%20Robert%20Sengstacke%20Abbott%20A_Recapitulation_Of_25_Year_Wo	1	0				1	title->lib/ocean
172588	2026-08-13	../../../../../../tank/site2rag/websites_md/bahai-library.com/newspaper_clippings_archive-chicago_defender_1910-1975-1930-05-31,%20Leslie%20Pinckney%20Hill%20Hold_Music_Festival_In_Philade.md	1930-05-31,%20Leslie%20Pinckney%20Hill%20Hold_Music_Festival_In_Philade	1	0				1	title->lib/ocean
172595	2026-08-13	../../../../../../tank/site2rag/websites_md/bahai-library.com/newspaper_clippings_archive-chicago_defender_1910-1975-1930-07-05,%20Leslie%20Pinckney%20Hill%20Interracial_Conference_Closes_.md	1930-07-05,%20Leslie%20Pinckney%20Hill%20Interracial_Conference_Closes_	1	0				1	title->lib/ocean
172599	2026-08-13	../../../../../../tank/site2rag/websites_md/bahai-library.com/newspaper_clippings_archive-chicago_defender_1910-1975-1930-07-19,%20Lethia%20C%20Fleming%20Ohio_State_News_Cleveland_New.md	1930-07-19,%20Lethia%20C%20Fleming%20Ohio_State_News_Cleveland_New	1	0				1	title->lib/ocean
172601	2026-08-13	../../../../../../tank/site2rag/websites_md/bahai-library.com/newspaper_clippings_archive-chicago_defender_1910-1975-1930-08-02,%20Leslie%20Pinckney%20Hill%20Prof._Hill_Speaker_On_Universi.md	1930-08-02,%20Leslie%20Pinckney%20Hill%20Prof._Hill_Speaker_On_Universi	1	0				1	title->lib/ocean
172603	2026-08-13	../../../../../../tank/site2rag/websites_md/bahai-library.com/newspaper_clippings_archive-chicago_defender_1910-1975-1930-08-02,%20Robert%20Sengstacke%20Abbott%20Observations_The_Trend_Of_Cur.md	1930-08-02,%20Robert%20Sengstacke%20Abbott%20Observations_The_Trend_Of_Cur	1	0				1	title->lib/ocean
172605	2026-08-13	../../../../../../tank/site2rag/websites_md/bahai-library.com/newspaper_clippings_archive-chicago_defender_1910-1975-1930-08-23,%20Thomas%20W%20Fleming%20Perry_Jackson_Wins_In_Clevelan.md	1930-08-23,%20Thomas%20W%20Fleming%20Perry_Jackson_Wins_In_Clevelan	1	0				1	title->lib/ocean
172614	2026-08-13	../../../../../../tank/site2rag/websites_md/bahai-library.com/newspaper_clippings_archive-chicago_defender_1910-1975-1930-10-25,%20Alain%20Locke%20Historians_Gathering_In_Ohio_C.md	1930-10-25,%20Alain%20Locke%20Historians_Gathering_In_Ohio_C	1	0				1	title->lib/ocean
172616	2026-08-13	../../../../../../tank/site2rag/websites_md/bahai-library.com/newspaper_clippings_archive-chicago_defender_1910-1975-1930-10-25,%20Bahai%20Music.md	1930-10-25,%20Bahai%20Music	1	0				1	title->lib/ocean
172618	2026-08-13	../../../../../../tank/site2rag/websites_md/bahai-library.com/newspaper_clippings_archive-chicago_defender_1910-1975-1930-10-25,%20Lethia%20C%20Fleming%20Ohio_State_News_Cleveland_New.md	1930-10-25,%20Lethia%20C%20Fleming%20Ohio_State_News_Cleveland_New	1	0				1	title->lib/ocean
172620	2026-08-13	../../../../../../tank/site2rag/websites_md/bahai-library.com/newspaper_clippings_archive-chicago_defender_1910-1975-1930-10-25,%20Thomas%20W%20Fleming%20Cincinnati_News.md	1930-10-25,%20Thomas%20W%20Fleming%20Cincinnati_News	1	0				1	title->lib/ocean
172622	2026-08-13	../../../../../../tank/site2rag/websites_md/bahai-library.com/newspaper_clippings_archive-chicago_defender_1910-1975-1930-10-25,%20Thomas%20W%20Fleming%20Fleming_Loses_Appeal_To_U._S._.md	1930-10-25,%20Thomas%20W%20Fleming%20Fleming_Loses_Appeal_To_U._S._	1	0				1	title->lib/ocean
172623	2026-08-13	../../../../../../tank/site2rag/websites_md/bahai-library.com/newspaper_clippings_archive-chicago_defender_1910-1975-1930-11-01,%20Alain%20Locke%20Dr._Locke_Says_Co-Operation_Sh.md	1930-11-01,%20Alain%20Locke%20Dr._Locke_Says_Co-Operation_Sh	1	0				1	title->lib/ocean
172625	2026-08-13	../../../../../../tank/site2rag/websites_md/bahai-library.com/newspaper_clippings_archive-chicago_defender_1910-1975-1930-11-01,%20Thomas%20W%20Fleming%20Fleming_Goes_To_Prison_Clevel.md	1930-11-01,%20Thomas%20W%20Fleming%20Fleming_Goes_To_Prison_Clevel	2	0				1	title->lib/ocean
172627	2026-08-13	../../../../../../tank/site2rag/websites_md/bahai-library.com/newspaper_clippings_archive-chicago_defender_1910-1975-1930-11-08,%20Lethia%20C%20Fleming%20Zanesville_News.md	1930-11-08,%20Lethia%20C%20Fleming%20Zanesville_News	1	0				1	title->lib/ocean
172635	2026-08-13	../../../../../../tank/site2rag/websites_md/bahai-library.com/newspaper_clippings_archive-chicago_defender_1910-1975-1930-12-08,%20Alain%20Locke%20Ohio_State_News_Cleveland_New.md	1930-12-08,%20Alain%20Locke%20Ohio_State_News_Cleveland_New	1	0				1	title->lib/ocean
172637	2026-08-13	../../../../../../tank/site2rag/websites_md/bahai-library.com/newspaper_clippings_archive-chicago_defender_1910-1975-1930-12-20,%20Bahai%20New_York_Society.md	1930-12-20,%20Bahai%20New_York_Society	1	0				1	title->lib/ocean
172640	2026-08-13	../../../../../../tank/site2rag/websites_md/bahai-library.com/newspaper_clippings_archive-chicago_defender_1910-1975-1931-01-10,%20Matthew%20Bullock%20Table_Of_Contents_1_--_No_Titl.md	1931-01-10,%20Matthew%20Bullock%20Table_Of_Contents_1_--_No_Titl	1	0				1	title->lib/ocean
172642	2026-08-13	../../../../../../tank/site2rag/websites_md/bahai-library.com/newspaper_clippings_archive-chicago_defender_1910-1975-1931-02-14,%20Alain%20Locke%20Pennsylvania_Philadelphia.md	1931-02-14,%20Alain%20Locke%20Pennsylvania_Philadelphia	1	0				1	title->lib/ocean
172646	2026-08-13	../../../../../../tank/site2rag/websites_md/bahai-library.com/newspaper_clippings_archive-chicago_defender_1910-1975-1931-02-28,%20Lethia%20C%20Fleming%20Ohio_State_News_Cleveland_New.md	1931-02-28,%20Lethia%20C%20Fleming%20Ohio_State_News_Cleveland_New	1	0				1	title->lib/ocean
172652	2026-08-13	../../../../../../tank/site2rag/websites_md/bahai-library.com/newspaper_clippings_archive-chicago_defender_1910-1975-1931-05-09,%20Bahai%20Bahais_Dedicate_Temple_Of_Ligh.md	1931-05-09,%20Bahai%20Bahais_Dedicate_Temple_Of_Ligh	1	0				1	title->lib/ocean
172654	2026-08-13	../../../../../../tank/site2rag/websites_md/bahai-library.com/newspaper_clippings_archive-chicago_defender_1910-1975-1931-05-09,%20Bahai%20Evanston.md	1931-05-09,%20Bahai%20Evanston	1	0				1	title->lib/ocean
172658	2026-08-13	../../../../../../tank/site2rag/websites_md/bahai-library.com/newspaper_clippings_archive-chicago_defender_1910-1975-1931-06-20,%20Lethia%20C%20Fleming%20Ohio_State_News_Cleveland_New.md	1931-06-20,%20Lethia%20C%20Fleming%20Ohio_State_News_Cleveland_New	1	0				1	title->lib/ocean
172660	2026-08-13	../../../../../../tank/site2rag/websites_md/bahai-library.com/newspaper_clippings_archive-chicago_defender_1910-1975-1931-07-04,%20Lethia%20C%20Fleming%20Mrs._Fleming_Heads_Ohio_Club_W.md	1931-07-04,%20Lethia%20C%20Fleming%20Mrs._Fleming_Heads_Ohio_Club_W	1	0				1	title->lib/ocean
172662	2026-08-13	../../../../../../tank/site2rag/websites_md/bahai-library.com/newspaper_clippings_archive-chicago_defender_1910-1975-1931-07-04,%20Thomas%20W%20Fleming%20Mrs._Fleming_Heads_Ohio_Club_W.md	1931-07-04,%20Thomas%20W%20Fleming%20Mrs._Fleming_Heads_Ohio_Club_W	1	0				1	no title match
172675	2026-08-13	../../../../../../tank/site2rag/websites_md/bahai-library.com/newspaper_clippings_archive-chicago_defender_1910-1975-1931-10-10,%20Alain%20Locke%20Race_Artists_Win_Praise_On_Sou.md	1931-10-10,%20Alain%20Locke%20Race_Artists_Win_Praise_On_Sou	1	0				1	title->lib/ocean
172679	2026-08-13	../../../../../../tank/site2rag/websites_md/bahai-library.com/newspaper_clippings_archive-chicago_defender_1910-1975-1931-11-07,%20Alain%20Locke%20Indiana_News_Indianapolis_New.md	1931-11-07,%20Alain%20Locke%20Indiana_News_Indianapolis_New	1	0				1	title->lib/ocean
172681	2026-08-13	../../../../../../tank/site2rag/websites_md/bahai-library.com/newspaper_clippings_archive-chicago_defender_1910-1975-1931-11-21,%20Douglass%20Center,%20Zanesville_News.md	1931-11-21,%20Douglass%20Center,%20Zanesville_News	1	0				1	title->lib/ocean
172686	2026-08-13	../../../../../../tank/site2rag/websites_md/bahai-library.com/newspaper_clippings_archive-chicago_defender_1910-1975-1931-12-05,%20Matthew%20Bullock%20Massachusetts_Markspan_Cla.md	1931-12-05,%20Matthew%20Bullock%20Massachusetts_Markspan_Cla	1	0				1	title->lib/ocean
172688	2026-08-13	../../../../../../tank/site2rag/websites_md/bahai-library.com/newspaper_clippings_archive-chicago_defender_1910-1975-1931-12-19,%20Alain%20Locke%20Indiana_News_Indianapolis_New.md	1931-12-19,%20Alain%20Locke%20Indiana_News_Indianapolis_New	1	0				1	title->lib/ocean
172691	2026-08-13	../../../../../../tank/site2rag/websites_md/bahai-library.com/newspaper_clippings_archive-chicago_defender_1910-1975-1932-03-13,%20Bahai%20Music.md	1932-03-13,%20Bahai%20Music	1	0				1	title->lib/ocean
172693	2026-08-13	../../../../../../tank/site2rag/websites_md/bahai-library.com/newspaper_clippings_archive-chicago_defender_1910-1975-1932-04-02,%20Ellsworth%20Blackwell%20Oklahoma_Muskegon,_Okla..md	1932-04-02,%20Ellsworth%20Blackwell%20Oklahoma_Muskegon,_Okla.	1	0				1	title->lib/ocean
172696	2026-08-13	../../../../../../tank/site2rag/websites_md/bahai-library.com/newspaper_clippings_archive-chicago_defender_1910-1975-1932-04-09,%20Ellsworth%20Blackwell%20Okla._Takes_Lead_In_Billiken_B.md	1932-04-09,%20Ellsworth%20Blackwell%20Okla._Takes_Lead_In_Billiken_B	1	0				1	title->lib/ocean
172697	2026-08-13	../../../../../../tank/site2rag/websites_md/bahai-library.com/newspaper_clippings_archive-chicago_defender_1910-1975-1932-04-16,%20Ellsworth%20Blackwell%20Springfield,_Ohio,_Club_Out_To.md	1932-04-16,%20Ellsworth%20Blackwell%20Springfield,_Ohio,_Club_Out_To	1	0				1	title->lib/ocean
172700	2026-08-13	../../../../../../tank/site2rag/websites_md/bahai-library.com/newspaper_clippings_archive-chicago_defender_1910-1975-1932-04-23,%20Ellsworth%20Blackwell%20Okmulgee,_Okla.,_Has_Teachers.md	1932-04-23,%20Ellsworth%20Blackwell%20Okmulgee,_Okla.,_Has_Teachers	1	0				1	title->lib/ocean
172702	2026-08-13	../../../../../../tank/site2rag/websites_md/bahai-library.com/newspaper_clippings_archive-chicago_defender_1910-1975-1932-04-30,%20Ellsworth%20Blackwell%20Mcalester,_Oklahoma,_Kiddies_R.md	1932-04-30,%20Ellsworth%20Blackwell%20Mcalester,_Oklahoma,_Kiddies_R	1	0				1	title->lib/ocean
172706	2026-08-13	../../../../../../tank/site2rag/websites_md/bahai-library.com/newspaper_clippings_archive-chicago_defender_1910-1975-1932-05-07,%20Ellsworth%20Blackwell%20Muskogee,_Oklahoma,_Kiddies_Se.md	1932-05-07,%20Ellsworth%20Blackwell%20Muskogee,_Oklahoma,_Kiddies_Se	1	0				1	title->lib/ocean
172709	2026-08-13	../../../../../../tank/site2rag/websites_md/bahai-library.com/newspaper_clippings_archive-chicago_defender_1910-1975-1932-05-14,%20Ellsworth%20Blackwell%20Gainesville,_Texas,_Has_48_Mem.md	1932-05-14,%20Ellsworth%20Blackwell%20Gainesville,_Texas,_Has_48_Mem	1	0				1	title->lib/ocean
172713	2026-08-13	../../../../../../tank/site2rag/websites_md/bahai-library.com/newspaper_clippings_archive-chicago_defender_1910-1975-1932-06-04,%20Ellsworth%20Blackwell%20Bud_Billiken_Off_To_Florida_Ne.md	1932-06-04,%20Ellsworth%20Blackwell%20Bud_Billiken_Off_To_Florida_Ne	1	0				1	title->lib/ocean
172717	2026-08-13	../../../../../../tank/site2rag/websites_md/bahai-library.com/newspaper_clippings_archive-chicago_defender_1910-1975-1932-06-04,%20Robert%20Sengstacke%20Abbott%20Robert_S._Abbott_Sued_For_Divo.md	1932-06-04,%20Robert%20Sengstacke%20Abbott%20Robert_S._Abbott_Sued_For_Divo	2	0				1	title->lib/ocean
172719	2026-08-13	../../../../../../tank/site2rag/websites_md/bahai-library.com/newspaper_clippings_archive-chicago_defender_1910-1975-1932-06-25,%20Matthew%20Bullock%20Massachusetts_Markspan_Cla.md	1932-06-25,%20Matthew%20Bullock%20Massachusetts_Markspan_Cla	1	0				1	title->lib/ocean
172721	2026-08-13	../../../../../../tank/site2rag/websites_md/bahai-library.com/newspaper_clippings_archive-chicago_defender_1910-1975-1932-07-09,%20Alain%20Locke%20New_Jersey_News_Perth_Amboy,_.md	1932-07-09,%20Alain%20Locke%20New_Jersey_News_Perth_Amboy,_	1	0				1	title->lib/ocean
172728	2026-08-13	../../../../../../tank/site2rag/websites_md/bahai-library.com/newspaper_clippings_archive-chicago_defender_1910-1975-1932-08-13,%20Thomas%20W%20Fleming%20Writ_May_Free_Tom_Fleming_Ex-.md	1932-08-13,%20Thomas%20W%20Fleming%20Writ_May_Free_Tom_Fleming_Ex-	1	0				1	title->lib/ocean
172731	2026-08-13	../../../../../../tank/site2rag/websites_md/bahai-library.com/newspaper_clippings_archive-chicago_defender_1910-1975-1932-09-04,%20Lethia%20C%20Fleming%20Ohio_State_News_Cleveland_New.md	1932-09-04,%20Lethia%20C%20Fleming%20Ohio_State_News_Cleveland_New	1	0				1	title->lib/ocean
172733	2026-08-13	../../../../../../tank/site2rag/websites_md/bahai-library.com/newspaper_clippings_archive-chicago_defender_1910-1975-1932-10-01,%20Thomas%20W%20Fleming%20Ohio_Fights_To_Keep_Fleming_In.md	1932-10-01,%20Thomas%20W%20Fleming%20Ohio_Fights_To_Keep_Fleming_In	1	0				1	title->lib/ocean
172735	2026-08-13	../../../../../../tank/site2rag/websites_md/bahai-library.com/newspaper_clippings_archive-chicago_defender_1910-1975-1932-10-16,%20Robert%20Sengstacke%20Abbott%20Touring_The_World.md	1932-10-16,%20Robert%20Sengstacke%20Abbott%20Touring_The_World	1	0				1	title->lib/ocean
172736	2026-08-13	../../../../../../tank/site2rag/websites_md/bahai-library.com/newspaper_clippings_archive-chicago_defender_1910-1975-1932-10-17,%20Robert%20Sengstacke%20Abbott%20Touring_The_World.md	1932-10-17,%20Robert%20Sengstacke%20Abbott%20Touring_The_World	1	0				1	title->lib/ocean
172739	2026-08-13	../../../../../../tank/site2rag/websites_md/bahai-library.com/newspaper_clippings_archive-chicago_defender_1910-1975-1932-11-12,%20Lethia%20C%20Fleming%20Ohio_State_News_Cleveland_New.md	1932-11-12,%20Lethia%20C%20Fleming%20Ohio_State_News_Cleveland_New	1	0				1	title->lib/ocean
172741	2026-08-13	../../../../../../tank/site2rag/websites_md/bahai-library.com/newspaper_clippings_archive-chicago_defender_1910-1975-1932-11-24,%20Baha%20Mrs._Cora_Calhoun_Horne,_Noted.md	1932-11-24,%20Baha%20Mrs._Cora_Calhoun_Horne,_Noted	1	0				1	title->lib/ocean
172745	2026-08-13	../../../../../../tank/site2rag/websites_md/bahai-library.com/newspaper_clippings_archive-chicago_defender_1910-1975-1933-01-14,%20Thomas%20W%20Fleming%20Ex-Councilman_Tom_Fleming_Is_F.md	1933-01-14,%20Thomas%20W%20Fleming%20Ex-Councilman_Tom_Fleming_Is_F	1	0				1	title->lib/ocean
172749	2026-08-13	../../../../../../tank/site2rag/websites_md/bahai-library.com/newspaper_clippings_archive-chicago_defender_1910-1975-1933-03-04,%20Thomas%20W%20Fleming%20Ohio_State_News_Cleveland_New.md	1933-03-04,%20Thomas%20W%20Fleming%20Ohio_State_News_Cleveland_New	1	0				1	title->lib/ocean
172755	2026-08-13	../../../../../../tank/site2rag/websites_md/bahai-library.com/newspaper_clippings_archive-chicago_defender_1910-1975-1933-04-29,%20Leslie%20Pinckney%20Hill%20Music.md	1933-04-29,%20Leslie%20Pinckney%20Hill%20Music	1	0				1	title->lib/ocean
172757	2026-08-13	../../../../../../tank/site2rag/websites_md/bahai-library.com/newspaper_clippings_archive-chicago_defender_1910-1975-1933-05-06,%20Bahai%20The_Bahai_Faith--What_Is_It.md	1933-05-06,%20Bahai%20The_Bahai_Faith--What_Is_It	1	0				1	title->lib/ocean
172760	2026-08-13	../../../../../../tank/site2rag/websites_md/bahai-library.com/newspaper_clippings_archive-chicago_defender_1910-1975-1933-05-20,%20Alain%20Locke%20St._Louis_Holds_Drama_League_A.md	1933-05-20,%20Alain%20Locke%20St._Louis_Holds_Drama_League_A	1	0				1	title->lib/ocean
172762	2026-08-13	../../../../../../tank/site2rag/websites_md/bahai-library.com/newspaper_clippings_archive-chicago_defender_1910-1975-1933-05-27,%20Bahai%20Michigan_State_Kalamazoo.md	1933-05-27,%20Bahai%20Michigan_State_Kalamazoo	1	0				1	title->lib/ocean
172764	2026-08-13	../../../../../../tank/site2rag/websites_md/bahai-library.com/newspaper_clippings_archive-chicago_defender_1910-1975-1933-06-10,%20Elsie%20Austin%20Cincinnati_News.md	1933-06-10,%20Elsie%20Austin%20Cincinnati_News	1	0				1	title->lib/ocean
172769	2026-08-13	../../../../../../tank/site2rag/websites_md/bahai-library.com/newspaper_clippings_archive-chicago_defender_1910-1975-1933-06-17,%20Elsie%20Austin%20Ohio_State_News_Cleveland_New.md	1933-06-17,%20Elsie%20Austin%20Ohio_State_News_Cleveland_New	1	0				1	title->lib/ocean
172774	2026-08-13	../../../../../../tank/site2rag/websites_md/bahai-library.com/newspaper_clippings_archive-chicago_defender_1910-1975-1933-06-24,%20Gregory%20A_Century_Of_Progress.md	1933-06-24,%20Gregory%20A_Century_Of_Progress	1	0				1	title->lib/ocean
172791	2026-08-13	../../../../../../tank/site2rag/websites_md/bahai-library.com/newspaper_clippings_archive-chicago_defender_1910-1975-1933-07-08,%20Alain%20Locke%20Dr._Carter_Woodson_Sails_For_S.md	1933-07-08,%20Alain%20Locke%20Dr._Carter_Woodson_Sails_For_S	1	0				1	title->lib/ocean
172794	2026-08-13	../../../../../../tank/site2rag/websites_md/bahai-library.com/newspaper_clippings_archive-chicago_defender_1910-1975-1933-07-08,%20Lethia%20C%20Fleming%20Zanesville_News.md	1933-07-08,%20Lethia%20C%20Fleming%20Zanesville_News	1	0				1	title->lib/ocean
172795	2026-08-13	../../../../../../tank/site2rag/websites_md/bahai-library.com/newspaper_clippings_archive-chicago_defender_1910-1975-1933-07-08,%20Robert%20Sengstacke%20Abbott%20Sifting_The_News.md	1933-07-08,%20Robert%20Sengstacke%20Abbott%20Sifting_The_News	1	0				1	title->lib/ocean
172798	2026-08-13	../../../../../../tank/site2rag/websites_md/bahai-library.com/newspaper_clippings_archive-chicago_defender_1910-1975-1933-08-12,%20Elsie%20Austin%20Cincinnati_News.md	1933-08-12,%20Elsie%20Austin%20Cincinnati_News	1	0				1	title->lib/ocean
172803	2026-08-13	../../../../../../tank/site2rag/websites_md/bahai-library.com/newspaper_clippings_archive-chicago_defender_1910-1975-1933-08-26,%20Alain%20Locke%20Sigma_Board_Holds_Meeting_Here.md	1933-08-26,%20Alain%20Locke%20Sigma_Board_Holds_Meeting_Here	1	0				1	title->lib/ocean
172811	2026-08-13	../../../../../../tank/site2rag/websites_md/bahai-library.com/newspaper_clippings_archive-chicago_defender_1910-1975-1933-08-26,%20Elsie%20Austin%20Delta_Sigma_Thetas_Ready_For_C.md	1933-08-26,%20Elsie%20Austin%20Delta_Sigma_Thetas_Ready_For_C	1	0				1	title->lib/ocean
172817	2026-08-13	../../../../../../tank/site2rag/websites_md/bahai-library.com/newspaper_clippings_archive-chicago_defender_1910-1975-1933-09-23,%20Baha%20Random_Thoughts_A_Prayer.md	1933-09-23,%20Baha%20Random_Thoughts_A_Prayer	1	0				1	title->lib/ocean
172836	2026-08-13	../../../../../../tank/site2rag/websites_md/bahai-library.com/newspaper_clippings_archive-chicago_defender_1910-1975-1933-11-11,%20Baha%20Random_Thoughts_Sun-Kissed_Am.md	1933-11-11,%20Baha%20Random_Thoughts_Sun-Kissed_Am	1	0				1	title->lib/ocean
172850	2026-08-13	../../../../../../tank/site2rag/websites_md/bahai-library.com/newspaper_clippings_archive-chicago_defender_1910-1975-1934-02-24,%20Alain%20Locke%20Nancy_Cunard_Writes_Book_On_Ra.md	1934-02-24,%20Alain%20Locke%20Nancy_Cunard_Writes_Book_On_Ra	1	0				1	title->lib/ocean
172861	2026-08-13	../../../../../../tank/site2rag/websites_md/bahai-library.com/newspaper_clippings_archive-chicago_defender_1910-1975-1934-03-17,%20Elsie%20Austin%20Cincinnati_News.md	1934-03-17,%20Elsie%20Austin%20Cincinnati_News	1	0				1	title->lib/ocean
172871	2026-08-13	../../../../../../tank/site2rag/websites_md/bahai-library.com/newspaper_clippings_archive-chicago_defender_1910-1975-1934-03-31,%20Bahai%20Ohio_State_News_Cleveland_New.md	1934-03-31,%20Bahai%20Ohio_State_News_Cleveland_New	1	0				1	title->lib/ocean
172880	2026-08-13	../../../../../../tank/site2rag/websites_md/bahai-library.com/newspaper_clippings_archive-chicago_defender_1910-1975-1934-04-14,%20Elsie%20Austin%20Cincinnati_News.md	1934-04-14,%20Elsie%20Austin%20Cincinnati_News	1	0				1	title->lib/ocean
172890	2026-08-13	../../../../../../tank/site2rag/websites_md/bahai-library.com/newspaper_clippings_archive-chicago_defender_1910-1975-1934-05-05,%20Alain%20Locke%20Sen._Wagner_In_New_Plea_For_An.md	1934-05-05,%20Alain%20Locke%20Sen._Wagner_In_New_Plea_For_An	1	0				1	title->lib/ocean
172900	2026-08-13	../../../../../../tank/site2rag/websites_md/bahai-library.com/newspaper_clippings_archive-chicago_defender_1910-1975-1934-05-05,%20Thomas%20W%20Fleming%20Church_And_Club_News.md	1934-05-05,%20Thomas%20W%20Fleming%20Church_And_Club_News	1	0				1	title->lib/ocean
172907	2026-08-13	../../../../../../tank/site2rag/websites_md/bahai-library.com/newspaper_clippings_archive-chicago_defender_1910-1975-1934-05-12,%20Elsie%20Austin%20Cincinnati_News.md	1934-05-12,%20Elsie%20Austin%20Cincinnati_News	1	0				1	title->lib/ocean
172909	2026-08-13	../../../../../../tank/site2rag/websites_md/bahai-library.com/newspaper_clippings_archive-chicago_defender_1910-1975-1934-05-12,%20Leslie%20Pinckney%20Hill%20Among_The_Schools.md	1934-05-12,%20Leslie%20Pinckney%20Hill%20Among_The_Schools	1	0				1	title->lib/ocean
172914	2026-08-13	../../../../../../tank/site2rag/websites_md/bahai-library.com/newspaper_clippings_archive-chicago_defender_1910-1975-1934-05-26,%20Baha%20Lack_Of_Culture_Our_Greatest_H.md	1934-05-26,%20Baha%20Lack_Of_Culture_Our_Greatest_H	1	0				1	title->lib/ocean
172918	2026-08-13	../../../../../../tank/site2rag/websites_md/bahai-library.com/newspaper_clippings_archive-chicago_defender_1910-1975-1934-05-26,%20Elsie%20Austin%20Cincinnati_News.md	1934-05-26,%20Elsie%20Austin%20Cincinnati_News	1	0				1	title->lib/ocean
172927	2026-08-13	../../../../../../tank/site2rag/websites_md/bahai-library.com/newspaper_clippings_archive-chicago_defender_1910-1975-1934-05-26,%20Lethia%20C%20Fleming%20Ohio_State_News_Cleveland_New.md	1934-05-26,%20Lethia%20C%20Fleming%20Ohio_State_News_Cleveland_New	1	0				1	title->lib/ocean
172931	2026-08-13	../../../../../../tank/site2rag/websites_md/bahai-library.com/newspaper_clippings_archive-chicago_defender_1910-1975-1934-06-09,%20Alain%20Locke%20Random_Thoughts.md	1934-06-09,%20Alain%20Locke%20Random_Thoughts	1	0				1	title->lib/ocean
172949	2026-08-13	../../../../../../tank/site2rag/websites_md/bahai-library.com/newspaper_clippings_archive-chicago_defender_1910-1975-1934-06-09,%20Elsie%20Austin%20Cincinnati_News.md	1934-06-09,%20Elsie%20Austin%20Cincinnati_News	1	0				1	title->lib/ocean
172956	2026-08-13	../../../../../../tank/site2rag/websites_md/bahai-library.com/newspaper_clippings_archive-chicago_defender_1910-1975-1934-06-23,%20Baha%20Churches_Not_Playing_Proper_Ro.md	1934-06-23,%20Baha%20Churches_Not_Playing_Proper_Ro	1	0				1	title->lib/ocean
172967	2026-08-13	../../../../../../tank/site2rag/websites_md/bahai-library.com/newspaper_clippings_archive-chicago_defender_1910-1975-1934-07-07,%20Leslie%20Pinckney%20Hill%20Urban_League_Committee_Passes_.md	1934-07-07,%20Leslie%20Pinckney%20Hill%20Urban_League_Committee_Passes_	1	0				1	title->lib/ocean
172991	2026-08-13	../../../../../../tank/site2rag/websites_md/bahai-library.com/newspaper_clippings_archive-chicago_defender_1910-1975-1934-07-21,%20Leslie%20Pinckney%20Hill%20New_Jersey_Trenton.md	1934-07-21,%20Leslie%20Pinckney%20Hill%20New_Jersey_Trenton	1	0				1	title->lib/ocean
173000	2026-08-13	../../../../../../tank/site2rag/websites_md/bahai-library.com/newspaper_clippings_archive-chicago_defender_1910-1975-1934-07-23,%20Baha%20Churches_Not_Playing_Proper_Ro.md	1934-07-23,%20Baha%20Churches_Not_Playing_Proper_Ro	1	0				1	no title match
173008	2026-08-13	../../../../../../tank/site2rag/websites_md/bahai-library.com/newspaper_clippings_archive-chicago_defender_1910-1975-1934-08-25,%20Elsie%20Austin%20Cincinnati_News.md	1934-08-25,%20Elsie%20Austin%20Cincinnati_News	1	0				1	title->lib/ocean
173015	2026-08-13	../../../../../../tank/site2rag/websites_md/bahai-library.com/newspaper_clippings_archive-chicago_defender_1910-1975-1934-09-01,%20Robert%20Sengstacke%20Abbott%20Mrs._Robert_S._Abbott_Now_At_.md	1934-09-01,%20Robert%20Sengstacke%20Abbott%20Mrs._Robert_S._Abbott_Now_At_	2	0				1	title->lib/ocean
173022	2026-08-13	../../../../../../tank/site2rag/websites_md/bahai-library.com/newspaper_clippings_archive-chicago_defender_1910-1975-1934-09-15,%20Matthew%20Bullock%20Massachusetts_Markspan_Cla.md	1934-09-15,%20Matthew%20Bullock%20Massachusetts_Markspan_Cla	1	0				1	title->lib/ocean
173041	2026-08-13	../../../../../../tank/site2rag/websites_md/bahai-library.com/newspaper_clippings_archive-chicago_defender_1910-1975-1934-09-29,%20Leslie%20Pinckney%20Hill%20Editor_Completes_Urban_League_.md	1934-09-29,%20Leslie%20Pinckney%20Hill%20Editor_Completes_Urban_League_	1	0				1	title->lib/ocean
173058	2026-08-13	../../../../../../tank/site2rag/websites_md/bahai-library.com/newspaper_clippings_archive-chicago_defender_1910-1975-1934-10-13,%20Effendi%20%20A_New_World_Order_World_Commu.md	1934-10-13,%20Effendi%20%20A_New_World_Order_World_Commu	1	0				1	title->lib/ocean
173091	2026-08-13	../../../../../../tank/site2rag/websites_md/bahai-library.com/newspaper_clippings_archive-chicago_defender_1910-1975-1934-10-27,%20Elsie%20Austin%20Cincinnati_News.md	1934-10-27,%20Elsie%20Austin%20Cincinnati_News	1	0				1	title->lib/ocean
173099	2026-08-13	../../../../../../tank/site2rag/websites_md/bahai-library.com/newspaper_clippings_archive-chicago_defender_1910-1975-1934-11-17,%20Elsie%20Austin%20Cincinnati_News.md	1934-11-17,%20Elsie%20Austin%20Cincinnati_News	1	0				1	title->lib/ocean
173120	2026-08-13	../../../../../../tank/site2rag/websites_md/bahai-library.com/newspaper_clippings_archive-chicago_defender_1910-1975-1934-11-24,%20Richard%20M.%20Bolden%20Scottsboro_Committee_Chartered.md	1934-11-24,%20Richard%20M.%20Bolden%20Scottsboro_Committee_Chartered	1	0				1	title->lib/ocean
173139	2026-08-13	../../../../../../tank/site2rag/websites_md/bahai-library.com/newspaper_clippings_archive-chicago_defender_1910-1975-1934-12-15,%20Effendi%20%20A_New_World_Order_World_Recon.md	1934-12-15,%20Effendi%20%20A_New_World_Order_World_Recon	1	0				1	title->lib/ocean
173150	2026-08-13	../../../../../../tank/site2rag/websites_md/bahai-library.com/newspaper_clippings_archive-chicago_defender_1910-1975-1934-12-15,%20Thomas%20W%20Fleming%20Tom_Fleming_To_Practice_Law_Ag.md	1934-12-15,%20Thomas%20W%20Fleming%20Tom_Fleming_To_Practice_Law_Ag	2	0				1	title->lib/ocean
173156	2026-08-13	../../../../../../tank/site2rag/websites_md/bahai-library.com/newspaper_clippings_archive-chicago_defender_1910-1975-1934-12-22,%20Abdul%20%20A_New_World_Order.md	1934-12-22,%20Abdul%20%20A_New_World_Order	1	0				1	title->lib/ocean
173169	2026-08-13	../../../../../../tank/site2rag/websites_md/bahai-library.com/newspaper_clippings_archive-chicago_defender_1910-1975-1935-01-05,%20Alain%20Locke%20Death_Takes_Noted_Authors_In_H.md	1935-01-05,%20Alain%20Locke%20Death_Takes_Noted_Authors_In_H	2	0				1	title->lib/ocean
173187	2026-08-13	../../../../../../tank/site2rag/websites_md/bahai-library.com/newspaper_clippings_archive-chicago_defender_1910-1975-1935-02-09,%20Baha%20A_New_World_Order_The_Dawn_Of.md	1935-02-09,%20Baha%20A_New_World_Order_The_Dawn_Of	1	0				1	title->lib/ocean
173197	2026-08-13	../../../../../../tank/site2rag/websites_md/bahai-library.com/newspaper_clippings_archive-chicago_defender_1910-1975-1935-02-15,%20Bahai%20New_Book_Sets_Forth_Growth_Of_.md	1935-02-15,%20Bahai%20New_Book_Sets_Forth_Growth_Of_	1	0				1	title->lib/ocean
173199	2026-08-13	../../../../../../tank/site2rag/websites_md/bahai-library.com/newspaper_clippings_archive-chicago_defender_1910-1975-1935-02-16%20,%20Alain%20Locke%20Maryland_Baltimore.md	1935-02-16%20,%20Alain%20Locke%20Maryland_Baltimore	1	0				1	title->lib/ocean
173219	2026-08-13	../../../../../../tank/site2rag/websites_md/bahai-library.com/newspaper_clippings_archive-chicago_defender_1910-1975-1935-03-16,%20Elsie%20Austin%20Cincinnati_News.md	1935-03-16,%20Elsie%20Austin%20Cincinnati_News	1	0				1	title->lib/ocean
173229	2026-08-13	../../../../../../tank/site2rag/websites_md/bahai-library.com/newspaper_clippings_archive-chicago_defender_1910-1975-1935-04-20,%20Alain%20Locke%20Other_17_--_No_Title.md	1935-04-20,%20Alain%20Locke%20Other_17_--_No_Title	1	0				1	title->lib/ocean
173242	2026-08-13	../../../../../../tank/site2rag/websites_md/bahai-library.com/newspaper_clippings_archive-chicago_defender_1910-1975-1935-05-04,%20Elsie%20Austin%20Legal_Profession_Followed_By_N.md	1935-05-04,%20Elsie%20Austin%20Legal_Profession_Followed_By_N	2	0				1	title->lib/ocean
173248	2026-08-13	../../../../../../tank/site2rag/websites_md/bahai-library.com/newspaper_clippings_archive-chicago_defender_1910-1975-1935-05-04,%20Robert%20Sengstacke%20Abbott%20Thirty_Years_Of_Service_The_C.md	1935-05-04,%20Robert%20Sengstacke%20Abbott%20Thirty_Years_Of_Service_The_C	2	0				1	title->lib/ocean
173252	2026-08-13	../../../../../../tank/site2rag/websites_md/bahai-library.com/newspaper_clippings_archive-chicago_defender_1910-1975-1935-05-11,%20Bahai%20Fort_Wayne,_Ind..md	1935-05-11,%20Bahai%20Fort_Wayne,_Ind.	1	0				1	title->lib/ocean
173286	2026-08-13	../../../../../../tank/site2rag/websites_md/bahai-library.com/newspaper_clippings_archive-chicago_defender_1910-1975-1935-06-01,%20Alain%20Locke%20New_Deal_And_Race_Discussed_At.md	1935-06-01,%20Alain%20Locke%20New_Deal_And_Race_Discussed_At	1	0				1	title->lib/ocean
173291	2026-08-13	../../../../../../tank/site2rag/websites_md/bahai-library.com/newspaper_clippings_archive-chicago_defender_1910-1975-1935-06-01,%20Elsie%20Austin%20Lexington,_Ky..md	1935-06-01,%20Elsie%20Austin%20Lexington,_Ky.	1	0				1	title->lib/ocean
173297	2026-08-13	../../../../../../tank/site2rag/websites_md/bahai-library.com/newspaper_clippings_archive-chicago_defender_1910-1975-1935-06-15,%20Leslie%20Pinckney%20Hill%20Elaine_Hill_And_Frank_Snowden,.md	1935-06-15,%20Leslie%20Pinckney%20Hill%20Elaine_Hill_And_Frank_Snowden,	1	0				1	title->lib/ocean
173301	2026-08-13	../../../../../../tank/site2rag/websites_md/bahai-library.com/newspaper_clippings_archive-chicago_defender_1910-1975-1935-06-29,%20Alain%20Locke%20Article_1_--_No_Title.md	1935-06-29,%20Alain%20Locke%20Article_1_--_No_Title	1	0				1	title->lib/ocean
173307	2026-08-13	../../../../../../tank/site2rag/websites_md/bahai-library.com/newspaper_clippings_archive-chicago_defender_1910-1975-1935-06-29,%20World%20Order%20%20With_The_Magazines_Equations.md	1935-06-29,%20World%20Order%20%20With_The_Magazines_Equations	1	0				1	title->lib/ocean
173310	2026-08-13	../../../../../../tank/site2rag/websites_md/bahai-library.com/newspaper_clippings_archive-chicago_defender_1910-1975-1935-07-13,%20Alain%20Locke%20Group_Plans_U.S._Project_On_Ra.md	1935-07-13,%20Alain%20Locke%20Group_Plans_U.S._Project_On_Ra	1	0				1	title->lib/ocean
173315	2026-08-13	../../../../../../tank/site2rag/websites_md/bahai-library.com/newspaper_clippings_archive-chicago_defender_1910-1975-1935-07-20,%20Bahai%20Society.md	1935-07-20,%20Bahai%20Society	1	0				1	title->lib/ocean
173320	2026-08-13	../../../../../../tank/site2rag/websites_md/bahai-library.com/newspaper_clippings_archive-chicago_defender_1910-1975-1935-07-20,%20Leslie%20Pinckney%20Hill%20Dr._Hill_Discusses_Human_Relat.md	1935-07-20,%20Leslie%20Pinckney%20Hill%20Dr._Hill_Discusses_Human_Relat	1	0				1	title->lib/ocean
173368	2026-08-13	../../../../../../tank/site2rag/websites_md/bahai-library.com/newspaper_clippings_archive-chicago_defender_1910-1975-1935-09-21,%20Order%20With_The_Magazines_Social_Di.md	1935-09-21,%20Order%20With_The_Magazines_Social_Di	1	0				1	title->lib/ocean
173377	2026-08-13	../../../../../../tank/site2rag/websites_md/bahai-library.com/newspaper_clippings_archive-chicago_defender_1910-1975-1935-10-19,%20Elsie%20Austin%20Cincinnati_News.md	1935-10-19,%20Elsie%20Austin%20Cincinnati_News	1	0				1	title->lib/ocean
173389	2026-08-13	../../../../../../tank/site2rag/websites_md/bahai-library.com/newspaper_clippings_archive-chicago_defender_1910-1975-1935-11-02,%20Thomas%20W%20Fleming%20From_The_Defender_Files_17_Ye.md	1935-11-02,%20Thomas%20W%20Fleming%20From_The_Defender_Files_17_Ye	1	0				1	title->lib/ocean
173408	2026-08-13	../../../../../../tank/site2rag/websites_md/bahai-library.com/newspaper_clippings_archive-chicago_defender_1910-1975-1935-11-16,%20Bahai%20Illinois_State_News_Champaign.md	1935-11-16,%20Bahai%20Illinois_State_News_Champaign	1	0				1	title->lib/ocean
173430	2026-08-13	../../../../../../tank/site2rag/websites_md/bahai-library.com/newspaper_clippings_archive-chicago_defender_1910-1975-1935-12-07,%20Elsie%20Austin%20Cincinnati,_O..md	1935-12-07,%20Elsie%20Austin%20Cincinnati,_O.	1	0				1	title->lib/ocean
173462	2026-08-13	../../../../../../tank/site2rag/websites_md/bahai-library.com/newspaper_clippings_archive-chicago_defender_1910-1975-1936-02-15,%20Elsie%20Austin%20Ohio_State_News_Cincinnati_Ne.md	1936-02-15,%20Elsie%20Austin%20Ohio_State_News_Cincinnati_Ne	1	0				1	title->lib/ocean
173477	2026-08-13	../../../../../../tank/site2rag/websites_md/bahai-library.com/newspaper_clippings_archive-chicago_defender_1910-1975-1936-03-28,%20Elsie%20Austin%20Cincinnati,_O..md	1936-03-28,%20Elsie%20Austin%20Cincinnati,_O.	1	0				1	title->lib/ocean
173480	2026-08-13	../../../../../../tank/site2rag/websites_md/bahai-library.com/newspaper_clippings_archive-chicago_defender_1910-1975-1936-04-18,%20Robert%20Sengstacke%20Abbott%20Kiddies_And_Parents_Parade_The.md	1936-04-18,%20Robert%20Sengstacke%20Abbott%20Kiddies_And_Parents_Parade_The	1	0				1	title->lib/ocean
173521	2026-08-13	../../../../../../tank/site2rag/websites_md/bahai-library.com/newspaper_clippings_archive-chicago_defender_1910-1975-1936-06-06,%20Leslie%20Pinckney%20Hill%20Morgan_College_Graduates_51_In.md	1936-06-06,%20Leslie%20Pinckney%20Hill%20Morgan_College_Graduates_51_In	1	0				1	title->lib/ocean
173526	2026-08-13	../../../../../../tank/site2rag/websites_md/bahai-library.com/newspaper_clippings_archive-chicago_defender_1910-1975-1936-06-06,%20Thomas%20W%20Fleming%20Fight_For_G.O.P._Seats_Delega.md	1936-06-06,%20Thomas%20W%20Fleming%20Fight_For_G.O.P._Seats_Delega	2	0				1	title->lib/ocean
173534	2026-08-13	../../../../../../tank/site2rag/websites_md/bahai-library.com/newspaper_clippings_archive-chicago_defender_1910-1975-1936-06-13,%20Thomas%20W%20Fleming%20National_Convention_Random_Tho.md	1936-06-13,%20Thomas%20W%20Fleming%20National_Convention_Random_Tho	1	0				1	title->lib/ocean
173539	2026-08-13	../../../../../../tank/site2rag/websites_md/bahai-library.com/newspaper_clippings_archive-chicago_defender_1910-1975-1936-06-20,%20Leslie%20Pinckney%20Hill%2051_Graduated_By_Morgan_College.md	1936-06-20,%20Leslie%20Pinckney%20Hill%2051_Graduated_By_Morgan_College	1	0				1	title->lib/ocean
173566	2026-08-13	../../../../../../tank/site2rag/websites_md/bahai-library.com/newspaper_clippings_archive-chicago_defender_1910-1975-1936-08-22,%20Thomas%20W%20Fleming%20Banquet_To_Take_Form_Of_Civic_.md	1936-08-22,%20Thomas%20W%20Fleming%20Banquet_To_Take_Form_Of_Civic_	1	0				1	title->lib/ocean
173589	2026-08-13	../../../../../../tank/site2rag/websites_md/bahai-library.com/newspaper_clippings_archive-chicago_defender_1910-1975-1936-10-10,%20Matthew%20Bullock%20Massachusetts_State_News_Mar.md	1936-10-10,%20Matthew%20Bullock%20Massachusetts_State_News_Mar	1	0				1	title->lib/ocean
173627	2026-08-13	../../../../../../tank/site2rag/websites_md/bahai-library.com/newspaper_clippings_archive-chicago_defender_1910-1975-1936-10-31,%20Thomas%20W%20Fleming%20Ohio_State_News_Cleveland.md	1936-10-31,%20Thomas%20W%20Fleming%20Ohio_State_News_Cleveland	1	0				1	title->lib/ocean
173646	2026-08-13	../../../../../../tank/site2rag/websites_md/bahai-library.com/newspaper_clippings_archive-chicago_defender_1910-1975-1936-12-26,%20Leslie%20Pinckney%20Hill%20Weekly_Forum_Views_And_Review.md	1936-12-26,%20Leslie%20Pinckney%20Hill%20Weekly_Forum_Views_And_Review	1	0				1	title->lib/ocean
173648	2026-08-13	../../../../../../tank/site2rag/websites_md/bahai-library.com/newspaper_clippings_archive-chicago_defender_1910-1975-1937-01-02,%20Leslie%20Pinckney%20Hill%20Weekly_Forum_Views_And_Review.md	1937-01-02,%20Leslie%20Pinckney%20Hill%20Weekly_Forum_Views_And_Review	1	0				1	title->lib/ocean
173653	2026-08-13	../../../../../../tank/site2rag/websites_md/bahai-library.com/newspaper_clippings_archive-chicago_defender_1910-1975-1937-01-09,%20Bahai%20Joe_Louis,_Haile_Selassie--Mos.md	1937-01-09,%20Bahai%20Joe_Louis,_Haile_Selassie--Mos	3	0				1	title->lib/ocean
173658	2026-08-13	../../../../../../tank/site2rag/websites_md/bahai-library.com/newspaper_clippings_archive-chicago_defender_1910-1975-1937-01-09,%20Leslie%20Pinckney%20Hill%20Weekly_Forum_Views_And_Reviews.md	1937-01-09,%20Leslie%20Pinckney%20Hill%20Weekly_Forum_Views_And_Reviews	1	0				1	title->lib/ocean
173675	2026-08-13	../../../../../../tank/site2rag/websites_md/bahai-library.com/newspaper_clippings_archive-chicago_defender_1910-1975-1937-01-16,%20Matthew%20Bullock%20Atty._Crawford_1St_Banker_Of_R.md	1937-01-16,%20Matthew%20Bullock%20Atty._Crawford_1St_Banker_Of_R	1	0				1	title->lib/ocean
173720	2026-08-13	../../../../../../tank/site2rag/websites_md/bahai-library.com/newspaper_clippings_archive-chicago_defender_1910-1975-1937-03-27,%20Elsie%20Austin%20Pittsburgh_Society.md	1937-03-27,%20Elsie%20Austin%20Pittsburgh_Society	1	0				1	title->lib/ocean
173740	2026-08-13	../../../../../../tank/site2rag/websites_md/bahai-library.com/newspaper_clippings_archive-chicago_defender_1910-1975-1937-04-10,%20Elsie%20Austin%20Pittsburgh_Society_News.md	1937-04-10,%20Elsie%20Austin%20Pittsburgh_Society_News	1	0				1	title->lib/ocean
173750	2026-08-13	../../../../../../tank/site2rag/websites_md/bahai-library.com/newspaper_clippings_archive-chicago_defender_1910-1975-1937-04-10,%20Thomas%20W%20Fleming%20Ohio_State_News_Cleveland.md	1937-04-10,%20Thomas%20W%20Fleming%20Ohio_State_News_Cleveland	1	0				1	title->lib/ocean
173760	2026-08-13	../../../../../../tank/site2rag/websites_md/bahai-library.com/newspaper_clippings_archive-chicago_defender_1910-1975-1937-04-17,%20Alain%20Locke%20Atlanta_Univ._Casting_About_Fo.md	1937-04-17,%20Alain%20Locke%20Atlanta_Univ._Casting_About_Fo	2	0				1	title->lib/ocean
173782	2026-08-13	../../../../../../tank/site2rag/websites_md/bahai-library.com/newspaper_clippings_archive-chicago_defender_1910-1975-1937-04-24,%20Lethia%20C%20Fleming%20Ohio_State_News_Cleveland.md	1937-04-24,%20Lethia%20C%20Fleming%20Ohio_State_News_Cleveland	1	0				1	title->lib/ocean
173784	2026-08-13	../../../../../../tank/site2rag/websites_md/bahai-library.com/newspaper_clippings_archive-chicago_defender_1910-1975-1937-04-24,%20Matthew%20Bullock%20What_The_People_Say.md	1937-04-24,%20Matthew%20Bullock%20What_The_People_Say	1	0				1	title->lib/ocean
173791	2026-08-13	../../../../../../tank/site2rag/websites_md/bahai-library.com/newspaper_clippings_archive-chicago_defender_1910-1975-1937-05-01,%20Elsie%20Austin%20Ohio_State_News_Cleveland.md	1937-05-01,%20Elsie%20Austin%20Ohio_State_News_Cleveland	1	0				1	title->lib/ocean
173798	2026-08-13	../../../../../../tank/site2rag/websites_md/bahai-library.com/newspaper_clippings_archive-chicago_defender_1910-1975-1937-05-01,%20Leslie%20Pinckney%20Trenton,_N._J._New_Lincoln_Sc.md	1937-05-01,%20Leslie%20Pinckney%20Trenton,_N._J._New_Lincoln_Sc	1	0				1	title->lib/ocean
173834	2026-08-13	../../../../../../tank/site2rag/websites_md/bahai-library.com/newspaper_clippings_archive-chicago_defender_1910-1975-1937-07-17,%20Lethia%20C%20Fleming%20Start_Preparations_For_Elks_Bi.md	1937-07-17,%20Lethia%20C%20Fleming%20Start_Preparations_For_Elks_Bi	1	0				1	title->lib/ocean
173842	2026-08-13	../../../../../../tank/site2rag/websites_md/bahai-library.com/newspaper_clippings_archive-chicago_defender_1910-1975-1937-07-24,%20Lethia%20C%20Fleming%20Cleveland_Elks_Rush_Plans_For_.md	1937-07-24,%20Lethia%20C%20Fleming%20Cleveland_Elks_Rush_Plans_For_	1	0				1	title->lib/ocean
173850	2026-08-13	../../../../../../tank/site2rag/websites_md/bahai-library.com/newspaper_clippings_archive-chicago_defender_1910-1975-1937-08-07,%20Baha%20Home_Is_Scene_Of_Book_Review_M.md	1937-08-07,%20Baha%20Home_Is_Scene_Of_Book_Review_M	1	0				1	title->lib/ocean
173860	2026-08-13	../../../../../../tank/site2rag/websites_md/bahai-library.com/newspaper_clippings_archive-chicago_defender_1910-1975-1937-08-07,%20Lethia%20C%20Fleming%20Beauties_To_Vie_During_Elk_Ses.md	1937-08-07,%20Lethia%20C%20Fleming%20Beauties_To_Vie_During_Elk_Ses	1	0				1	title->lib/ocean
173872	2026-08-13	../../../../../../tank/site2rag/websites_md/bahai-library.com/newspaper_clippings_archive-chicago_defender_1910-1975-1937-08-21,%20Matthew%20Bullock%20Chicagoans_Entertained_At_Rece.md	1937-08-21,%20Matthew%20Bullock%20Chicagoans_Entertained_At_Rece	1	0				1	title->lib/ocean
173879	2026-08-13	../../../../../../tank/site2rag/websites_md/bahai-library.com/newspaper_clippings_archive-chicago_defender_1910-1975-1937-09-11,%20Lethia%20C%20Fleming%20Ohio_State_News_Cleveland.md	1937-09-11,%20Lethia%20C%20Fleming%20Ohio_State_News_Cleveland	1	0				1	title->lib/ocean
173891	2026-08-13	../../../../../../tank/site2rag/websites_md/bahai-library.com/newspaper_clippings_archive-chicago_defender_1910-1975-1937-09-11,%20Thomas%20W%20Fleming%20Ohio_State_News_Cleveland.md	1937-09-11,%20Thomas%20W%20Fleming%20Ohio_State_News_Cleveland	1	0				1	no title match
173899	2026-08-13	../../../../../../tank/site2rag/websites_md/bahai-library.com/newspaper_clippings_archive-chicago_defender_1910-1975-1937-09-18,%20Lethia%20C%20Fleming%20Ohio_State_News_Cleveland.md	1937-09-18,%20Lethia%20C%20Fleming%20Ohio_State_News_Cleveland	1	0				1	title->lib/ocean
173901	2026-08-13	../../../../../../tank/site2rag/websites_md/bahai-library.com/newspaper_clippings_archive-chicago_defender_1910-1975-1937-11-20,%20Thomas%20W%20Fleming%20From_The_Defender_Files_15_Ye.md	1937-11-20,%20Thomas%20W%20Fleming%20From_The_Defender_Files_15_Ye	1	0				1	title->lib/ocean
173905	2026-08-13	../../../../../../tank/site2rag/websites_md/bahai-library.com/newspaper_clippings_archive-chicago_defender_1910-1975-1937-11-27,%20Bahai%20Around_The_Hub_In_Boston,_Mass.md	1937-11-27,%20Bahai%20Around_The_Hub_In_Boston,_Mass	1	0				1	title->lib/ocean
173910	2026-08-13	../../../../../../tank/site2rag/websites_md/bahai-library.com/newspaper_clippings_archive-chicago_defender_1910-1975-1937-11-27,%20Elsie%20Austin%20Jessie_Harris_Plans_Work_Of_Co.md	1937-11-27,%20Elsie%20Austin%20Jessie_Harris_Plans_Work_Of_Co	1	0				1	title->lib/ocean
173926	2026-08-13	../../../../../../tank/site2rag/websites_md/bahai-library.com/newspaper_clippings_archive-chicago_defender_1910-1975-1937-12-04,%20Robert%20Sengstacke%20Abbott%20Deluge_Of_Felicitations_Greet_.md	1937-12-04,%20Robert%20Sengstacke%20Abbott%20Deluge_Of_Felicitations_Greet_	1	0				1	title->lib/ocean
173945	2026-08-13	../../../../../../tank/site2rag/websites_md/bahai-library.com/newspaper_clippings_archive-chicago_defender_1910-1975-1937-12-25,%20Robert%20Sengstacke%20Abbott%20Other_8_--_No_Title.md	1937-12-25,%20Robert%20Sengstacke%20Abbott%20Other_8_--_No_Title	1	0				1	title->lib/ocean
173953	2026-08-13	../../../../../../tank/site2rag/websites_md/bahai-library.com/newspaper_clippings_archive-chicago_defender_1910-1975-1938-01-01,%20Thomas%20W%20Fleming%20Ohio_State_News_Cleveland,_O..md	1938-01-01,%20Thomas%20W%20Fleming%20Ohio_State_News_Cleveland,_O.	1	0				1	title->lib/ocean
173967	2026-08-13	../../../../../../tank/site2rag/websites_md/bahai-library.com/newspaper_clippings_archive-chicago_defender_1910-1975-1938-01-08,%20Lethia%20C%20Fleming%20Ohio_State_News_Cleveland,_O..md	1938-01-08,%20Lethia%20C%20Fleming%20Ohio_State_News_Cleveland,_O.	1	0				1	title->lib/ocean
173973	2026-08-13	../../../../../../tank/site2rag/websites_md/bahai-library.com/newspaper_clippings_archive-chicago_defender_1910-1975-1938-01-29,%20Bahai%20Those_Long_Services.md	1938-01-29,%20Bahai%20Those_Long_Services	1	0				1	title->lib/ocean
173986	2026-08-13	../../../../../../tank/site2rag/websites_md/bahai-library.com/newspaper_clippings_archive-chicago_defender_1910-1975-1938-03-05,%20Robert%20Sengstacke%20Abbott%20Robert_S._Abbott_Is_Honored_By.md	1938-03-05,%20Robert%20Sengstacke%20Abbott%20Robert_S._Abbott_Is_Honored_By	2	0				1	title->lib/ocean
173998	2026-08-13	../../../../../../tank/site2rag/websites_md/bahai-library.com/newspaper_clippings_archive-chicago_defender_1910-1975-1938-04-02,%20Lethia%20C%20Fleming%20Ohio_State_Cleveland.md	1938-04-02,%20Lethia%20C%20Fleming%20Ohio_State_Cleveland	1	0				1	title->lib/ocean
174059	2026-08-13	../../../../../../tank/site2rag/websites_md/bahai-library.com/newspaper_clippings_archive-chicago_defender_1910-1975-1938-04-23,%20Elsie%20Austin%20Preface.md	1938-04-23,%20Elsie%20Austin%20Preface	1	0				1	title->lib/ocean
174079	2026-08-13	../../../../../../tank/site2rag/websites_md/bahai-library.com/newspaper_clippings_archive-chicago_defender_1910-1975-1938-05-14,%20Leslie%20Pinckney%20Hill%20Rosenwalds_Pledge_$25,000_To_Y.md	1938-05-14,%20Leslie%20Pinckney%20Hill%20Rosenwalds_Pledge_$25,000_To_Y	1	0				1	title->lib/ocean
174083	2026-08-13	../../../../../../tank/site2rag/websites_md/bahai-library.com/newspaper_clippings_archive-chicago_defender_1910-1975-1938-05-14,%20Matthew%20Bullock%20Around_The_Hub_..._Boston,_Mas.md	1938-05-14,%20Matthew%20Bullock%20Around_The_Hub_..._Boston,_Mas	1	0				1	title->lib/ocean
174094	2026-08-13	../../../../../../tank/site2rag/websites_md/bahai-library.com/newspaper_clippings_archive-chicago_defender_1910-1975-1938-05-21,%20Bahai%20Poro_Happenings.md	1938-05-21,%20Bahai%20Poro_Happenings	1	0				1	title->lib/ocean
174105	2026-08-13	../../../../../../tank/site2rag/websites_md/bahai-library.com/newspaper_clippings_archive-chicago_defender_1910-1975-1938-05-21,%20Elsie%20Austin%20Bertha_Black,_Basileus_Sigma_G.md	1938-05-21,%20Elsie%20Austin%20Bertha_Black,_Basileus_Sigma_G	1	0				1	title->lib/ocean
174111	2026-08-13	../../../../../../tank/site2rag/websites_md/bahai-library.com/newspaper_clippings_archive-chicago_defender_1910-1975-1938-06-04,%20Elsie%20Austin%20Ohio_Gets_Its_Second_Race_Assi.md	1938-06-04,%20Elsie%20Austin%20Ohio_Gets_Its_Second_Race_Assi	1	0				1	title->lib/ocean
174165	2026-08-13	../../../../../../tank/site2rag/websites_md/bahai-library.com/newspaper_clippings_archive-chicago_defender_1910-1975-1938-06-25,%20Alain%20Locke%20Fan_Fare_The_Honorable_Samuel.md	1938-06-25,%20Alain%20Locke%20Fan_Fare_The_Honorable_Samuel	1	0				1	title->lib/ocean
174179	2026-08-13	../../../../../../tank/site2rag/websites_md/bahai-library.com/newspaper_clippings_archive-chicago_defender_1910-1975-1938-07-02,%20Lethia%20C%20Fleming%20Ohio_State_Cleveland.md	1938-07-02,%20Lethia%20C%20Fleming%20Ohio_State_Cleveland	1	0				1	title->lib/ocean
174196	2026-08-13	../../../../../../tank/site2rag/websites_md/bahai-library.com/newspaper_clippings_archive-chicago_defender_1910-1975-1938-07-23,%20Elsie%20Austin%20National_Bar_Will_Convene_In_D.md	1938-07-23,%20Elsie%20Austin%20National_Bar_Will_Convene_In_D	1	0				1	title->lib/ocean
174211	2026-08-13	../../../../../../tank/site2rag/websites_md/bahai-library.com/newspaper_clippings_archive-chicago_defender_1910-1975-1938-07-30,%20Elsie%20Austin%20Beauticians_Of_Ohio_End_Their_.md	1938-07-30,%20Elsie%20Austin%20Beauticians_Of_Ohio_End_Their_	1	0				1	title->lib/ocean
174232	2026-08-13	../../../../../../tank/site2rag/websites_md/bahai-library.com/newspaper_clippings_archive-chicago_defender_1910-1975-1938-10-01,%20Lethia%20C%20Fleming%20Equality_Plank_Included_In_Pla.md	1938-10-01,%20Lethia%20C%20Fleming%20Equality_Plank_Included_In_Pla	1	0				1	title->lib/ocean
174255	2026-08-13	../../../../../../tank/site2rag/websites_md/bahai-library.com/newspaper_clippings_archive-chicago_defender_1910-1975-1938-10-29,%20Leslie%20Pinckney%20Hill%20Name_Speakers_For_Y_Confab_At_.md	1938-10-29,%20Leslie%20Pinckney%20Hill%20Name_Speakers_For_Y_Confab_At_	1	0				1	title->lib/ocean
174268	2026-08-13	../../../../../../tank/site2rag/websites_md/bahai-library.com/newspaper_clippings_archive-chicago_defender_1910-1975-1938-11-05,%20Alain%20Locke%20Dr._Locke_Endorses_Defender_St.md	1938-11-05,%20Alain%20Locke%20Dr._Locke_Endorses_Defender_St	1	0				1	title->lib/ocean
174278	2026-08-13	../../../../../../tank/site2rag/websites_md/bahai-library.com/newspaper_clippings_archive-chicago_defender_1910-1975-1938-12-10,%20Thomas%20W%20Fleming%20Ohio_State_Cleveland_Alexande.md	1938-12-10,%20Thomas%20W%20Fleming%20Ohio_State_Cleveland_Alexande	1	0				1	title->lib/ocean
174294	2026-08-13	../../../../../../tank/site2rag/websites_md/bahai-library.com/newspaper_clippings_archive-chicago_defender_1910-1975-1938-12-17,%20Lethia%20C%20Fleming%20Ohio_State_Cleveland.md	1938-12-17,%20Lethia%20C%20Fleming%20Ohio_State_Cleveland	1	0				1	title->lib/ocean
174307	2026-08-13	../../../../../../tank/site2rag/websites_md/bahai-library.com/newspaper_clippings_archive-chicago_defender_1910-1975-1938-12-24,%20Elsie%20Austin%20Columbus.md	1938-12-24,%20Elsie%20Austin%20Columbus	1	0				1	title->lib/ocean
174312	2026-08-13	../../../../../../tank/site2rag/websites_md/bahai-library.com/newspaper_clippings_archive-chicago_defender_1910-1975-1938-12-24,%20Elsie%20Austin%20Dayton.md	1938-12-24,%20Elsie%20Austin%20Dayton	1	0				1	title->lib/ocean
174326	2026-08-13	../../../../../../tank/site2rag/websites_md/bahai-library.com/newspaper_clippings_archive-chicago_defender_1910-1975-1938-12-24,%20Leslie%20Pinckney%20Hill%20Oat_Of_Bean_Pot._._._Boston,_M.md	1938-12-24,%20Leslie%20Pinckney%20Hill%20Oat_Of_Bean_Pot._._._Boston,_M	1	0				1	title->lib/ocean
174340	2026-08-13	../../../../../../tank/site2rag/websites_md/bahai-library.com/newspaper_clippings_archive-chicago_defender_1910-1975-1939-01-07,%20Leslie%20Pinckney%20Hill%20Well_Known_Pennsylvania_Cleric.md	1939-01-07,%20Leslie%20Pinckney%20Hill%20Well_Known_Pennsylvania_Cleric	1	0				1	title->lib/ocean
174344	2026-08-13	../../../../../../tank/site2rag/websites_md/bahai-library.com/newspaper_clippings_archive-chicago_defender_1910-1975-1939-01-14,%20Lethia%20C%20Fleming%20High_Points_In_The_History_Of_.md	1939-01-14,%20Lethia%20C%20Fleming%20High_Points_In_The_History_Of_	1	0				1	title->lib/ocean
174355	2026-08-13	../../../../../../tank/site2rag/websites_md/bahai-library.com/newspaper_clippings_archive-chicago_defender_1910-1975-1939-01-21,%20Alain%20Locke%20Chicagoans_Create_Best_Race_Li.md	1939-01-21,%20Alain%20Locke%20Chicagoans_Create_Best_Race_Li	1	0				1	title->lib/ocean
174358	2026-08-13	../../../../../../tank/site2rag/websites_md/bahai-library.com/newspaper_clippings_archive-chicago_defender_1910-1975-1939-01-21,%20Lethia%20C%20Fleming%20Social_Undertones_Echo_From_Na.md	1939-01-21,%20Lethia%20C%20Fleming%20Social_Undertones_Echo_From_Na	1	0				1	title->lib/ocean
174361	2026-08-13	../../../../../../tank/site2rag/websites_md/bahai-library.com/newspaper_clippings_archive-chicago_defender_1910-1975-1939-01-28,%20Matthew%20Bullock%20Out_Of_Bean_Pot..._Boston,_Mas.md	1939-01-28,%20Matthew%20Bullock%20Out_Of_Bean_Pot..._Boston,_Mas	1	0				1	title->lib/ocean
174363	2026-08-13	../../../../../../tank/site2rag/websites_md/bahai-library.com/newspaper_clippings_archive-chicago_defender_1910-1975-1939-02-04,%20Alain%20Locke%20Views_And_Reviews_What_The_In.md	1939-02-04,%20Alain%20Locke%20Views_And_Reviews_What_The_In	1	0				1	title->lib/ocean
174364	2026-08-13	../../../../../../tank/site2rag/websites_md/bahai-library.com/newspaper_clippings_archive-chicago_defender_1910-1975-1939-02-04,%20Emma%20Ellington%20Obituary_2_--_No_Title.md	1939-02-04,%20Emma%20Ellington%20Obituary_2_--_No_Title	1	0				1	title->lib/ocean
174366	2026-08-13	../../../../../../tank/site2rag/websites_md/bahai-library.com/newspaper_clippings_archive-chicago_defender_1910-1975-1939-02-04,%20Thomas%20W%20Fleming%20From_The_Defender_Files_10_Ye.md	1939-02-04,%20Thomas%20W%20Fleming%20From_The_Defender_Files_10_Ye	1	0				1	title->lib/ocean
174372	2026-08-13	../../../../../../tank/site2rag/websites_md/bahai-library.com/newspaper_clippings_archive-chicago_defender_1910-1975-1939-02-25,%20Lethia%20C%20Fleming%20Ohio_State_Cleveland_N.A.A.C..md	1939-02-25,%20Lethia%20C%20Fleming%20Ohio_State_Cleveland_N.A.A.C.	1	0				1	title->lib/ocean
174379	2026-08-13	../../../../../../tank/site2rag/websites_md/bahai-library.com/newspaper_clippings_archive-chicago_defender_1910-1975-1939-04-01,%20Thomas%20W%20Fleming%20A_Little_Light_Along_The_Way_R.md	1939-04-01,%20Thomas%20W%20Fleming%20A_Little_Light_Along_The_Way_R	1	0				1	title->lib/ocean
174388	2026-08-13	../../../../../../tank/site2rag/websites_md/bahai-library.com/newspaper_clippings_archive-chicago_defender_1910-1975-1939-05-06,%20Bahai%20Rosenwald_Fellowship_Grants_Fo.md	1939-05-06,%20Bahai%20Rosenwald_Fellowship_Grants_Fo	1	0				1	title->lib/ocean
174393	2026-08-13	../../../../../../tank/site2rag/websites_md/bahai-library.com/newspaper_clippings_archive-chicago_defender_1910-1975-1939-05-20,%20Alain%20Locke%20Chicago_Active_In_Effort_To_Es.md	1939-05-20,%20Alain%20Locke%20Chicago_Active_In_Effort_To_Es	1	0				1	title->lib/ocean
174395	2026-08-13	../../../../../../tank/site2rag/websites_md/bahai-library.com/newspaper_clippings_archive-chicago_defender_1910-1975-1939-05-20,%20Alain%20Locke%20Locke_Says_Church_Must_Do_More.md	1939-05-20,%20Alain%20Locke%20Locke_Says_Church_Must_Do_More	1	0				1	title->lib/ocean
174400	2026-08-13	../../../../../../tank/site2rag/websites_md/bahai-library.com/newspaper_clippings_archive-chicago_defender_1910-1975-1939-07-22,%20Thomas%20W%20Fleming%20From_The_Defender_Files_25_Ye.md	1939-07-22,%20Thomas%20W%20Fleming%20From_The_Defender_Files_25_Ye	1	0				1	title->lib/ocean
174402	2026-08-13	../../../../../../tank/site2rag/websites_md/bahai-library.com/newspaper_clippings_archive-chicago_defender_1910-1975-1939-08-05,%20Alain%20Locke%20Four_Scottsboro_Boys_Free_Two_.md	1939-08-05,%20Alain%20Locke%20Four_Scottsboro_Boys_Free_Two_	1	0				1	title->lib/ocean
174404	2026-08-13	../../../../../../tank/site2rag/websites_md/bahai-library.com/newspaper_clippings_archive-chicago_defender_1910-1975-1939-08-05,%20Leslie%20Pinckney%20Hill%20Heads_Roll_As_Ax_Falls_On_Staf.md	1939-08-05,%20Leslie%20Pinckney%20Hill%20Heads_Roll_As_Ax_Falls_On_Staf	1	0				1	title->lib/ocean
174406	2026-08-13	../../../../../../tank/site2rag/websites_md/bahai-library.com/newspaper_clippings_archive-chicago_defender_1910-1975-1939-08-05,%20Lethia%20C%20Fleming%20High_Lights_21_St_Biennial_Co.md	1939-08-05,%20Lethia%20C%20Fleming%20High_Lights_21_St_Biennial_Co	1	0				1	title->lib/ocean
174408	2026-08-13	../../../../../../tank/site2rag/websites_md/bahai-library.com/newspaper_clippings_archive-chicago_defender_1910-1975-1939-08-26,%20Baha%20Drippings_From_Other_Pens_Can.md	1939-08-26,%20Baha%20Drippings_From_Other_Pens_Can	1	0				1	title->lib/ocean
174410	2026-08-13	../../../../../../tank/site2rag/websites_md/bahai-library.com/newspaper_clippings_archive-chicago_defender_1910-1975-1939-09-02,%20Alain%20Locke%20What_The_People_Say_Offers_Ne.md	1939-09-02,%20Alain%20Locke%20What_The_People_Say_Offers_Ne	1	0				1	title->lib/ocean
174412	2026-08-13	../../../../../../tank/site2rag/websites_md/bahai-library.com/newspaper_clippings_archive-chicago_defender_1910-1975-1939-09-16,%20Alain%20Locke%20Southern_Youth_Congress_Organi.md	1939-09-16,%20Alain%20Locke%20Southern_Youth_Congress_Organi	1	0				1	title->lib/ocean
174417	2026-08-13	../../../../../../tank/site2rag/websites_md/bahai-library.com/newspaper_clippings_archive-chicago_defender_1910-1975-1939-11-11,%20Thomas%20W%20Fleming%20Prominent_Cleveland_Woman_Laid.md	1939-11-11,%20Thomas%20W%20Fleming%20Prominent_Cleveland_Woman_Laid	1	0				1	title->lib/ocean
174420	2026-08-13	../../../../../../tank/site2rag/websites_md/bahai-library.com/newspaper_clippings_archive-chicago_defender_1910-1975-1939-11-18,%20Leslie%20Pinckney%20Hill%20Mark_100Th_Anniversary_N.Y._Nu.md	1939-11-18,%20Leslie%20Pinckney%20Hill%20Mark_100Th_Anniversary_N.Y._Nu	1	0				1	title->lib/ocean
174422	2026-08-13	../../../../../../tank/site2rag/websites_md/bahai-library.com/newspaper_clippings_archive-chicago_defender_1910-1975-1939-11-25,%20Alain%20Locke%20Haitian_Blasts_Hypisy_Of_Eu.md	1939-11-25,%20Alain%20Locke%20Haitian_Blasts_Hypisy_Of_Eu	1	0				1	title->lib/ocean
174423	2026-08-13	../../../../../../tank/site2rag/websites_md/bahai-library.com/newspaper_clippings_archive-chicago_defender_1910-1975-1939-11-25,%20Bahai%20Mrs._Martin,_Named_To_School_B.md	1939-11-25,%20Bahai%20Mrs._Martin,_Named_To_School_B	1	0				1	title->lib/ocean
174430	2026-08-13	../../../../../../tank/site2rag/websites_md/bahai-library.com/newspaper_clippings_archive-chicago_defender_1910-1975-1939-12-23,%20Elsie%20Austin%20Delta_Sigma_Theta_Sorors_Plan_.md	1939-12-23,%20Elsie%20Austin%20Delta_Sigma_Theta_Sorors_Plan_	1	0				1	title->lib/ocean
174431	2026-08-13	../../../../../../tank/site2rag/websites_md/bahai-library.com/newspaper_clippings_archive-chicago_defender_1910-1975-1940-01-06,%20Elsie%20Austin%20Review_Of_News_For_1939_These.md	1940-01-06,%20Elsie%20Austin%20Review_Of_News_For_1939_These	3	0				1	title->lib/ocean
174438	2026-08-13	../../../../../../tank/site2rag/websites_md/bahai-library.com/newspaper_clippings_archive-chicago_defender_1910-1975-1940-02-03,%20Alain%20Locke%2085_Citizens_To_Sponsor_Nationa.md	1940-02-03,%20Alain%20Locke%2085_Citizens_To_Sponsor_Nationa	1	0				1	title->lib/ocean
174442	2026-08-13	../../../../../../tank/site2rag/websites_md/bahai-library.com/newspaper_clippings_archive-chicago_defender_1910-1975-1940-02-03,%20Elsie%20Austin%20Birmingham.md	1940-02-03,%20Elsie%20Austin%20Birmingham	1	0				1	title->lib/ocean
174444	2026-08-13	../../../../../../tank/site2rag/websites_md/bahai-library.com/newspaper_clippings_archive-chicago_defender_1910-1975-1940-02-10,%20Alain%20Locke%20Maryland_Baltimore.md	1940-02-10,%20Alain%20Locke%20Maryland_Baltimore	1	0				1	title->lib/ocean
174446	2026-08-13	../../../../../../tank/site2rag/websites_md/bahai-library.com/newspaper_clippings_archive-chicago_defender_1910-1975-1940-02-10,%20Alain%20Locke%20Proposed_10_Year_Plan_For_Chic.md	1940-02-10,%20Alain%20Locke%20Proposed_10_Year_Plan_For_Chic	2	0				1	title->lib/ocean
174448	2026-08-13	../../../../../../tank/site2rag/websites_md/bahai-library.com/newspaper_clippings_archive-chicago_defender_1910-1975-1940-02-10,%20Leslie%20Pinckney%20Hill%20Article_3_--_No_Title.md	1940-02-10,%20Leslie%20Pinckney%20Hill%20Article_3_--_No_Title	1	0				1	title->lib/ocean
174450	2026-08-13	../../../../../../tank/site2rag/websites_md/bahai-library.com/newspaper_clippings_archive-chicago_defender_1910-1975-1940-02-17,%20Alain%20Locke%20A_Haitian_Looks_At_His_America.md	1940-02-17,%20Alain%20Locke%20A_Haitian_Looks_At_His_America	1	0				1	title->lib/ocean
174454	2026-08-13	../../../../../../tank/site2rag/websites_md/bahai-library.com/newspaper_clippings_archive-chicago_defender_1910-1975-1940-03-01,%20Robert%20Sengstacke%20Abbott%20Gen._E._H._White,_66,_Dies;_La.md	1940-03-01,%20Robert%20Sengstacke%20Abbott%20Gen._E._H._White,_66,_Dies;_La	1	0				1	title->lib/ocean
174458	2026-08-13	../../../../../../tank/site2rag/websites_md/bahai-library.com/newspaper_clippings_archive-chicago_defender_1910-1975-1940-03-01,%20Robert%20Sengstacke%20Abbott%20Robert_S._Abbott,_First_Big_Co.md	1940-03-01,%20Robert%20Sengstacke%20Abbott%20Robert_S._Abbott,_First_Big_Co	2	0				1	title->lib/ocean
174460	2026-08-13	../../../../../../tank/site2rag/websites_md/bahai-library.com/newspaper_clippings_archive-chicago_defender_1910-1975-1940-03-01,%20Robert%20Sengstacke%20Abbott%20Roberts.Abbott_Dies;_Publisher.md	1940-03-01,%20Robert%20Sengstacke%20Abbott%20Roberts.Abbott_Dies;_Publisher	1	0				1	title->lib/ocean
174462	2026-08-13	../../../../../../tank/site2rag/websites_md/bahai-library.com/newspaper_clippings_archive-chicago_defender_1910-1975-1940-03-02,%20Elsie%20Austin%20Birmingham.md	1940-03-02,%20Elsie%20Austin%20Birmingham	1	0				1	title->lib/ocean
174465	2026-08-13	../../../../../../tank/site2rag/websites_md/bahai-library.com/newspaper_clippings_archive-chicago_defender_1910-1975-1940-03-09,%20Alain%20Locke%20Hundreds_Express_Grief_At_Edit.md	1940-03-09,%20Alain%20Locke%20Hundreds_Express_Grief_At_Edit	1	0				1	title->lib/ocean
174467	2026-08-13	../../../../../../tank/site2rag/websites_md/bahai-library.com/newspaper_clippings_archive-chicago_defender_1910-1975-1940-03-09,%20Bahai%20Thousands_Mourn_At_Bier_Of_Edi.md	1940-03-09,%20Bahai%20Thousands_Mourn_At_Bier_Of_Edi	2	0				1	title->lib/ocean
174469	2026-08-13	../../../../../../tank/site2rag/websites_md/bahai-library.com/newspaper_clippings_archive-chicago_defender_1910-1975-1940-03-09,%20Robert%20Sengstacke%20Abbott%20A_Little_Light_Along_The_Way_R.md	1940-03-09,%20Robert%20Sengstacke%20Abbott%20A_Little_Light_Along_The_Way_R	1	0				1	title->lib/ocean
174471	2026-08-13	../../../../../../tank/site2rag/websites_md/bahai-library.com/newspaper_clippings_archive-chicago_defender_1910-1975-1940-03-09,%20Robert%20Sengstacke%20Abbott%20Billikens_Saddened_By_Death_Of.md	1940-03-09,%20Robert%20Sengstacke%20Abbott%20Billikens_Saddened_By_Death_Of	1	0				1	title->lib/ocean
174475	2026-08-13	../../../../../../tank/site2rag/websites_md/bahai-library.com/newspaper_clippings_archive-chicago_defender_1910-1975-1940-03-09,%20Robert%20Sengstacke%20Abbott%20Here_And_There.md	1940-03-09,%20Robert%20Sengstacke%20Abbott%20Here_And_There	1	0				1	title->lib/ocean
174478	2026-08-13	../../../../../../tank/site2rag/websites_md/bahai-library.com/newspaper_clippings_archive-chicago_defender_1910-1975-1940-03-09,%20Robert%20Sengstacke%20Abbott%20Police,_Firemen_Form_Honor_Gua.md	1940-03-09,%20Robert%20Sengstacke%20Abbott%20Police,_Firemen_Form_Honor_Gua	1	0				1	title->lib/ocean
174479	2026-08-13	../../../../../../tank/site2rag/websites_md/bahai-library.com/newspaper_clippings_archive-chicago_defender_1910-1975-1940-03-09,%20Robert%20Sengstacke%20Abbott%20Robert_S._Abbott_Dies_After_Lo.md	1940-03-09,%20Robert%20Sengstacke%20Abbott%20Robert_S._Abbott_Dies_After_Lo	1	0				1	title->lib/ocean
174481	2026-08-13	../../../../../../tank/site2rag/websites_md/bahai-library.com/newspaper_clippings_archive-chicago_defender_1910-1975-1940-03-09,%20Robert%20Sengstacke%20Abbott%20Thousands_Mourn_At_Bier_Of_Edi.md	1940-03-09,%20Robert%20Sengstacke%20Abbott%20Thousands_Mourn_At_Bier_Of_Edi	2	0				1	no title match
174486	2026-08-13	../../../../../../tank/site2rag/websites_md/bahai-library.com/newspaper_clippings_archive-chicago_defender_1910-1975-1940-03-16,%20Robert%20Sengstacke%20Abbott%20Detroit.md	1940-03-16,%20Robert%20Sengstacke%20Abbott%20Detroit	1	0				1	title->lib/ocean
174490	2026-08-13	../../../../../../tank/site2rag/websites_md/bahai-library.com/newspaper_clippings_archive-chicago_defender_1910-1975-1940-03-16,%20Robert%20Sengstacke%20Abbott%20Quest_For_Equality_An_Autobio.md	1940-03-16,%20Robert%20Sengstacke%20Abbott%20Quest_For_Equality_An_Autobio	2	0				1	title->lib/ocean
174491	2026-08-13	../../../../../../tank/site2rag/websites_md/bahai-library.com/newspaper_clippings_archive-chicago_defender_1910-1975-1940-03-16,%20Robert%20Sengstacke%20Abbott%20The_Observation_--Post_Mark.md	1940-03-16,%20Robert%20Sengstacke%20Abbott%20The_Observation_--Post_Mark	1	0				1	title->lib/ocean
174493	2026-08-13	../../../../../../tank/site2rag/websites_md/bahai-library.com/newspaper_clippings_archive-chicago_defender_1910-1975-1940-03-23,%20Robert%20Sengstacke%20Abbott%20Southernaires_In_Radio_Tribute.md	1940-03-23,%20Robert%20Sengstacke%20Abbott%20Southernaires_In_Radio_Tribute	1	0				1	title->lib/ocean
174501	2026-08-13	../../../../../../tank/site2rag/websites_md/bahai-library.com/newspaper_clippings_archive-chicago_defender_1910-1975-1940-04-16,%20Robert%20Sengstacke%20Abbott%20Lights_And_Shadows_A_Little_B.md	1940-04-16,%20Robert%20Sengstacke%20Abbott%20Lights_And_Shadows_A_Little_B	1	0				1	title->lib/ocean
174504	2026-08-13	../../../../../../tank/site2rag/websites_md/bahai-library.com/newspaper_clippings_archive-chicago_defender_1910-1975-1940-04-27,%20Robert%20Sengstacke%20Abbott%20W._C._Handy_To_Put_Lives_Of_Ra.md	1940-04-27,%20Robert%20Sengstacke%20Abbott%20W._C._Handy_To_Put_Lives_Of_Ra	1	0				1	title->lib/ocean
174508	2026-08-13	../../../../../../tank/site2rag/websites_md/bahai-library.com/newspaper_clippings_archive-chicago_defender_1910-1975-1940-05-11,%20Alain%20Locke%20Negro_Youth_In_New_Orleans.md	1940-05-11,%20Alain%20Locke%20Negro_Youth_In_New_Orleans	1	0				1	title->lib/ocean
174512	2026-08-13	../../../../../../tank/site2rag/websites_md/bahai-library.com/newspaper_clippings_archive-chicago_defender_1910-1975-1940-05-25,%20Bahai%20Music_News_Calendar.md	1940-05-25,%20Bahai%20Music_News_Calendar	1	0				1	title->lib/ocean
174515	2026-08-13	../../../../../../tank/site2rag/websites_md/bahai-library.com/newspaper_clippings_archive-chicago_defender_1910-1975-1940-06-08,%20Alain%20Locke%20Interracial_Unit_To_Give_Lynch.md	1940-06-08,%20Alain%20Locke%20Interracial_Unit_To_Give_Lynch	1	0				1	title->lib/ocean
174517	2026-08-13	../../../../../../tank/site2rag/websites_md/bahai-library.com/newspaper_clippings_archive-chicago_defender_1910-1975-1940-06-29,%20Lethia%20C%20Fleming%20Submit_Race_Plank_For_G._O._P..md	1940-06-29,%20Lethia%20C%20Fleming%20Submit_Race_Plank_For_G._O._P.	1	0				1	title->lib/ocean
174522	2026-08-13	../../../../../../tank/site2rag/websites_md/bahai-library.com/newspaper_clippings_archive-chicago_defender_1910-1975-1940-07-27,%20Elsie%20Austin%20Bar_To_Discuss_Vital_Problems_.md	1940-07-27,%20Elsie%20Austin%20Bar_To_Discuss_Vital_Problems_	1	0				1	title->lib/ocean
174525	2026-08-13	../../../../../../tank/site2rag/websites_md/bahai-library.com/newspaper_clippings_archive-chicago_defender_1910-1975-1940-08-10,%20Alain%20Locke%20Name_Winners_In_Exposition_Art.md	1940-08-10,%20Alain%20Locke%20Name_Winners_In_Exposition_Art	1	0				1	title->lib/ocean
174533	2026-08-13	../../../../../../tank/site2rag/websites_md/bahai-library.com/newspaper_clippings_archive-chicago_defender_1910-1975-1940-09-28,%20Alain%20Locke%20In_Passing.md	1940-09-28,%20Alain%20Locke%20In_Passing	1	0				1	title->lib/ocean
174534	2026-08-13	../../../../../../tank/site2rag/websites_md/bahai-library.com/newspaper_clippings_archive-chicago_defender_1910-1975-1940-10-12,%20Alain%20Locke%20National_Grapevine_Phamus_Pha.md	1940-10-12,%20Alain%20Locke%20National_Grapevine_Phamus_Pha	1	0				1	title->lib/ocean
174536	2026-08-13	../../../../../../tank/site2rag/websites_md/bahai-library.com/newspaper_clippings_archive-chicago_defender_1910-1975-1940-11-02,%20Alain%20Locke%20National_Grapevine_The_Dies_O.md	1940-11-02,%20Alain%20Locke%20National_Grapevine_The_Dies_O	1	0				1	title->lib/ocean
174538	2026-08-13	../../../../../../tank/site2rag/websites_md/bahai-library.com/newspaper_clippings_archive-chicago_defender_1910-1975-1940-11-02,%20Elsie%20Austin%20Typovision.md	1940-11-02,%20Elsie%20Austin%20Typovision	2	0				1	title->lib/ocean
174540	2026-08-13	../../../../../../tank/site2rag/websites_md/bahai-library.com/newspaper_clippings_archive-chicago_defender_1910-1975-1940-12-21,%20Alain%20Locke%20Library_Of_Congress_To_Observe.md	1940-12-21,%20Alain%20Locke%20Library_Of_Congress_To_Observe	1	0				1	title->lib/ocean
174546	2026-08-13	../../../../../../tank/site2rag/websites_md/bahai-library.com/newspaper_clippings_archive-chicago_defender_1910-1975-1940-3-01,%20Robert%20Sengstacke%20Abbott%20Notables_Throng_Church_For_Abb.md	1940-3-01,%20Robert%20Sengstacke%20Abbott%20Notables_Throng_Church_For_Abb	2	0				1	title->lib/ocean
174548	2026-08-13	../../../../../../tank/site2rag/websites_md/bahai-library.com/newspaper_clippings_archive-chicago_defender_1910-1975-1941-01-10,%20Elsie%20Austin%20Elsie_Austin_Renamed_Delta_Nat.md	1941-01-10,%20Elsie%20Austin%20Elsie_Austin_Renamed_Delta_Nat	1	0				1	title->lib/ocean
174552	2026-08-13	../../../../../../tank/site2rag/websites_md/bahai-library.com/newspaper_clippings_archive-chicago_defender_1910-1975-1941-02-15,%20Alain%20Locke%20Petition_F.D.R._To_End_Tenn._P.md	1941-02-15,%20Alain%20Locke%20Petition_F.D.R._To_End_Tenn._P	1	0				1	title->lib/ocean
174555	2026-08-13	../../../../../../tank/site2rag/websites_md/bahai-library.com/newspaper_clippings_archive-chicago_defender_1910-1975-1941-03-01,%20Alain%20Locke%20A_Community_Adventure.md	1941-03-01,%20Alain%20Locke%20A_Community_Adventure	2	0				1	title->lib/ocean
174557	2026-08-13	../../../../../../tank/site2rag/websites_md/bahai-library.com/newspaper_clippings_archive-chicago_defender_1910-1975-1941-03-11,%20Robert%20Sengstacke%20Abbott%20Suit_Seeks_To_Bar_Mrs._Abbott_.md	1941-03-11,%20Robert%20Sengstacke%20Abbott%20Suit_Seeks_To_Bar_Mrs._Abbott_	2	0				1	title->lib/ocean
174564	2026-08-13	../../../../../../tank/site2rag/websites_md/bahai-library.com/newspaper_clippings_archive-chicago_defender_1910-1975-1941-03-29,%20Bahai%20Cincinnati_Corner.md	1941-03-29,%20Bahai%20Cincinnati_Corner	1	0				1	title->lib/ocean
174568	2026-08-13	../../../../../../tank/site2rag/websites_md/bahai-library.com/newspaper_clippings_archive-chicago_defender_1910-1975-1941-03-29,%20Matthew%20Bullock%20Dr._Charlotte_Hawkins_Brown_In.md	1941-03-29,%20Matthew%20Bullock%20Dr._Charlotte_Hawkins_Brown_In	1	0				1	title->lib/ocean
174569	2026-08-13	../../../../../../tank/site2rag/websites_md/bahai-library.com/newspaper_clippings_archive-chicago_defender_1910-1975-1941-04-12,%20Alain%20Locke%20Make_Plans_For_Art_Center_Dedi.md	1941-04-12,%20Alain%20Locke%20Make_Plans_For_Art_Center_Dedi	1	0				1	title->lib/ocean
174571	2026-08-13	../../../../../../tank/site2rag/websites_md/bahai-library.com/newspaper_clippings_archive-chicago_defender_1910-1975-1941-04-12,%20Alain%20Locke%20National_Grapevine_Campus_Con.md	1941-04-12,%20Alain%20Locke%20National_Grapevine_Campus_Con	1	0				1	title->lib/ocean
174572	2026-08-13	../../../../../../tank/site2rag/websites_md/bahai-library.com/newspaper_clippings_archive-chicago_defender_1910-1975-1941-05-03,%20Elsie%20Austin%20Business_Conference_Closes_Fir.md	1941-05-03,%20Elsie%20Austin%20Business_Conference_Closes_Fir	1	0				1	title->lib/ocean
174576	2026-08-13	../../../../../../tank/site2rag/websites_md/bahai-library.com/newspaper_clippings_archive-chicago_defender_1910-1975-1941-05-10,%20Elsie%20Austin%20Cincinnati_Corner.md	1941-05-10,%20Elsie%20Austin%20Cincinnati_Corner	1	0				1	title->lib/ocean
174578	2026-08-13	../../../../../../tank/site2rag/websites_md/bahai-library.com/newspaper_clippings_archive-chicago_defender_1910-1975-1941-05-17,%20Alain%20Locke%20Farewell_Reception_Of_Haitians.md	1941-05-17,%20Alain%20Locke%20Farewell_Reception_Of_Haitians	1	0				1	title->lib/ocean
174579	2026-08-13	../../../../../../tank/site2rag/websites_md/bahai-library.com/newspaper_clippings_archive-chicago_defender_1910-1975-1941-05-17,%20Alain%20Locke%20First_Lady_Spends_Busy_Three_H.md	1941-05-17,%20Alain%20Locke%20First_Lady_Spends_Busy_Three_H	1	0				1	title->lib/ocean
174581	2026-08-13	../../../../../../tank/site2rag/websites_md/bahai-library.com/newspaper_clippings_archive-chicago_defender_1910-1975-1941-05-17,%20Alain%20Locke%20Mrs._Eleanor_Roosevelt_Shown_G.md	1941-05-17,%20Alain%20Locke%20Mrs._Eleanor_Roosevelt_Shown_G	1	0				1	title->lib/ocean
174588	2026-08-13	../../../../../../tank/site2rag/websites_md/bahai-library.com/newspaper_clippings_archive-chicago_defender_1910-1975-1941-07-26,%20Leslie%20Pinckney%20Hill%20Mrs._A._Fleming_Re-Elected_Hea.md	1941-07-26,%20Leslie%20Pinckney%20Hill%20Mrs._A._Fleming_Re-Elected_Hea	1	0				1	title->lib/ocean
174591	2026-08-13	../../../../../../tank/site2rag/websites_md/bahai-library.com/newspaper_clippings_archive-chicago_defender_1910-1975-1941-08-30,%20Elsie%20Austin%20Complete_Plans_For_Pan-Helleni.md	1941-08-30,%20Elsie%20Austin%20Complete_Plans_For_Pan-Helleni	1	0				1	title->lib/ocean
174595	2026-08-13	../../../../../../tank/site2rag/websites_md/bahai-library.com/newspaper_clippings_archive-chicago_defender_1910-1975-1941-10-18,%20Alain%20Locke%20Annual_Day_Conference_Of_Youth.md	1941-10-18,%20Alain%20Locke%20Annual_Day_Conference_Of_Youth	1	0				1	title->lib/ocean
174597	2026-08-13	../../../../../../tank/site2rag/websites_md/bahai-library.com/newspaper_clippings_archive-chicago_defender_1910-1975-1941-10-18,%20Alain%20Locke%20Typovision.md	1941-10-18,%20Alain%20Locke%20Typovision	1	0				1	title->lib/ocean
174601	2026-08-13	../../../../../../tank/site2rag/websites_md/bahai-library.com/newspaper_clippings_archive-chicago_defender_1910-1975-1941-10-25,%20Alain%20Locke%20History_Group_Will_Present_Fou.md	1941-10-25,%20Alain%20Locke%20History_Group_Will_Present_Fou	1	0				1	title->lib/ocean
174603	2026-08-13	../../../../../../tank/site2rag/websites_md/bahai-library.com/newspaper_clippings_archive-chicago_defender_1910-1975-1941-10-25,%20Elsie%20Austin%20Alter_Ncnw_Law_To_Re-Elect_Mrs.md	1941-10-25,%20Elsie%20Austin%20Alter_Ncnw_Law_To_Re-Elect_Mrs	1	0				1	title->lib/ocean
174605	2026-08-13	../../../../../../tank/site2rag/websites_md/bahai-library.com/newspaper_clippings_archive-chicago_defender_1910-1975-1941-11-08,%20Alain%20Locke%20Dr._Ernest_Just,_Howard_U._Pro.md	1941-11-08,%20Alain%20Locke%20Dr._Ernest_Just,_Howard_U._Pro	1	0				1	title->lib/ocean
174607	2026-08-13	../../../../../../tank/site2rag/websites_md/bahai-library.com/newspaper_clippings_archive-chicago_defender_1910-1975-1941-11-15,%20Leslie%20Pinckney%20Hill%20Other_17_--_No_Title.md	1941-11-15,%20Leslie%20Pinckney%20Hill%20Other_17_--_No_Title	1	0				1	title->lib/ocean
174612	2026-08-13	../../../../../../tank/site2rag/websites_md/bahai-library.com/newspaper_clippings_archive-chicago_defender_1910-1975-1942-01-10,%20Alain%20Locke%20New_York_Society.md	1942-01-10,%20Alain%20Locke%20New_York_Society	1	0				1	title->lib/ocean
174613	2026-08-13	../../../../../../tank/site2rag/websites_md/bahai-library.com/newspaper_clippings_archive-chicago_defender_1910-1975-1942-01-17,%20Alain%20Locke%20New_York_Society.md	1942-01-17,%20Alain%20Locke%20New_York_Society	1	0				1	title->lib/ocean
174617	2026-08-13	../../../../../../tank/site2rag/websites_md/bahai-library.com/newspaper_clippings_archive-chicago_defender_1910-1975-1942-01-24,%20Thomas%20W%20Fleming%20Thoughts_For_To-Day.md	1942-01-24,%20Thomas%20W%20Fleming%20Thoughts_For_To-Day	1	0				1	title->lib/ocean
174620	2026-08-13	../../../../../../tank/site2rag/websites_md/bahai-library.com/newspaper_clippings_archive-chicago_defender_1910-1975-1942-03-07,%20Robert%20Sengstacke%20Abbott%20Editor_Abbott_Honored_At_Metro.md	1942-03-07,%20Robert%20Sengstacke%20Abbott%20Editor_Abbott_Honored_At_Metro	1	0				1	title->lib/ocean
174625	2026-08-13	../../../../../../tank/site2rag/websites_md/bahai-library.com/newspaper_clippings_archive-chicago_defender_1910-1975-1942-04-04,%20Alain%20Locke%20National_Grapevine.md	1942-04-04,%20Alain%20Locke%20National_Grapevine	1	0				1	title->lib/ocean
174628	2026-08-13	../../../../../../tank/site2rag/websites_md/bahai-library.com/newspaper_clippings_archive-chicago_defender_1910-1975-1942-05-09,%20Alain%20Locke%20Locke_Speaks_At_Atlanta_U._Art.md	1942-05-09,%20Alain%20Locke%20Locke_Speaks_At_Atlanta_U._Art	1	0				1	title->lib/ocean
174629	2026-08-13	../../../../../../tank/site2rag/websites_md/bahai-library.com/newspaper_clippings_archive-chicago_defender_1910-1975-1942-05-09,%20Bahai%20Thoughts_To-Day_All_Hail,_Chi.md	1942-05-09,%20Bahai%20Thoughts_To-Day_All_Hail,_Chi	1	0				1	title->lib/ocean
174631	2026-08-13	../../../../../../tank/site2rag/websites_md/bahai-library.com/newspaper_clippings_archive-chicago_defender_1910-1975-1942-05-23,%20Alain%20Locke%20National_Grapevine.md	1942-05-23,%20Alain%20Locke%20National_Grapevine	1	0				1	title->lib/ocean
174632	2026-08-13	../../../../../../tank/site2rag/websites_md/bahai-library.com/newspaper_clippings_archive-chicago_defender_1910-1975-1942-06-06,%20Leslie%20Pinckney%20Hill%20Other_23_--_No_Title.md	1942-06-06,%20Leslie%20Pinckney%20Hill%20Other_23_--_No_Title	1	0				1	title->lib/ocean
174637	2026-08-13	../../../../../../tank/site2rag/websites_md/bahai-library.com/newspaper_clippings_archive-chicago_defender_1910-1975-1942-07-25,%20Alain%20Locke%20National_Grapevine.md	1942-07-25,%20Alain%20Locke%20National_Grapevine	1	0				1	title->lib/ocean
174639	2026-08-13	../../../../../../tank/site2rag/websites_md/bahai-library.com/newspaper_clippings_archive-chicago_defender_1910-1975-1942-08-15,%20Elsie%20Austin%20Cincinnati_Social_Notes.md	1942-08-15,%20Elsie%20Austin%20Cincinnati_Social_Notes	1	0				1	title->lib/ocean
174648	2026-08-13	../../../../../../tank/site2rag/websites_md/bahai-library.com/newspaper_clippings_archive-chicago_defender_1910-1975-1942-09-12,%20Alain%20Locke%20Other_19_--_No_Title.md	1942-09-12,%20Alain%20Locke%20Other_19_--_No_Title	1	0				1	title->lib/ocean
174651	2026-08-13	../../../../../../tank/site2rag/websites_md/bahai-library.com/newspaper_clippings_archive-chicago_defender_1910-1975-1942-09-19,%20Alain%20Locke%20Other_27_--_No_Title.md	1942-09-19,%20Alain%20Locke%20Other_27_--_No_Title	1	0				1	title->lib/ocean
174657	2026-08-13	../../../../../../tank/site2rag/websites_md/bahai-library.com/newspaper_clippings_archive-chicago_defender_1910-1975-1942-09-26,%20Alain%20Locke%20The_Case_Of_A_Minority_Predic.md	1942-09-26,%20Alain%20Locke%20The_Case_Of_A_Minority_Predic	1	0				1	title->lib/ocean
174659	2026-08-13	../../../../../../tank/site2rag/websites_md/bahai-library.com/newspaper_clippings_archive-chicago_defender_1910-1975-1942-10-24,%20Bahai%20Other_23_--_No_Title.md	1942-10-24,%20Bahai%20Other_23_--_No_Title	1	0				1	title->lib/ocean
174661	2026-08-13	../../../../../../tank/site2rag/websites_md/bahai-library.com/newspaper_clippings_archive-chicago_defender_1910-1975-1942-11-14,%20Alain%20Locke%20National_Grapevine.md	1942-11-14,%20Alain%20Locke%20National_Grapevine	1	0				1	title->lib/ocean
174665	2026-08-13	../../../../../../tank/site2rag/websites_md/bahai-library.com/newspaper_clippings_archive-chicago_defender_1910-1975-1942-12-12,%20Alain%20Locke%20National_Grapevine.md	1942-12-12,%20Alain%20Locke%20National_Grapevine	1	0				1	title->lib/ocean
174669	2026-08-13	../../../../../../tank/site2rag/websites_md/bahai-library.com/newspaper_clippings_archive-chicago_defender_1910-1975-1942-12-19,%20Elsie%20Austin%20Sororities_To_Postpone_Meets_B.md	1942-12-19,%20Elsie%20Austin%20Sororities_To_Postpone_Meets_B	1	0				1	title->lib/ocean
174673	2026-08-13	../../../../../../tank/site2rag/websites_md/bahai-library.com/newspaper_clippings_archive-chicago_defender_1910-1975-1943-02-13,%20Alain%20Locke%2018_Win_Places_On_Race_Relation.md	1943-02-13,%20Alain%20Locke%2018_Win_Places_On_Race_Relation	1	0				1	title->lib/ocean
174676	2026-08-13	../../../../../../tank/site2rag/websites_md/bahai-library.com/newspaper_clippings_archive-chicago_defender_1910-1975-1943-03-06,%20Alain%20Locke%20Dr._Dubois_75,_Honored_On_Birt.md	1943-03-06,%20Alain%20Locke%20Dr._Dubois_75,_Honored_On_Birt	1	0				1	title->lib/ocean
174680	2026-08-13	../../../../../../tank/site2rag/websites_md/bahai-library.com/newspaper_clippings_archive-chicago_defender_1910-1975-1943-04-03,%20Robert%20Sengstacke%20Abbott%20Honor_Sengstacke_At_Testimonia.md	1943-04-03,%20Robert%20Sengstacke%20Abbott%20Honor_Sengstacke_At_Testimonia	1	0				1	title->lib/ocean
174686	2026-08-13	../../../../../../tank/site2rag/websites_md/bahai-library.com/newspaper_clippings_archive-chicago_defender_1910-1975-1943-04-24,%20Elsie%20Austin%20Delta_Sigma_Theta_Ends_One_Day.md	1943-04-24,%20Elsie%20Austin%20Delta_Sigma_Theta_Ends_One_Day	1	0				1	title->lib/ocean
174693	2026-08-13	../../../../../../tank/site2rag/websites_md/bahai-library.com/newspaper_clippings_archive-chicago_defender_1910-1975-1943-10-09,%20Lethia%20C%20Fleming%20Negro_Congress_Plans_Fight_On_.md	1943-10-09,%20Lethia%20C%20Fleming%20Negro_Congress_Plans_Fight_On_	1	0				1	title->lib/ocean
174698	2026-08-13	../../../../../../tank/site2rag/websites_md/bahai-library.com/newspaper_clippings_archive-chicago_defender_1910-1975-1943-11-20,%20Matthew%20Bullock%20Mixed_Dancing_Barred_By_Uso.md	1943-11-20,%20Matthew%20Bullock%20Mixed_Dancing_Barred_By_Uso	1	0				1	title->lib/ocean
174713	2026-08-13	../../../../../../tank/site2rag/websites_md/bahai-library.com/newspaper_clippings_archive-chicago_defender_1910-1975-1943-12-04,%20Alain%20Locke%20National_Grapevine_Can_You_Ta.md	1943-12-04,%20Alain%20Locke%20National_Grapevine_Can_You_Ta	1	0				1	title->lib/ocean
174716	2026-08-13	../../../../../../tank/site2rag/websites_md/bahai-library.com/newspaper_clippings_archive-chicago_defender_1910-1975-1943-12-11,%20Robert%20Sengstacke%20Abbott%20Fugitive_From_Alabama_Prison_W.md	1943-12-11,%20Robert%20Sengstacke%20Abbott%20Fugitive_From_Alabama_Prison_W	1	0				1	title->lib/ocean
174722	2026-08-13	../../../../../../tank/site2rag/websites_md/bahai-library.com/newspaper_clippings_archive-chicago_defender_1910-1975-1943-12-25,%20Alain%20Locke%20Here_To_Yonder_Books_Are_Frie.md	1943-12-25,%20Alain%20Locke%20Here_To_Yonder_Books_Are_Frie	1	0				1	title->lib/ocean
174728	2026-08-13	../../../../../../tank/site2rag/websites_md/bahai-library.com/newspaper_archive_oregon-oregon_newspaper_archive_1924-08-09_ed-1_seq-4.md	oregon_newspaper_archive_1924-08-09_ed-1_seq-4	1	0				1	title->lib/ocean
174731	2026-08-13	../../../../../../tank/site2rag/websites_md/bahai-library.com/newspaper_archive_oregon-oregon_newspaper_archive_1926-03-06_ed-1_seq-1.md	oregon_newspaper_archive_1926-03-06_ed-1_seq-1	1	0				1	title->lib/ocean
174738	2026-08-13	../../../../../../tank/site2rag/websites_md/bahai-library.com/newspaper_clippings_archive-chicago_defender_1910-1975-1944-04-08,%20Bahai%20Books_Sociological_Study.md	1944-04-08,%20Bahai%20Books_Sociological_Study	1	0				1	title->lib/ocean
174750	2026-08-13	../../../../../../tank/site2rag/websites_md/bahai-library.com/newspaper_clippings_archive-chicago_defender_1910-1975-1944-05-13,%20Alain%20Locke%20National_Grapevine.md	1944-05-13,%20Alain%20Locke%20National_Grapevine	1	0				1	title->lib/ocean
174753	2026-08-13	../../../../../../tank/site2rag/websites_md/bahai-library.com/newspaper_clippings_archive-chicago_defender_1910-1975-1914-06-27,%20Douglass%20Center,%20Fenton_Johnson_Off_For_New_Yor.md	1914-06-27,%20Douglass%20Center,%20Fenton_Johnson_Off_For_New_Yor	1	0				1	title->lib/ocean
174754	2026-08-13	../../../../../../tank/site2rag/websites_md/bahai-library.com/newspaper_clippings_archive-chicago_defender_1910-1975-1944-05-27,%20Alain%20Locke%20Carver_Portrait_Is_Presented_T.md	1944-05-27,%20Alain%20Locke%20Carver_Portrait_Is_Presented_T	1	0				1	title->lib/ocean
174758	2026-08-13	../../../../../../tank/site2rag/websites_md/bahai-library.com/newspaper_clippings_archive-chicago_defender_1910-1975-1944-05-27,%20Bahai%20Swinging_The_News.md	1944-05-27,%20Bahai%20Swinging_The_News	1	0				1	title->lib/ocean
174764	2026-08-13	../../../../../../tank/site2rag/websites_md/bahai-library.com/newspaper_clippings_archive-chicago_defender_1910-1975-1944-06-08,%20Leslie%20Pinckney%20Hill%20Books_Slavery_Saga.md	1944-06-08,%20Leslie%20Pinckney%20Hill%20Books_Slavery_Saga	1	0				1	title->lib/ocean
174769	2026-08-13	../../../../../../tank/site2rag/websites_md/bahai-library.com/newspaper_clippings_archive-chicago_defender_1910-1975-1917-07-07,%20Robert%20S%20Abbott%20Article_6_--_No_Title.md	1917-07-07,%20Robert%20S%20Abbott%20Article_6_--_No_Title	1	0				1	title->lib/ocean
174778	2026-08-13	../../../../../../tank/site2rag/websites_md/bahai-library.com/newspaper_clippings_archive-chicago_defender_1910-1975-1944-07-29,%20Alain%20Locke%20Marian_Anderson_Triumphs_In_Re.md	1944-07-29,%20Alain%20Locke%20Marian_Anderson_Triumphs_In_Re	1	0				1	title->lib/ocean
174784	2026-08-13	../../../../../../tank/site2rag/websites_md/bahai-library.com/newspaper_clippings_archive-chicago_defender_1910-1975-1944-09-16,%20Ellsworth%20Blackwell%20Fight_To_Crack_White_City_Jim_.md	1944-09-16,%20Ellsworth%20Blackwell%20Fight_To_Crack_White_City_Jim_	1	0				1	title->lib/ocean
174786	2026-08-13	../../../../../../tank/site2rag/websites_md/bahai-library.com/newspaper_clippings_archive-chicago_defender_1910-1975-1918-05-18,%20Thomas%20W%20Fleming%20The_Buckeye_State.md	1918-05-18,%20Thomas%20W%20Fleming%20The_Buckeye_State	1	0				1	title->lib/ocean
174787	2026-08-13	../../../../../../tank/site2rag/websites_md/bahai-library.com/newspaper_clippings_archive-chicago_defender_1910-1975-1944-09-30,%20Alain%20Locke%20Non_-_Partisan_League_Plans_19.md	1944-09-30,%20Alain%20Locke%20Non_-_Partisan_League_Plans_19	2	0				1	title->lib/ocean
174792	2026-08-13	../../../../../../tank/site2rag/websites_md/bahai-library.com/newspaper_clippings_archive-chicago_defender_1910-1975-1920-05-29,%20Baha%20The_Buckeye_State.md	1920-05-29,%20Baha%20The_Buckeye_State	1	0				1	title->lib/ocean
174795	2026-08-13	../../../../../../tank/site2rag/websites_md/bahai-library.com/newspaper_clippings_archive-chicago_defender_1910-1975-1944-10-07,%20Alain%20Locke%20Locke_Hails_Non-Partisan_Leagu.md	1944-10-07,%20Alain%20Locke%20Locke_Hails_Non-Partisan_Leagu	1	0				1	title->lib/ocean
174799	2026-08-13	../../../../../../tank/site2rag/websites_md/bahai-library.com/newspaper_clippings_archive-chicago_defender_1910-1975-1944-10-07,%20Alain%20Locke%20Non-Partisan_League_Elects_New.md	1944-10-07,%20Alain%20Locke%20Non-Partisan_League_Elects_New	2	0				1	title->lib/ocean
174801	2026-08-13	../../../../../../tank/site2rag/websites_md/bahai-library.com/newspaper_clippings_archive-chicago_defender_1910-1975-1920-11-20,%20Thomas%20W%20Fleming%20The_Buckeye_State.md	1920-11-20,%20Thomas%20W%20Fleming%20The_Buckeye_State	1	0				1	no title match
174808	2026-08-13	../../../../../../tank/site2rag/websites_md/bahai-library.com/newspaper_clippings_archive-chicago_defender_1910-1975-1944-10-28,%20Alain%20Locke%20Famed_French_Negro_Author_Tell.md	1944-10-28,%20Alain%20Locke%20Famed_French_Negro_Author_Tell	1	0				1	title->lib/ocean
174811	2026-08-13	../../../../../../tank/site2rag/websites_md/bahai-library.com/newspaper_clippings_archive-chicago_defender_1910-1975-1921-10-15,%20Bahai%20The_Bahai_Movement.md	1921-10-15,%20Bahai%20The_Bahai_Movement	1	0				1	title->lib/ocean
174812	2026-08-13	../../../../../../tank/site2rag/websites_md/bahai-library.com/newspaper_clippings_archive-chicago_defender_1910-1975-1922-06-24,%20Thomas%20W%20Fleming%20The_Buckeye_State.md	1922-06-24,%20Thomas%20W%20Fleming%20The_Buckeye_State	1	0				1	title->lib/ocean
174816	2026-08-13	../../../../../../tank/site2rag/websites_md/bahai-library.com/newspaper_clippings_archive-chicago_defender_1910-1975-1944-12-16,%20Alain%20Locke%2032_Leaders_Join_In_Backing_Wor.md	1944-12-16,%20Alain%20Locke%2032_Leaders_Join_In_Backing_Wor	1	0				1	title->lib/ocean
174822	2026-08-13	../../../../../../tank/site2rag/websites_md/bahai-library.com/newspaper_clippings_archive-chicago_defender_1910-1975-1923-10-20,%20Bahai%20Churches.md	1923-10-20,%20Bahai%20Churches	1	0				1	title->lib/ocean
174824	2026-08-13	../../../../../../tank/site2rag/websites_md/bahai-library.com/newspaper_clippings_archive-chicago_defender_1910-1975-1944-12-23,%20Elsie%20Austin%20Greater_Cincinnati.md	1944-12-23,%20Elsie%20Austin%20Greater_Cincinnati	1	0				1	title->lib/ocean
174826	2026-08-13	../../../../../../tank/site2rag/websites_md/bahai-library.com/newspaper_clippings_archive-chicago_defender_1910-1975-1923-12-15,%20Bahai%20Churches.md	1923-12-15,%20Bahai%20Churches	1	0				1	title->lib/ocean
174828	2026-08-13	../../../../../../tank/site2rag/websites_md/bahai-library.com/newspaper_clippings_archive-chicago_defender_1910-1975-1945-01-27,%20Leslie%20Pinckney%20Hill%20Howard_Odum_Wins_New_Bernays_R.md	1945-01-27,%20Leslie%20Pinckney%20Hill%20Howard_Odum_Wins_New_Bernays_R	1	0				1	title->lib/ocean
174830	2026-08-13	../../../../../../tank/site2rag/websites_md/bahai-library.com/newspaper_clippings_archive-chicago_defender_1910-1975-1924-01-05,%20Mary%20Bryron%20Clarke%20Chicago_Society.md	1924-01-05,%20Mary%20Bryron%20Clarke%20Chicago_Society	1	0				1	title->lib/ocean
174834	2026-08-13	../../../../../../tank/site2rag/websites_md/bahai-library.com/newspaper_clippings_archive-chicago_defender_1910-1975-1945-02-10,%20Elsie%20Austin%20Taft_Knifes_Fep_Bill_Despite_G.md	1945-02-10,%20Elsie%20Austin%20Taft_Knifes_Fep_Bill_Despite_G	2	0				1	title->lib/ocean
174836	2026-08-13	../../../../../../tank/site2rag/websites_md/bahai-library.com/newspaper_clippings_archive-chicago_defender_1910-1975-1924-09-20,%20Thomas%20W%20Fleming%20The_Buckeye_State_Cleveland_N.md	1924-09-20,%20Thomas%20W%20Fleming%20The_Buckeye_State_Cleveland_N	1	0				1	title->lib/ocean
174838	2026-08-13	../../../../../../tank/site2rag/websites_md/bahai-library.com/newspaper_clippings_archive-chicago_defender_1910-1975-1945-04-21,%20Alain%20Locke%20Stars_Aid_Ifrg_In_Fight_For_In.md	1945-04-21,%20Alain%20Locke%20Stars_Aid_Ifrg_In_Fight_For_In	1	0				1	title->lib/ocean
174840	2026-08-13	../../../../../../tank/site2rag/websites_md/bahai-library.com/newspaper_clippings_archive-chicago_defender_1910-1975-1924-10-25,%20Elsie%20Austin%20Buckeye_State_Cincinnati_News.md	1924-10-25,%20Elsie%20Austin%20Buckeye_State_Cincinnati_News	1	0				1	title->lib/ocean
174843	2026-08-13	../../../../../../tank/site2rag/websites_md/bahai-library.com/newspaper_clippings_archive-chicago_defender_1910-1975-1945-05-19,%20Alain%20Locke%20N._Y._Inter-Racial_Gallery_Pre.md	1945-05-19,%20Alain%20Locke%20N._Y._Inter-Racial_Gallery_Pre	1	0				1	title->lib/ocean
174844	2026-08-13	../../../../../../tank/site2rag/websites_md/bahai-library.com/newspaper_clippings_archive-chicago_defender_1910-1975-1926-05-08,%20Coralie%20F.%20Cook%20High_School_Notes.md	1926-05-08,%20Coralie%20F.%20Cook%20High_School_Notes	1	0				1	title->lib/ocean
174847	2026-08-13	../../../../../../tank/site2rag/websites_md/bahai-library.com/newspaper_clippings_archive-chicago_defender_1910-1975-1927-04-02,%20Alain%20Locke%20Society.md	1927-04-02,%20Alain%20Locke%20Society	1	0				1	title->lib/ocean
174848	2026-08-13	../../../../../../tank/site2rag/websites_md/bahai-library.com/newspaper_clippings_archive-chicago_defender_1910-1975-1945-06-23,%20Robert%20Sengstacke%20Abbott%20History_Of_Defender_Related_In.md	1945-06-23,%20Robert%20Sengstacke%20Abbott%20History_Of_Defender_Related_In	1	0				1	title->lib/ocean
174853	2026-08-13	../../../../../../tank/site2rag/websites_md/bahai-library.com/newspaper_clippings_archive-chicago_defender_1910-1975-1945-06-23,%20Robert%20Sengstacke%20Abbott%20Off_The_Book_Shelf_North_To_F.md	1945-06-23,%20Robert%20Sengstacke%20Abbott%20Off_The_Book_Shelf_North_To_F	1	0				1	title->lib/ocean
174854	2026-08-13	../../../../../../tank/site2rag/websites_md/bahai-library.com/newspaper_clippings_archive-chicago_defender_1910-1975-1927-04-30,%20Alain%20Locke%20Writer_Says_There_Is_No_Such_T.md	1927-04-30,%20Alain%20Locke%20Writer_Says_There_Is_No_Such_T	1	0				1	title->lib/ocean
174860	2026-08-13	../../../../../../tank/site2rag/websites_md/bahai-library.com/newspaper_clippings_archive-chicago_defender_1910-1975-1927-09-03,%20Thomas%20W%20Fleming%20Elks_Choose_Chicago_For_1928_M.md	1927-09-03,%20Thomas%20W%20Fleming%20Elks_Choose_Chicago_For_1928_M	2	0				1	title->lib/ocean
174863	2026-08-13	../../../../../../tank/site2rag/websites_md/bahai-library.com/newspaper_clippings_archive-chicago_defender_1910-1975-1928-01-21,%20Alain%20Locke%20The_Bookshelf_World_Of_Make_B.md	1928-01-21,%20Alain%20Locke%20The_Bookshelf_World_Of_Make_B	1	0				1	title->lib/ocean
174869	2026-08-13	../../../../../../tank/site2rag/websites_md/bahai-library.com/newspaper_clippings_archive-chicago_defender_1910-1975-1928-04-07,%20Thomas%20W%20Fleming%20Politicians_To_Banquet_In_Clev.md	1928-04-07,%20Thomas%20W%20Fleming%20Politicians_To_Banquet_In_Clev	1	0				1	title->lib/ocean
174879	2026-08-13	../../../../../../tank/site2rag/websites_md/bahai-library.com/newspaper_clippings_archive-chicago_defender_1910-1975-1928-05-26,%20Douglass%20Center,%20Dayton,_Ohio.md	1928-05-26,%20Douglass%20Center,%20Dayton,_Ohio	1	0				1	title->lib/ocean
174885	2026-08-13	../../../../../../tank/site2rag/websites_md/bahai-library.com/newspaper_clippings_archive-chicago_defender_1910-1975-1928-09-01,%20Thomas%20W%20Fleming%20West_Virginia-Wilberforce_Than.md	1928-09-01,%20Thomas%20W%20Fleming%20West_Virginia-Wilberforce_Than	1	0				1	title->lib/ocean
174887	2026-08-13	../../../../../../tank/site2rag/websites_md/bahai-library.com/newspaper_clippings_archive-chicago_defender_1910-1975-1945-10-06,%20Alain%20Locke%20Mrs._Bethune_Rips_Home_Rule_U.md	1945-10-06,%20Alain%20Locke%20Mrs._Bethune_Rips_Home_Rule_U	1	0				1	title->lib/ocean
174888	2026-08-13	../../../../../../tank/site2rag/websites_md/bahai-library.com/newspaper_clippings_archive-chicago_defender_1910-1975-1928-09-29,%20Douglass%20Center,%20Toledo.md	1928-09-29,%20Douglass%20Center,%20Toledo	1	0				1	title->lib/ocean
174893	2026-08-13	../../../../../../tank/site2rag/websites_md/bahai-library.com/newspaper_clippings_archive-chicago_defender_1910-1975-1945-11-17,%20Alain%20Locke%20Five_Scholars_In_Lead_For_Fisk.md	1945-11-17,%20Alain%20Locke%20Five_Scholars_In_Lead_For_Fisk	2	0				1	title->lib/ocean
174895	2026-08-13	../../../../../../tank/site2rag/websites_md/bahai-library.com/newspaper_clippings_archive-chicago_defender_1910-1975-1933-07-01,%20Robert%20Sengstacke%20Abbott%20Rival_Healers_Battle_In_Philad.md	1933-07-01,%20Robert%20Sengstacke%20Abbott%20Rival_Healers_Battle_In_Philad	2	0				1	title->lib/ocean
174897	2026-08-13	../../../../../../tank/site2rag/websites_md/bahai-library.com/newspaper_clippings_archive-chicago_defender_1910-1975-1933-08-26,%20Baha%20Races,_Sects_Join_Hands_To_Sav.md	1933-08-26,%20Baha%20Races,_Sects_Join_Hands_To_Sav	1	0				1	title->lib/ocean
174898	2026-08-13	../../../../../../tank/site2rag/websites_md/bahai-library.com/newspaper_clippings_archive-chicago_defender_1910-1975-1945-12-01,%20Alain%20Locke%20Dubois_Due_Back_In_U.S._From_P.md	1945-12-01,%20Alain%20Locke%20Dubois_Due_Back_In_U.S._From_P	2	0				1	title->lib/ocean
174907	2026-08-13	../../../../../../tank/site2rag/websites_md/bahai-library.com/newspaper_clippings_archive-chicago_defender_1910-1975-1946-01-19,%20Alain%20Locke%20Milwaukee_News.md	1946-01-19,%20Alain%20Locke%20Milwaukee_News	1	0				1	title->lib/ocean
174917	2026-08-13	../../../../../../tank/site2rag/websites_md/bahai-library.com/newspaper_clippings_archive-chicago_defender_1910-1975-1946-02-09,%20Alain%20Locke%20Fisk_Trustees_Hedge_On_Naming_.md	1946-02-09,%20Alain%20Locke%20Fisk_Trustees_Hedge_On_Naming_	2	0				1	title->lib/ocean
174919	2026-08-13	../../../../../../tank/site2rag/websites_md/bahai-library.com/newspaper_clippings_archive-chicago_defender_1910-1975-1935-02-23,%20Effendi%20A_New_World_Order_Necessity_F.md	1935-02-23,%20Effendi%20A_New_World_Order_Necessity_F	1	0				1	title->lib/ocean
174924	2026-08-13	../../../../../../tank/site2rag/websites_md/bahai-library.com/newspaper_clippings_archive-chicago_defender_1910-1975-1935-03-16,%20Thomas%20W%20Fleming%20From_The_Defender_Files_14_Ye.md	1935-03-16,%20Thomas%20W%20Fleming%20From_The_Defender_Files_14_Ye	1	0				1	title->lib/ocean
174925	2026-08-13	../../../../../../tank/site2rag/websites_md/bahai-library.com/newspaper_clippings_archive-chicago_defender_1910-1975-1946-02-09,%20Alain%20Locke%20Gets_New_Post_Dr._Markspan.md	1946-02-09,%20Alain%20Locke%20Gets_New_Post_Dr._Markspan	2	0				1	title->lib/ocean
174937	2026-08-13	../../../../../../tank/site2rag/websites_md/bahai-library.com/newspaper_clippings_archive-chicago_defender_1910-1975-1935-07-20,%20Lethia%20C%20Fleming%20Cleveland_Clubs_Ready_For_Nati.md	1935-07-20,%20Lethia%20C%20Fleming%20Cleveland_Clubs_Ready_For_Nati	1	0				1	title->lib/ocean
174949	2026-08-13	../../../../../../tank/site2rag/websites_md/bahai-library.com/newspaper_clippings_archive-chicago_defender_1910-1975-1936-08-22,%20Lethia%20C%20Fleming%20Cleveland_Elks_In_Strong_Bid_F.md	1936-08-22,%20Lethia%20C%20Fleming%20Cleveland_Elks_In_Strong_Bid_F	1	0				1	title->lib/ocean
174953	2026-08-13	../../../../../../tank/site2rag/websites_md/bahai-library.com/newspaper_clippings_archive-chicago_defender_1910-1975-1946-03-16,%20Alain%20Locke%20Milwaukee_News.md	1946-03-16,%20Alain%20Locke%20Milwaukee_News	1	0				1	title->lib/ocean
174955	2026-08-13	../../../../../../tank/site2rag/websites_md/bahai-library.com/newspaper_clippings_archive-chicago_defender_1910-1975-1946-03-30,%20Alain%20Locke%20Laud_Sororities_For_Success_Of.md	1946-03-30,%20Alain%20Locke%20Laud_Sororities_For_Success_Of	1	0				1	title->lib/ocean
174956	2026-08-13	../../../../../../tank/site2rag/websites_md/bahai-library.com/newspaper_clippings_archive-chicago_defender_1910-1975-1936-12-19,%20Robert%20Sengstacke%20Abbott%20Ditor_Abbott_In_Gift_To_Hampto.md	1936-12-19,%20Robert%20Sengstacke%20Abbott%20Ditor_Abbott_In_Gift_To_Hampto	1	0				1	title->lib/ocean
174958	2026-08-13	../../../../../../tank/site2rag/websites_md/bahai-library.com/newspaper_clippings_archive-chicago_defender_1910-1975-1937-01-09,%20Robert%20Sengstacke%20Abbott%20Joe_Louis,_Haile_Selassie--Mos.md	1937-01-09,%20Robert%20Sengstacke%20Abbott%20Joe_Louis,_Haile_Selassie--Mos	3	0				1	no title match
174968	2026-08-13	../../../../../../tank/site2rag/websites_md/bahai-library.com/newspaper_clippings_archive-chicago_defender_1910-1975-1938-03-12,%20Bahai%20Poro_Happenings.md	1938-03-12,%20Bahai%20Poro_Happenings	1	0				1	title->lib/ocean
174970	2026-08-13	../../../../../../tank/site2rag/websites_md/bahai-library.com/newspaper_clippings_archive-chicago_defender_1910-1975-1938-04-23,%20Elsie%20Austin%20Annual_Y.M.C.A._Youth_Meet_At_.md	1938-04-23,%20Elsie%20Austin%20Annual_Y.M.C.A._Youth_Meet_At_	1	0				1	title->lib/ocean
174978	2026-08-13	../../../../../../tank/site2rag/websites_md/bahai-library.com/newspaper_clippings_archive-chicago_defender_1910-1975-1946-05-04,%20Alain%20Locke%20A_Strategic_Advance.md	1946-05-04,%20Alain%20Locke%20A_Strategic_Advance	1	0				1	title->lib/ocean
174985	2026-08-13	../../../../../../tank/site2rag/websites_md/bahai-library.com/newspaper_clippings_archive-chicago_defender_1910-1975-1940-04-27,%20Alain%20Locke%20Dillard_Ends_Arts_Festival_Wit.md	1940-04-27,%20Alain%20Locke%20Dillard_Ends_Arts_Festival_Wit	1	0				1	title->lib/ocean
174998	2026-08-13	../../../../../../tank/site2rag/websites_md/bahai-library.com/newspaper_clippings_archive-chicago_defender_1910-1975-1940-12-28,%20Alain%20Locke%20Noted_Writers_Entertain_Mrs._R.md	1940-12-28,%20Alain%20Locke%20Noted_Writers_Entertain_Mrs._R	1	0				1	title->lib/ocean
175000	2026-08-13	../../../../../../tank/site2rag/websites_md/bahai-library.com/newspaper_clippings_archive-chicago_defender_1910-1975-1941-12-20,%20Thomas%20W%20Fleming%20Death_Takes_Harry_Smith_Ohio_E.md	1941-12-20,%20Thomas%20W%20Fleming%20Death_Takes_Harry_Smith_Ohio_E	1	0				1	title->lib/ocean
175004	2026-08-13	../../../../../../tank/site2rag/websites_md/bahai-library.com/newspaper_clippings_archive-chicago_defender_1910-1975-1943-01-23,%20Alain%20Locke%204_Editors_Debate_On_Negro,_War.md	1943-01-23,%20Alain%20Locke%204_Editors_Debate_On_Negro,_War	1	0				1	title->lib/ocean
175011	2026-08-13	../../../../../../tank/site2rag/websites_md/bahai-library.com/newspaper_clippings_archive-chicago_defender_1910-1975-1946-10-05,%20Alain%20Locke%20National_Grapevine_Alpha_To_O.md	1946-10-05,%20Alain%20Locke%20National_Grapevine_Alpha_To_O	1	0				1	title->lib/ocean
175012	2026-08-13	../../../../../../tank/site2rag/websites_md/bahai-library.com/newspaper_clippings_archive-chicago_defender_1910-1975-1945-11-10,%20Alain%20Locke%20Wallace_Gets_First_Willkie_Awa.md	1945-11-10,%20Alain%20Locke%20Wallace_Gets_First_Willkie_Awa	1	0				1	title->lib/ocean
175043	2026-08-13	../../../../../../tank/site2rag/websites_md/bahai-library.com/newspaper_clippings_archive-chicago_defender_1910-1975-1947-03-22,%20Alain%20Locke%20Here_To_Yonder.md	1947-03-22,%20Alain%20Locke%20Here_To_Yonder	1	0				1	title->lib/ocean
175051	2026-08-13	../../../../../../tank/site2rag/websites_md/bahai-library.com/newspaper_clippings_archive-chicago_defender_1910-1975-1947-04-12,%20Elsie%20Austin%20California_Berkeley.md	1947-04-12,%20Elsie%20Austin%20California_Berkeley	1	0				1	title->lib/ocean
175057	2026-08-13	../../../../../../tank/site2rag/websites_md/bahai-library.com/newspaper_clippings_archive-chicago_defender_1910-1975-1947-05-03,%20Alain%20Locke%20National_Grapevine_Go_South,_.md	1947-05-03,%20Alain%20Locke%20National_Grapevine_Go_South,_	1	0				1	title->lib/ocean
175063	2026-08-13	../../../../../../tank/site2rag/websites_md/bahai-library.com/newspaper_clippings_archive-chicago_defender_1910-1975-1947-05-10,%20Alain%20Locke%20Eight_Gotham_Colleges_Employ_N.md	1947-05-10,%20Alain%20Locke%20Eight_Gotham_Colleges_Employ_N	1	0				1	title->lib/ocean
175067	2026-08-13	../../../../../../tank/site2rag/websites_md/bahai-library.com/newspaper_clippings_archive-chicago_defender_1910-1975-1947-05-10,%20Robert%20Sengstacke%20Abbott%20Born_42_Years_Ago,_Defender_Is.md	1947-05-10,%20Robert%20Sengstacke%20Abbott%20Born_42_Years_Ago,_Defender_Is	1	0				1	title->lib/ocean
175084	2026-08-13	../../../../../../tank/site2rag/websites_md/bahai-library.com/newspaper_clippings_archive-chicago_defender_1910-1975-1947-06-28,%20Alain%20Locke%20Southern_Drama_Group_Leads_U._.md	1947-06-28,%20Alain%20Locke%20Southern_Drama_Group_Leads_U._	1	0				1	title->lib/ocean
175090	2026-08-13	../../../../../../tank/site2rag/websites_md/bahai-library.com/newspaper_clippings_archive-chicago_defender_1910-1975-1947-06-28,%20Alain%20Locke%20The_Defender_News_Reel.md	1947-06-28,%20Alain%20Locke%20The_Defender_News_Reel	1	0				1	title->lib/ocean
175100	2026-08-13	../../../../../../tank/site2rag/websites_md/bahai-library.com/newspaper_clippings_archive-chicago_defender_1910-1975-1947-09-13,%20Lethia%20C%20Fleming%20Elks_Auxiliary_Celebrates_Plan.md	1947-09-13,%20Lethia%20C%20Fleming%20Elks_Auxiliary_Celebrates_Plan	1	0				1	title->lib/ocean
175111	2026-08-13	../../../../../../tank/site2rag/websites_md/bahai-library.com/newspaper_clippings_archive-chicago_defender_1910-1975-1947-10-25,%20Alain%20Locke%20Romare_Bearden_Abstract_To_Han.md	1947-10-25,%20Alain%20Locke%20Romare_Bearden_Abstract_To_Han	1	0				1	title->lib/ocean
175123	2026-08-13	../../../../../../tank/site2rag/websites_md/bahai-library.com/newspaper_clippings_archive-chicago_defender_1910-1975-1947-11-15,%20Baha%20Speaking_Out_From_The_New_Sou.md	1947-11-15,%20Baha%20Speaking_Out_From_The_New_Sou	1	0				1	title->lib/ocean
175126	2026-08-13	../../../../../../tank/site2rag/websites_md/bahai-library.com/newspaper_clippings_archive-chicago_defender_1910-1975-1948-02-07,%20Alain%20Locke%20National_Grapevine_Any_Way_Yo.md	1948-02-07,%20Alain%20Locke%20National_Grapevine_Any_Way_Yo	1	0				1	title->lib/ocean
175134	2026-08-13	../../../../../../tank/site2rag/websites_md/bahai-library.com/newspaper_clippings_archive-chicago_defender_1910-1975-1948-03-20,%20Alain%20Locke%20National_Grapevine_Pardon_Us_.md	1948-03-20,%20Alain%20Locke%20National_Grapevine_Pardon_Us_	1	0				1	title->lib/ocean
175142	2026-08-13	../../../../../../tank/site2rag/websites_md/bahai-library.com/newspaper_clippings_archive-chicago_defender_1910-1975-1948-04-24,%20Alain%20Locke%20James_Weldon_Johnson_Honored_B.md	1948-04-24,%20Alain%20Locke%20James_Weldon_Johnson_Honored_B	1	0				1	title->lib/ocean
175145	2026-08-13	../../../../../../tank/site2rag/websites_md/bahai-library.com/newspaper_clippings_archive-chicago_defender_1910-1975-1948-05-29,%20Elsie%20Austin%20National_Grapevine_I_Heard_Me.md	1948-05-29,%20Elsie%20Austin%20National_Grapevine_I_Heard_Me	1	0				1	title->lib/ocean
175163	2026-08-13	../../../../../../tank/site2rag/websites_md/bahai-library.com/newspaper_clippings_archive-chicago_defender_1910-1975-1948-06-26,%20Bahai%20Speaking_Out_From_The_New_Sou.md	1948-06-26,%20Bahai%20Speaking_Out_From_The_New_Sou	1	0				1	title->lib/ocean
175170	2026-08-13	../../../../../../tank/site2rag/websites_md/bahai-library.com/newspaper_clippings_archive-chicago_defender_1910-1975-1948-08-14,%20Alain%20Locke%20Bookshelf_Witnesses_For_Free.md	1948-08-14,%20Alain%20Locke%20Bookshelf_Witnesses_For_Free	1	0				1	title->lib/ocean
175176	2026-08-13	../../../../../../tank/site2rag/websites_md/bahai-library.com/newspaper_clippings_archive-chicago_defender_1910-1975-1948-08-28,%20Matthew%20Bullock%20Global_News_Digest.md	1948-08-28,%20Matthew%20Bullock%20Global_News_Digest	1	0				1	title->lib/ocean
175179	2026-08-13	../../../../../../tank/site2rag/websites_md/bahai-library.com/newspaper_clippings_archive-chicago_defender_1910-1975-1948-08-28,%20Shoghi%20Effendi%20Speaking_Out_From_The_New_Sou.md	1948-08-28,%20Shoghi%20Effendi%20Speaking_Out_From_The_New_Sou	1	0				1	title->lib/ocean
175185	2026-08-13	../../../../../../tank/site2rag/websites_md/bahai-library.com/newspaper_clippings_archive-chicago_defender_1910-1975-1948-09-18,%20Alain%20Locke%20Bookshelf_The_Negro_And_The_N.md	1948-09-18,%20Alain%20Locke%20Bookshelf_The_Negro_And_The_N	1	0				1	title->lib/ocean
175186	2026-08-13	../../../../../../tank/site2rag/websites_md/bahai-library.com/newspaper_clippings_archive-chicago_defender_1910-1975-1948-10-09,%20Leslie%20Pinckney%20Hill%20National_Grapevine_Education-.md	1948-10-09,%20Leslie%20Pinckney%20Hill%20National_Grapevine_Education-	1	0				1	title->lib/ocean
175193	2026-08-13	../../../../../../tank/site2rag/websites_md/bahai-library.com/newspaper_clippings_archive-chicago_defender_1910-1975-1948-12-25,%20Elsie%20Austin%20Ohio_Columbus.md	1948-12-25,%20Elsie%20Austin%20Ohio_Columbus	1	0				1	title->lib/ocean
175197	2026-08-13	../../../../../../tank/site2rag/websites_md/bahai-library.com/newspaper_clippings_archive-chicago_defender_1910-1975-1949-01-22,%20Bahai%20Miami_Jim_Crow_Begins_Where_A.md	1949-01-22,%20Bahai%20Miami_Jim_Crow_Begins_Where_A	1	0				1	title->lib/ocean
175206	2026-08-13	../../../../../../tank/site2rag/websites_md/bahai-library.com/newspaper_clippings_archive-chicago_defender_1910-1975-1949-02-12,%20Alain%20Locke%20History_Makers.md	1949-02-12,%20Alain%20Locke%20History_Makers	1	0				1	title->lib/ocean
175219	2026-08-13	../../../../../../tank/site2rag/websites_md/bahai-library.com/newspaper_clippings_archive-chicago_defender_1910-1975-1950-02-04,%20Bahai%20The_Lure_Of_Lucky_Numbers.md	1950-02-04,%20Bahai%20The_Lure_Of_Lucky_Numbers	2	0				1	title->lib/ocean
175228	2026-08-13	../../../../../../tank/site2rag/websites_md/bahai-library.com/newspaper_clippings_archive-chicago_defender_1910-1975-1950-12-02,%20Alain%20Locke%20Scholars_Put_Heads_Together_At.md	1950-12-02,%20Alain%20Locke%20Scholars_Put_Heads_Together_At	1	0				1	title->lib/ocean
175236	2026-08-13	../../../../../../tank/site2rag/websites_md/bahai-library.com/newspaper_clippings_archive-chicago_defender_1910-1975-1950-12-23,%20Leslie%20Pinckney%20Hill%20There_Must_Be_No_Hate_In_Our_H.md	1950-12-23,%20Leslie%20Pinckney%20Hill%20There_Must_Be_No_Hate_In_Our_H	1	0				1	title->lib/ocean
175261	2026-08-13	../../../../../../tank/site2rag/websites_md/bahai-library.com/newspaper_clippings_archive-chicago_defender_1910-1975-1951-02-03,%20Alain%20Locke%20Book_Reviews.md	1951-02-03,%20Alain%20Locke%20Book_Reviews	1	0				1	title->lib/ocean
175265	2026-08-13	../../../../../../tank/site2rag/websites_md/bahai-library.com/newspaper_clippings_archive-chicago_defender_1910-1975-1952-01-12,%20Leslie%20Pinckney%20Hill%20Bethune,_Rickey_Cited_At_Phill.md	1952-01-12,%20Leslie%20Pinckney%20Hill%20Bethune,_Rickey_Cited_At_Phill	1	0				1	title->lib/ocean
175289	2026-08-13	../../../../../../tank/site2rag/websites_md/bahai-library.com/newspaper_clippings_archive-chicago_defender_1910-1975-1952-07-12,%20Alain%20Locke%20Wright_Angles.md	1952-07-12,%20Alain%20Locke%20Wright_Angles	1	0				1	title->lib/ocean
175303	2026-08-13	../../../../../../tank/site2rag/websites_md/bahai-library.com/newspaper_clippings_archive-chicago_defender_1910-1975-1953-01-10,%20Alain%20Locke%20Book_Reviews.md	1953-01-10,%20Alain%20Locke%20Book_Reviews	1	0				1	title->lib/ocean
175373	2026-08-13	../../../../../../tank/site2rag/websites_md/bahai-library.com/newspaper_clippings_archive-chicago_defender_1910-1975-1954-06-19,%20Alain%20Locke%20Alain_Locke_Rites_Held_In_New_.md	1954-06-19,%20Alain%20Locke%20Alain_Locke_Rites_Held_In_New_	2	0				1	title->lib/ocean
175379	2026-08-13	../../../../../../tank/site2rag/websites_md/bahai-library.com/newspaper_clippings_archive-chicago_defender_1910-1975-1954-06-24,%20Alain%20Locke%20Book_Reviews.md	1954-06-24,%20Alain%20Locke%20Book_Reviews	1	0				1	title->lib/ocean
175388	2026-08-13	../../../../../../tank/site2rag/websites_md/bahai-library.com/newspaper_clippings_archive-chicago_defender_1910-1975-1954-06-26,%20Alain%20Locke%20Once_Over_Lightly.md	1954-06-26,%20Alain%20Locke%20Once_Over_Lightly	1	0				1	title->lib/ocean
175401	2026-08-13	../../../../../../tank/site2rag/websites_md/bahai-library.com/newspaper_clippings_archive-chicago_defender_1910-1975-1955-01-08,%20Alain%20Locke%201954_In_Review_Supreme_Court_.md	1955-01-08,%20Alain%20Locke%201954_In_Review_Supreme_Court_	1	0				1	title->lib/ocean
175407	2026-08-13	../../../../../../tank/site2rag/websites_md/bahai-library.com/newspaper_clippings_archive-chicago_defender_1910-1975-1955-06-11,%20Bahai%20People,_Places_And_Things.md	1955-06-11,%20Bahai%20People,_Places_And_Things	1	0				1	title->lib/ocean
175420	2026-08-13	../../../../../../tank/site2rag/websites_md/bahai-library.com/newspaper_clippings_archive-chicago_defender_1910-1975-1955-07-16,%20Bahai%20Michigan_Kalamazoo.md	1955-07-16,%20Bahai%20Michigan_Kalamazoo	1	0				1	title->lib/ocean
175427	2026-08-13	../../../../../../tank/site2rag/websites_md/bahai-library.com/newspaper_clippings_archive-chicago_defender_1910-1975-1955-08-13,%20Alain%20Locke%20Recalls_Triumphs_And_Tragedies.md	1955-08-13,%20Alain%20Locke%20Recalls_Triumphs_And_Tragedies	1	0				1	title->lib/ocean
175439	2026-08-13	../../../../../../tank/site2rag/websites_md/bahai-library.com/newspaper_clippings_archive-chicago_defender_1910-1975-1956-05-26,%20Baha%20Cincinnati_Roundup.md	1956-05-26,%20Baha%20Cincinnati_Roundup	1	0				1	title->lib/ocean
175451	2026-08-13	../../../../../../tank/site2rag/websites_md/bahai-library.com/newspaper_clippings_archive-chicago_defender_1910-1975-1956-07-26,%20Bahai%20Day_By_Day.md	1956-07-26,%20Bahai%20Day_By_Day	1	0				1	title->lib/ocean
175484	2026-08-13	../../../../../../tank/site2rag/websites_md/bahai-library.com/newspaper_clippings_archive-chicago_defender_1910-1975-1957-02-11,%20Bahai%20Special_Fetes_Mark_Negro_Histo.md	1957-02-11,%20Bahai%20Special_Fetes_Mark_Negro_Histo	1	0				1	title->lib/ocean
175525	2026-08-13	../../../../../../tank/site2rag/websites_md/bahai-library.com/newspaper_clippings_archive-chicago_defender_1910-1975-1957-08-08,%20Bahai%20Off_The_Record.md	1957-08-08,%20Bahai%20Off_The_Record	1	0				1	title->lib/ocean
175540	2026-08-13	../../../../../../tank/site2rag/websites_md/bahai-library.com/newspaper_clippings_archive-chicago_defender_1910-1975-1958-02-15,%20Elsie%20Austin%20So_..._This_Is_Washington.md	1958-02-15,%20Elsie%20Austin%20So_..._This_Is_Washington	1	0				1	title->lib/ocean
175586	2026-08-13	../../../../../../tank/site2rag/websites_md/bahai-library.com/newspaper_clippings_archive-chicago_defender_1910-1975-1958-10-18,%20Glenford%20Mitchell%20Campus_Beat.md	1958-10-18,%20Glenford%20Mitchell%20Campus_Beat	1	0				1	title->lib/ocean
175596	2026-08-13	../../../../../../tank/site2rag/websites_md/bahai-library.com/newspaper_clippings_archive-chicago_defender_1910-1975-1958-11-15,%20Elsie%20Austin%20Ncnw_Issues_List_Of_Meetings_A.md	1958-11-15,%20Elsie%20Austin%20Ncnw_Issues_List_Of_Meetings_A	1	0				1	title->lib/ocean
175600	2026-08-13	../../../../../../tank/site2rag/websites_md/bahai-library.com/newspaper_clippings_archive-chicago_defender_1910-1975-1958-11-22,%20Elsie%20Austin%20State_Of_Women_Around_World_Ma.md	1958-11-22,%20Elsie%20Austin%20State_Of_Women_Around_World_Ma	1	0				1	title->lib/ocean
175601	2026-08-13	../../../../../../tank/site2rag/websites_md/bahai-library.com/newspaper_clippings_archive-chicago_defender_1910-1975-1958-11-29,%20Elsie%20Austin%20Increasing_Accomplishmenss_Spu.md	1958-11-29,%20Elsie%20Austin%20Increasing_Accomplishmenss_Spu	1	0				1	title->lib/ocean
175602	2026-08-13	../../../../../../tank/site2rag/websites_md/bahai-library.com/newspaper_clippings_archive-chicago_defender_1910-1975-1959-02-07,%20Elsie%20Austin%20Editor_Issues_Plea_For_Leaders.md	1959-02-07,%20Elsie%20Austin%20Editor_Issues_Plea_For_Leaders	1	0				1	title->lib/ocean
175605	2026-08-13	../../../../../../tank/site2rag/websites_md/bahai-library.com/newspaper_clippings_archive-chicago_defender_1910-1975-1959-03-07,%20Bahai%2032_Organizations_Participate_I.md	1959-03-07,%20Bahai%2032_Organizations_Participate_I	1	0				1	title->lib/ocean
175608	2026-08-13	../../../../../../tank/site2rag/websites_md/bahai-library.com/newspaper_clippings_archive-chicago_defender_1910-1975-1959-03-14%20Bahai%20Thousands_Of_Guests_Sample_Foo.md	1959-03-14%20Bahai%20Thousands_Of_Guests_Sample_Foo	1	0				1	title->lib/ocean
175652	2026-08-13	../../../../../../tank/site2rag/websites_md/bahai-library.com/newspaper_clippings_archive-chicago_defender_1910-1975-1959-06-06,%20Bahai%20A&T_College_Recorder_Dies_In_G.md	1959-06-06,%20Bahai%20A&T_College_Recorder_Dies_In_G	1	0				1	title->lib/ocean
175810	2026-08-13	../../../../../../tank/site2rag/websites_md/bahai-library.com/newspaper_clippings_archive-chicago_defender_1910-1975-1961-09-07,%20Bahai%20Hugh_E._Chance_Elected_Secreta.md	1961-09-07,%20Bahai%20Hugh_E._Chance_Elected_Secreta	1	0				1	title->lib/ocean
175897	2026-08-13	../../../../../../tank/site2rag/websites_md/bahai-library.com/newspaper_clippings_archive-chicago_defender_1910-1975-1962-10-02,%20Bahai%20Display_Ad_3_--_No_Title.md	1962-10-02,%20Bahai%20Display_Ad_3_--_No_Title	1	0				1	title->lib/ocean
175940	2026-08-13	../../../../../../tank/site2rag/websites_md/bahai-library.com/newspaper_clippings_archive-chicago_defender_1910-1975-1962-10-27,%20Bahai%20Urban_League_Staffers_To_Talk_.md	1962-10-27,%20Bahai%20Urban_League_Staffers_To_Talk_	1	0				1	title->lib/ocean
175974	2026-08-13	../../../../../../tank/site2rag/websites_md/bahai-library.com/newspaper_clippings_archive-chicago_defender_1910-1975-1963-01-12,%20Bahai%20International_Jurist_To_Observ.md	1963-01-12,%20Bahai%20International_Jurist_To_Observ	1	0				1	title->lib/ocean
176013	2026-08-13	../../../../../../tank/site2rag/websites_md/bahai-library.com/newspaper_clippings_archive-chicago_defender_1910-1975-1963-07-13,%20Bahai%20Simple_Talks_On_Kneel-Ins.md	1963-07-13,%20Bahai%20Simple_Talks_On_Kneel-Ins	1	0				1	title->lib/ocean
176040	2026-08-13	../../../../../../tank/site2rag/websites_md/bahai-library.com/newspaper_clippings_archive-chicago_defender_1910-1975-1963-09-21,%20White_Tv_Producer_Color_Consci.md	1963-09-21,%20White_Tv_Producer_Color_Consci	1	0				1	title->lib/ocean
176173	2026-08-13	../../../../../../tank/site2rag/websites_md/bahai-library.com/newspaper_clippings_archive-chicago_defender_1910-1975-1964-12-12,%20Bahai%20All-Day_Inter_Area_Meet_On_Hum.md	1964-12-12,%20Bahai%20All-Day_Inter_Area_Meet_On_Hum	1	0				1	title->lib/ocean
176319	2026-08-13	../../../../../../tank/site2rag/websites_md/bahai-library.com/newspaper_clippings_archive-chicago_defender_1910-1975-1966-04-25,%20Bahai%20Juliette_Buford_Elected_To_Sen.md	1966-04-25,%20Bahai%20Juliette_Buford_Elected_To_Sen	1	0				1	title->lib/ocean
176604	2026-08-13	../../../../../../tank/site2rag/websites_md/bahai-library.com/newspaper_clippings_archive-chicago_defender_1910-1975-1967-10-04,%20Bahai%20Calendar_Of_Community_Events.md	1967-10-04,%20Bahai%20Calendar_Of_Community_Events	1	0				1	title->lib/ocean
176612	2026-08-13	../../../../../../tank/site2rag/websites_md/bahai-library.com/newspaper_clippings_archive-chicago_defender_1910-1975-1967-10-04,%20Bahai%20Confetti.md	1967-10-04,%20Bahai%20Confetti	1	0				1	title->lib/ocean
176618	2026-08-13	../../../../../../tank/site2rag/websites_md/bahai-library.com/newspaper_clippings_archive-chicago_defender_1910-1975-1967-10-05,%20Bahai%20Calendar_Of_Community_Events.md	1967-10-05,%20Bahai%20Calendar_Of_Community_Events	1	0				1	title->lib/ocean
176630	2026-08-13	../../../../../../tank/site2rag/websites_md/bahai-library.com/newspaper_clippings_archive-chicago_defender_1910-1975-1967-10-09,%20Bahai%20Calendar_Of_Community_Events.md	1967-10-09,%20Bahai%20Calendar_Of_Community_Events	1	0				1	title->lib/ocean
176650	2026-08-13	../../../../../../tank/site2rag/websites_md/bahai-library.com/newspaper_clippings_archive-chicago_defender_1910-1975-1967-12-09,%20Bahai%20Plan_Human_Rights_Day_Observan.md	1967-12-09,%20Bahai%20Plan_Human_Rights_Day_Observan	1	0				1	title->lib/ocean
176654	2026-08-13	../../../../../../tank/site2rag/websites_md/bahai-library.com/newspaper_clippings_archive-chicago_defender_1910-1975-1967-12-09,%20Glenford%20Mitchell%20Plan_Human_Rights_Day_Observan.md	1967-12-09,%20Glenford%20Mitchell%20Plan_Human_Rights_Day_Observan	1	0				1	no title match
176745	2026-08-13	../../../../../../tank/site2rag/websites_md/bahai-library.com/newspaper_clippings_archive-chicago_defender_1910-1975-1968-05-27,%20Bahai%20Calendar_Of_Community_Events.md	1968-05-27,%20Bahai%20Calendar_Of_Community_Events	1	0				1	title->lib/ocean
176756	2026-08-13	../../../../../../tank/site2rag/websites_md/bahai-library.com/newspaper_clippings_archive-chicago_defender_1910-1975-1968-05-29,%20Bahai%20Other_18_--_No_Title.md	1968-05-29,%20Bahai%20Other_18_--_No_Title	1	0				1	title->lib/ocean
176777	2026-08-13	../../../../../../tank/site2rag/websites_md/bahai-library.com/newspaper_clippings_archive-chicago_defender_1910-1975-1968-06-17,%20Bahai%20What_A_Busy_Juliette_Buford!.md	1968-06-17,%20Bahai%20What_A_Busy_Juliette_Buford!	1	0				1	title->lib/ocean
176788	2026-08-13	../../../../../../tank/site2rag/websites_md/bahai-library.com/newspaper_clippings_archive-chicago_defender_1910-1975-1968-07-24,%20Bahai%20Hospital_Lawn,_Setting_For_Ann.md	1968-07-24,%20Bahai%20Hospital_Lawn,_Setting_For_Ann	2	0				1	title->lib/ocean
176864	2026-08-13	../../../../../../tank/site2rag/websites_md/bahai-library.com/newspaper_clippings_archive-chicago_defender_1910-1975-1968-12-18,%20Bahai%2019Th_World_Religion_Day_To_Be_.md	1968-12-18,%20Bahai%2019Th_World_Religion_Day_To_Be_	1	0				1	title->lib/ocean
176927	2026-08-13	../../../../../../tank/site2rag/websites_md/bahai-library.com/newspaper_clippings_archive-chicago_defender_1910-1975-1969-03-10,%20Bahai%20Mrs._Buford_In_High_Gear_For_B.md	1969-03-10,%20Bahai%20Mrs._Buford_In_High_Gear_For_B	1	0				1	title->lib/ocean
176940	2026-08-13	../../../../../../tank/site2rag/websites_md/bahai-library.com/newspaper_clippings_archive-chicago_defender_1910-1975-1969-04-12,%20Bahai%20Chicagoland_Church_Notes_Mar.md	1969-04-12,%20Bahai%20Chicagoland_Church_Notes_Mar	1	0				1	title->lib/ocean
177026	2026-08-13	../../../../../../tank/site2rag/websites_md/bahai-library.com/newspaper_clippings_archive-chicago_defender_1910-1975-1969-09-16,%20Bahai%20Race_Relations_And_The_Educato.md	1969-09-16,%20Bahai%20Race_Relations_And_The_Educato	1	0				1	title->lib/ocean
177056	2026-08-13	../../../../../../tank/site2rag/websites_md/bahai-library.com/newspaper_clippings_archive-chicago_defender_1910-1975-1969-10-08,%20Bahai%20Religion_In_Space_Age_Topic_At.md	1969-10-08,%20Bahai%20Religion_In_Space_Age_Topic_At	1	0				1	title->lib/ocean
177253	2026-08-13	../../../../../../tank/site2rag/websites_md/bahai-library.com/newspaper_clippings_archive-chicago_defender_1910-1975-1970-06-06,%20Bahai%202000_Youths_Expected_For_Evans.md	1970-06-06,%20Bahai%202000_Youths_Expected_For_Evans	1	0				1	title->lib/ocean
177287	2026-08-13	../../../../../../tank/site2rag/websites_md/bahai-library.com/newspaper_clippings_archive-chicago_defender_1910-1975-1970-07-04,%20Bahai%20Loyalty_To_Government_The_Ma.md	1970-07-04,%20Bahai%20Loyalty_To_Government_The_Ma	1	0				1	title->lib/ocean
177314	2026-08-13	../../../../../../tank/site2rag/websites_md/bahai-library.com/newspaper_clippings_archive-chicago_defender_1910-1975-1970-10-10,%20Bahai%20Olinga_Speaks_To_Bahais_On_Wor.md	1970-10-10,%20Bahai%20Olinga_Speaks_To_Bahais_On_Wor	1	0				1	title->lib/ocean
177328	2026-08-13	../../../../../../tank/site2rag/websites_md/bahai-library.com/newspaper_clippings_archive-chicago_defender_1910-1975-1970-10-10,%20Bahai%20Says_Spiritual_Guidance_Will_S.md	1970-10-10,%20Bahai%20Says_Spiritual_Guidance_Will_S	1	0				1	title->lib/ocean
177344	2026-08-13	../../../../../../tank/site2rag/websites_md/bahai-library.com/newspaper_clippings_archive-chicago_defender_1910-1975-1970-10-24,%20Bahai%20Femmes_Continentale_Start_New_.md	1970-10-24,%20Bahai%20Femmes_Continentale_Start_New_	1	0				1	title->lib/ocean
188885	2026-08-13	../../../../../../tank/site2rag/websites_md/bahai-library.com/pdf-a-abizadeh_globalization_commonwealth.md	abizadeh_globalization_commonwealth	31	0				1	title->lib/ocean
188890	2026-08-13	../../../../../../tank/site2rag/websites_md/bahai-library.com/pdf-a-abs-ese_associate_33-34.md	abs-ese_associate_33-34	16	0				1	title->lib/ocean
188892	2026-08-13	../../../../../../tank/site2rag/websites_md/bahai-library.com/pdf-a-abs-ese_associate_35.md	abs-ese_associate_35	8	0				1	title->lib/ocean
188897	2026-08-13	../../../../../../tank/site2rag/websites_md/bahai-library.com/pdf-a-abs-ese_associate_36.md	abs-ese_associate_36	14	0				1	title->lib/ocean
188899	2026-08-13	../../../../../../tank/site2rag/websites_md/bahai-library.com/pdf-a-abs-ese_associate_37.md	abs-ese_associate_37	8	0				1	title->lib/ocean
188904	2026-08-13	../../../../../../tank/site2rag/websites_md/bahai-library.com/pdf-a-abs_2006_conference_program.md	abs_2006_conference_program	37	0				1	title->lib/ocean
188920	2026-08-13	../../../../../../tank/site2rag/websites_md/bahai-library.com/pdf-a-abs_2008_conference_program.md	abs_2008_conference_program	36	0				1	title->lib/ocean
188933	2026-08-13	../../../../../../tank/site2rag/websites_md/bahai-library.com/pdf-a-abs_2009_conference_program.md	abs_2009_conference_program	38	0				1	title->lib/ocean
188944	2026-08-13	../../../../../../tank/site2rag/websites_md/bahai-library.com/pdf-a-affolter_ideological_genocide.md	affolter_ideological_genocide	40	0				1	title->lib/ocean
188955	2026-08-13	../../../../../../tank/site2rag/websites_md/bahai-library.com/pdf-a-afnan_twofold_mission_bab.md	afnan_twofold_mission_bab	7	0				1	title->lib/ocean
188957	2026-08-13	../../../../../../tank/site2rag/websites_md/bahai-library.com/pdf-a-alexander_modern_wayfarer_persia.md	alexander_modern_wayfarer_persia	4	0				1	title->lib/ocean
188967	2026-08-13	../../../../../../tank/site2rag/websites_md/bahai-library.com/pdf-a-alkan_abdullah_cevdet.md	alkan_abdullah_cevdet	20	0				1	title->lib/ocean
188972	2026-08-13	../../../../../../tank/site2rag/websites_md/bahai-library.com/pdf-a-alkan_ottoman_sunni_missionary.md	alkan_ottoman_sunni_missionary	32	0				1	no title match
188990	2026-08-13	../../../../../../tank/site2rag/websites_md/bahai-library.com/pdf-a-amanat_persian_bayan_renewal.md	amanat_persian_bayan_renewal	15	0				1	title->lib/ocean
188992	2026-08-13	../../../../../../tank/site2rag/websites_md/bahai-library.com/pdf-a-anello_moral_leadership.md	anello_moral_leadership	13	0				1	title->lib/ocean
188994	2026-08-13	../../../../../../tank/site2rag/websites_md/bahai-library.com/pdf-a-anonymous_abdel_karim_effendi.md	anonymous_abdel_karim_effendi	3	0				1	title->lib/ocean
189012	2026-08-13	../../../../../../tank/site2rag/websites_md/bahai-library.com/pdf-a-arani_apostasy_marginality.md	arani_apostasy_marginality	250	0				1	title->lib/ocean
189013	2026-08-13	../../../../../../tank/site2rag/websites_md/bahai-library.com/pdf-a-arbab_generation_knowledge.md	arbab_generation_knowledge	18	0				1	title->lib/ocean
189029	2026-08-13	../../../../../../tank/site2rag/websites_md/bahai-library.com/pdf-a-arbab_intellectual_life_article.md	arbab_intellectual_life_article	13	0				1	title->lib/ocean
189038	2026-08-13	../../../../../../tank/site2rag/websites_md/bahai-library.com/pdf-a-arbab_intellectual_life_community.md	arbab_intellectual_life_community	7	0				1	title->lib/ocean
189052	2026-08-13	../../../../../../tank/site2rag/websites_md/bahai-library.com/pdf-a-arbab_learning_about_growth.md	arbab_learning_about_growth	78	0				1	title->lib/ocean
189062	2026-08-13	../../../../../../tank/site2rag/websites_md/bahai-library.com/pdf-a-arjomand_consolation_theology.md	arjomand_consolation_theology	24	0				1	title->lib/ocean
189066	2026-08-13	../../../../../../tank/site2rag/websites_md/bahai-library.com/pdf-a-arjomand_imam_absconditus.md	arjomand_imam_absconditus	12	0				1	title->lib/ocean
189078	2026-08-13	../../../../../../tank/site2rag/websites_md/bahai-library.com/pdf-a-arjomand_turban_crown.md	arjomand_turban_crown	14	0				1	title->lib/ocean
189084	2026-08-13	../../../../../../tank/site2rag/websites_md/bahai-library.com/pdf-a-arjomand_turban_crown_chronology.md	arjomand_turban_crown_chronology	2	0				1	title->lib/ocean
189086	2026-08-13	../../../../../../tank/site2rag/websites_md/bahai-library.com/pdf-a-armstrong-ingram_black_pearls.md	armstrong-ingram_black_pearls	40	0				1	title->lib/ocean
189104	2026-08-13	../../../../../../tank/site2rag/websites_md/bahai-library.com/pdf-a-ashelman_conversion_transformation.md	ashelman_conversion_transformation	19	0				1	no title match
189107	2026-08-13	../../../../../../tank/site2rag/websites_md/bahai-library.com/pdf-a-atkinson_women_art.md	atkinson_women_art	7	0				1	title->lib/ocean
189124	2026-08-13	../../../../../../tank/site2rag/websites_md/bahai-library.com/pdf-a-aull_science_religion.md	aull_science_religion	10	0				1	title->lib/ocean
189135	2026-08-13	../../../../../../tank/site2rag/websites_md/bahai-library.com/pdf-b-badee_economic_significance_huququllah.md	badee_economic_significance_huququllah	16	0				1	no title match
189142	2026-08-13	../../../../../../tank/site2rag/websites_md/bahai-library.com/pdf-b-badger_mahdi_persia_syria.md	badger_mahdi_persia_syria	15	0				1	title->lib/ocean
189152	2026-08-13	../../../../../../tank/site2rag/websites_md/bahai-library.com/pdf-b-badiee_images_new_creation.md	badiee_images_new_creation	21	0				1	title->lib/ocean
189162	2026-08-13	../../../../../../tank/site2rag/websites_md/bahai-library.com/pdf-b-badiee_images_new_creation_scan.md	badiee_images_new_creation_scan	21	0				1	title->lib/ocean
189176	2026-08-13	../../../../../../tank/site2rag/websites_md/bahai-library.com/pdf-b-bahai_50_years_singapore.md	bahai_50_years_singapore	48	0				1	title->lib/ocean
189182	2026-08-13	../../../../../../tank/site2rag/websites_md/bahai-library.com/pdf-b-bahai_marriage_family_study.md	bahai_marriage_family_study	62	0				1	title->lib/ocean
189198	2026-08-13	../../../../../../tank/site2rag/websites_md/bahai-library.com/pdf-b-bahai_way_life.md	bahai_way_life	8	0				1	no title match
189202	2026-08-13	../../../../../../tank/site2rag/websites_md/bahai-library.com/pdf-b-bahai_youth_internet.md	bahai_youth_internet	9	0				1	title->lib/ocean
189209	2026-08-13	../../../../../../tank/site2rag/websites_md/bahai-library.com/pdf-b-bahaiworld_martha_root_memoriam.md	bahaiworld_martha_root_memoriam	8	0				1	title->lib/ocean
189219	2026-08-13	../../../../../../tank/site2rag/websites_md/bahai-library.com/pdf-b-baharuddin_rediscovering_resources_religion.md	baharuddin_rediscovering_resources_religion	48	0				1	title->lib/ocean
189229	2026-08-13	../../../../../../tank/site2rag/websites_md/bahai-library.com/pdf-b-baktiari_parliamentary_politics_iran.md	baktiari_parliamentary_politics_iran	9	0				1	title->lib/ocean
189240	2026-08-13	../../../../../../tank/site2rag/websites_md/bahai-library.com/pdf-b-baldwin_walking_spiritual_path.md	baldwin_walking_spiritual_path	15	0				1	title->lib/ocean
189248	2026-08-13	../../../../../../tank/site2rag/websites_md/bahai-library.com/pdf-b-balyuzi_abdul-baha_war_years.md	balyuzi_abdul-baha_war_years	10	0				1	title->lib/ocean
189258	2026-08-13	../../../../../../tank/site2rag/websites_md/bahai-library.com/pdf-b-balyuzi_abdul-baha_war_years_scan.md	balyuzi_abdul-baha_war_years_scan	10	0				1	title->lib/ocean
189277	2026-08-13	../../../../../../tank/site2rag/websites_md/bahai-library.com/pdf-b-balyuzi_bahaullah_king_glory_scan.md	balyuzi_bahaullah_king_glory_scan	623	0				1	title->lib/ocean
189294	2026-08-13	../../../../../../tank/site2rag/websites_md/bahai-library.com/pdf-b-banani_hidden_words_bahaullah.md	banani_hidden_words_bahaullah	15	0				1	title->lib/ocean
189298	2026-08-13	../../../../../../tank/site2rag/websites_md/bahai-library.com/pdf-b-bannister_our_own_times.md	bannister_our_own_times	5	0				1	title->lib/ocean
189305	2026-08-13	../../../../../../tank/site2rag/websites_md/bahai-library.com/pdf-b-barnes_grayzel_response_commentary.md	barnes_grayzel_response_commentary	6	0				1	title->lib/ocean
189311	2026-08-13	../../../../../../tank/site2rag/websites_md/bahai-library.com/pdf-b-barnes_taherzadeh_stories_bahaullah.md	barnes_taherzadeh_stories_bahaullah	524	0				1	title->lib/ocean
189316	2026-08-13	../../../../../../tank/site2rag/websites_md/bahai-library.com/pdf-b-barr_great_unity.md	barr_great_unity	13	0				1	title->lib/ocean
189317	2026-08-13	../../../../../../tank/site2rag/websites_md/bahai-library.com/pdf-b-bartholomew_loehle_shoulders_giants.md	bartholomew_loehle_shoulders_giants	4	0				1	title->lib/ocean
189320	2026-08-13	../../../../../../tank/site2rag/websites_md/bahai-library.com/pdf-b-bashir_lepard_humanitarian_intervention.md	bashir_lepard_humanitarian_intervention	6	0				1	title->lib/ocean
189340	2026-08-13	../../../../../../tank/site2rag/websites_md/bahai-library.com/pdf-b-baum_solidarity_poor.md	baum_solidarity_poor	47	0				1	title->lib/ocean
189344	2026-08-13	../../../../../../tank/site2rag/websites_md/bahai-library.com/pdf-b-bausani_perser_anfangen_gegenwart.md	bausani_perser_anfangen_gegenwart	5	0				1	title->lib/ocean
189348	2026-08-13	../../../../../../tank/site2rag/websites_md/bahai-library.com/pdf-b-bausani_spiritual_dynamics.md	bausani_spiritual_dynamics	4	0				1	title->lib/ocean
189357	2026-08-13	../../../../../../tank/site2rag/websites_md/bahai-library.com/pdf-b-bayat_9-year-plan_destiny_america.md	bayat_9-year-plan_destiny_america	16	0				1	title->lib/ocean
189371	2026-08-13	../../../../../../tank/site2rag/websites_md/bahai-library.com/pdf-b-bayat_little_gems.md	bayat_little_gems	90	0				1	title->lib/ocean
189379	2026-08-13	../../../../../../tank/site2rag/websites_md/bahai-library.com/pdf-b-bayat_study_god_passes-by.md	bayat_study_god_passes-by	141	0				1	title->lib/ocean
189392	2026-08-13	../../../../../../tank/site2rag/websites_md/bahai-library.com/pdf-b-belton_anthology_australian_poetry.md	belton_anthology_australian_poetry	11	0				1	title->lib/ocean
189404	2026-08-13	../../../../../../tank/site2rag/websites_md/bahai-library.com/pdf-b-bertholet_lehrbuch_religionsgeschichte.md	bertholet_lehrbuch_religionsgeschichte	2	0				1	no title match
189408	2026-08-13	../../../../../../tank/site2rag/websites_md/bahai-library.com/pdf-b-bia_bahai_participation_internet.md	bia_bahai_participation_internet	8	0				1	no title match
189418	2026-08-13	../../../../../../tank/site2rag/websites_md/bahai-library.com/pdf-b-bia_blogging_suggestions_approaches.md	bia_blogging_suggestions_approaches	6	0				1	title->lib/ocean
189424	2026-08-13	../../../../../../tank/site2rag/websites_md/bahai-library.com/pdf-b-bixby_what_is_behaism.md	bixby_what_is_behaism	15	0				1	title->lib/ocean
189430	2026-08-13	../../../../../../tank/site2rag/websites_md/bahai-library.com/pdf-b-boicu_feedback_mechanisms_knowledge.md	boicu_feedback_mechanisms_knowledge	25	0				1	title->lib/ocean
189438	2026-08-13	../../../../../../tank/site2rag/websites_md/bahai-library.com/pdf-b-boicu_justice_education_oneness.md	boicu_justice_education_oneness	6	0				1	title->lib/ocean
189444	2026-08-13	../../../../../../tank/site2rag/websites_md/bahai-library.com/pdf-b-boicu_notes_uncertainty_world.md	boicu_notes_uncertainty_world	49	0				1	title->lib/ocean
189447	2026-08-13	../../../../../../tank/site2rag/websites_md/bahai-library.com/pdf-b-boicu_power_conceptual_framework.md	boicu_power_conceptual_framework	5	0				1	title->lib/ocean
189457	2026-08-13	../../../../../../tank/site2rag/websites_md/bahai-library.com/pdf-b-boissel_gobineau_orient_iran.md	boissel_gobineau_orient_iran	13	0				1	title->lib/ocean
189464	2026-08-13	../../../../../../tank/site2rag/websites_md/bahai-library.com/pdf-b-bolhuis_bahai_statistics_2001.md	bolhuis_bahai_statistics_2001	6	0				1	title->lib/ocean
189471	2026-08-13	../../../../../../tank/site2rag/websites_md/bahai-library.com/pdf-b-bolhuis_chronology_bahai_literature.md	bolhuis_chronology_bahai_literature	5	0				1	title->lib/ocean
189483	2026-08-13	../../../../../../tank/site2rag/websites_md/bahai-library.com/pdf-b-bolhuis_ridvan_2000.md	bolhuis_ridvan_2000	9	0				1	title->lib/ocean
189495	2026-08-13	../../../../../../tank/site2rag/websites_md/bahai-library.com/pdf-b-bolodo-taefi_beyond_welfare_framework.md	bolodo-taefi_beyond_welfare_framework	27	0				1	title->lib/ocean
189501	2026-08-13	../../../../../../tank/site2rag/websites_md/bahai-library.com/pdf-b-bookwalter_bahai_educational_project.md	bookwalter_bahai_educational_project	13	0				1	title->lib/ocean
189514	2026-08-13	../../../../../../tank/site2rag/websites_md/bahai-library.com/pdf-b-bookwalter_multidimensional_consciousness.md	bookwalter_multidimensional_consciousness	70	0				1	title->lib/ocean
189516	2026-08-13	../../../../../../tank/site2rag/websites_md/bahai-library.com/pdf-b-bookwalter_proyecto_educacional_bahai.md	bookwalter_proyecto_educacional_bahai	19	0				1	title->lib/ocean
189519	2026-08-13	../../../../../../tank/site2rag/websites_md/bahai-library.com/pdf-b-bowers_lample_revelation_social.md	bowers_lample_revelation_social	4	0				1	title->lib/ocean
189525	2026-08-13	../../../../../../tank/site2rag/websites_md/bahai-library.com/pdf-b-boyles_angle_ascent_hayden.md	boyles_angle_ascent_hayden	28	0				1	title->lib/ocean
189534	2026-08-13	../../../../../../tank/site2rag/websites_md/bahai-library.com/pdf-b-bramson-lerche_administrative_order_1922-1936.md	bramson-lerche_administrative_order_1922-1936	70	0				1	title->lib/ocean
189545	2026-08-13	../../../../../../tank/site2rag/websites_md/bahai-library.com/pdf-b-bramson-lerche_schaefer_beyond_clash.md	bramson-lerche_schaefer_beyond_clash	3	0				1	title->lib/ocean
189562	2026-08-13	../../../../../../tank/site2rag/websites_md/bahai-library.com/pdf-b-brief_course_bahai_faith.md	brief_course_bahai_faith	83	0				1	title->lib/ocean
189574	2026-08-13	../../../../../../tank/site2rag/websites_md/bahai-library.com/pdf-b-brookshaw_imitation_martyrdom_ghazal.md	brookshaw_imitation_martyrdom_ghazal	27	0				1	title->lib/ocean
189591	2026-08-13	../../../../../../tank/site2rag/websites_md/bahai-library.com/pdf-b-browne_babis_persia_history.md	browne_babis_persia_history	43	0				1	title->lib/ocean
189601	2026-08-13	../../../../../../tank/site2rag/websites_md/bahai-library.com/pdf-b-browne_babism_religious_systems.md	browne_babism_religious_systems	21	0				1	title->lib/ocean
189615	2026-08-13	../../../../../../tank/site2rag/websites_md/bahai-library.com/pdf-b-browne_catalogue_manuscripts_one.md	browne_catalogue_manuscripts_one	70	0				1	title->lib/ocean
189628	2026-08-13	../../../../../../tank/site2rag/websites_md/bahai-library.com/pdf-b-browne_catalogue_manuscripts_two.md	browne_catalogue_manuscripts_two	77	0				1	title->lib/ocean
189646	2026-08-13	../../../../../../tank/site2rag/websites_md/bahai-library.com/pdf-b-browne_literary_history_persia_1_1909.md	browne_literary_history_persia_1_1909	531	0				1	title->lib/ocean
189660	2026-08-13	../../../../../../tank/site2rag/websites_md/bahai-library.com/pdf-b-browne_literary_history_persia_1_1956.md	browne_literary_history_persia_1_1956	264	0				1	title->lib/ocean
189679	2026-08-13	../../../../../../tank/site2rag/websites_md/bahai-library.com/pdf-b-browne_literary_history_persia_2_1956.md	browne_literary_history_persia_2_1956	292	0				1	title->lib/ocean
189698	2026-08-13	../../../../../../tank/site2rag/websites_md/bahai-library.com/pdf-b-browne_literary_history_persia_3_1928_version1.md	browne_literary_history_persia_3_1928_version1	305	0				1	title->lib/ocean
189699	2026-08-13	../../../../../../tank/site2rag/websites_md/bahai-library.com/pdf-b-browne_literary_history_persia_4.md	browne_literary_history_persia_4	223	0				1	no title match
189715	2026-08-13	../../../../../../tank/site2rag/websites_md/bahai-library.com/pdf-b-browne_literary_history_persia_4_1959_original.md	browne_literary_history_persia_4_1959_original	288	0				1	title->lib/ocean
189717	2026-08-13	../../../../../../tank/site2rag/websites_md/bahai-library.com/pdf-b-browne_literature_persia_scan.md	browne_literature_persia_scan	44	0				1	title->lib/ocean
189724	2026-08-13	../../../../../../tank/site2rag/websites_md/bahai-library.com/pdf-b-buck_american_writers_gibran.md	buck_american_writers_gibran	19	0				1	title->lib/ocean
189740	2026-08-13	../../../../../../tank/site2rag/websites_md/bahai-library.com/pdf-b-buck_celebrations_race_unity.md	buck_celebrations_race_unity	6	0				1	title->lib/ocean
189744	2026-08-13	../../../../../../tank/site2rag/websites_md/bahai-library.com/pdf-b-buck_celebrations_ridvan.md	buck_celebrations_ridvan	4	0				1	title->lib/ocean
189755	2026-08-13	../../../../../../tank/site2rag/websites_md/bahai-library.com/pdf-b-buck_gover_never_again.md	buck_gover_never_again	30	0				1	title->lib/ocean
189758	2026-08-13	../../../../../../tank/site2rag/websites_md/bahai-library.com/pdf-b-buck_identity_sabiuns.md	buck_identity_sabiuns	15	0				1	title->lib/ocean
189768	2026-08-13	../../../../../../tank/site2rag/websites_md/bahai-library.com/pdf-b-buck_islam_minorities.md	buck_islam_minorities	24	0				1	title->lib/ocean
189790	2026-08-13	../../../../../../tank/site2rag/websites_md/bahai-library.com/pdf-b-buck_locke_moral_imperatives.md	buck_locke_moral_imperatives	29	0				1	title->lib/ocean
189793	2026-08-13	../../../../../../tank/site2rag/websites_md/bahai-library.com/pdf-b-buck_locke_philosophy_democracy.md	buck_locke_philosophy_democracy	22	0				1	title->lib/ocean
189797	2026-08-13	../../../../../../tank/site2rag/websites_md/bahai-library.com/pdf-b-buck_mystery_sworded_warrior.md	buck_mystery_sworded_warrior	77	0				1	title->lib/ocean
189816	2026-08-13	../../../../../../tank/site2rag/websites_md/bahai-library.com/pdf-b-buck_myths_america_book_chapter11.md	buck_myths_america_book_chapter11	39	0				1	title->lib/ocean
189822	2026-08-13	../../../../../../tank/site2rag/websites_md/bahai-library.com/pdf-b-buck_myths_america_book_chapter12.md	buck_myths_america_book_chapter12	37	0				1	title->lib/ocean
189823	2026-08-13	../../../../../../tank/site2rag/websites_md/bahai-library.com/pdf-b-buck_race_amity_movement.md	buck_race_amity_movement	44	0				1	title->lib/ocean
189831	2026-08-13	../../../../../../tank/site2rag/websites_md/bahai-library.com/pdf-b-buck_schaefer_clash.md	buck_schaefer_clash	4	0				1	title->lib/ocean
189840	2026-08-13	../../../../../../tank/site2rag/websites_md/bahai-library.com/pdf-b-buck_universalism_native_prophets.md	buck_universalism_native_prophets	31	0				1	no title match
189846	2026-08-13	../../../../../../tank/site2rag/websites_md/bahai-library.com/pdf-b-bushrui_daoust_style_aqdas.md	bushrui_daoust_style_aqdas	60	0				1	title->lib/ocean
189855	2026-08-13	../../../../../../tank/site2rag/websites_md/bahai-library.com/pdf-b-bushrui_opening_academic_mind.md	bushrui_opening_academic_mind	38	0				1	title->lib/ocean
189871	2026-08-13	../../../../../../tank/site2rag/websites_md/bahai-library.com/pdf-bw-memoriam_bw_10.md	memoriam_bw_10	32	0				1	title->lib/ocean
189890	2026-08-13	../../../../../../tank/site2rag/websites_md/bahai-library.com/pdf-bw-memoriam_bw_11.md	memoriam_bw_11	46	0				1	title->lib/ocean
189905	2026-08-13	../../../../../../tank/site2rag/websites_md/bahai-library.com/pdf-bw-memoriam_bw_12.md	memoriam_bw_12	60	0				1	title->lib/ocean
189913	2026-08-13	../../../../../../tank/site2rag/websites_md/bahai-library.com/pdf-bw-memoriam_bw_13.md	memoriam_bw_13	113	0				1	title->lib/ocean
189914	2026-08-13	../../../../../../tank/site2rag/websites_md/bahai-library.com/pdf-bw-memoriam_bw_14.md	memoriam_bw_14	101	0				1	title->lib/ocean
189926	2026-08-13	../../../../../../tank/site2rag/websites_md/bahai-library.com/pdf-bw-memoriam_bw_17.md	memoriam_bw_17	82	0				1	title->lib/ocean
189932	2026-08-13	../../../../../../tank/site2rag/websites_md/bahai-library.com/pdf-bw-memoriam_bw_6.md	memoriam_bw_6	22	0				1	title->lib/ocean
189942	2026-08-13	../../../../../../tank/site2rag/websites_md/bahai-library.com/pdf-bw-memoriam_bw_7.md	memoriam_bw_7	24	0				1	title->lib/ocean
189952	2026-08-13	../../../../../../tank/site2rag/websites_md/bahai-library.com/pdf-bw-memoriam_bw_8.md	memoriam_bw_8	49	0				1	title->lib/ocean
189958	2026-08-13	../../../../../../tank/site2rag/websites_md/bahai-library.com/pdf-c-caceres_bahai_etica_espiritualidad.md	caceres_bahai_etica_espiritualidad	51	0				1	title->lib/ocean
189974	2026-08-13	../../../../../../tank/site2rag/websites_md/bahai-library.com/pdf-c-calhan_identities_children_kayseri.md	calhan_identities_children_kayseri	156	0				1	title->lib/ocean
189976	2026-08-13	../../../../../../tank/site2rag/websites_md/bahai-library.com/pdf-c-calkins_dahl_eco_principle.md	calkins_dahl_eco_principle	4	0				1	title->lib/ocean
189980	2026-08-13	../../../../../../tank/site2rag/websites_md/bahai-library.com/pdf-c-cameron_disconnected_letters_nineteen.md	cameron_disconnected_letters_nineteen	40	0				1	title->lib/ocean
189983	2026-08-13	../../../../../../tank/site2rag/websites_md/bahai-library.com/pdf-c-cardell_report_teaching_team.md	cardell_report_teaching_team	7	0				1	no title match
189987	2026-08-13	../../../../../../tank/site2rag/websites_md/bahai-library.com/pdf-c-carus_dodge_bahai_revelation.md	carus_dodge_bahai_revelation	10	0				1	title->lib/ocean
189994	2026-08-13	../../../../../../tank/site2rag/websites_md/bahai-library.com/pdf-c-caton_bahai_influences_qajar.md	caton_bahai_influences_qajar	26	0				1	title->lib/ocean
190007	2026-08-13	../../../../../../tank/site2rag/websites_md/bahai-library.com/pdf-c-chandler_building_creative_communities.md	chandler_building_creative_communities	5	0				1	title->lib/ocean
190021	2026-08-13	../../../../../../tank/site2rag/websites_md/bahai-library.com/pdf-c-chandler_reflections_artists_life.md	chandler_reflections_artists_life	5	0				1	title->lib/ocean
190031	2026-08-13	../../../../../../tank/site2rag/websites_md/bahai-library.com/pdf-c-chapa_diessner_values_education.md	chapa_diessner_values_education	24	0				1	title->lib/ocean
190034	2026-08-13	../../../../../../tank/site2rag/websites_md/bahai-library.com/pdf-c-chaqueri_socialist_republic_iran.md	chaqueri_socialist_republic_iran	7	0				1	title->lib/ocean
190040	2026-08-13	../../../../../../tank/site2rag/websites_md/bahai-library.com/pdf-c-chehabi_iranian_politics_modernism.md	chehabi_iranian_politics_modernism	12	0				1	title->lib/ocean
190051	2026-08-13	../../../../../../tank/site2rag/websites_md/bahai-library.com/pdf-c-chew_dialogue_yin-yang_bahai.md	chew_dialogue_yin-yang_bahai	36	0				1	title->lib/ocean
190060	2026-08-13	../../../../../../tank/site2rag/websites_md/bahai-library.com/pdf-c-chew_emergence_faith_singapore.md	chew_emergence_faith_singapore	24	0				1	title->lib/ocean
190070	2026-08-13	../../../../../../tank/site2rag/websites_md/bahai-library.com/pdf-c-chew_singapore_womens_movement.md	chew_singapore_womens_movement	29	0				1	title->lib/ocean
190078	2026-08-13	../../../../../../tank/site2rag/websites_md/bahai-library.com/pdf-c-chew_soul_chinese_bahai.md	chew_soul_chinese_bahai	32	0				1	title->lib/ocean
190084	2026-08-13	../../../../../../tank/site2rag/websites_md/bahai-library.com/pdf-c-chew_taoism_singapore_bahai.md	chew_taoism_singapore_bahai	22	0				1	title->lib/ocean
190087	2026-08-13	../../../../../../tank/site2rag/websites_md/bahai-library.com/pdf-c-christian_chicago_house_worship_1953.md	christian_chicago_house_worship_1953	7	0				1	title->lib/ocean
190091	2026-08-13	../../../../../../tank/site2rag/websites_md/bahai-library.com/pdf-c-clegg_lilian_whiting.md	clegg_lilian_whiting	2	0				1	title->lib/ocean
190102	2026-08-13	../../../../../../tank/site2rag/websites_md/bahai-library.com/pdf-c-cobb_character_spiritual_psychology.md	cobb_character_spiritual_psychology	146	0				1	no title match
190109	2026-08-13	../../../../../../tank/site2rag/websites_md/bahai-library.com/pdf-c-cobb_meaning_life.md	cobb_meaning_life	24	0				1	no title match
190123	2026-08-13	../../../../../../tank/site2rag/websites_md/bahai-library.com/pdf-c-cobb_tomorrow_and_tomorrow.md	cobb_tomorrow_and_tomorrow	84	0				1	title->lib/ocean
190135	2026-08-13	../../../../../../tank/site2rag/websites_md/bahai-library.com/pdf-c-cole_ayatollahs_democracy_iran.md	cole_ayatollahs_democracy_iran	28	0				1	title->lib/ocean
190149	2026-08-13	../../../../../../tank/site2rag/websites_md/bahai-library.com/pdf-c-cole_azali_crisis.md	cole_azali_crisis	20	0				1	no title match
190153	2026-08-13	../../../../../../tank/site2rag/websites_md/bahai-library.com/pdf-c-cole_bahai_minority_nationalism.md	cole_bahai_minority_nationalism	37	0				1	title->lib/ocean
190158	2026-08-13	../../../../../../tank/site2rag/websites_md/bahai-library.com/pdf-c-cole_iranian_millenarianism.md	cole_iranian_millenarianism	26	0				1	no title match
190174	2026-08-13	../../../../../../tank/site2rag/websites_md/bahai-library.com/pdf-c-cole_marking_boundaries.md	cole_marking_boundaries	22	0				1	title->lib/ocean
190177	2026-08-13	../../../../../../tank/site2rag/websites_md/bahai-library.com/pdf-c-cole_messianic_concealment.md	cole_messianic_concealment	32	0				1	title->lib/ocean
190181	2026-08-13	../../../../../../tank/site2rag/websites_md/bahai-library.com/pdf-c-cole_modernity_millennium_introduction.md	cole_modernity_millennium_introduction	23	0				1	title->lib/ocean
190196	2026-08-13	../../../../../../tank/site2rag/websites_md/bahai-library.com/pdf-c-cole_religious_dissidence.md	cole_religious_dissidence	20	0				1	title->lib/ocean
190201	2026-08-13	../../../../../../tank/site2rag/websites_md/bahai-library.com/pdf-c-collins_dewey_decimal_classification.md	collins_dewey_decimal_classification	70	0				1	title->lib/ocean
190203	2026-08-13	../../../../../../tank/site2rag/websites_md/bahai-library.com/pdf-c-collins_jasion_lev_tolstoy.md	collins_jasion_lev_tolstoy	5	0				1	title->lib/ocean
190206	2026-08-13	../../../../../../tank/site2rag/websites_md/bahai-library.com/pdf-c-collins_library_congress_classification.md	collins_library_congress_classification	87	0				1	title->lib/ocean
190209	2026-08-13	../../../../../../tank/site2rag/websites_md/bahai-library.com/pdf-c-cook_mccants_muhammad_divine.md	cook_mccants_muhammad_divine	11	0				1	title->lib/ocean
190229	2026-08-13	../../../../../../tank/site2rag/websites_md/bahai-library.com/pdf-c-cooks_tourists_handbook_palestine.md	cooks_tourists_handbook_palestine	513	0				1	title->lib/ocean
190234	2026-08-13	../../../../../../tank/site2rag/websites_md/bahai-library.com/pdf-c-cooper_spiritual_values_cowichan.md	cooper_spiritual_values_cowichan	124	0				1	title->lib/ocean
190237	2026-08-13	../../../../../../tank/site2rag/websites_md/bahai-library.com/pdf-c-cope_dialogue_civilizations_transitions.md	cope_dialogue_civilizations_transitions	47	0				1	title->lib/ocean
190239	2026-08-13	../../../../../../tank/site2rag/websites_md/bahai-library.com/pdf-c-cottam_nationalism_iran_1979.md	cottam_nationalism_iran_1979	8	0				1	no title match
190243	2026-08-13	../../../../../../tank/site2rag/websites_md/bahai-library.com/pdf-c-covey_danesh_editorial_26-3.md	covey_danesh_editorial_26-3	5	0				1	title->lib/ocean
190251	2026-08-13	../../../../../../tank/site2rag/websites_md/bahai-library.com/pdf-compilations-compilation_local_spiritual_assembly-2017.md	compilation_local_spiritual_assembly-2017	15	0				1	title->lib/ocean
190261	2026-08-13	../../../../../../tank/site2rag/websites_md/bahai-library.com/pdf-d-dabashi_theology_discontent.md	dabashi_theology_discontent	7	0				1	title->lib/ocean
190265	2026-08-13	../../../../../../tank/site2rag/websites_md/bahai-library.com/pdf-d-dahl_environnement_patrimoine_humanite.md	dahl_environnement_patrimoine_humanite	3	0				1	title->lib/ocean
190279	2026-08-13	../../../../../../tank/site2rag/websites_md/bahai-library.com/pdf-d-dahl_environnement_patrimoine_humanite_english.md	dahl_environnement_patrimoine_humanite_english	3	0				1	title->lib/ocean
190291	2026-08-13	../../../../../../tank/site2rag/websites_md/bahai-library.com/pdf-d-dahl_sustainable_development_prosperity.md	dahl_sustainable_development_prosperity	11	0				1	title->lib/ocean
190295	2026-08-13	../../../../../../tank/site2rag/websites_md/bahai-library.com/pdf-d-dahl_teaching_7-year_plan.md	dahl_teaching_7-year_plan	10	0				1	title->lib/ocean
190298	2026-08-13	../../../../../../tank/site2rag/websites_md/bahai-library.com/pdf-d-dammann_grundris_religionsgeschichte.md	dammann_grundris_religionsgeschichte	4	0				1	no title match
190304	2026-08-13	../../../../../../tank/site2rag/websites_md/bahai-library.com/pdf-d-damore_peace_prosperity.md	damore_peace_prosperity	9	0				1	title->lib/ocean
190308	2026-08-13	../../../../../../tank/site2rag/websites_md/bahai-library.com/pdf-d-danesh_apathy_violence.md	danesh_apathy_violence	11	0				1	title->lib/ocean
190314	2026-08-13	../../../../../../tank/site2rag/websites_md/bahai-library.com/pdf-d-danesh_fazel_covenant_ministry.md	danesh_fazel_covenant_ministry	5	0				1	title->lib/ocean
190320	2026-08-13	../../../../../../tank/site2rag/websites_md/bahai-library.com/pdf-d-danesh_laszlo_inner_limits.md	danesh_laszlo_inner_limits	3	0				1	title->lib/ocean
190326	2026-08-13	../../../../../../tank/site2rag/websites_md/bahai-library.com/pdf-d-danesh_meanings_word_bab.md	danesh_meanings_word_bab	9	0				1	title->lib/ocean
190331	2026-08-13	../../../../../../tank/site2rag/websites_md/bahai-library.com/pdf-d-danesh_reflections_structure_aqdas.md	danesh_reflections_structure_aqdas	14	0				1	title->lib/ocean
190358	2026-08-13	../../../../../../tank/site2rag/websites_md/bahai-library.com/pdf-d-dealy_dawn_knowledge_scan.md	dealy_dawn_knowledge_scan	60	0				1	title->lib/ocean
190360	2026-08-13	../../../../../../tank/site2rag/websites_md/bahai-library.com/pdf-d-diessner_bahai_peace_psychology.md	diessner_bahai_peace_psychology	14	0				1	title->lib/ocean
190362	2026-08-13	../../../../../../tank/site2rag/websites_md/bahai-library.com/pdf-d-diessner_danesh_psychology_spirituality.md	diessner_danesh_psychology_spirituality	2	0				1	title->lib/ocean
190363	2026-08-13	../../../../../../tank/site2rag/websites_md/bahai-library.com/pdf-d-diessner_selfnessness.md	diessner_selfnessness	7	0				1	title->lib/ocean
190382	2026-08-13	../../../../../../tank/site2rag/websites_md/bahai-library.com/pdf-d-dighton_locked_in.md	dighton_locked_in	282	0				1	title->lib/ocean
190396	2026-08-13	../../../../../../tank/site2rag/websites_md/bahai-library.com/pdf-d-dion_realite_monde_exterieur.md	dion_realite_monde_exterieur	4	0				1	title->lib/ocean
190403	2026-08-13	../../../../../../tank/site2rag/websites_md/bahai-library.com/pdf-d-dodge_bahai_revelation.md	dodge_bahai_revelation	10	0				1	title->lib/ocean
190419	2026-08-13	../../../../../../tank/site2rag/websites_md/bahai-library.com/pdf-d-dodge_whence_why_whither.md	dodge_whence_why_whither	126	0				1	title->lib/ocean
190432	2026-08-13	../../../../../../tank/site2rag/websites_md/bahai-library.com/pdf-d-donaldson_shiite_religion.md	donaldson_shiite_religion	228	0				1	title->lib/ocean
190450	2026-08-13	../../../../../../tank/site2rag/websites_md/bahai-library.com/pdf-d-donaldson_shiite_religion_excerpt.md	donaldson_shiite_religion_excerpt	7	0				1	title->lib/ocean
190457	2026-08-13	../../../../../../tank/site2rag/websites_md/bahai-library.com/pdf-d-dreyfus-barney_bahai_universal_religion.md	dreyfus-barney_bahai_universal_religion	167	0				1	title->lib/ocean
190468	2026-08-13	../../../../../../tank/site2rag/websites_md/bahai-library.com/pdf-d-dunbar_study_aids_dispensation.md	dunbar_study_aids_dispensation	27	0				1	title->lib/ocean
190519	2026-08-13	../../../../../../tank/site2rag/websites_md/bahai-library.com/pdf-e-easton_persia_encyclopaedia_theology.md	easton_persia_encyclopaedia_theology	4	0				1	title->lib/ocean
190524	2026-08-13	../../../../../../tank/site2rag/websites_md/bahai-library.com/pdf-e-echevarria_canadian_bahais_1938-2000.md	echevarria_canadian_bahais_1938-2000	19	0				1	title->lib/ocean
190532	2026-08-13	../../../../../../tank/site2rag/websites_md/bahai-library.com/pdf-e-echevarria_hoonaard_equality_canada.md	echevarria_hoonaard_equality_canada	8	0				1	title->lib/ocean
190545	2026-08-13	../../../../../../tank/site2rag/websites_md/bahai-library.com/pdf-e-echevarria_life_histories.md	echevarria_life_histories	1	0				1	title->lib/ocean
190560	2026-08-13	../../../../../../tank/site2rag/websites_md/bahai-library.com/pdf-e-echevarria_life_histories_excerpt.md	echevarria_life_histories_excerpt	6	0				1	title->lib/ocean
190574	2026-08-13	../../../../../../tank/site2rag/websites_md/bahai-library.com/pdf-e-egerton_common_visions.md	egerton_common_visions	22	0				1	title->lib/ocean
190588	2026-08-13	../../../../../../tank/site2rag/websites_md/bahai-library.com/pdf-e-ekbal_redating_aqdas.md	ekbal_redating_aqdas	11	0				1	title->lib/ocean
190597	2026-08-13	../../../../../../tank/site2rag/websites_md/bahai-library.com/pdf-e-ekbal_women_homosexuality_aqdas.md	ekbal_women_homosexuality_aqdas	17	0				1	title->lib/ocean
190605	2026-08-13	../../../../../../tank/site2rag/websites_md/bahai-library.com/pdf-e-ekbal_zoroastrian_heritage_maid-heaven.md	ekbal_zoroastrian_heritage_maid-heaven	45	0				1	title->lib/ocean
190612	2026-08-13	../../../../../../tank/site2rag/websites_md/bahai-library.com/pdf-e-ellinwood_new_religions_nineteenth.md	ellinwood_new_religions_nineteenth	7	0				1	title->lib/ocean
190626	2026-08-13	../../../../../../tank/site2rag/websites_md/bahai-library.com/pdf-e-emerson_new_work_ethic.md	emerson_new_work_ethic	10	0				1	title->lib/ocean
190631	2026-08-13	../../../../../../tank/site2rag/websites_md/bahai-library.com/pdf-e-es_teachings_bahaullah_globalism.md	es_teachings_bahaullah_globalism	12	0				1	title->lib/ocean
190638	2026-08-13	../../../../../../tank/site2rag/websites_md/bahai-library.com/pdf-e-es_teachings_bahaullah_globalism_scan.md	es_teachings_bahaullah_globalism_scan	10	0				1	title->lib/ocean
190644	2026-08-13	../../../../../../tank/site2rag/websites_md/bahai-library.com/pdf-e-espinosa_justly_without_bias.md	espinosa_justly_without_bias	29	0				1	title->lib/ocean
190662	2026-08-13	../../../../../../tank/site2rag/websites_md/bahai-library.com/pdf-e-eyford_harper_lab_temple.md	eyford_harper_lab_temple	5	0				1	title->lib/ocean
190666	2026-08-13	../../../../../../tank/site2rag/websites_md/bahai-library.com/pdf-e-eyford_harper_lab_temple_scan.md	eyford_harper_lab_temple_scan	5	0				1	title->lib/ocean
190667	2026-08-13	../../../../../../tank/site2rag/websites_md/bahai-library.com/pdf-e-eyford_vick_social_economic.md	eyford_vick_social_economic	2	0				1	title->lib/ocean
190674	2026-08-13	../../../../../../tank/site2rag/websites_md/bahai-library.com/pdf-f-faizi_flame_fire_bahai-news.md	faizi_flame_fire_bahai-news	7	0				1	title->lib/ocean
190692	2026-08-13	../../../../../../tank/site2rag/websites_md/bahai-library.com/pdf-f-faizi_frazelle_fuego_montana.md	faizi_frazelle_fuego_montana	229	0				1	title->lib/ocean
190694	2026-08-13	../../../../../../tank/site2rag/websites_md/bahai-library.com/pdf-f-farhoumand-sims_cultural_relativism_persecution.md	farhoumand-sims_cultural_relativism_persecution	26	0				1	title->lib/ocean
190697	2026-08-13	../../../../../../tank/site2rag/websites_md/bahai-library.com/pdf-f-farid-arbab_bahai_inspired_education.md	farid-arbab_bahai_inspired_education	15	0				1	title->lib/ocean
190701	2026-08-13	../../../../../../tank/site2rag/websites_md/bahai-library.com/pdf-f-farrand_artemus_lamb.md	farrand_artemus_lamb	10	0				1	no title match
190716	2026-08-13	../../../../../../tank/site2rag/websites_md/bahai-library.com/pdf-f-fatheazam_new_garden.md	fatheazam_new_garden	197	0				1	title->lib/ocean
190722	2026-08-13	../../../../../../tank/site2rag/websites_md/bahai-library.com/pdf-f-feeney_youth_suicide_australia.md	feeney_youth_suicide_australia	14	0				1	title->lib/ocean
190724	2026-08-13	../../../../../../tank/site2rag/websites_md/bahai-library.com/pdf-f-ferraby_bahai_teachings_economics.md	ferraby_bahai_teachings_economics	18	0				1	title->lib/ocean
190731	2026-08-13	../../../../../../tank/site2rag/websites_md/bahai-library.com/pdf-f-filmer_pageant_persia.md	filmer_pageant_persia	7	0				1	title->lib/ocean
190740	2026-08-13	../../../../../../tank/site2rag/websites_md/bahai-library.com/pdf-f-finch_knobloch_flowers_acca.md	finch_knobloch_flowers_acca	43	0				1	title->lib/ocean
190749	2026-08-13	../../../../../../tank/site2rag/websites_md/bahai-library.com/pdf-f-finch_knobloch_flowers_acca_cleaned.md	finch_knobloch_flowers_acca_cleaned	43	0				1	title->lib/ocean
190755	2026-08-13	../../../../../../tank/site2rag/websites_md/bahai-library.com/pdf-f-fish_muttart_barker_rich.md	fish_muttart_barker_rich	3	0				1	title->lib/ocean
190768	2026-08-13	../../../../../../tank/site2rag/websites_md/bahai-library.com/pdf-f-fitzgerald_new_revelation.md	fitzgerald_new_revelation	289	0				1	no title match
190793	2026-08-13	../../../../../../tank/site2rag/websites_md/bahai-library.com/pdf-f-foltz_religions_iran.md	foltz_religions_iran	27	0				1	title->lib/ocean
190800	2026-08-13	../../../../../../tank/site2rag/websites_md/bahai-library.com/pdf-f-foo_healing_role_homeopathy.md	foo_healing_role_homeopathy	13	0				1	no title match
190808	2026-08-13	../../../../../../tank/site2rag/websites_md/bahai-library.com/pdf-f-foo_nature_bahai_communities.md	foo_nature_bahai_communities	18	0				1	title->lib/ocean
190817	2026-08-13	../../../../../../tank/site2rag/websites_md/bahai-library.com/pdf-f-forbes_heart_iran.md	forbes_heart_iran	4	0				1	no title match
190828	2026-08-13	../../../../../../tank/site2rag/websites_md/bahai-library.com/pdf-f-forbis_fall_peacock_throne.md	forbis_fall_peacock_throne	4	0				1	no title match
190846	2026-08-13	../../../../../../tank/site2rag/websites_md/bahai-library.com/pdf-f-fotos_friberg_brill_conversive.md	fotos_friberg_brill_conversive	14	0				1	title->lib/ocean
190850	2026-08-13	../../../../../../tank/site2rag/websites_md/bahai-library.com/pdf-f-fotos_strategies_spiritualization.md	fotos_strategies_spiritualization	16	0				1	title->lib/ocean
190855	2026-08-13	../../../../../../tank/site2rag/websites_md/bahai-library.com/pdf-f-fozdar_revivification_buddhas_dharma.md	fozdar_revivification_buddhas_dharma	17	0				1	title->lib/ocean
190865	2026-08-13	../../../../../../tank/site2rag/websites_md/bahai-library.com/pdf-f-friberg_revelation_scientific_method.md	friberg_revelation_scientific_method	32	0				1	title->lib/ocean
190881	2026-08-13	../../../../../../tank/site2rag/websites_md/bahai-library.com/pdf-g-gail_bahai_glossary.md	gail_bahai_glossary	59	0				1	title->lib/ocean
190890	2026-08-13	../../../../../../tank/site2rag/websites_md/bahai-library.com/pdf-g-gail_guide_transliteration.md	gail_guide_transliteration	1	0				1	title->lib/ocean
190906	2026-08-13	../../../../../../tank/site2rag/websites_md/bahai-library.com/pdf-g-gail_sheltering_branch.md	gail_sheltering_branch	94	0				1	title->lib/ocean
190934	2026-08-13	../../../../../../tank/site2rag/websites_md/bahai-library.com/pdf-g-gallagher_ashcraft_new_religions.md	gallagher_ashcraft_new_religions	1473	0				1	title->lib/ocean
190954	2026-08-13	../../../../../../tank/site2rag/websites_md/bahai-library.com/pdf-g-gerard_phoenix_schedule_dewey.md	gerard_phoenix_schedule_dewey	15	0				1	no title match
190974	2026-08-13	../../../../../../tank/site2rag/websites_md/bahai-library.com/pdf-g-ghadirian_alzheimers_eclipse_sunset.md	ghadirian_alzheimers_eclipse_sunset	24	0				1	title->lib/ocean
190983	2026-08-13	../../../../../../tank/site2rag/websites_md/bahai-library.com/pdf-g-ghadirian_auguste_forel.md	ghadirian_auguste_forel	3	0				1	title->lib/ocean
190991	2026-08-13	../../../../../../tank/site2rag/websites_md/bahai-library.com/pdf-g-ghadirian_depression_dimensions_treatment.md	ghadirian_depression_dimensions_treatment	26	0				1	title->lib/ocean
190994	2026-08-13	../../../../../../tank/site2rag/websites_md/bahai-library.com/pdf-g-ghadirian_spirituality_addiction_prevention.md	ghadirian_spirituality_addiction_prevention	20	0				1	title->lib/ocean
190997	2026-08-13	../../../../../../tank/site2rag/websites_md/bahai-library.com/pdf-g-ghadirian_substance_abuse.md	ghadirian_substance_abuse	31	0				1	title->lib/ocean
191006	2026-08-13	../../../../../../tank/site2rag/websites_md/bahai-library.com/pdf-g-ghanea-hercock_critique_human_rights.md	ghanea-hercock_critique_human_rights	12	0				1	title->lib/ocean
191023	2026-08-13	../../../../../../tank/site2rag/websites_md/bahai-library.com/pdf-g-ghanea_striving_human_rights.md	ghanea_striving_human_rights	20	0				1	title->lib/ocean
191026	2026-08-13	../../../../../../tank/site2rag/websites_md/bahai-library.com/pdf-g-gibbons_road_nazareth.md	gibbons_road_nazareth	4	0				1	title->lib/ocean
191032	2026-08-13	../../../../../../tank/site2rag/websites_md/bahai-library.com/pdf-g-glasenapp_funf_grossen_religionen.md	glasenapp_funf_grossen_religionen	5	0				1	no title match
191039	2026-08-13	../../../../../../tank/site2rag/websites_md/bahai-library.com/pdf-g-gonzales_affirmative_action.md	gonzales_affirmative_action	11	0				1	title->lib/ocean
191056	2026-08-13	../../../../../../tank/site2rag/websites_md/bahai-library.com/pdf-g-gonzales_conflict_resolution_movement.md	gonzales_conflict_resolution_movement	46	0				1	title->lib/ocean
191060	2026-08-13	../../../../../../tank/site2rag/websites_md/bahai-library.com/pdf-g-graham_iran_illusion_power.md	graham_iran_illusion_power	8	0				1	title->lib/ocean
191064	2026-08-13	../../../../../../tank/site2rag/websites_md/bahai-library.com/pdf-g-graves_calendar_conversion_chart.md	graves_calendar_conversion_chart	7	0				1	title->lib/ocean
191067	2026-08-13	../../../../../../tank/site2rag/websites_md/bahai-library.com/pdf-g-grayzel_barnes_commentary_unions.md	grayzel_barnes_commentary_unions	4	0				1	title->lib/ocean
191087	2026-08-13	../../../../../../tank/site2rag/websites_md/bahai-library.com/pdf-g-gulick_muhammad_educator.md	gulick_muhammad_educator	61	0				1	title->lib/ocean
191101	2026-08-13	../../../../../../tank/site2rag/websites_md/bahai-library.com/pdf-g-gulpaygani_bahai_proofs_scan.md	gulpaygani_bahai_proofs_scan	310	0				1	title->lib/ocean
191109	2026-08-13	../../../../../../tank/site2rag/websites_md/bahai-library.com/pdf-g-gundry_religions_preliminary_study.md	gundry_religions_preliminary_study	5	0				1	no title match
191120	2026-08-13	../../../../../../tank/site2rag/websites_md/bahai-library.com/pdf-h-hacker_montessori_bahai.md	hacker_montessori_bahai	10	0				1	title->lib/ocean
191124	2026-08-13	../../../../../../tank/site2rag/websites_md/bahai-library.com/pdf-h-haddad_message_acca.md	haddad_message_acca	18	0				1	title->lib/ocean
191144	2026-08-13	../../../../../../tank/site2rag/websites_md/bahai-library.com/pdf-h-hampson_growth_spread_bahai.md	hampson_growth_spread_bahai	536	0				1	title->lib/ocean
191146	2026-08-13	../../../../../../tank/site2rag/websites_md/bahai-library.com/pdf-h-handal_classroom_management.md	handal_classroom_management	36	0				1	title->lib/ocean
191148	2026-08-13	../../../../../../tank/site2rag/websites_md/bahai-library.com/pdf-h-handal_cultura_hispano_arabe.md	handal_cultura_hispano_arabe	9	0				1	title->lib/ocean
191149	2026-08-13	../../../../../../tank/site2rag/websites_md/bahai-library.com/pdf-h-handal_memoriam_masud_khamsi.md	handal_memoriam_masud_khamsi	4	0				1	title->lib/ocean
191152	2026-08-13	../../../../../../tank/site2rag/websites_md/bahai-library.com/pdf-h-handal_philosophy_bahai_education.md	handal_philosophy_bahai_education	16	0				1	title->lib/ocean
191155	2026-08-13	../../../../../../tank/site2rag/websites_md/bahai-library.com/pdf-h-handal_radio_bahai_titicaca.md	handal_radio_bahai_titicaca	3	0				1	no title match
191172	2026-08-13	../../../../../../tank/site2rag/websites_md/bahai-library.com/pdf-h-handscause_statistics_1953-63.md	handscause_statistics_1953-63	65	0				1	title->lib/ocean
191182	2026-08-13	../../../../../../tank/site2rag/websites_md/bahai-library.com/pdf-h-hanley_agriculture_fundamental_principle.md	hanley_agriculture_fundamental_principle	10	0				1	title->lib/ocean
191188	2026-08-13	../../../../../../tank/site2rag/websites_md/bahai-library.com/pdf-h-hanson_vision_social_change.md	hanson_vision_social_change	8	0				1	title->lib/ocean
191200	2026-08-13	../../../../../../tank/site2rag/websites_md/bahai-library.com/pdf-h-harmsen_holy_grail.md	harmsen_holy_grail	34	0				1	no title match
191212	2026-08-13	../../../../../../tank/site2rag/websites_md/bahai-library.com/pdf-h-harris_lessons_bahai_revelation.md	harris_lessons_bahai_revelation	69	0				1	title->lib/ocean
191233	2026-08-13	../../../../../../tank/site2rag/websites_md/bahai-library.com/pdf-h-hart_role_music_civilization.md	hart_role_music_civilization	16	0				1	title->lib/ocean
191234	2026-08-13	../../../../../../tank/site2rag/websites_md/bahai-library.com/pdf-h-hartmann_holley_whos-who_spiritual.md	hartmann_holley_whos-who_spiritual	5	0				1	title->lib/ocean
191253	2026-08-13	../../../../../../tank/site2rag/websites_md/bahai-library.com/pdf-h-hartz_bahai_faith.md	hartz_bahai_faith	144	0				1	title->lib/ocean
191257	2026-08-13	../../../../../../tank/site2rag/websites_md/bahai-library.com/pdf-h-hassall_75_years_australia.md	hassall_75_years_australia	12	0				1	no title match
191262	2026-08-13	../../../../../../tank/site2rag/websites_md/bahai-library.com/pdf-h-hassall_bahai_house_worship.md	hassall_bahai_house_worship	17	0				1	title->lib/ocean
191265	2026-08-13	../../../../../../tank/site2rag/websites_md/bahai-library.com/pdf-h-hassall_human_social_development.md	hassall_human_social_development	21	0				1	title->lib/ocean
191283	2026-08-13	../../../../../../tank/site2rag/websites_md/bahai-library.com/pdf-h-hassall_modes_intentions_biography.md	hassall_modes_intentions_biography	16	0				1	title->lib/ocean
191293	2026-08-13	../../../../../../tank/site2rag/websites_md/bahai-library.com/pdf-h-hassall_religious_freedom.md	hassall_religious_freedom	10	0				1	title->lib/ocean
191307	2026-08-13	../../../../../../tank/site2rag/websites_md/bahai-library.com/pdf-h-hassall_yerrinbool_1938-1988.md	hassall_yerrinbool_1938-1988	18	0				1	title->lib/ocean
191309	2026-08-13	../../../../../../tank/site2rag/websites_md/bahai-library.com/pdf-h-hatcher_bahai_non-ideological_approach.md	hatcher_bahai_non-ideological_approach	2	0				1	no title match
191312	2026-08-13	../../../../../../tank/site2rag/websites_md/bahai-library.com/pdf-h-hatcher_concept_valeur_humain.md	hatcher_concept_valeur_humain	31	0				1	title->lib/ocean
191314	2026-08-13	../../../../../../tank/site2rag/websites_md/bahai-library.com/pdf-h-hatcher_editorial_26-4.md	hatcher_editorial_26-4	6	0				1	title->lib/ocean
191317	2026-08-13	../../../../../../tank/site2rag/websites_md/bahai-library.com/pdf-h-hatcher_equality_women.md	hatcher_equality_women	8	0				1	title->lib/ocean
191319	2026-08-13	../../../../../../tank/site2rag/websites_md/bahai-library.com/pdf-h-hatcher_fear_teaching.md	hatcher_fear_teaching	8	0				1	no title match
191338	2026-08-13	../../../../../../tank/site2rag/websites_md/bahai-library.com/pdf-h-hatcher_helen_elsie_austin.md	hatcher_helen_elsie_austin	3	0				1	title->lib/ocean
191352	2026-08-13	../../../../../../tank/site2rag/websites_md/bahai-library.com/pdf-h-hatcher_historical_critical_approach.md	hatcher_historical_critical_approach	26	0				1	title->lib/ocean
191360	2026-08-13	../../../../../../tank/site2rag/websites_md/bahai-library.com/pdf-h-hatcher_lectures_universal_themes.md	hatcher_lectures_universal_themes	3	0				1	no title match
191376	2026-08-13	../../../../../../tank/site2rag/websites_md/bahai-library.com/pdf-h-hatcher_love_power_justice.md	hatcher_love_power_justice	13	0				1	title->lib/ocean
191385	2026-08-13	../../../../../../tank/site2rag/websites_md/bahai-library.com/pdf-h-hatcher_philosophy_spirituality.md	hatcher_philosophy_spirituality	7	0				1	no title match
191393	2026-08-13	../../../../../../tank/site2rag/websites_md/bahai-library.com/pdf-h-hatcher_powerseeking_ideology.md	hatcher_powerseeking_ideology	11	0				1	title->lib/ocean
191400	2026-08-13	../../../../../../tank/site2rag/websites_md/bahai-library.com/pdf-h-hatcher_reconstructing_academy.md	hatcher_reconstructing_academy	3	0				1	no title match
191409	2026-08-13	../../../../../../tank/site2rag/websites_md/bahai-library.com/pdf-h-hatcher_reflections_infallibility.md	hatcher_reflections_infallibility	8	0				1	title->lib/ocean
191414	2026-08-13	../../../../../../tank/site2rag/websites_md/bahai-library.com/pdf-h-hatcher_scholarship_bahai_perspective.md	hatcher_scholarship_bahai_perspective	8	0				1	title->lib/ocean
191431	2026-08-13	../../../../../../tank/site2rag/websites_md/bahai-library.com/pdf-h-hatcher_science_religion.md	hatcher_science_religion	44	0				1	title->lib/ocean
191434	2026-08-13	../../../../../../tank/site2rag/websites_md/bahai-library.com/pdf-h-hatcher_spirit_male_body.md	hatcher_spirit_male_body	11	0				1	no title match
191440	2026-08-13	../../../../../../tank/site2rag/websites_md/bahai-library.com/pdf-h-hatcher_spiritual_nature_reality.md	hatcher_spiritual_nature_reality	10	0				1	title->lib/ocean
191454	2026-08-13	../../../../../../tank/site2rag/websites_md/bahai-library.com/pdf-h-hatcher_spirituality_medicine.md	hatcher_spirituality_medicine	18	0				1	title->lib/ocean
191462	2026-08-13	../../../../../../tank/site2rag/websites_md/bahai-library.com/pdf-h-heckethorn_babis_secret_societies.md	heckethorn_babis_secret_societies	14	0				1	title->lib/ocean
191464	2026-08-13	../../../../../../tank/site2rag/websites_md/bahai-library.com/pdf-h-hedley_development_assistance_zambia.md	hedley_development_assistance_zambia	20	0				1	title->lib/ocean
191465	2026-08-13	../../../../../../tank/site2rag/websites_md/bahai-library.com/pdf-h-heller_religious_foundations_society.md	heller_religious_foundations_society	44	0				1	title->lib/ocean
191466	2026-08-13	../../../../../../tank/site2rag/websites_md/bahai-library.com/pdf-h-herman_fundaec_fragmentation.md	herman_fundaec_fragmentation	14	0				1	title->lib/ocean
191469	2026-08-13	../../../../../../tank/site2rag/websites_md/bahai-library.com/pdf-h-herrick_unity_triumphant.md	herrick_unity_triumphant	126	0				1	title->lib/ocean
191472	2026-08-13	../../../../../../tank/site2rag/websites_md/bahai-library.com/pdf-h-herrick_unity_triumphant_scan.md	herrick_unity_triumphant_scan	116	0				1	title->lib/ocean
191475	2026-08-13	../../../../../../tank/site2rag/websites_md/bahai-library.com/pdf-h-herrmann_ichnographical.md	herrmann_ichnographical	16	0				1	title->lib/ocean
191487	2026-08-13	../../../../../../tank/site2rag/websites_md/bahai-library.com/pdf-h-herrmann_leavenworth_trail.md	herrmann_leavenworth_trail	16	0				1	title->lib/ocean
191492	2026-08-13	../../../../../../tank/site2rag/websites_md/bahai-library.com/pdf-h-herrmann_proclaim_new_name.md	herrmann_proclaim_new_name	8	0				1	title->lib/ocean
191499	2026-08-13	../../../../../../tank/site2rag/websites_md/bahai-library.com/pdf-h-herrmann_the_encounter.md	herrmann_the_encounter	4	0				1	title->lib/ocean
191503	2026-08-13	../../../../../../tank/site2rag/websites_md/bahai-library.com/pdf-h-herzl_levensohn_old-new_land.md	herzl_levensohn_old-new_land	6	0				1	title->lib/ocean
191520	2026-08-13	../../../../../../tank/site2rag/websites_md/bahai-library.com/pdf-h-hock_chinese_family_religion.md	hock_chinese_family_religion	29	0				1	no title match
191524	2026-08-13	../../../../../../tank/site2rag/websites_md/bahai-library.com/pdf-h-hofman_shoghi-effendi_expounder_word.md	hofman_shoghi-effendi_expounder_word	10	0				1	title->lib/ocean
191534	2026-08-13	../../../../../../tank/site2rag/websites_md/bahai-library.com/pdf-h-holley_afnan_bahai_religion.md	holley_afnan_bahai_religion	24	0				1	title->lib/ocean
191550	2026-08-13	../../../../../../tank/site2rag/websites_md/bahai-library.com/pdf-h-holley_bahai_spirit_age.md	holley_bahai_spirit_age	95	0				1	title->lib/ocean
191569	2026-08-13	../../../../../../tank/site2rag/websites_md/bahai-library.com/pdf-h-holley_bahai_spirit_age_scan.md	holley_bahai_spirit_age_scan	226	0				1	title->lib/ocean
191578	2026-08-13	../../../../../../tank/site2rag/websites_md/bahai-library.com/pdf-h-holley_divinations_creation.md	holley_divinations_creation	167	0				1	title->lib/ocean
191587	2026-08-13	../../../../../../tank/site2rag/websites_md/bahai-library.com/pdf-h-holley_divinations_creation_images.md	holley_divinations_creation_images	169	0				1	title->lib/ocean
191590	2026-08-13	../../../../../../tank/site2rag/websites_md/bahai-library.com/pdf-h-holley_gpb_study_guide.md	holley_gpb_study_guide	17	0				1	title->lib/ocean
191607	2026-08-13	../../../../../../tank/site2rag/websites_md/bahai-library.com/pdf-h-holley_modern_social_religion.md	holley_modern_social_religion	222	0				1	title->lib/ocean
191609	2026-08-13	../../../../../../tank/site2rag/websites_md/bahai-library.com/pdf-h-holley_peace_new_phase.md	holley_peace_new_phase	19	0				1	title->lib/ocean
191629	2026-08-13	../../../../../../tank/site2rag/websites_md/bahai-library.com/pdf-h-holley_religion_for_mankind.md	holley_religion_for_mankind	245	0				1	title->lib/ocean
191646	2026-08-13	../../../../../../tank/site2rag/websites_md/bahai-library.com/pdf-h-holley_the_bahai_faith.md	holley_the_bahai_faith	14	0				1	title->lib/ocean
191647	2026-08-13	../../../../../../tank/site2rag/websites_md/bahai-library.com/pdf-h-hollinger_kheiralla_bahai_america.md	hollinger_kheiralla_bahai_america	38	0				1	title->lib/ocean
191648	2026-08-13	../../../../../../tank/site2rag/websites_md/bahai-library.com/pdf-h-honeyman_social_responsibility_development.md	honeyman_social_responsibility_development	15	0				1	title->lib/ocean
191659	2026-08-13	../../../../../../tank/site2rag/websites_md/bahai-library.com/pdf-h-hong_chinese_spiritual_self.md	hong_chinese_spiritual_self	36	0				1	title->lib/ocean
191668	2026-08-13	../../../../../../tank/site2rag/websites_md/bahai-library.com/pdf-h-hoonaard_bahai_community_canada_jbs.md	hoonaard_bahai_community_canada_jbs	16	0				1	title->lib/ocean
191688	2026-08-13	../../../../../../tank/site2rag/websites_md/bahai-library.com/pdf-h-hornby_lights_guidance.md	hornby_lights_guidance	1266	0				1	title->lib/ocean
191689	2026-08-13	../../../../../../tank/site2rag/websites_md/bahai-library.com/pdf-h-horton_building_intercultural_community.md	horton_building_intercultural_community	23	0				1	title->lib/ocean
191693	2026-08-13	../../../../../../tank/site2rag/websites_md/bahai-library.com/pdf-h-house_unhealthy_science.md	house_unhealthy_science	14	0				1	title->lib/ocean
191696	2026-08-13	../../../../../../tank/site2rag/websites_md/bahai-library.com/pdf-h-hsing_spirit_moral_education.md	hsing_spirit_moral_education	14	0				1	title->lib/ocean
191699	2026-08-13	../../../../../../tank/site2rag/websites_md/bahai-library.com/pdf-h-huggins_male_oppression.md	huggins_male_oppression	6	0				1	title->lib/ocean
191702	2026-08-13	../../../../../../tank/site2rag/websites_md/bahai-library.com/pdf-i-ipek_mirza_yahya_azalis.md	ipek_mirza_yahya_azalis	36	0				1	title->lib/ocean
191709	2026-08-13	../../../../../../tank/site2rag/websites_md/bahai-library.com/pdf-irfancolloquia-lights11_egea.md	lights11_egea	20	0				1	title->lib/ocean
191718	2026-08-13	../../../../../../tank/site2rag/websites_md/bahai-library.com/pdf-irfancolloquia-lights11_kluge.md	lights11_kluge	53	0				1	title->lib/ocean
191725	2026-08-13	../../../../../../tank/site2rag/websites_md/bahai-library.com/pdf-irfancolloquia-lights11_semple.md	lights11_semple	16	0				1	title->lib/ocean
191732	2026-08-13	../../../../../../tank/site2rag/websites_md/bahai-library.com/pdf-irfancolloquia-lights12_kluge.md	lights12_kluge	89	0				1	title->lib/ocean
191736	2026-08-13	../../../../../../tank/site2rag/websites_md/bahai-library.com/pdf-irfancolloquia-lights12_maani.md	lights12_maani	24	0				1	title->lib/ocean
191742	2026-08-13	../../../../../../tank/site2rag/websites_md/bahai-library.com/pdf-irfancolloquia-lights1_lundberg_revelation.md	lights1_lundberg_revelation	16	0				1	title->lib/ocean
191747	2026-08-13	../../../../../../tank/site2rag/websites_md/bahai-library.com/pdf-irfancolloquia-lights1_terry_teachings.md	lights1_terry_teachings	22	0				1	title->lib/ocean
191757	2026-08-13	../../../../../../tank/site2rag/websites_md/bahai-library.com/pdf-irfancolloquia-lights2_afnan.md	lights2_afnan	3	0				1	title->lib/ocean
191765	2026-08-13	../../../../../../tank/site2rag/websites_md/bahai-library.com/pdf-irfancolloquia-lights2_cope.md	lights2_cope	10	0				1	title->lib/ocean
191774	2026-08-13	../../../../../../tank/site2rag/websites_md/bahai-library.com/pdf-irfancolloquia-lights2_davis.md	lights2_davis	8	0				1	title->lib/ocean
191783	2026-08-13	../../../../../../tank/site2rag/websites_md/bahai-library.com/pdf-irfancolloquia-lights2_ioannesyan.md	lights2_ioannesyan	16	0				1	title->lib/ocean
191796	2026-08-13	../../../../../../tank/site2rag/websites_md/bahai-library.com/pdf-irfancolloquia-lights3_bayat.md	lights3_bayat	20	0				1	title->lib/ocean
191799	2026-08-13	../../../../../../tank/site2rag/websites_md/bahai-library.com/pdf-irfancolloquia-lights4_fananapazir.md	lights4_fananapazir	2	0				1	title->lib/ocean
191818	2026-08-13	../../../../../../tank/site2rag/websites_md/bahai-library.com/pdf-irfancolloquia-lights5_afnan.md	lights5_afnan	1	0				1	title->lib/ocean
191833	2026-08-13	../../../../../../tank/site2rag/websites_md/bahai-library.com/pdf-irfancolloquia-lights5_tinto.md	lights5_tinto	10	0				1	title->lib/ocean
191841	2026-08-13	../../../../../../tank/site2rag/websites_md/bahai-library.com/pdf-irfancolloquia-lights6_mofidi.md	lights6_mofidi	12	0				1	title->lib/ocean
191859	2026-08-13	../../../../../../tank/site2rag/websites_md/bahai-library.com/pdf-irfancolloquia-lights7_egea.md	lights7_egea	8	0				1	title->lib/ocean
191868	2026-08-13	../../../../../../tank/site2rag/websites_md/bahai-library.com/pdf-irfancolloquia-lights8_ioannesyan.md	lights8_ioannesyan	24	0				1	title->lib/ocean
191887	2026-08-13	../../../../../../tank/site2rag/websites_md/bahai-library.com/pdf-irfancolloquia-lights8_rahnamaie.md	lights8_rahnamaie	14	0				1	title->lib/ocean
191892	2026-08-13	../../../../../../tank/site2rag/websites_md/bahai-library.com/pdf-irfancolloquia-lights8_thomas.md	lights8_thomas	24	0				1	title->lib/ocean
191906	2026-08-13	../../../../../../tank/site2rag/websites_md/bahai-library.com/pdf-j-jackson_persia_past_present.md	jackson_persia_past_present	19	0				1	title->lib/ocean
191924	2026-08-13	../../../../../../tank/site2rag/websites_md/bahai-library.com/pdf-j-jalalizadeh_framework_mental_health.md	jalalizadeh_framework_mental_health	26	0				1	title->lib/ocean
191927	2026-08-13	../../../../../../tank/site2rag/websites_md/bahai-library.com/pdf-j-jenkins_intimate_diversity.md	jenkins_intimate_diversity	17	0				1	title->lib/ocean
191932	2026-08-13	../../../../../../tank/site2rag/websites_md/bahai-library.com/pdf-j-jensen_family_planning_iran_pp_212-236.md	jensen_family_planning_iran_pp_212-236	29	0				1	title->lib/ocean
191935	2026-08-13	../../../../../../tank/site2rag/websites_md/bahai-library.com/pdf-j-jeppie_identity_politics_bahai.md	jeppie_identity_politics_bahai	23	0				1	title->lib/ocean
191936	2026-08-13	../../../../../../tank/site2rag/websites_md/bahai-library.com/pdf-j-johnson_teacher_preparation.md	johnson_teacher_preparation	21	0				1	title->lib/ocean
191952	2026-08-13	../../../../../../tank/site2rag/websites_md/bahai-library.com/pdf-j-jones-edelstein_personal_recollections_famagusta.md	jones-edelstein_personal_recollections_famagusta	2	0				1	title->lib/ocean
191958	2026-08-13	../../../../../../tank/site2rag/websites_md/bahai-library.com/pdf-j-jones_spiritual_methodology_scholarship.md	jones_spiritual_methodology_scholarship	24	0				1	title->lib/ocean
191961	2026-08-13	../../../../../../tank/site2rag/websites_md/bahai-library.com/pdf-j-jones_the_heart.md	jones_the_heart	8	0				1	title->lib/ocean
191964	2026-08-13	../../../../../../tank/site2rag/websites_md/bahai-library.com/pdf-j-jordan_zichzelf_worden.md	jordan_zichzelf_worden	17	0				1	title->lib/ocean
191984	2026-08-13	../../../../../../tank/site2rag/websites_md/bahai-library.com/pdf-journal-de-constantinople-ocr-ed_pdfs-1848-journal_constantinople_1848-01-01_p1.md	journal_constantinople_1848-01-01_p1	1	0				1	title->lib/ocean
191993	2026-08-13	../../../../../../tank/site2rag/websites_md/bahai-library.com/pdf-journal-de-constantinople-ocr-ed_pdfs-1848-journal_constantinople_1848-01-01_p2.md	journal_constantinople_1848-01-01_p2	1	0				1	title->lib/ocean
191997	2026-08-13	../../../../../../tank/site2rag/websites_md/bahai-library.com/pdf-journal-de-constantinople-ocr-ed_pdfs-1848-journal_constantinople_1848-01-01_p3.md	journal_constantinople_1848-01-01_p3	1	0				1	title->lib/ocean
192016	2026-08-13	../../../../../../tank/site2rag/websites_md/bahai-library.com/pdf-journal-de-constantinople-ocr-ed_pdfs-1848-journal_constantinople_1848-01-06_p1.md	journal_constantinople_1848-01-06_p1	1	0				1	title->lib/ocean
192044	2026-08-13	../../../../../../tank/site2rag/websites_md/bahai-library.com/pdf-journal-de-constantinople-ocr-ed_pdfs-1848-journal_constantinople_1848-01-11_p1.md	journal_constantinople_1848-01-11_p1	1	0				1	title->lib/ocean
192052	2026-08-13	../../../../../../tank/site2rag/websites_md/bahai-library.com/pdf-journal-de-constantinople-ocr-ed_pdfs-1848-journal_constantinople_1848-01-11_p2.md	journal_constantinople_1848-01-11_p2	1	0				1	title->lib/ocean
192061	2026-08-13	../../../../../../tank/site2rag/websites_md/bahai-library.com/pdf-journal-de-constantinople-ocr-ed_pdfs-1848-journal_constantinople_1848-01-11_p3.md	journal_constantinople_1848-01-11_p3	1	0				1	title->lib/ocean
192081	2026-08-13	../../../../../../tank/site2rag/websites_md/bahai-library.com/pdf-journal-de-constantinople-ocr-ed_pdfs-1848-journal_constantinople_1848-01-16_p2.md	journal_constantinople_1848-01-16_p2	1	0				1	title->lib/ocean
192084	2026-08-13	../../../../../../tank/site2rag/websites_md/bahai-library.com/pdf-journal-de-constantinople-ocr-ed_pdfs-1848-journal_constantinople_1848-01-16_p3.md	journal_constantinople_1848-01-16_p3	1	0				1	title->lib/ocean
192098	2026-08-13	../../../../../../tank/site2rag/websites_md/bahai-library.com/pdf-journal-de-constantinople-ocr-ed_pdfs-1848-journal_constantinople_1848-01-21_p1.md	journal_constantinople_1848-01-21_p1	1	0				1	title->lib/ocean
192111	2026-08-13	../../../../../../tank/site2rag/websites_md/bahai-library.com/pdf-journal-de-constantinople-ocr-ed_pdfs-1848-journal_constantinople_1848-01-21_p2.md	journal_constantinople_1848-01-21_p2	1	0				1	title->lib/ocean
192147	2026-08-13	../../../../../../tank/site2rag/websites_md/bahai-library.com/pdf-journal-de-constantinople-ocr-ed_pdfs-1848-journal_constantinople_1848-01-26_p2.md	journal_constantinople_1848-01-26_p2	1	0				1	title->lib/ocean
192185	2026-08-13	../../../../../../tank/site2rag/websites_md/bahai-library.com/pdf-journal-de-constantinople-ocr-ed_pdfs-1848-journal_constantinople_1848-02-01_p1.md	journal_constantinople_1848-02-01_p1	1	0				1	title->lib/ocean
192205	2026-08-13	../../../../../../tank/site2rag/websites_md/bahai-library.com/pdf-journal-de-constantinople-ocr-ed_pdfs-1848-journal_constantinople_1848-02-01_p2.md	journal_constantinople_1848-02-01_p2	1	0				1	title->lib/ocean
192289	2026-08-13	../../../../../../tank/site2rag/websites_md/bahai-library.com/pdf-journal-de-constantinople-ocr-ed_pdfs-1848-journal_constantinople_1848-02-11_p1.md	journal_constantinople_1848-02-11_p1	1	0				1	title->lib/ocean
192370	2026-08-13	../../../../../../tank/site2rag/websites_md/bahai-library.com/pdf-journal-de-constantinople-ocr-ed_pdfs-1848-journal_constantinople_1848-02-21_p1.md	journal_constantinople_1848-02-21_p1	1	0				1	title->lib/ocean
192427	2026-08-13	../../../../../../tank/site2rag/websites_md/bahai-library.com/pdf-journal-de-constantinople-ocr-ed_pdfs-1848-journal_constantinople_1848-02-26_p1.md	journal_constantinople_1848-02-26_p1	1	0				1	title->lib/ocean
192455	2026-08-13	../../../../../../tank/site2rag/websites_md/bahai-library.com/pdf-journal-de-constantinople-ocr-ed_pdfs-1848-journal_constantinople_1848-03-06_p1.md	journal_constantinople_1848-03-06_p1	1	0				1	title->lib/ocean
192561	2026-08-13	../../../../../../tank/site2rag/websites_md/bahai-library.com/pdf-journal-de-constantinople-ocr-ed_pdfs-1848-journal_constantinople_1848-03-16_p1.md	journal_constantinople_1848-03-16_p1	1	0				1	title->lib/ocean
192577	2026-08-13	../../../../../../tank/site2rag/websites_md/bahai-library.com/pdf-journal-de-constantinople-ocr-ed_pdfs-1848-journal_constantinople_1848-03-16_p3.md	journal_constantinople_1848-03-16_p3	1	0				1	title->lib/ocean
192600	2026-08-13	../../../../../../tank/site2rag/websites_md/bahai-library.com/pdf-journal-de-constantinople-ocr-ed_pdfs-1848-journal_constantinople_1848-03-21_p1.md	journal_constantinople_1848-03-21_p1	1	0				1	title->lib/ocean
192640	2026-08-13	../../../../../../tank/site2rag/websites_md/bahai-library.com/pdf-journal-de-constantinople-ocr-ed_pdfs-1848-journal_constantinople_1848-03-26_p1.md	journal_constantinople_1848-03-26_p1	1	0				1	title->lib/ocean
192685	2026-08-13	../../../../../../tank/site2rag/websites_md/bahai-library.com/pdf-journal-de-constantinople-ocr-ed_pdfs-1848-journal_constantinople_1848-04-01_p1.md	journal_constantinople_1848-04-01_p1	1	0				1	title->lib/ocean
192738	2026-08-13	../../../../../../tank/site2rag/websites_md/bahai-library.com/pdf-journal-de-constantinople-ocr-ed_pdfs-1848-journal_constantinople_1848-04-06_p1.md	journal_constantinople_1848-04-06_p1	1	0				1	title->lib/ocean
192759	2026-08-13	../../../../../../tank/site2rag/websites_md/bahai-library.com/pdf-journal-de-constantinople-ocr-ed_pdfs-1848-journal_constantinople_1848-04-11_p1.md	journal_constantinople_1848-04-11_p1	1	0				1	title->lib/ocean
192799	2026-08-13	../../../../../../tank/site2rag/websites_md/bahai-library.com/pdf-journal-de-constantinople-ocr-ed_pdfs-1848-journal_constantinople_1848-04-16_p1.md	journal_constantinople_1848-04-16_p1	1	0				1	no title match
192832	2026-08-13	../../../../../../tank/site2rag/websites_md/bahai-library.com/pdf-journal-de-constantinople-ocr-ed_pdfs-1848-journal_constantinople_1848-04-21_p1.md	journal_constantinople_1848-04-21_p1	1	0				1	title->lib/ocean
192860	2026-08-13	../../../../../../tank/site2rag/websites_md/bahai-library.com/pdf-journal-de-constantinople-ocr-ed_pdfs-1848-journal_constantinople_1848-04-21_p3.md	journal_constantinople_1848-04-21_p3	1	0				1	title->lib/ocean
192882	2026-08-13	../../../../../../tank/site2rag/websites_md/bahai-library.com/pdf-journal-de-constantinople-ocr-ed_pdfs-1848-journal_constantinople_1848-04-26_p1.md	journal_constantinople_1848-04-26_p1	1	0				1	title->lib/ocean
192901	2026-08-13	../../../../../../tank/site2rag/websites_md/bahai-library.com/pdf-journal-de-constantinople-ocr-ed_pdfs-1848-journal_constantinople_1848-04-26_p2.md	journal_constantinople_1848-04-26_p2	1	0				1	title->lib/ocean
192912	2026-08-13	../../../../../../tank/site2rag/websites_md/bahai-library.com/pdf-journal-de-constantinople-ocr-ed_pdfs-1848-journal_constantinople_1848-04-26_p3.md	journal_constantinople_1848-04-26_p3	1	0				1	title->lib/ocean
192930	2026-08-13	../../../../../../tank/site2rag/websites_md/bahai-library.com/pdf-journal-de-constantinople-ocr-ed_pdfs-1848-journal_constantinople_1848-05-01_p1.md	journal_constantinople_1848-05-01_p1	1	0				1	title->lib/ocean
192942	2026-08-13	../../../../../../tank/site2rag/websites_md/bahai-library.com/pdf-journal-de-constantinople-ocr-ed_pdfs-1848-journal_constantinople_1848-05-01_p2.md	journal_constantinople_1848-05-01_p2	1	0				1	title->lib/ocean
192958	2026-08-13	../../../../../../tank/site2rag/websites_md/bahai-library.com/pdf-journal-de-constantinople-ocr-ed_pdfs-1848-journal_constantinople_1848-05-01_p3.md	journal_constantinople_1848-05-01_p3	1	0				1	title->lib/ocean
192986	2026-08-13	../../../../../../tank/site2rag/websites_md/bahai-library.com/pdf-journal-de-constantinople-ocr-ed_pdfs-1848-journal_constantinople_1848-05-06_p1.md	journal_constantinople_1848-05-06_p1	1	0				1	title->lib/ocean
192996	2026-08-13	../../../../../../tank/site2rag/websites_md/bahai-library.com/pdf-journal-de-constantinople-ocr-ed_pdfs-1848-journal_constantinople_1848-05-06_p2.md	journal_constantinople_1848-05-06_p2	1	0				1	title->lib/ocean
193002	2026-08-13	../../../../../../tank/site2rag/websites_md/bahai-library.com/pdf-journal-de-constantinople-ocr-ed_pdfs-1848-journal_constantinople_1848-05-06_p3.md	journal_constantinople_1848-05-06_p3	1	0				1	title->lib/ocean
193019	2026-08-13	../../../../../../tank/site2rag/websites_md/bahai-library.com/pdf-journal-de-constantinople-ocr-ed_pdfs-1848-journal_constantinople_1848-05-11_p1.md	journal_constantinople_1848-05-11_p1	1	0				1	title->lib/ocean
193061	2026-08-13	../../../../../../tank/site2rag/websites_md/bahai-library.com/pdf-journal-de-constantinople-ocr-ed_pdfs-1848-journal_constantinople_1848-05-16_p1.md	journal_constantinople_1848-05-16_p1	1	0				1	title->lib/ocean
193089	2026-08-13	../../../../../../tank/site2rag/websites_md/bahai-library.com/pdf-journal-de-constantinople-ocr-ed_pdfs-1848-journal_constantinople_1848-05-21_p1.md	journal_constantinople_1848-05-21_p1	1	0				1	title->lib/ocean
193127	2026-08-13	../../../../../../tank/site2rag/websites_md/bahai-library.com/pdf-journal-de-constantinople-ocr-ed_pdfs-1848-journal_constantinople_1848-05-26_p1.md	journal_constantinople_1848-05-26_p1	1	0				1	title->lib/ocean
193149	2026-08-13	../../../../../../tank/site2rag/websites_md/bahai-library.com/pdf-journal-de-constantinople-ocr-ed_pdfs-1848-journal_constantinople_1848-05-26_p3.md	journal_constantinople_1848-05-26_p3	1	0				1	title->lib/ocean
193163	2026-08-13	../../../../../../tank/site2rag/websites_md/bahai-library.com/pdf-journal-de-constantinople-ocr-ed_pdfs-1848-journal_constantinople_1848-06-01_p1.md	journal_constantinople_1848-06-01_p1	1	0				1	title->lib/ocean
193187	2026-08-13	../../../../../../tank/site2rag/websites_md/bahai-library.com/pdf-journal-de-constantinople-ocr-ed_pdfs-1848-journal_constantinople_1848-06-01_p3.md	journal_constantinople_1848-06-01_p3	1	0				1	title->lib/ocean
193212	2026-08-13	../../../../../../tank/site2rag/websites_md/bahai-library.com/pdf-journal-de-constantinople-ocr-ed_pdfs-1848-journal_constantinople_1848-06-06_p1.md	journal_constantinople_1848-06-06_p1	1	0				1	title->lib/ocean
193229	2026-08-13	../../../../../../tank/site2rag/websites_md/bahai-library.com/pdf-journal-de-constantinople-ocr-ed_pdfs-1848-journal_constantinople_1848-06-06_p2.md	journal_constantinople_1848-06-06_p2	1	0				1	title->lib/ocean
193243	2026-08-13	../../../../../../tank/site2rag/websites_md/bahai-library.com/pdf-journal-de-constantinople-ocr-ed_pdfs-1848-journal_constantinople_1848-06-06_p3.md	journal_constantinople_1848-06-06_p3	1	0				1	title->lib/ocean
193285	2026-08-13	../../../../../../tank/site2rag/websites_md/bahai-library.com/pdf-journal-de-constantinople-ocr-ed_pdfs-1848-journal_constantinople_1848-06-11_p2.md	journal_constantinople_1848-06-11_p2	1	0				1	title->lib/ocean
193304	2026-08-13	../../../../../../tank/site2rag/websites_md/bahai-library.com/pdf-journal-de-constantinople-ocr-ed_pdfs-1848-journal_constantinople_1848-06-11_p3.md	journal_constantinople_1848-06-11_p3	1	0				1	title->lib/ocean
193320	2026-08-13	../../../../../../tank/site2rag/websites_md/bahai-library.com/pdf-journal-de-constantinople-ocr-ed_pdfs-1848-journal_constantinople_1848-06-16_p1.md	journal_constantinople_1848-06-16_p1	1	0				1	title->lib/ocean
193339	2026-08-13	../../../../../../tank/site2rag/websites_md/bahai-library.com/pdf-journal-de-constantinople-ocr-ed_pdfs-1848-journal_constantinople_1848-06-16_p3.md	journal_constantinople_1848-06-16_p3	1	0				1	title->lib/ocean
193347	2026-08-13	../../../../../../tank/site2rag/websites_md/bahai-library.com/pdf-journal-de-constantinople-ocr-ed_pdfs-1848-journal_constantinople_1848-06-21_p1.md	journal_constantinople_1848-06-21_p1	1	0				1	title->lib/ocean
193396	2026-08-13	../../../../../../tank/site2rag/websites_md/bahai-library.com/pdf-journal-de-constantinople-ocr-ed_pdfs-1848-journal_constantinople_1848-06-26_p1.md	journal_constantinople_1848-06-26_p1	1	0				1	title->lib/ocean
193400	2026-08-13	../../../../../../tank/site2rag/websites_md/bahai-library.com/pdf-journal-de-constantinople-ocr-ed_pdfs-1848-journal_constantinople_1848-06-26_p2.md	journal_constantinople_1848-06-26_p2	1	0				1	title->lib/ocean
193440	2026-08-13	../../../../../../tank/site2rag/websites_md/bahai-library.com/pdf-journal-de-constantinople-ocr-ed_pdfs-1848-journal_constantinople_1848-07-01_p1.md	journal_constantinople_1848-07-01_p1	1	0				1	title->lib/ocean
193477	2026-08-13	../../../../../../tank/site2rag/websites_md/bahai-library.com/pdf-journal-de-constantinople-ocr-ed_pdfs-1848-journal_constantinople_1848-07-06_p1.md	journal_constantinople_1848-07-06_p1	1	0				1	title->lib/ocean
193505	2026-08-13	../../../../../../tank/site2rag/websites_md/bahai-library.com/pdf-journal-de-constantinople-ocr-ed_pdfs-1848-journal_constantinople_1848-07-06_p3.md	journal_constantinople_1848-07-06_p3	1	0				1	title->lib/ocean
193544	2026-08-13	../../../../../../tank/site2rag/websites_md/bahai-library.com/pdf-journal-de-constantinople-ocr-ed_pdfs-1848-journal_constantinople_1848-07-14_p1.md	journal_constantinople_1848-07-14_p1	1	0				1	title->lib/ocean
193553	2026-08-13	../../../../../../tank/site2rag/websites_md/bahai-library.com/pdf-journal-de-constantinople-ocr-ed_pdfs-1848-journal_constantinople_1848-07-14_p2.md	journal_constantinople_1848-07-14_p2	1	0				1	title->lib/ocean
193570	2026-08-13	../../../../../../tank/site2rag/websites_md/bahai-library.com/pdf-journal-de-constantinople-ocr-ed_pdfs-1848-journal_constantinople_1848-07-14_p3.md	journal_constantinople_1848-07-14_p3	1	0				1	title->lib/ocean
193575	2026-08-13	../../../../../../tank/site2rag/websites_md/bahai-library.com/pdf-journal-de-constantinople-ocr-ed_pdfs-1848-journal_constantinople_1848-07-14_p4.md	journal_constantinople_1848-07-14_p4	1	0				1	title->lib/ocean
193581	2026-08-13	../../../../../../tank/site2rag/websites_md/bahai-library.com/pdf-journal-de-constantinople-ocr-ed_pdfs-1848-journal_constantinople_1848-07-19_p1.md	journal_constantinople_1848-07-19_p1	1	0				1	title->lib/ocean
193620	2026-08-13	../../../../../../tank/site2rag/websites_md/bahai-library.com/pdf-journal-de-constantinople-ocr-ed_pdfs-1848-journal_constantinople_1848-07-24_p1.md	journal_constantinople_1848-07-24_p1	1	0				1	title->lib/ocean
193663	2026-08-13	../../../../../../tank/site2rag/websites_md/bahai-library.com/pdf-journal-de-constantinople-ocr-ed_pdfs-1848-journal_constantinople_1848-07-29_p1.md	journal_constantinople_1848-07-29_p1	1	0				1	title->lib/ocean
193697	2026-08-13	../../../../../../tank/site2rag/websites_md/bahai-library.com/pdf-journal-de-constantinople-ocr-ed_pdfs-1848-journal_constantinople_1848-07-29_p3.md	journal_constantinople_1848-07-29_p3	1	0				1	title->lib/ocean
193726	2026-08-13	../../../../../../tank/site2rag/websites_md/bahai-library.com/pdf-journal-de-constantinople-ocr-ed_pdfs-1848-journal_constantinople_1848-08-04_p1.md	journal_constantinople_1848-08-04_p1	1	0				1	title->lib/ocean
193733	2026-08-13	../../../../../../tank/site2rag/websites_md/bahai-library.com/pdf-journal-de-constantinople-ocr-ed_pdfs-1848-journal_constantinople_1848-08-04_p2.md	journal_constantinople_1848-08-04_p2	1	0				1	title->lib/ocean
193750	2026-08-13	../../../../../../tank/site2rag/websites_md/bahai-library.com/pdf-journal-de-constantinople-ocr-ed_pdfs-1848-journal_constantinople_1848-08-04_p3.md	journal_constantinople_1848-08-04_p3	1	0				1	title->lib/ocean
193771	2026-08-13	../../../../../../tank/site2rag/websites_md/bahai-library.com/pdf-journal-de-constantinople-ocr-ed_pdfs-1848-journal_constantinople_1848-08-09_p1.md	journal_constantinople_1848-08-09_p1	1	0				1	title->lib/ocean
193827	2026-08-13	../../../../../../tank/site2rag/websites_md/bahai-library.com/pdf-journal-de-constantinople-ocr-ed_pdfs-1848-journal_constantinople_1848-08-14_p1.md	journal_constantinople_1848-08-14_p1	1	0				1	title->lib/ocean
193836	2026-08-13	../../../../../../tank/site2rag/websites_md/bahai-library.com/pdf-journal-de-constantinople-ocr-ed_pdfs-1848-journal_constantinople_1848-08-14_p2.md	journal_constantinople_1848-08-14_p2	1	0				1	title->lib/ocean
193849	2026-08-13	../../../../../../tank/site2rag/websites_md/bahai-library.com/pdf-journal-de-constantinople-ocr-ed_pdfs-1848-journal_constantinople_1848-08-14_p3.md	journal_constantinople_1848-08-14_p3	1	0				1	title->lib/ocean
193861	2026-08-13	../../../../../../tank/site2rag/websites_md/bahai-library.com/pdf-journal-de-constantinople-ocr-ed_pdfs-1848-journal_constantinople_1848-08-19_p1.md	journal_constantinople_1848-08-19_p1	1	0				1	title->lib/ocean
193869	2026-08-13	../../../../../../tank/site2rag/websites_md/bahai-library.com/pdf-journal-de-constantinople-ocr-ed_pdfs-1848-journal_constantinople_1848-08-19_p2.md	journal_constantinople_1848-08-19_p2	1	0				1	title->lib/ocean
193893	2026-08-13	../../../../../../tank/site2rag/websites_md/bahai-library.com/pdf-journal-de-constantinople-ocr-ed_pdfs-1848-journal_constantinople_1848-08-24_p1.md	journal_constantinople_1848-08-24_p1	1	0				1	title->lib/ocean
193903	2026-08-13	../../../../../../tank/site2rag/websites_md/bahai-library.com/pdf-journal-de-constantinople-ocr-ed_pdfs-1848-journal_constantinople_1848-08-24_p3.md	journal_constantinople_1848-08-24_p3	1	0				1	title->lib/ocean
193927	2026-08-13	../../../../../../tank/site2rag/websites_md/bahai-library.com/pdf-journal-de-constantinople-ocr-ed_pdfs-1848-journal_constantinople_1848-08-29_p1.md	journal_constantinople_1848-08-29_p1	1	0				1	title->lib/ocean
193940	2026-08-13	../../../../../../tank/site2rag/websites_md/bahai-library.com/pdf-journal-de-constantinople-ocr-ed_pdfs-1848-journal_constantinople_1848-08-29_p3.md	journal_constantinople_1848-08-29_p3	1	0				1	title->lib/ocean
193963	2026-08-13	../../../../../../tank/site2rag/websites_md/bahai-library.com/pdf-journal-de-constantinople-ocr-ed_pdfs-1848-journal_constantinople_1848-09-04_p1.md	journal_constantinople_1848-09-04_p1	1	0				1	title->lib/ocean
193986	2026-08-13	../../../../../../tank/site2rag/websites_md/bahai-library.com/pdf-journal-de-constantinople-ocr-ed_pdfs-1848-journal_constantinople_1848-09-04_p3.md	journal_constantinople_1848-09-04_p3	1	0				1	title->lib/ocean
194002	2026-08-13	../../../../../../tank/site2rag/websites_md/bahai-library.com/pdf-journal-de-constantinople-ocr-ed_pdfs-1848-journal_constantinople_1848-09-09_p1.md	journal_constantinople_1848-09-09_p1	1	0				1	title->lib/ocean
194015	2026-08-13	../../../../../../tank/site2rag/websites_md/bahai-library.com/pdf-journal-de-constantinople-ocr-ed_pdfs-1848-journal_constantinople_1848-09-09_p2.md	journal_constantinople_1848-09-09_p2	1	0				1	title->lib/ocean
194020	2026-08-13	../../../../../../tank/site2rag/websites_md/bahai-library.com/pdf-journal-de-constantinople-ocr-ed_pdfs-1848-journal_constantinople_1848-09-09_p3.md	journal_constantinople_1848-09-09_p3	1	0				1	title->lib/ocean
194039	2026-08-13	../../../../../../tank/site2rag/websites_md/bahai-library.com/pdf-journal-de-constantinople-ocr-ed_pdfs-1848-journal_constantinople_1848-09-14_p1.md	journal_constantinople_1848-09-14_p1	1	0				1	title->lib/ocean
194052	2026-08-13	../../../../../../tank/site2rag/websites_md/bahai-library.com/pdf-journal-de-constantinople-ocr-ed_pdfs-1848-journal_constantinople_1848-09-14_p2.md	journal_constantinople_1848-09-14_p2	1	0				1	title->lib/ocean
194071	2026-08-13	../../../../../../tank/site2rag/websites_md/bahai-library.com/pdf-journal-de-constantinople-ocr-ed_pdfs-1848-journal_constantinople_1848-09-14_p3.md	journal_constantinople_1848-09-14_p3	1	0				1	title->lib/ocean
194094	2026-08-13	../../../../../../tank/site2rag/websites_md/bahai-library.com/pdf-journal-de-constantinople-ocr-ed_pdfs-1848-journal_constantinople_1848-09-19_p1.md	journal_constantinople_1848-09-19_p1	1	0				1	title->lib/ocean
194125	2026-08-13	../../../../../../tank/site2rag/websites_md/bahai-library.com/pdf-journal-de-constantinople-ocr-ed_pdfs-1848-journal_constantinople_1848-09-19_p3.md	journal_constantinople_1848-09-19_p3	1	0				1	title->lib/ocean
194144	2026-08-13	../../../../../../tank/site2rag/websites_md/bahai-library.com/pdf-journal-de-constantinople-ocr-ed_pdfs-1848-journal_constantinople_1848-09-24_p1.md	journal_constantinople_1848-09-24_p1	1	0				1	title->lib/ocean
194174	2026-08-13	../../../../../../tank/site2rag/websites_md/bahai-library.com/pdf-journal-de-constantinople-ocr-ed_pdfs-1848-journal_constantinople_1848-09-29_p1.md	journal_constantinople_1848-09-29_p1	1	0				1	title->lib/ocean
194186	2026-08-13	../../../../../../tank/site2rag/websites_md/bahai-library.com/pdf-journal-de-constantinople-ocr-ed_pdfs-1848-journal_constantinople_1848-09-29_p2.md	journal_constantinople_1848-09-29_p2	1	0				1	title->lib/ocean
194203	2026-08-13	../../../../../../tank/site2rag/websites_md/bahai-library.com/pdf-journal-de-constantinople-ocr-ed_pdfs-1848-journal_constantinople_1848-09-29_p3.md	journal_constantinople_1848-09-29_p3	1	0				1	title->lib/ocean
194216	2026-08-13	../../../../../../tank/site2rag/websites_md/bahai-library.com/pdf-journal-de-constantinople-ocr-ed_pdfs-1848-journal_constantinople_1848-10-04_p1.md	journal_constantinople_1848-10-04_p1	1	0				1	title->lib/ocean
194224	2026-08-13	../../../../../../tank/site2rag/websites_md/bahai-library.com/pdf-journal-de-constantinople-ocr-ed_pdfs-1848-journal_constantinople_1848-10-04_p2.md	journal_constantinople_1848-10-04_p2	1	0				1	title->lib/ocean
194262	2026-08-13	../../../../../../tank/site2rag/websites_md/bahai-library.com/pdf-journal-de-constantinople-ocr-ed_pdfs-1848-journal_constantinople_1848-10-09_p1.md	journal_constantinople_1848-10-09_p1	1	0				1	title->lib/ocean
194266	2026-08-13	../../../../../../tank/site2rag/websites_md/bahai-library.com/pdf-journal-de-constantinople-ocr-ed_pdfs-1848-journal_constantinople_1848-10-09_p2.md	journal_constantinople_1848-10-09_p2	1	0				1	title->lib/ocean
194278	2026-08-13	../../../../../../tank/site2rag/websites_md/bahai-library.com/pdf-journal-de-constantinople-ocr-ed_pdfs-1848-journal_constantinople_1848-10-09_p3.md	journal_constantinople_1848-10-09_p3	1	0				1	title->lib/ocean
194303	2026-08-13	../../../../../../tank/site2rag/websites_md/bahai-library.com/pdf-journal-de-constantinople-ocr-ed_pdfs-1848-journal_constantinople_1848-10-24_p1.md	journal_constantinople_1848-10-24_p1	1	0				1	title->lib/ocean
194335	2026-08-13	../../../../../../tank/site2rag/websites_md/bahai-library.com/pdf-journal-de-constantinople-ocr-ed_pdfs-1848-journal_constantinople_1848-10-24_p3.md	journal_constantinople_1848-10-24_p3	1	0				1	title->lib/ocean
194361	2026-08-13	../../../../../../tank/site2rag/websites_md/bahai-library.com/pdf-journal-de-constantinople-ocr-ed_pdfs-1848-journal_constantinople_1848-10-29_p1.md	journal_constantinople_1848-10-29_p1	1	0				1	title->lib/ocean
194383	2026-08-13	../../../../../../tank/site2rag/websites_md/bahai-library.com/pdf-journal-de-constantinople-ocr-ed_pdfs-1848-journal_constantinople_1848-10-29_p2.md	journal_constantinople_1848-10-29_p2	1	0				1	title->lib/ocean
194399	2026-08-13	../../../../../../tank/site2rag/websites_md/bahai-library.com/pdf-journal-de-constantinople-ocr-ed_pdfs-1848-journal_constantinople_1848-10-29_p3.md	journal_constantinople_1848-10-29_p3	1	0				1	title->lib/ocean
194423	2026-08-13	../../../../../../tank/site2rag/websites_md/bahai-library.com/pdf-journal-de-constantinople-ocr-ed_pdfs-1848-journal_constantinople_1848-11-04_p1.md	journal_constantinople_1848-11-04_p1	1	0				1	title->lib/ocean
194465	2026-08-13	../../../../../../tank/site2rag/websites_md/bahai-library.com/pdf-journal-de-constantinople-ocr-ed_pdfs-1848-journal_constantinople_1848-11-04_p3.md	journal_constantinople_1848-11-04_p3	1	0				1	title->lib/ocean
194511	2026-08-13	../../../../../../tank/site2rag/websites_md/bahai-library.com/pdf-journal-de-constantinople-ocr-ed_pdfs-1848-journal_constantinople_1848-11-09_p1.md	journal_constantinople_1848-11-09_p1	1	0				1	title->lib/ocean
194518	2026-08-13	../../../../../../tank/site2rag/websites_md/bahai-library.com/pdf-journal-de-constantinople-ocr-ed_pdfs-1848-journal_constantinople_1848-11-09_p2.md	journal_constantinople_1848-11-09_p2	1	0				1	title->lib/ocean
194521	2026-08-13	../../../../../../tank/site2rag/websites_md/bahai-library.com/pdf-journal-de-constantinople-ocr-ed_pdfs-1848-journal_constantinople_1848-11-09_p3.md	journal_constantinople_1848-11-09_p3	1	0				1	title->lib/ocean
194535	2026-08-13	../../../../../../tank/site2rag/websites_md/bahai-library.com/pdf-journal-de-constantinople-ocr-ed_pdfs-1848-journal_constantinople_1848-11-14_p1.md	journal_constantinople_1848-11-14_p1	1	0				1	title->lib/ocean
194540	2026-08-13	../../../../../../tank/site2rag/websites_md/bahai-library.com/pdf-journal-de-constantinople-ocr-ed_pdfs-1848-journal_constantinople_1848-11-14_p2.md	journal_constantinople_1848-11-14_p2	1	0				1	title->lib/ocean
194554	2026-08-13	../../../../../../tank/site2rag/websites_md/bahai-library.com/pdf-journal-de-constantinople-ocr-ed_pdfs-1848-journal_constantinople_1848-11-14_p3.md	journal_constantinople_1848-11-14_p3	1	0				1	title->lib/ocean
194575	2026-08-13	../../../../../../tank/site2rag/websites_md/bahai-library.com/pdf-journal-de-constantinople-ocr-ed_pdfs-1848-journal_constantinople_1848-11-19_p1.md	journal_constantinople_1848-11-19_p1	1	0				1	title->lib/ocean
194622	2026-08-13	../../../../../../tank/site2rag/websites_md/bahai-library.com/pdf-journal-de-constantinople-ocr-ed_pdfs-1848-journal_constantinople_1848-11-24_p1.md	journal_constantinople_1848-11-24_p1	1	0				1	title->lib/ocean
194623	2026-08-13	../../../../../../tank/site2rag/websites_md/bahai-library.com/pdf-journal-de-constantinople-ocr-ed_pdfs-1848-journal_constantinople_1848-11-24_p2.md	journal_constantinople_1848-11-24_p2	1	0				1	title->lib/ocean
194665	2026-08-13	../../../../../../tank/site2rag/websites_md/bahai-library.com/pdf-journal-de-constantinople-ocr-ed_pdfs-1848-journal_constantinople_1848-11-29_p1.md	journal_constantinople_1848-11-29_p1	1	0				1	title->lib/ocean
194675	2026-08-13	../../../../../../tank/site2rag/websites_md/bahai-library.com/pdf-journal-de-constantinople-ocr-ed_pdfs-1848-journal_constantinople_1848-11-29_p2.md	journal_constantinople_1848-11-29_p2	1	0				1	title->lib/ocean
194710	2026-08-13	../../../../../../tank/site2rag/websites_md/bahai-library.com/pdf-journal-de-constantinople-ocr-ed_pdfs-1848-journal_constantinople_1848-11-29_p4.md	journal_constantinople_1848-11-29_p4	1	0				1	title->lib/ocean
194729	2026-08-13	../../../../../../tank/site2rag/websites_md/bahai-library.com/pdf-journal-de-constantinople-ocr-ed_pdfs-1848-journal_constantinople_1848-12-04_p1.md	journal_constantinople_1848-12-04_p1	1	0				1	title->lib/ocean
194738	2026-08-13	../../../../../../tank/site2rag/websites_md/bahai-library.com/pdf-journal-de-constantinople-ocr-ed_pdfs-1848-journal_constantinople_1848-12-04_p3.md	journal_constantinople_1848-12-04_p3	1	0				1	title->lib/ocean
194754	2026-08-13	../../../../../../tank/site2rag/websites_md/bahai-library.com/pdf-journal-de-constantinople-ocr-ed_pdfs-1848-journal_constantinople_1848-12-04_p4.md	journal_constantinople_1848-12-04_p4	1	0				1	title->lib/ocean
194757	2026-08-13	../../../../../../tank/site2rag/websites_md/bahai-library.com/pdf-journal-de-constantinople-ocr-ed_pdfs-1848-journal_constantinople_1848-12-09_p1.md	journal_constantinople_1848-12-09_p1	1	0				1	title->lib/ocean
194765	2026-08-13	../../../../../../tank/site2rag/websites_md/bahai-library.com/pdf-journal-de-constantinople-ocr-ed_pdfs-1848-journal_constantinople_1848-12-09_p2.md	journal_constantinople_1848-12-09_p2	1	0				1	title->lib/ocean
194810	2026-08-13	../../../../../../tank/site2rag/websites_md/bahai-library.com/pdf-journal-de-constantinople-ocr-ed_pdfs-1848-journal_constantinople_1848-12-14_p1.md	journal_constantinople_1848-12-14_p1	1	0				1	title->lib/ocean
194853	2026-08-13	../../../../../../tank/site2rag/websites_md/bahai-library.com/pdf-journal-de-constantinople-ocr-ed_pdfs-1848-journal_constantinople_1848-12-14_p4.md	journal_constantinople_1848-12-14_p4	1	0				1	title->lib/ocean
194870	2026-08-13	../../../../../../tank/site2rag/websites_md/bahai-library.com/pdf-journal-de-constantinople-ocr-ed_pdfs-1848-journal_constantinople_1848-12-19_p1.md	journal_constantinople_1848-12-19_p1	1	0				1	title->lib/ocean
194879	2026-08-13	../../../../../../tank/site2rag/websites_md/bahai-library.com/pdf-journal-de-constantinople-ocr-ed_pdfs-1848-journal_constantinople_1848-12-19_p2.md	journal_constantinople_1848-12-19_p2	1	0				1	title->lib/ocean
194893	2026-08-13	../../../../../../tank/site2rag/websites_md/bahai-library.com/pdf-journal-de-constantinople-ocr-ed_pdfs-1848-journal_constantinople_1848-12-19_p3.md	journal_constantinople_1848-12-19_p3	1	0				1	title->lib/ocean
194938	2026-08-13	../../../../../../tank/site2rag/websites_md/bahai-library.com/pdf-journal-de-constantinople-ocr-ed_pdfs-1848-journal_constantinople_1848-12-24_p1.md	journal_constantinople_1848-12-24_p1	1	0				1	title->lib/ocean
195027	2026-08-13	../../../../../../tank/site2rag/websites_md/bahai-library.com/pdf-journal-de-constantinople-ocr-ed_pdfs-1849-journal_constantinople_1849-01-04_p1.md	journal_constantinople_1849-01-04_p1	1	0				1	title->lib/ocean
195061	2026-08-13	../../../../../../tank/site2rag/websites_md/bahai-library.com/pdf-journal-de-constantinople-ocr-ed_pdfs-1849-journal_constantinople_1849-01-04_p3.md	journal_constantinople_1849-01-04_p3	1	0				1	title->lib/ocean
195081	2026-08-13	../../../../../../tank/site2rag/websites_md/bahai-library.com/pdf-journal-de-constantinople-ocr-ed_pdfs-1849-journal_constantinople_1849-01-04_p4.md	journal_constantinople_1849-01-04_p4	1	0				1	title->lib/ocean
195098	2026-08-13	../../../../../../tank/site2rag/websites_md/bahai-library.com/pdf-journal-de-constantinople-ocr-ed_pdfs-1849-journal_constantinople_1849-01-14_p1.md	journal_constantinople_1849-01-14_p1	1	0				1	title->lib/ocean
195122	2026-08-13	../../../../../../tank/site2rag/websites_md/bahai-library.com/pdf-journal-de-constantinople-ocr-ed_pdfs-1849-journal_constantinople_1849-01-14_p2.md	journal_constantinople_1849-01-14_p2	1	0				1	title->lib/ocean
195151	2026-08-13	../../../../../../tank/site2rag/websites_md/bahai-library.com/pdf-journal-de-constantinople-ocr-ed_pdfs-1849-journal_constantinople_1849-01-19_p1.md	journal_constantinople_1849-01-19_p1	1	0				1	title->lib/ocean
195175	2026-08-13	../../../../../../tank/site2rag/websites_md/bahai-library.com/pdf-journal-de-constantinople-ocr-ed_pdfs-1849-journal_constantinople_1849-01-19_p3.md	journal_constantinople_1849-01-19_p3	1	0				1	title->lib/ocean
195200	2026-08-13	../../../../../../tank/site2rag/websites_md/bahai-library.com/pdf-journal-de-constantinople-ocr-ed_pdfs-1849-journal_constantinople_1849-01-24_p1.md	journal_constantinople_1849-01-24_p1	1	0				1	title->lib/ocean
195221	2026-08-13	../../../../../../tank/site2rag/websites_md/bahai-library.com/pdf-journal-de-constantinople-ocr-ed_pdfs-1849-journal_constantinople_1849-01-24_p2.md	journal_constantinople_1849-01-24_p2	1	0				1	title->lib/ocean
195242	2026-08-13	../../../../../../tank/site2rag/websites_md/bahai-library.com/pdf-journal-de-constantinople-ocr-ed_pdfs-1849-journal_constantinople_1849-01-29_p1.md	journal_constantinople_1849-01-29_p1	1	0				1	title->lib/ocean
195248	2026-08-13	../../../../../../tank/site2rag/websites_md/bahai-library.com/pdf-journal-de-constantinople-ocr-ed_pdfs-1849-journal_constantinople_1849-01-29_p2.md	journal_constantinople_1849-01-29_p2	1	0				1	title->lib/ocean
195271	2026-08-13	../../../../../../tank/site2rag/websites_md/bahai-library.com/pdf-journal-de-constantinople-ocr-ed_pdfs-1849-journal_constantinople_1849-01-29_p3.md	journal_constantinople_1849-01-29_p3	1	0				1	title->lib/ocean
195293	2026-08-13	../../../../../../tank/site2rag/websites_md/bahai-library.com/pdf-journal-de-constantinople-ocr-ed_pdfs-1849-journal_constantinople_1849-01-29_p4.md	journal_constantinople_1849-01-29_p4	1	0				1	title->lib/ocean
195300	2026-08-13	../../../../../../tank/site2rag/websites_md/bahai-library.com/pdf-journal-de-constantinople-ocr-ed_pdfs-1849-journal_constantinople_1849-02-04_p1.md	journal_constantinople_1849-02-04_p1	1	0				1	title->lib/ocean
195323	2026-08-13	../../../../../../tank/site2rag/websites_md/bahai-library.com/pdf-journal-de-constantinople-ocr-ed_pdfs-1849-journal_constantinople_1849-02-04_p2.md	journal_constantinople_1849-02-04_p2	1	0				1	title->lib/ocean
195346	2026-08-13	../../../../../../tank/site2rag/websites_md/bahai-library.com/pdf-journal-de-constantinople-ocr-ed_pdfs-1849-journal_constantinople_1849-02-04_p3.md	journal_constantinople_1849-02-04_p3	1	0				1	title->lib/ocean
195379	2026-08-13	../../../../../../tank/site2rag/websites_md/bahai-library.com/pdf-journal-de-constantinople-ocr-ed_pdfs-1849-journal_constantinople_1849-02-09_p1.md	journal_constantinople_1849-02-09_p1	1	0				1	title->lib/ocean
195410	2026-08-13	../../../../../../tank/site2rag/websites_md/bahai-library.com/pdf-journal-de-constantinople-ocr-ed_pdfs-1849-journal_constantinople_1849-02-14_p1.md	journal_constantinople_1849-02-14_p1	1	0				1	title->lib/ocean
195414	2026-08-13	../../../../../../tank/site2rag/websites_md/bahai-library.com/pdf-journal-de-constantinople-ocr-ed_pdfs-1849-journal_constantinople_1849-02-14_p2.md	journal_constantinople_1849-02-14_p2	1	0				1	title->lib/ocean
195435	2026-08-13	../../../../../../tank/site2rag/websites_md/bahai-library.com/pdf-journal-de-constantinople-ocr-ed_pdfs-1849-journal_constantinople_1849-02-14_p3.md	journal_constantinople_1849-02-14_p3	1	0				1	title->lib/ocean
195441	2026-08-13	../../../../../../tank/site2rag/websites_md/bahai-library.com/pdf-journal-de-constantinople-ocr-ed_pdfs-1849-journal_constantinople_1849-02-19_p1.md	journal_constantinople_1849-02-19_p1	1	0				1	title->lib/ocean
195446	2026-08-13	../../../../../../tank/site2rag/websites_md/bahai-library.com/pdf-journal-de-constantinople-ocr-ed_pdfs-1849-journal_constantinople_1849-02-19_p2.md	journal_constantinople_1849-02-19_p2	1	0				1	title->lib/ocean
195453	2026-08-13	../../../../../../tank/site2rag/websites_md/bahai-library.com/pdf-journal-de-constantinople-ocr-ed_pdfs-1849-journal_constantinople_1849-02-19_p3.md	journal_constantinople_1849-02-19_p3	1	0				1	title->lib/ocean
195510	2026-08-13	../../../../../../tank/site2rag/websites_md/bahai-library.com/pdf-journal-de-constantinople-ocr-ed_pdfs-1849-journal_constantinople_1849-03-04_p1.md	journal_constantinople_1849-03-04_p1	1	0				1	title->lib/ocean
195581	2026-08-13	../../../../../../tank/site2rag/websites_md/bahai-library.com/pdf-journal-de-constantinople-ocr-ed_pdfs-1849-journal_constantinople_1849-03-09_p1.md	journal_constantinople_1849-03-09_p1	1	0				1	title->lib/ocean
195585	2026-08-13	../../../../../../tank/site2rag/websites_md/bahai-library.com/pdf-journal-de-constantinople-ocr-ed_pdfs-1849-journal_constantinople_1849-03-09_p2.md	journal_constantinople_1849-03-09_p2	1	0				1	title->lib/ocean
195630	2026-08-13	../../../../../../tank/site2rag/websites_md/bahai-library.com/pdf-journal-de-constantinople-ocr-ed_pdfs-1849-journal_constantinople_1849-03-14_p1.md	journal_constantinople_1849-03-14_p1	1	0				1	title->lib/ocean
195638	2026-08-13	../../../../../../tank/site2rag/websites_md/bahai-library.com/pdf-journal-de-constantinople-ocr-ed_pdfs-1849-journal_constantinople_1849-03-14_p2.md	journal_constantinople_1849-03-14_p2	1	0				1	title->lib/ocean
195648	2026-08-13	../../../../../../tank/site2rag/websites_md/bahai-library.com/pdf-journal-de-constantinople-ocr-ed_pdfs-1849-journal_constantinople_1849-03-14_p3.md	journal_constantinople_1849-03-14_p3	1	0				1	title->lib/ocean
195651	2026-08-13	../../../../../../tank/site2rag/websites_md/bahai-library.com/pdf-journal-de-constantinople-ocr-ed_pdfs-1849-journal_constantinople_1849-03-14_p4.md	journal_constantinople_1849-03-14_p4	1	0				1	title->lib/ocean
195672	2026-08-13	../../../../../../tank/site2rag/websites_md/bahai-library.com/pdf-journal-de-constantinople-ocr-ed_pdfs-1849-journal_constantinople_1849-03-19_p1.md	journal_constantinople_1849-03-19_p1	1	0				1	title->lib/ocean
195695	2026-08-13	../../../../../../tank/site2rag/websites_md/bahai-library.com/pdf-journal-de-constantinople-ocr-ed_pdfs-1849-journal_constantinople_1849-03-19_p2.md	journal_constantinople_1849-03-19_p2	1	0				1	title->lib/ocean
195701	2026-08-13	../../../../../../tank/site2rag/websites_md/bahai-library.com/pdf-journal-de-constantinople-ocr-ed_pdfs-1849-journal_constantinople_1849-03-19_p3.md	journal_constantinople_1849-03-19_p3	1	0				1	title->lib/ocean
195705	2026-08-13	../../../../../../tank/site2rag/websites_md/bahai-library.com/pdf-journal-de-constantinople-ocr-ed_pdfs-1849-journal_constantinople_1849-03-19_p4.md	journal_constantinople_1849-03-19_p4	1	0				1	title->lib/ocean
195723	2026-08-13	../../../../../../tank/site2rag/websites_md/bahai-library.com/pdf-journal-de-constantinople-ocr-ed_pdfs-1849-journal_constantinople_1849-03-24_p2.md	journal_constantinople_1849-03-24_p2	1	0				1	title->lib/ocean
195739	2026-08-13	../../../../../../tank/site2rag/websites_md/bahai-library.com/pdf-journal-de-constantinople-ocr-ed_pdfs-1849-journal_constantinople_1849-03-24_p3.md	journal_constantinople_1849-03-24_p3	1	0				1	title->lib/ocean
195756	2026-08-13	../../../../../../tank/site2rag/websites_md/bahai-library.com/pdf-journal-de-constantinople-ocr-ed_pdfs-1849-journal_constantinople_1849-03-29_p1.md	journal_constantinople_1849-03-29_p1	1	0				1	title->lib/ocean
195763	2026-08-13	../../../../../../tank/site2rag/websites_md/bahai-library.com/pdf-journal-de-constantinople-ocr-ed_pdfs-1849-journal_constantinople_1849-03-29_p2.md	journal_constantinople_1849-03-29_p2	1	0				1	title->lib/ocean
195770	2026-08-13	../../../../../../tank/site2rag/websites_md/bahai-library.com/pdf-journal-de-constantinople-ocr-ed_pdfs-1849-journal_constantinople_1849-03-29_p3.md	journal_constantinople_1849-03-29_p3	1	0				1	title->lib/ocean
195777	2026-08-13	../../../../../../tank/site2rag/websites_md/bahai-library.com/pdf-journal-de-constantinople-ocr-ed_pdfs-1849-journal_constantinople_1849-03-29_p4.md	journal_constantinople_1849-03-29_p4	1	0				1	title->lib/ocean
195785	2026-08-13	../../../../../../tank/site2rag/websites_md/bahai-library.com/pdf-journal-de-constantinople-ocr-ed_pdfs-1849-journal_constantinople_1849-04-04_p1.md	journal_constantinople_1849-04-04_p1	1	0				1	title->lib/ocean
195838	2026-08-13	../../../../../../tank/site2rag/websites_md/bahai-library.com/pdf-journal-de-constantinople-ocr-ed_pdfs-1849-journal_constantinople_1849-04-09_p1.md	journal_constantinople_1849-04-09_p1	1	0				1	title->lib/ocean
195861	2026-08-13	../../../../../../tank/site2rag/websites_md/bahai-library.com/pdf-journal-de-constantinople-ocr-ed_pdfs-1849-journal_constantinople_1849-04-09_p2.md	journal_constantinople_1849-04-09_p2	1	0				1	title->lib/ocean
195908	2026-08-13	../../../../../../tank/site2rag/websites_md/bahai-library.com/pdf-journal-de-constantinople-ocr-ed_pdfs-1849-journal_constantinople_1849-04-14_p1.md	journal_constantinople_1849-04-14_p1	1	0				1	title->lib/ocean
195927	2026-08-13	../../../../../../tank/site2rag/websites_md/bahai-library.com/pdf-journal-de-constantinople-ocr-ed_pdfs-1849-journal_constantinople_1849-04-14_p2.md	journal_constantinople_1849-04-14_p2	1	0				1	title->lib/ocean
195947	2026-08-13	../../../../../../tank/site2rag/websites_md/bahai-library.com/pdf-journal-de-constantinople-ocr-ed_pdfs-1849-journal_constantinople_1849-04-14_p3.md	journal_constantinople_1849-04-14_p3	1	0				1	title->lib/ocean
195981	2026-08-13	../../../../../../tank/site2rag/websites_md/bahai-library.com/pdf-journal-de-constantinople-ocr-ed_pdfs-1849-journal_constantinople_1849-04-19_p1.md	journal_constantinople_1849-04-19_p1	1	0				1	title->lib/ocean
195997	2026-08-13	../../../../../../tank/site2rag/websites_md/bahai-library.com/pdf-journal-de-constantinople-ocr-ed_pdfs-1849-journal_constantinople_1849-04-19_p2.md	journal_constantinople_1849-04-19_p2	1	0				1	title->lib/ocean
196017	2026-08-13	../../../../../../tank/site2rag/websites_md/bahai-library.com/pdf-journal-de-constantinople-ocr-ed_pdfs-1849-journal_constantinople_1849-04-19_p3.md	journal_constantinople_1849-04-19_p3	1	0				1	title->lib/ocean
196048	2026-08-13	../../../../../../tank/site2rag/websites_md/bahai-library.com/pdf-journal-de-constantinople-ocr-ed_pdfs-1849-journal_constantinople_1849-04-24_p1.md	journal_constantinople_1849-04-24_p1	1	0				1	title->lib/ocean
196061	2026-08-13	../../../../../../tank/site2rag/websites_md/bahai-library.com/pdf-journal-de-constantinople-ocr-ed_pdfs-1849-journal_constantinople_1849-04-24_p2.md	journal_constantinople_1849-04-24_p2	1	0				1	title->lib/ocean
196083	2026-08-13	../../../../../../tank/site2rag/websites_md/bahai-library.com/pdf-journal-de-constantinople-ocr-ed_pdfs-1849-journal_constantinople_1849-04-24_p3.md	journal_constantinople_1849-04-24_p3	1	0				1	title->lib/ocean
196117	2026-08-13	../../../../../../tank/site2rag/websites_md/bahai-library.com/pdf-journal-de-constantinople-ocr-ed_pdfs-1849-journal_constantinople_1849-04-29_p1.md	journal_constantinople_1849-04-29_p1	1	0				1	title->lib/ocean
196140	2026-08-13	../../../../../../tank/site2rag/websites_md/bahai-library.com/pdf-journal-de-constantinople-ocr-ed_pdfs-1849-journal_constantinople_1849-04-29_p2.md	journal_constantinople_1849-04-29_p2	1	0				1	title->lib/ocean
196193	2026-08-13	../../../../../../tank/site2rag/websites_md/bahai-library.com/pdf-journal-de-constantinople-ocr-ed_pdfs-1849-journal_constantinople_1849-05-04_p1.md	journal_constantinople_1849-05-04_p1	1	0				1	title->lib/ocean
196202	2026-08-13	../../../../../../tank/site2rag/websites_md/bahai-library.com/pdf-journal-de-constantinople-ocr-ed_pdfs-1849-journal_constantinople_1849-05-04_p2.md	journal_constantinople_1849-05-04_p2	1	0				1	title->lib/ocean
196224	2026-08-13	../../../../../../tank/site2rag/websites_md/bahai-library.com/pdf-journal-de-constantinople-ocr-ed_pdfs-1849-journal_constantinople_1849-05-04_p3.md	journal_constantinople_1849-05-04_p3	1	0				1	title->lib/ocean
196258	2026-08-13	../../../../../../tank/site2rag/websites_md/bahai-library.com/pdf-journal-de-constantinople-ocr-ed_pdfs-1849-journal_constantinople_1849-05-09_p1.md	journal_constantinople_1849-05-09_p1	1	0				1	title->lib/ocean
196278	2026-08-13	../../../../../../tank/site2rag/websites_md/bahai-library.com/pdf-journal-de-constantinople-ocr-ed_pdfs-1849-journal_constantinople_1849-05-09_p2.md	journal_constantinople_1849-05-09_p2	1	0				1	title->lib/ocean
196288	2026-08-13	../../../../../../tank/site2rag/websites_md/bahai-library.com/pdf-journal-de-constantinople-ocr-ed_pdfs-1849-journal_constantinople_1849-05-09_p3.md	journal_constantinople_1849-05-09_p3	1	0				1	title->lib/ocean
196317	2026-08-13	../../../../../../tank/site2rag/websites_md/bahai-library.com/pdf-journal-de-constantinople-ocr-ed_pdfs-1849-journal_constantinople_1849-05-14_p1.md	journal_constantinople_1849-05-14_p1	1	0				1	title->lib/ocean
196323	2026-08-13	../../../../../../tank/site2rag/websites_md/bahai-library.com/pdf-journal-de-constantinople-ocr-ed_pdfs-1849-journal_constantinople_1849-05-14_p2.md	journal_constantinople_1849-05-14_p2	1	0				1	title->lib/ocean
196362	2026-08-13	../../../../../../tank/site2rag/websites_md/bahai-library.com/pdf-journal-de-constantinople-ocr-ed_pdfs-1849-journal_constantinople_1849-05-19_p1.md	journal_constantinople_1849-05-19_p1	1	0				1	title->lib/ocean
196381	2026-08-13	../../../../../../tank/site2rag/websites_md/bahai-library.com/pdf-journal-de-constantinople-ocr-ed_pdfs-1849-journal_constantinople_1849-05-19_p2.md	journal_constantinople_1849-05-19_p2	1	0				1	title->lib/ocean
196399	2026-08-13	../../../../../../tank/site2rag/websites_md/bahai-library.com/pdf-journal-de-constantinople-ocr-ed_pdfs-1849-journal_constantinople_1849-05-19_p3.md	journal_constantinople_1849-05-19_p3	1	0				1	title->lib/ocean
331137	2026-08-10	../../../../../../tank/site2rag/websites_md/bahai-library.com/writings-abdulbaha-mf-sec-12.md	Memorials of the Faithful	16	0				1	title->lib/ocean
331145	2026-08-10	../../../../../../tank/site2rag/websites_md/bahai-library.com/writings-abdulbaha-mf-sec-13.md	Memorials of the Faithful	13	0				1	title->lib/ocean
331154	2026-08-10	../../../../../../tank/site2rag/websites_md/bahai-library.com/writings-abdulbaha-mf-sec-14.md	Memorials of the Faithful	10	0				1	title->lib/ocean
331157	2026-08-10	../../../../../../tank/site2rag/websites_md/bahai-library.com/writings-abdulbaha-mf-sec-15.md	Memorials of the Faithful	12	0				1	title->lib/ocean
331170	2026-08-10	../../../../../../tank/site2rag/websites_md/bahai-library.com/writings-abdulbaha-mf-sec-16.md	Memorials of the Faithful	16	0				1	title->lib/ocean
331183	2026-08-10	../../../../../../tank/site2rag/websites_md/bahai-library.com/writings-abdulbaha-mf-sec-17.md	Memorials of the Faithful	10	0				1	title->lib/ocean
331187	2026-08-10	../../../../../../tank/site2rag/websites_md/bahai-library.com/writings-abdulbaha-mf-sec-18.md	Memorials of the Faithful	23	0				1	title->lib/ocean
331193	2026-08-10	../../../../../../tank/site2rag/websites_md/bahai-library.com/writings-abdulbaha-mf-sec-19.md	Memorials of the Faithful	13	0				1	title->lib/ocean
331201	2026-08-10	../../../../../../tank/site2rag/websites_md/bahai-library.com/writings-abdulbaha-mf-sec-2.md	Memorials of the Faithful	29	0				1	title->lib/ocean
331203	2026-08-10	../../../../../../tank/site2rag/websites_md/bahai-library.com/writings-abdulbaha-mf-sec-20.md	Memorials of the Faithful	11	0				1	title->lib/ocean
331215	2026-08-10	../../../../../../tank/site2rag/websites_md/bahai-library.com/writings-abdulbaha-mf-sec-21.md	Memorials of the Faithful	11	0				1	title->lib/ocean
331227	2026-08-10	../../../../../../tank/site2rag/websites_md/bahai-library.com/writings-abdulbaha-mf-sec-22.md	Memorials of the Faithful	9	0				1	title->lib/ocean
331233	2026-08-10	../../../../../../tank/site2rag/websites_md/bahai-library.com/writings-abdulbaha-mf-sec-23.md	Memorials of the Faithful	9	0				1	title->lib/ocean
331240	2026-08-10	../../../../../../tank/site2rag/websites_md/bahai-library.com/writings-abdulbaha-mf-sec-24.md	Memorials of the Faithful	15	0				1	title->lib/ocean
331246	2026-08-10	../../../../../../tank/site2rag/websites_md/bahai-library.com/writings-abdulbaha-mf-sec-25.md	Memorials of the Faithful	9	0				1	title->lib/ocean
331257	2026-08-10	../../../../../../tank/site2rag/websites_md/bahai-library.com/writings-abdulbaha-mf-sec-26.md	Memorials of the Faithful	19	0				1	title->lib/ocean
331263	2026-08-10	../../../../../../tank/site2rag/websites_md/bahai-library.com/writings-abdulbaha-mf-sec-27.md	Memorials of the Faithful	10	0				1	title->lib/ocean
331277	2026-08-10	../../../../../../tank/site2rag/websites_md/bahai-library.com/writings-abdulbaha-mf-sec-28.md	Memorials of the Faithful	10	0				1	title->lib/ocean
331288	2026-08-10	../../../../../../tank/site2rag/websites_md/bahai-library.com/writings-abdulbaha-mf-sec-29.md	Memorials of the Faithful	10	0				1	title->lib/ocean
331292	2026-08-10	../../../../../../tank/site2rag/websites_md/bahai-library.com/writings-abdulbaha-mf-sec-3.md	Memorials of the Faithful	17	0				1	title->lib/ocean
331305	2026-08-10	../../../../../../tank/site2rag/websites_md/bahai-library.com/writings-abdulbaha-mf-sec-30.md	Memorials of the Faithful	9	0				1	title->lib/ocean
331308	2026-08-10	../../../../../../tank/site2rag/websites_md/bahai-library.com/writings-abdulbaha-mf-sec-31.md	Memorials of the Faithful	15	0				1	title->lib/ocean
331318	2026-08-10	../../../../../../tank/site2rag/websites_md/bahai-library.com/writings-abdulbaha-mf-sec-32.md	Memorials of the Faithful	10	0				1	title->lib/ocean
331324	2026-08-10	../../../../../../tank/site2rag/websites_md/bahai-library.com/writings-abdulbaha-mf-sec-33.md	Memorials of the Faithful	10	0				1	title->lib/ocean
331336	2026-08-10	../../../../../../tank/site2rag/websites_md/bahai-library.com/writings-abdulbaha-mf-sec-34.md	Memorials of the Faithful	10	0				1	title->lib/ocean
331341	2026-08-10	../../../../../../tank/site2rag/websites_md/bahai-library.com/writings-abdulbaha-mf-sec-35.md	Memorials of the Faithful	25	0				1	title->lib/ocean
331349	2026-08-10	../../../../../../tank/site2rag/websites_md/bahai-library.com/writings-abdulbaha-mf-sec-36.md	Memorials of the Faithful	14	0				1	title->lib/ocean
331357	2026-08-10	../../../../../../tank/site2rag/websites_md/bahai-library.com/writings-abdulbaha-mf-sec-37.md	Memorials of the Faithful	8	0				1	title->lib/ocean
331361	2026-08-10	../../../../../../tank/site2rag/websites_md/bahai-library.com/writings-abdulbaha-mf-sec-38.md	Memorials of the Faithful	13	0				1	title->lib/ocean
331368	2026-08-10	../../../../../../tank/site2rag/websites_md/bahai-library.com/writings-abdulbaha-mf-sec-39.md	Memorials of the Faithful	16	0				1	title->lib/ocean
331380	2026-08-10	../../../../../../tank/site2rag/websites_md/bahai-library.com/writings-abdulbaha-mf-sec-4.md	Memorials of the Faithful	21	0				1	title->lib/ocean
331386	2026-08-10	../../../../../../tank/site2rag/websites_md/bahai-library.com/writings-abdulbaha-mf-sec-40.md	Memorials of the Faithful	16	0				1	title->lib/ocean
331399	2026-08-10	../../../../../../tank/site2rag/websites_md/bahai-library.com/writings-abdulbaha-mf-sec-41.md	Memorials of the Faithful	10	0				1	title->lib/ocean
331402	2026-08-10	../../../../../../tank/site2rag/websites_md/bahai-library.com/writings-abdulbaha-mf-sec-42.md	Memorials of the Faithful	26	0				1	title->lib/ocean
331405	2026-08-10	../../../../../../tank/site2rag/websites_md/bahai-library.com/writings-abdulbaha-mf-sec-43.md	Memorials of the Faithful	10	0				1	title->lib/ocean
331416	2026-08-10	../../../../../../tank/site2rag/websites_md/bahai-library.com/writings-abdulbaha-mf-sec-44.md	Memorials of the Faithful	10	0				1	title->lib/ocean
331420	2026-08-10	../../../../../../tank/site2rag/websites_md/bahai-library.com/writings-abdulbaha-mf-sec-45.md	Memorials of the Faithful	12	0				1	title->lib/ocean
331429	2026-08-10	../../../../../../tank/site2rag/websites_md/bahai-library.com/writings-abdulbaha-mf-sec-46.md	Memorials of the Faithful	14	0				1	title->lib/ocean
331441	2026-08-10	../../../../../../tank/site2rag/websites_md/bahai-library.com/writings-abdulbaha-mf-sec-47.md	Memorials of the Faithful	14	0				1	title->lib/ocean
331447	2026-08-10	../../../../../../tank/site2rag/websites_md/bahai-library.com/writings-abdulbaha-mf-sec-48.md	Memorials of the Faithful	10	0				1	title->lib/ocean
331459	2026-08-10	../../../../../../tank/site2rag/websites_md/bahai-library.com/writings-abdulbaha-mf-sec-49.md	Memorials of the Faithful	15	0				1	title->lib/ocean
331473	2026-08-10	../../../../../../tank/site2rag/websites_md/bahai-library.com/writings-abdulbaha-mf-sec-5.md	Memorials of the Faithful	31	0				1	title->lib/ocean
331475	2026-08-10	../../../../../../tank/site2rag/websites_md/bahai-library.com/writings-abdulbaha-mf-sec-50.md	Memorials of the Faithful	17	0				1	title->lib/ocean
331488	2026-08-10	../../../../../../tank/site2rag/websites_md/bahai-library.com/writings-abdulbaha-mf-sec-51.md	Memorials of the Faithful	9	0				1	title->lib/ocean
331493	2026-08-10	../../../../../../tank/site2rag/websites_md/bahai-library.com/writings-abdulbaha-mf-sec-52.md	Memorials of the Faithful	9	0				1	title->lib/ocean
331496	2026-08-10	../../../../../../tank/site2rag/websites_md/bahai-library.com/writings-abdulbaha-mf-sec-53.md	Memorials of the Faithful	9	0				1	title->lib/ocean
331509	2026-08-10	../../../../../../tank/site2rag/websites_md/bahai-library.com/writings-abdulbaha-mf-sec-54.md	Memorials of the Faithful	9	0				1	title->lib/ocean
331513	2026-08-10	../../../../../../tank/site2rag/websites_md/bahai-library.com/writings-abdulbaha-mf-sec-55.md	Memorials of the Faithful	10	0				1	title->lib/ocean
331524	2026-08-10	../../../../../../tank/site2rag/websites_md/bahai-library.com/writings-abdulbaha-mf-sec-56.md	Memorials of the Faithful	19	0				1	title->lib/ocean
331537	2026-08-10	../../../../../../tank/site2rag/websites_md/bahai-library.com/writings-abdulbaha-mf-sec-57.md	Memorials of the Faithful	14	0				1	title->lib/ocean
21666	2026-08-10	../../../../../../tank/site2rag/websites_md/bahai-library.com/1498.md	Paris Talks	6	0				1	title->lib/ocean
21678	2026-08-10	../../../../../../tank/site2rag/websites_md/bahai-library.com/1512.md	Gleanings from the Writings of Baha'u'llah	1	0				1	no title match
21686	2026-08-10	../../../../../../tank/site2rag/websites_md/bahai-library.com/1524.md	Baha'i Administration	1023	0				1	no title match
24456	2026-08-10	../../../../../../tank/site2rag/websites_md/bahai-library.com/abdul-baha_paris_talks.md	Paris Talks	6	0				1	title->lib/ocean
28445	2026-08-10	../../../../../../tank/site2rag/websites_md/bahai-library.com/bahaullah_gleanings_writings_bahaullah.md	Gleanings from the Writings of Baha'u'llah	1	0				1	no title match
283233	2026-08-10	../../../../../../tank/site2rag/websites_md/bahai-library.com/shoghi-effendi_bahai_administration.md	Baha'i Administration	1023	0				1	no title match
331539	2026-08-10	../../../../../../tank/site2rag/websites_md/bahai-library.com/writings-abdulbaha-mf-sec-58.md	Memorials of the Faithful	15	0				1	title->lib/ocean
331553	2026-08-10	../../../../../../tank/site2rag/websites_md/bahai-library.com/writings-abdulbaha-mf-sec-59.md	Memorials of the Faithful	12	0				1	title->lib/ocean
331558	2026-08-10	../../../../../../tank/site2rag/websites_md/bahai-library.com/writings-abdulbaha-mf-sec-6.md	Memorials of the Faithful	21	0				1	title->lib/ocean
331569	2026-08-10	../../../../../../tank/site2rag/websites_md/bahai-library.com/writings-abdulbaha-mf-sec-60.md	Memorials of the Faithful	13	0				1	title->lib/ocean
331573	2026-08-10	../../../../../../tank/site2rag/websites_md/bahai-library.com/writings-abdulbaha-mf-sec-61.md	Memorials of the Faithful	11	0				1	title->lib/ocean
331587	2026-08-10	../../../../../../tank/site2rag/websites_md/bahai-library.com/writings-abdulbaha-mf-sec-62.md	Memorials of the Faithful	19	0				1	title->lib/ocean
331601	2026-08-10	../../../../../../tank/site2rag/websites_md/bahai-library.com/writings-abdulbaha-mf-sec-63.md	Memorials of the Faithful	20	0				1	title->lib/ocean
331613	2026-08-10	../../../../../../tank/site2rag/websites_md/bahai-library.com/writings-abdulbaha-mf-sec-64.md	Memorials of the Faithful	18	0				1	title->lib/ocean
331614	2026-08-10	../../../../../../tank/site2rag/websites_md/bahai-library.com/writings-abdulbaha-mf-sec-65.md	Memorials of the Faithful	8	0				1	title->lib/ocean
331621	2026-08-10	../../../../../../tank/site2rag/websites_md/bahai-library.com/writings-abdulbaha-mf-sec-66.md	Memorials of the Faithful	10	0				1	title->lib/ocean
331632	2026-08-10	../../../../../../tank/site2rag/websites_md/bahai-library.com/writings-abdulbaha-mf-sec-67.md	Memorials of the Faithful	24	0				1	title->lib/ocean
331635	2026-08-10	../../../../../../tank/site2rag/websites_md/bahai-library.com/writings-abdulbaha-mf-sec-68.md	Memorials of the Faithful	30	0				1	title->lib/ocean
331648	2026-08-10	../../../../../../tank/site2rag/websites_md/bahai-library.com/writings-abdulbaha-mf-sec-69.md	Memorials of the Faithful	39	0				1	title->lib/ocean
331662	2026-08-10	../../../../../../tank/site2rag/websites_md/bahai-library.com/writings-abdulbaha-mf-sec-7.md	Memorials of the Faithful	16	0				1	title->lib/ocean
331675	2026-08-10	../../../../../../tank/site2rag/websites_md/bahai-library.com/writings-abdulbaha-mf-sec-8.md	Memorials of the Faithful	14	0				1	title->lib/ocean
331678	2026-08-10	../../../../../../tank/site2rag/websites_md/bahai-library.com/writings-abdulbaha-mf-sec-9.md	Memorials of the Faithful	13	0				1	title->lib/ocean
331694	2026-08-10	../../../../../../tank/site2rag/websites_md/bahai-library.com/writings-abdulbaha-pt-pt.md	PARIS TALKS	768	0				1	title->lib/ocean
337350	2026-08-10	../../../../../../tank/site2rag/websites_md/bahai-library.com/writings-bahaullah-gwb-default.md	Gleanings from the Writings of Bahá'u'lláh	1	0				1	no title match
339638	2026-08-10	../../../../../../tank/site2rag/websites_md/bahai-library.com/writings-bahaullah-pm-default.md	Gleanings from the Writings of Bahá'u'lláh	1	0				1	no title match
22980	2026-08-10	../../../../../../tank/site2rag/websites_md/bahai-library.com/5031.md	Additional Prayers Revealed by Baha'u'llah	11	0				1	no title match
23499	2026-08-10	../../../../../../tank/site2rag/websites_md/bahai-library.com/6325.md	Additional Tablets and Extracts from Tablets Revealed by Baha'u'llah	81	0				1	no title match
28406	2026-08-10	../../../../../../tank/site2rag/websites_md/bahai-library.com/bahaullah_additional_prayers.md	Additional Prayers Revealed by Baha'u'llah	11	0				1	no title match
28407	2026-08-10	../../../../../../tank/site2rag/websites_md/bahai-library.com/bahaullah_additional_tablets_extracts&tagsall=yes.md	Additional Tablets and Extracts from Tablets Revealed by Baha'u'llah	81	0				1	no title match
28408	2026-08-10	../../../../../../tank/site2rag/websites_md/bahai-library.com/bahaullah_additional_tablets_extracts.md	Additional Tablets and Extracts from Tablets Revealed by Baha'u'llah	81	0				1	no title match
39624	2026-08-10	../../../../../../tank/site2rag/websites_md/bahai-library.com/compilations-prayers-BP-1.md	Baha'i Prayers	3	0				1	no title match
39625	2026-08-10	../../../../../../tank/site2rag/websites_md/bahai-library.com/compilations-prayers-BP-10.md	Baha'i Prayers	7	0				1	no title match
39626	2026-08-10	../../../../../../tank/site2rag/websites_md/bahai-library.com/compilations-prayers-BP-100.md	Baha'i Prayers	5	0				1	no title match
39627	2026-08-10	../../../../../../tank/site2rag/websites_md/bahai-library.com/compilations-prayers-BP-101.md	Baha'i Prayers	9	0				1	no title match
39628	2026-08-10	../../../../../../tank/site2rag/websites_md/bahai-library.com/compilations-prayers-BP-102.md	Baha'i Prayers	11	0				1	no title match
39629	2026-08-10	../../../../../../tank/site2rag/websites_md/bahai-library.com/compilations-prayers-BP-103.md	Baha'i Prayers	5	0				1	no title match
39630	2026-08-10	../../../../../../tank/site2rag/websites_md/bahai-library.com/compilations-prayers-BP-104.md	Baha'i Prayers	7	0				1	no title match
39631	2026-08-10	../../../../../../tank/site2rag/websites_md/bahai-library.com/compilations-prayers-BP-105.md	Baha'i Prayers	3	0				1	no title match
39632	2026-08-10	../../../../../../tank/site2rag/websites_md/bahai-library.com/compilations-prayers-BP-106.md	Baha'i Prayers	9	0				1	no title match
39633	2026-08-10	../../../../../../tank/site2rag/websites_md/bahai-library.com/compilations-prayers-BP-107.md	Baha'i Prayers	5	0				1	no title match
39634	2026-08-10	../../../../../../tank/site2rag/websites_md/bahai-library.com/compilations-prayers-BP-108.md	Baha'i Prayers	11	0				1	no title match
39635	2026-08-10	../../../../../../tank/site2rag/websites_md/bahai-library.com/compilations-prayers-BP-109.md	Baha'i Prayers	3	0				1	no title match
39636	2026-08-10	../../../../../../tank/site2rag/websites_md/bahai-library.com/compilations-prayers-BP-11.md	Baha'i Prayers	5	0				1	no title match
39637	2026-08-10	../../../../../../tank/site2rag/websites_md/bahai-library.com/compilations-prayers-BP-110.md	Baha'i Prayers	7	0				1	no title match
39638	2026-08-10	../../../../../../tank/site2rag/websites_md/bahai-library.com/compilations-prayers-BP-111.md	Baha'i Prayers	3	0				1	no title match
39639	2026-08-10	../../../../../../tank/site2rag/websites_md/bahai-library.com/compilations-prayers-BP-112.md	Baha'i Prayers	5	0				1	no title match
39640	2026-08-10	../../../../../../tank/site2rag/websites_md/bahai-library.com/compilations-prayers-BP-113.md	Baha'i Prayers	11	0				1	no title match
39641	2026-08-10	../../../../../../tank/site2rag/websites_md/bahai-library.com/compilations-prayers-BP-114.md	Baha'i Prayers	2	0				1	no title match
341108	2026-08-10	../../../../../../tank/site2rag/websites_md/bahai-library.com/writings-shoghieffendi-ba-ba-all.md	BAHA'I ADMINISTRATION	994	0				1	no title match
39642	2026-08-10	../../../../../../tank/site2rag/websites_md/bahai-library.com/compilations-prayers-BP-115.md	Baha'i Prayers	3	0				1	no title match
39643	2026-08-10	../../../../../../tank/site2rag/websites_md/bahai-library.com/compilations-prayers-BP-116.md	Baha'i Prayers	9	0				1	no title match
39644	2026-08-10	../../../../../../tank/site2rag/websites_md/bahai-library.com/compilations-prayers-BP-117.md	Baha'i Prayers	2	0				1	no title match
39645	2026-08-10	../../../../../../tank/site2rag/websites_md/bahai-library.com/compilations-prayers-BP-118.md	Baha'i Prayers	7	0				1	no title match
39646	2026-08-10	../../../../../../tank/site2rag/websites_md/bahai-library.com/compilations-prayers-BP-119.md	Baha'i Prayers	3	0				1	no title match
39647	2026-08-10	../../../../../../tank/site2rag/websites_md/bahai-library.com/compilations-prayers-BP-12.md	Baha'i Prayers	7	0				1	no title match
39648	2026-08-10	../../../../../../tank/site2rag/websites_md/bahai-library.com/compilations-prayers-BP-120.md	Baha'i Prayers	13	0				1	no title match
39649	2026-08-10	../../../../../../tank/site2rag/websites_md/bahai-library.com/compilations-prayers-BP-121.md	Baha'i Prayers	9	0				1	no title match
39650	2026-08-10	../../../../../../tank/site2rag/websites_md/bahai-library.com/compilations-prayers-BP-122.md	Baha'i Prayers	9	0				1	no title match
39651	2026-08-10	../../../../../../tank/site2rag/websites_md/bahai-library.com/compilations-prayers-BP-123.md	Baha'i Prayers	2	0				1	no title match
39652	2026-08-10	../../../../../../tank/site2rag/websites_md/bahai-library.com/compilations-prayers-BP-124.md	Baha'i Prayers	9	0				1	no title match
39653	2026-08-10	../../../../../../tank/site2rag/websites_md/bahai-library.com/compilations-prayers-BP-125.md	Baha'i Prayers	3	0				1	no title match
39654	2026-08-10	../../../../../../tank/site2rag/websites_md/bahai-library.com/compilations-prayers-BP-126.md	Baha'i Prayers	5	0				1	no title match
39655	2026-08-10	../../../../../../tank/site2rag/websites_md/bahai-library.com/compilations-prayers-BP-127.md	Baha'i Prayers	9	0				1	no title match
39656	2026-08-10	../../../../../../tank/site2rag/websites_md/bahai-library.com/compilations-prayers-BP-128.md	Baha'i Prayers	7	0				1	no title match
39657	2026-08-10	../../../../../../tank/site2rag/websites_md/bahai-library.com/compilations-prayers-BP-129.md	Baha'i Prayers	9	0				1	no title match
39658	2026-08-10	../../../../../../tank/site2rag/websites_md/bahai-library.com/compilations-prayers-BP-13.md	Baha'i Prayers	3	0				1	no title match
39659	2026-08-10	../../../../../../tank/site2rag/websites_md/bahai-library.com/compilations-prayers-BP-130.md	Baha'i Prayers	9	0				1	no title match
39660	2026-08-10	../../../../../../tank/site2rag/websites_md/bahai-library.com/compilations-prayers-BP-131.md	Baha'i Prayers	7	0				1	no title match
39661	2026-08-10	../../../../../../tank/site2rag/websites_md/bahai-library.com/compilations-prayers-BP-132.md	Baha'i Prayers	7	0				1	no title match
39662	2026-08-10	../../../../../../tank/site2rag/websites_md/bahai-library.com/compilations-prayers-BP-133.md	Baha'i Prayers	15	0				1	no title match
39663	2026-08-10	../../../../../../tank/site2rag/websites_md/bahai-library.com/compilations-prayers-BP-134.md	Baha'i Prayers	5	0				1	no title match
39664	2026-08-10	../../../../../../tank/site2rag/websites_md/bahai-library.com/compilations-prayers-BP-135.md	Baha'i Prayers	5	0				1	no title match
39665	2026-08-10	../../../../../../tank/site2rag/websites_md/bahai-library.com/compilations-prayers-BP-136.md	Baha'i Prayers	5	0				1	no title match
39666	2026-08-10	../../../../../../tank/site2rag/websites_md/bahai-library.com/compilations-prayers-BP-137.md	Baha'i Prayers	3	0				1	no title match
39667	2026-08-10	../../../../../../tank/site2rag/websites_md/bahai-library.com/compilations-prayers-BP-138.md	Baha'i Prayers	7	0				1	no title match
39668	2026-08-10	../../../../../../tank/site2rag/websites_md/bahai-library.com/compilations-prayers-BP-139.md	Baha'i Prayers	7	0				1	no title match
39669	2026-08-10	../../../../../../tank/site2rag/websites_md/bahai-library.com/compilations-prayers-BP-14.md	Baha'i Prayers	7	0				1	no title match
39670	2026-08-10	../../../../../../tank/site2rag/websites_md/bahai-library.com/compilations-prayers-BP-140.md	Baha'i Prayers	9	0				1	no title match
39671	2026-08-10	../../../../../../tank/site2rag/websites_md/bahai-library.com/compilations-prayers-BP-141.md	Baha'i Prayers	9	0				1	no title match
39672	2026-08-10	../../../../../../tank/site2rag/websites_md/bahai-library.com/compilations-prayers-BP-142.md	Baha'i Prayers	9	0				1	no title match
39673	2026-08-10	../../../../../../tank/site2rag/websites_md/bahai-library.com/compilations-prayers-BP-143.md	Baha'i Prayers	2	0				1	no title match
39674	2026-08-10	../../../../../../tank/site2rag/websites_md/bahai-library.com/compilations-prayers-BP-144.md	Baha'i Prayers	3	0				1	no title match
39675	2026-08-10	../../../../../../tank/site2rag/websites_md/bahai-library.com/compilations-prayers-BP-145.md	Baha'i Prayers	9	0				1	no title match
39676	2026-08-10	../../../../../../tank/site2rag/websites_md/bahai-library.com/compilations-prayers-BP-146.md	Baha'i Prayers	7	0				1	no title match
39677	2026-08-10	../../../../../../tank/site2rag/websites_md/bahai-library.com/compilations-prayers-BP-147.md	Baha'i Prayers	5	0				1	no title match
39678	2026-08-10	../../../../../../tank/site2rag/websites_md/bahai-library.com/compilations-prayers-BP-148.md	Baha'i Prayers	13	0				1	no title match
39679	2026-08-10	../../../../../../tank/site2rag/websites_md/bahai-library.com/compilations-prayers-BP-149.md	Baha'i Prayers	25	0				1	no title match
39680	2026-08-10	../../../../../../tank/site2rag/websites_md/bahai-library.com/compilations-prayers-BP-15.md	Baha'i Prayers	5	0				1	no title match
39681	2026-08-10	../../../../../../tank/site2rag/websites_md/bahai-library.com/compilations-prayers-BP-150.md	Baha'i Prayers	11	0				1	no title match
39682	2026-08-10	../../../../../../tank/site2rag/websites_md/bahai-library.com/compilations-prayers-BP-151.md	Baha'i Prayers	2	0				1	no title match
39683	2026-08-10	../../../../../../tank/site2rag/websites_md/bahai-library.com/compilations-prayers-BP-152.md	Baha'i Prayers	5	0				1	no title match
39684	2026-08-10	../../../../../../tank/site2rag/websites_md/bahai-library.com/compilations-prayers-BP-153.md	Baha'i Prayers	7	0				1	no title match
39685	2026-08-10	../../../../../../tank/site2rag/websites_md/bahai-library.com/compilations-prayers-BP-154.md	Baha'i Prayers	7	0				1	no title match
39686	2026-08-10	../../../../../../tank/site2rag/websites_md/bahai-library.com/compilations-prayers-BP-155.md	Baha'i Prayers	11	0				1	no title match
39687	2026-08-10	../../../../../../tank/site2rag/websites_md/bahai-library.com/compilations-prayers-BP-156.md	Baha'i Prayers	3	0				1	no title match
39688	2026-08-10	../../../../../../tank/site2rag/websites_md/bahai-library.com/compilations-prayers-BP-157.md	Baha'i Prayers	9	0				1	no title match
39689	2026-08-10	../../../../../../tank/site2rag/websites_md/bahai-library.com/compilations-prayers-BP-158.md	Baha'i Prayers	7	0				1	no title match
39690	2026-08-10	../../../../../../tank/site2rag/websites_md/bahai-library.com/compilations-prayers-BP-159.md	Baha'i Prayers	7	0				1	no title match
39691	2026-08-10	../../../../../../tank/site2rag/websites_md/bahai-library.com/compilations-prayers-BP-16.md	Baha'i Prayers	2	0				1	no title match
39692	2026-08-10	../../../../../../tank/site2rag/websites_md/bahai-library.com/compilations-prayers-BP-160.md	Baha'i Prayers	9	0				1	no title match
39693	2026-08-10	../../../../../../tank/site2rag/websites_md/bahai-library.com/compilations-prayers-BP-161.md	Baha'i Prayers	9	0				1	no title match
39694	2026-08-10	../../../../../../tank/site2rag/websites_md/bahai-library.com/compilations-prayers-BP-162.md	Baha'i Prayers	2	0				1	no title match
39695	2026-08-10	../../../../../../tank/site2rag/websites_md/bahai-library.com/compilations-prayers-BP-163.md	Baha'i Prayers	2	0				1	no title match
39696	2026-08-10	../../../../../../tank/site2rag/websites_md/bahai-library.com/compilations-prayers-BP-164.md	Baha'i Prayers	1	0				1	no title match
39697	2026-08-10	../../../../../../tank/site2rag/websites_md/bahai-library.com/compilations-prayers-BP-165.md	Baha'i Prayers	7	0				1	no title match
39698	2026-08-10	../../../../../../tank/site2rag/websites_md/bahai-library.com/compilations-prayers-BP-166.md	Baha'i Prayers	9	0				1	no title match
39699	2026-08-10	../../../../../../tank/site2rag/websites_md/bahai-library.com/compilations-prayers-BP-167.md	Baha'i Prayers	3	0				1	no title match
39700	2026-08-10	../../../../../../tank/site2rag/websites_md/bahai-library.com/compilations-prayers-BP-168.md	Baha'i Prayers	11	0				1	no title match
39701	2026-08-10	../../../../../../tank/site2rag/websites_md/bahai-library.com/compilations-prayers-BP-169.md	Baha'i Prayers	36	0				1	no title match
39702	2026-08-10	../../../../../../tank/site2rag/websites_md/bahai-library.com/compilations-prayers-BP-17.md	Baha'i Prayers	3	0				1	no title match
39703	2026-08-10	../../../../../../tank/site2rag/websites_md/bahai-library.com/compilations-prayers-BP-170.md	Baha'i Prayers	103	0				1	no title match
39704	2026-08-10	../../../../../../tank/site2rag/websites_md/bahai-library.com/compilations-prayers-BP-171.md	Baha'i Prayers	121	0				1	no title match
39705	2026-08-10	../../../../../../tank/site2rag/websites_md/bahai-library.com/compilations-prayers-BP-172.md	Baha'i Prayers	17	0				1	no title match
39706	2026-08-10	../../../../../../tank/site2rag/websites_md/bahai-library.com/compilations-prayers-BP-173.md	Baha'i Prayers	17	0				1	no title match
39707	2026-08-10	../../../../../../tank/site2rag/websites_md/bahai-library.com/compilations-prayers-BP-174.md	Baha'i Prayers	17	0				1	no title match
39708	2026-08-10	../../../../../../tank/site2rag/websites_md/bahai-library.com/compilations-prayers-BP-175.md	Baha'i Prayers	29	0				1	no title match
39709	2026-08-10	../../../../../../tank/site2rag/websites_md/bahai-library.com/compilations-prayers-BP-176.md	Baha'i Prayers	9	0				1	no title match
39710	2026-08-10	../../../../../../tank/site2rag/websites_md/bahai-library.com/compilations-prayers-BP-177.md	Baha'i Prayers	19	0				1	no title match
39711	2026-08-10	../../../../../../tank/site2rag/websites_md/bahai-library.com/compilations-prayers-BP-178.md	Baha'i Prayers	27	0				1	no title match
39712	2026-08-10	../../../../../../tank/site2rag/websites_md/bahai-library.com/compilations-prayers-BP-179.md	Baha'i Prayers	13	0				1	no title match
39713	2026-08-10	../../../../../../tank/site2rag/websites_md/bahai-library.com/compilations-prayers-BP-18.md	Baha'i Prayers	3	0				1	no title match
39714	2026-08-10	../../../../../../tank/site2rag/websites_md/bahai-library.com/compilations-prayers-BP-19.md	Baha'i Prayers	3	0				1	no title match
39715	2026-08-10	../../../../../../tank/site2rag/websites_md/bahai-library.com/compilations-prayers-BP-2.md	Baha'i Prayers	7	0				1	no title match
39716	2026-08-10	../../../../../../tank/site2rag/websites_md/bahai-library.com/compilations-prayers-BP-20.md	Baha'i Prayers	23	0				1	no title match
39717	2026-08-10	../../../../../../tank/site2rag/websites_md/bahai-library.com/compilations-prayers-BP-21.md	Baha'i Prayers	5	0				1	no title match
39718	2026-08-10	../../../../../../tank/site2rag/websites_md/bahai-library.com/compilations-prayers-BP-22.md	Baha'i Prayers	3	0				1	no title match
39719	2026-08-10	../../../../../../tank/site2rag/websites_md/bahai-library.com/compilations-prayers-BP-23.md	Baha'i Prayers	5	0				1	no title match
39720	2026-08-10	../../../../../../tank/site2rag/websites_md/bahai-library.com/compilations-prayers-BP-24.md	Baha'i Prayers	2	0				1	no title match
39721	2026-08-10	../../../../../../tank/site2rag/websites_md/bahai-library.com/compilations-prayers-BP-25.md	Baha'i Prayers	3	0				1	no title match
39722	2026-08-10	../../../../../../tank/site2rag/websites_md/bahai-library.com/compilations-prayers-BP-26.md	Baha'i Prayers	3	0				1	no title match
39723	2026-08-10	../../../../../../tank/site2rag/websites_md/bahai-library.com/compilations-prayers-BP-27.md	Baha'i Prayers	2	0				1	no title match
39724	2026-08-10	../../../../../../tank/site2rag/websites_md/bahai-library.com/compilations-prayers-BP-28.md	Baha'i Prayers	2	0				1	no title match
39725	2026-08-10	../../../../../../tank/site2rag/websites_md/bahai-library.com/compilations-prayers-BP-29.md	Baha'i Prayers	3	0				1	no title match
39726	2026-08-10	../../../../../../tank/site2rag/websites_md/bahai-library.com/compilations-prayers-BP-3.md	Baha'i Prayers	2	0				1	no title match
39727	2026-08-10	../../../../../../tank/site2rag/websites_md/bahai-library.com/compilations-prayers-BP-30.md	Baha'i Prayers	2	0				1	no title match
39728	2026-08-10	../../../../../../tank/site2rag/websites_md/bahai-library.com/compilations-prayers-BP-31.md	Baha'i Prayers	3	0				1	no title match
39729	2026-08-10	../../../../../../tank/site2rag/websites_md/bahai-library.com/compilations-prayers-BP-32.md	Baha'i Prayers	3	0				1	no title match
39730	2026-08-10	../../../../../../tank/site2rag/websites_md/bahai-library.com/compilations-prayers-BP-33.md	Baha'i Prayers	23	0				1	no title match
39731	2026-08-10	../../../../../../tank/site2rag/websites_md/bahai-library.com/compilations-prayers-BP-34.md	Baha'i Prayers	7	0				1	no title match
39732	2026-08-10	../../../../../../tank/site2rag/websites_md/bahai-library.com/compilations-prayers-BP-35.md	Baha'i Prayers	23	0				1	no title match
39733	2026-08-10	../../../../../../tank/site2rag/websites_md/bahai-library.com/compilations-prayers-BP-36.md	Baha'i Prayers	3	0				1	no title match
39734	2026-08-10	../../../../../../tank/site2rag/websites_md/bahai-library.com/compilations-prayers-BP-37.md	Baha'i Prayers	4	0				1	no title match
39735	2026-08-10	../../../../../../tank/site2rag/websites_md/bahai-library.com/compilations-prayers-BP-38.md	Baha'i Prayers	7	0				1	no title match
39736	2026-08-10	../../../../../../tank/site2rag/websites_md/bahai-library.com/compilations-prayers-BP-39.md	Baha'i Prayers	7	0				1	no title match
39737	2026-08-10	../../../../../../tank/site2rag/websites_md/bahai-library.com/compilations-prayers-BP-4.md	Baha'i Prayers	27	0				1	no title match
39738	2026-08-10	../../../../../../tank/site2rag/websites_md/bahai-library.com/compilations-prayers-BP-40.md	Baha'i Prayers	4	0				1	no title match
39739	2026-08-10	../../../../../../tank/site2rag/websites_md/bahai-library.com/compilations-prayers-BP-41.md	Baha'i Prayers	9	0				1	no title match
39740	2026-08-10	../../../../../../tank/site2rag/websites_md/bahai-library.com/compilations-prayers-BP-42.md	Baha'i Prayers	9	0				1	no title match
39741	2026-08-10	../../../../../../tank/site2rag/websites_md/bahai-library.com/compilations-prayers-BP-43.md	Baha'i Prayers	11	0				1	no title match
39742	2026-08-10	../../../../../../tank/site2rag/websites_md/bahai-library.com/compilations-prayers-BP-44.md	Baha'i Prayers	9	0				1	no title match
39743	2026-08-10	../../../../../../tank/site2rag/websites_md/bahai-library.com/compilations-prayers-BP-45.md	Baha'i Prayers	11	0				1	no title match
39744	2026-08-10	../../../../../../tank/site2rag/websites_md/bahai-library.com/compilations-prayers-BP-46.md	Baha'i Prayers	9	0				1	no title match
39745	2026-08-10	../../../../../../tank/site2rag/websites_md/bahai-library.com/compilations-prayers-BP-47.md	Baha'i Prayers	7	0				1	no title match
39746	2026-08-10	../../../../../../tank/site2rag/websites_md/bahai-library.com/compilations-prayers-BP-48.md	Baha'i Prayers	7	0				1	no title match
39747	2026-08-10	../../../../../../tank/site2rag/websites_md/bahai-library.com/compilations-prayers-BP-49.md	Baha'i Prayers	7	0				1	no title match
39748	2026-08-10	../../../../../../tank/site2rag/websites_md/bahai-library.com/compilations-prayers-BP-5.md	Baha'i Prayers	34	0				1	no title match
39749	2026-08-10	../../../../../../tank/site2rag/websites_md/bahai-library.com/compilations-prayers-BP-50.md	Baha'i Prayers	2	0				1	no title match
39750	2026-08-10	../../../../../../tank/site2rag/websites_md/bahai-library.com/compilations-prayers-BP-51.md	Baha'i Prayers	7	7				1	no title match
39767	2026-08-10	../../../../../../tank/site2rag/websites_md/bahai-library.com/compilations-prayers-BP-67.md	Baha'i Prayers	3	0				1	no title match
39768	2026-08-10	../../../../../../tank/site2rag/websites_md/bahai-library.com/compilations-prayers-BP-68.md	Baha'i Prayers	3	0				1	no title match
39769	2026-08-10	../../../../../../tank/site2rag/websites_md/bahai-library.com/compilations-prayers-BP-69.md	Baha'i Prayers	5	0				1	no title match
39770	2026-08-10	../../../../../../tank/site2rag/websites_md/bahai-library.com/compilations-prayers-BP-7.md	Baha'i Prayers	5	0				1	no title match
39771	2026-08-10	../../../../../../tank/site2rag/websites_md/bahai-library.com/compilations-prayers-BP-70.md	Baha'i Prayers	3	0				1	no title match
39772	2026-08-10	../../../../../../tank/site2rag/websites_md/bahai-library.com/compilations-prayers-BP-71.md	Baha'i Prayers	9	0				1	no title match
39773	2026-08-10	../../../../../../tank/site2rag/websites_md/bahai-library.com/compilations-prayers-BP-72.md	Baha'i Prayers	7	0				1	no title match
39774	2026-08-10	../../../../../../tank/site2rag/websites_md/bahai-library.com/compilations-prayers-BP-73.md	Baha'i Prayers	3	0				1	no title match
39775	2026-08-10	../../../../../../tank/site2rag/websites_md/bahai-library.com/compilations-prayers-BP-74.md	Baha'i Prayers	5	0				1	no title match
39776	2026-08-10	../../../../../../tank/site2rag/websites_md/bahai-library.com/compilations-prayers-BP-75.md	Baha'i Prayers	7	0				1	no title match
39777	2026-08-10	../../../../../../tank/site2rag/websites_md/bahai-library.com/compilations-prayers-BP-76.md	Baha'i Prayers	9	0				1	no title match
39778	2026-08-10	../../../../../../tank/site2rag/websites_md/bahai-library.com/compilations-prayers-BP-77.md	Baha'i Prayers	95	0				1	no title match
39779	2026-08-10	../../../../../../tank/site2rag/websites_md/bahai-library.com/compilations-prayers-BP-78.md	Baha'i Prayers	7	0				1	no title match
39780	2026-08-10	../../../../../../tank/site2rag/websites_md/bahai-library.com/compilations-prayers-BP-79.md	Baha'i Prayers	3	0				1	no title match
39781	2026-08-10	../../../../../../tank/site2rag/websites_md/bahai-library.com/compilations-prayers-BP-8.md	Baha'i Prayers	9	0				1	no title match
39782	2026-08-10	../../../../../../tank/site2rag/websites_md/bahai-library.com/compilations-prayers-BP-80.md	Baha'i Prayers	3	0				1	no title match
39783	2026-08-10	../../../../../../tank/site2rag/websites_md/bahai-library.com/compilations-prayers-BP-81.md	Baha'i Prayers	15	0				1	no title match
39784	2026-08-10	../../../../../../tank/site2rag/websites_md/bahai-library.com/compilations-prayers-BP-82.md	Baha'i Prayers	13	0				1	no title match
39785	2026-08-10	../../../../../../tank/site2rag/websites_md/bahai-library.com/compilations-prayers-BP-83.md	Baha'i Prayers	2	0				1	no title match
39786	2026-08-10	../../../../../../tank/site2rag/websites_md/bahai-library.com/compilations-prayers-BP-84.md	Baha'i Prayers	3	0				1	no title match
39787	2026-08-10	../../../../../../tank/site2rag/websites_md/bahai-library.com/compilations-prayers-BP-85.md	Baha'i Prayers	5	0				1	no title match
39788	2026-08-10	../../../../../../tank/site2rag/websites_md/bahai-library.com/compilations-prayers-BP-86.md	Baha'i Prayers	5	0				1	no title match
39789	2026-08-10	../../../../../../tank/site2rag/websites_md/bahai-library.com/compilations-prayers-BP-87.md	Baha'i Prayers	9	0				1	no title match
39790	2026-08-10	../../../../../../tank/site2rag/websites_md/bahai-library.com/compilations-prayers-BP-88.md	Baha'i Prayers	7	0				1	no title match
39791	2026-08-10	../../../../../../tank/site2rag/websites_md/bahai-library.com/compilations-prayers-BP-89.md	Baha'i Prayers	5	0				1	no title match
23820	2026-08-10	../../../../../../tank/site2rag/websites_md/bahai-library.com/6964.md	Baha'i Sacred Writings	1	0				1	no title match
28402	2026-08-10	../../../../../../tank/site2rag/websites_md/bahai-library.com/bahaullah_abdul-baha_sacred_writings&tagsall=yes.md	Baha'i Sacred Writings	1	0				1	no title match
28403	2026-08-10	../../../../../../tank/site2rag/websites_md/bahai-library.com/bahaullah_abdul-baha_sacred_writings.md	Baha'i Sacred Writings	7	0				1	no title match
28788	2026-08-10	../../../../../../tank/site2rag/websites_md/bahai-library.com/bahaullah_surih_vash-shams_cole.md	Commentary on the Surah of the Sun	45	0				1	title->lib/ocean
39792	2026-08-10	../../../../../../tank/site2rag/websites_md/bahai-library.com/compilations-prayers-BP-9.md	Baha'i Prayers	3	0				1	no title match
39793	2026-08-10	../../../../../../tank/site2rag/websites_md/bahai-library.com/compilations-prayers-BP-90.md	Baha'i Prayers	11	0				1	no title match
39794	2026-08-10	../../../../../../tank/site2rag/websites_md/bahai-library.com/compilations-prayers-BP-91.md	Baha'i Prayers	2	0				1	no title match
39795	2026-08-10	../../../../../../tank/site2rag/websites_md/bahai-library.com/compilations-prayers-BP-92.md	Baha'i Prayers	6	0				1	no title match
39796	2026-08-10	../../../../../../tank/site2rag/websites_md/bahai-library.com/compilations-prayers-BP-93.md	Baha'i Prayers	3	0				1	no title match
39797	2026-08-10	../../../../../../tank/site2rag/websites_md/bahai-library.com/compilations-prayers-BP-94.md	Baha'i Prayers	5	0				1	no title match
39798	2026-08-10	../../../../../../tank/site2rag/websites_md/bahai-library.com/compilations-prayers-BP-95.md	Baha'i Prayers	11	0				1	no title match
39799	2026-08-10	../../../../../../tank/site2rag/websites_md/bahai-library.com/compilations-prayers-BP-96.md	Baha'i Prayers	5	0				1	no title match
39800	2026-08-10	../../../../../../tank/site2rag/websites_md/bahai-library.com/compilations-prayers-BP-97.md	Baha'i Prayers	9	0				1	no title match
39801	2026-08-10	../../../../../../tank/site2rag/websites_md/bahai-library.com/compilations-prayers-BP-98.md	Baha'i Prayers	7	0				1	no title match
39802	2026-08-10	../../../../../../tank/site2rag/websites_md/bahai-library.com/compilations-prayers-BP-99.md	Baha'i Prayers	2	0				1	no title match
39803	2026-08-10	../../../../../../tank/site2rag/websites_md/bahai-library.com/compilations-prayers-bp.md	Baha'i Prayers	1635	0				1	no title match
220622	2026-08-10	../../../../../../tank/site2rag/websites_md/bahai-library.com/858.md	Commentary on the Surah of the Sun	45	0				1	title->lib/ocean
21677	2026-08-10	../../../../../../tank/site2rag/websites_md/bahai-library.com/1510.md	Epistle to the Son of the Wolf	798	0				1	title->lib/ocean
21811	2026-08-10	../../../../../../tank/site2rag/websites_md/bahai-library.com/1845.md	Gems of Divine Mysteries	360	0				1	title->lib/ocean
28437	2026-08-10	../../../../../../tank/site2rag/websites_md/bahai-library.com/bahaullah_epistle_son_wolf.md	Epistle to the Son of the Wolf	798	0				1	title->lib/ocean
28442	2026-08-10	../../../../../../tank/site2rag/websites_md/bahai-library.com/bahaullah_gems_divine_mysteries&tagsall=yes.md	Gems of Divine Mysteries	360	0				1	title->lib/ocean
28443	2026-08-10	../../../../../../tank/site2rag/websites_md/bahai-library.com/bahaullah_gems_divine_mysteries.md	Gems of Divine Mysteries	360	0				1	title->lib/ocean
28868	2026-08-10	../../../../../../tank/site2rag/websites_md/bahai-library.com/banani_hidden_words_bahaullah.md	The Hidden Words of Baha'u'llah	4	0				1	no title match
34269	2026-08-10	../../../../../../tank/site2rag/websites_md/bahai-library.com/books-new.era-bne.md	Baha'u'llah and the New Era	1746	0				1	no title match
57344	2026-08-10	../../../../../../tank/site2rag/websites_md/bahai-library.com/1517.md	Prayers and Meditations	1	0				1	title->lib/ocean
57414	2026-08-10	../../../../../../tank/site2rag/websites_md/bahai-library.com/bahaullah_prayers_meditations.md	Prayers and Meditations	1	0				1	title->lib/ocean
60704	2026-08-10	../../../../../../tank/site2rag/websites_md/bahai-library.com/4246.md	The Hidden Words of Baha'u'llah	4	0				1	no title match
912370	2026-08-10	../../../../../../tank/site2rag/websites_md/bahai-library.com/1519.md	The Seven Valleys and the Four Valleys	7	0				1	title->lib/ocean
912518	2026-08-10	../../../../../../tank/site2rag/websites_md/bahai-library.com/bahaullah_seven_four_valleys.md	The Seven Valleys and the Four Valleys	7	0				1	title->lib/ocean
22075	2026-08-10	../../../../../../tank/site2rag/websites_md/bahai-library.com/2546.md	Social and Economic Development	305	0				1	title->lib/ocean
22171	2026-08-10	../../../../../../tank/site2rag/websites_md/bahai-library.com/271.md	Arts and Crafts	9	0				1	title->lib/ocean
22343	2026-08-10	../../../../../../tank/site2rag/websites_md/bahai-library.com/317.md	Peace	276	0				1	title->lib/ocean
22378	2026-08-10	../../../../../../tank/site2rag/websites_md/bahai-library.com/327.md	Teaching The Masses	1	0				1	title->lib/ocean
22998	2026-08-10	../../../../../../tank/site2rag/websites_md/bahai-library.com/5085.md	Prayer and Devotional Life	5	0				1	title->lib/ocean
23116	2026-08-10	../../../../../../tank/site2rag/websites_md/bahai-library.com/5348.md	Social Action	3	0				1	title->lib/ocean
23824	2026-08-10	../../../../../../tank/site2rag/websites_md/bahai-library.com/6974.md	The Covenant	5	0				1	title->lib/ocean
23906	2026-08-10	../../../../../../tank/site2rag/websites_md/bahai-library.com/7177.md	Social and Economic Development	10	0				1	title->lib/ocean
24782	2026-08-10	../../../../../../tank/site2rag/websites_md/bahai-library.com/arbab_teaching_masses.md	Teaching The Masses	10	0				1	title->lib/ocean
39378	2026-08-10	../../../../../../tank/site2rag/websites_md/bahai-library.com/compilation_arts_crafts.md	Arts and Crafts	9	0				1	title->lib/ocean
39532	2026-08-10	../../../../../../tank/site2rag/websites_md/bahai-library.com/compilation_peace.md	Peace	276	0				1	title->lib/ocean
39539	2026-08-10	../../../../../../tank/site2rag/websites_md/bahai-library.com/compilation_prayer_devotional_life.md	Prayer and Devotional Life	5	0				1	title->lib/ocean
39573	2026-08-10	../../../../../../tank/site2rag/websites_md/bahai-library.com/compilation_social_action.md	Social Action	3	0				1	title->lib/ocean
39574	2026-08-10	../../../../../../tank/site2rag/websites_md/bahai-library.com/compilation_social_economic_development.md	Social and Economic Development	305	0				1	title->lib/ocean
39586	2026-08-10	../../../../../../tank/site2rag/websites_md/bahai-library.com/compilation_teaching_masses.md	Teaching The Masses	1	0				1	title->lib/ocean
40324	2026-08-10	../../../../../../tank/site2rag/websites_md/bahai-library.com/esslemont_bahaullah_new_era.md	Baha'u'llah and the New Era	27	0				1	no title match
60684	2026-08-10	../../../../../../tank/site2rag/websites_md/bahai-library.com/4159.md	The Covenant	3	0				1	title->lib/ocean
129590	2026-08-10	../../../../../../tank/site2rag/websites_md/bahai-library.com/3982.md	Social Action	85	0				1	title->lib/ocean
166568	2026-08-10	../../../../../../tank/site2rag/websites_md/bahai-library.com/momen_byzantines.md	Abdu'l-Baha's Commentary on the Qur'anic Verses Concerning the Overthrow of the Byzantines: The Stages of the Soul	1	0				1	no title match
168943	2026-08-10	../../../../../../tank/site2rag/websites_md/bahai-library.com/nakhjavani_the_covenant.md	The Covenant	7	0				1	title->lib/ocean
188610	2026-08-10	../../../../../../tank/site2rag/websites_md/bahai-library.com/osed_social_action.md	Social Action	85	0				1	title->lib/ocean
212226	2026-08-10	../../../../../../tank/site2rag/websites_md/bahai-library.com/polk_social_economic_development.md	Social and Economic Development	10	0				1	title->lib/ocean
216250	2026-08-10	../../../../../../tank/site2rag/websites_md/bahai-library.com/remey_covenant_1919.md	The Covenant	3	0				1	title->lib/ocean
283138	2026-08-10	../../../../../../tank/site2rag/websites_md/bahai-library.com/shahrokh_covenant.md	The Covenant	4	0				1	title->lib/ocean
327152	2026-08-10	../../../../../../tank/site2rag/websites_md/bahai-library.com/uhj_social_economic_development.md	Social and Economic Development	10	0				1	title->lib/ocean
22395	2026-08-10	../../../../../../tank/site2rag/websites_md/bahai-library.com/333.md	Women	5	0				1	title->lib/ocean
22400	2026-08-10	../../../../../../tank/site2rag/websites_md/bahai-library.com/334.md	Writers and Writing	76	0				1	title->lib/ocean
22410	2026-08-10	../../../../../../tank/site2rag/websites_md/bahai-library.com/336.md	Youth	193	0				1	title->lib/ocean
22616	2026-08-10	../../../../../../tank/site2rag/websites_md/bahai-library.com/4071.md	Huququ'llah: The Right of God	441	0				1	no title match
22935	2026-08-10	../../../../../../tank/site2rag/websites_md/bahai-library.com/4935.md	Call to the Nations	6	0				1	title->lib/ocean
23209	2026-08-10	../../../../../../tank/site2rag/websites_md/bahai-library.com/5600.md	The Universal House of Justice	4	0				1	title->lib/ocean
23497	2026-08-10	../../../../../../tank/site2rag/websites_md/bahai-library.com/6320.md	To Set the World in Order: Building and Preserving Strong Marriages	6	0				1	title->lib/ocean
39418	2026-08-10	../../../../../../tank/site2rag/websites_md/bahai-library.com/compilation_building_strong_marriages.md	To Set the World in Order: Building and Preserving Strong Marriages	6	0				1	title->lib/ocean
39479	2026-08-10	../../../../../../tank/site2rag/websites_md/bahai-library.com/compilation_huququllah_right_god.md	Huququ'llah: The Right of God	441	0				1	no title match
39604	2026-08-10	../../../../../../tank/site2rag/websites_md/bahai-library.com/compilation_women&chapter=1.md	Women	102	0				1	title->lib/ocean
39605	2026-08-10	../../../../../../tank/site2rag/websites_md/bahai-library.com/compilation_women&chapter=2.md	Women	51	0				1	title->lib/ocean
39606	2026-08-10	../../../../../../tank/site2rag/websites_md/bahai-library.com/compilation_women&chapter=3.md	Women	67	0				1	title->lib/ocean
39607	2026-08-10	../../../../../../tank/site2rag/websites_md/bahai-library.com/compilation_women&chapter=4.md	Women	54	0				1	title->lib/ocean
39608	2026-08-10	../../../../../../tank/site2rag/websites_md/bahai-library.com/compilation_women&chapter=5.md	Women	89	0				1	title->lib/ocean
39609	2026-08-10	../../../../../../tank/site2rag/websites_md/bahai-library.com/compilation_women&chapter=6.md	Women	17	0				1	title->lib/ocean
39610	2026-08-10	../../../../../../tank/site2rag/websites_md/bahai-library.com/compilation_women&chapter=all.md	Women	369	0				1	title->lib/ocean
39611	2026-08-10	../../../../../../tank/site2rag/websites_md/bahai-library.com/compilation_women.md	Women	5	0				1	title->lib/ocean
57426	2026-08-10	../../../../../../tank/site2rag/websites_md/bahai-library.com/compilation_writers_writing.md	Writers and Writing	76	0				1	title->lib/ocean
57427	2026-08-10	../../../../../../tank/site2rag/websites_md/bahai-library.com/compilation_youth.md	Youth	193	0				1	title->lib/ocean
188842	2026-08-10	../../../../../../tank/site2rag/websites_md/bahai-library.com/payman_huququllah_right_god.md	Huququ'llah: The Right of God	46	0				1	no title match
282758	2026-08-10	../../../../../../tank/site2rag/websites_md/bahai-library.com/russian-cmp-women.md	women	301	0				1	title->lib/ocean
282785	2026-08-10	../../../../../../tank/site2rag/websites_md/bahai-library.com/russian-sef-call_nations.md	Call to the Nations	40	0				1	title->lib/ocean
324837	2026-08-10	../../../../../../tank/site2rag/websites_md/bahai-library.com/uhj_bpt-australia_the_covenant.md	The Covenant	5	0				1	title->lib/ocean
325055	2026-08-10	../../../../../../tank/site2rag/websites_md/bahai-library.com/uhj_compilation_uhj.md	The Universal House of Justice	4	0				1	title->lib/ocean
402288	2026-08-10	../../../../../../tank/site2rag/websites_md/bahai-library.com/compilation_women-.md	Women	5	0				1	title->lib/ocean
21687	2026-08-10	../../../../../../tank/site2rag/websites_md/bahai-library.com/1525.md	Citadel of Faith: Messages to America 1947-1957	6	0				1	no title match
21688	2026-08-10	../../../../../../tank/site2rag/websites_md/bahai-library.com/1527.md	Dawn of a New Day	10	0				1	title->lib/ocean
57346	2026-08-10	../../../../../../tank/site2rag/websites_md/bahai-library.com/1526.md	Directives from the Guardian	11	0				1	title->lib/ocean
283239	2026-08-10	../../../../../../tank/site2rag/websites_md/bahai-library.com/shoghi-effendi_call_nations.md	Call to the Nations	6	0				1	title->lib/ocean
283240	2026-08-10	../../../../../../tank/site2rag/websites_md/bahai-library.com/shoghi-effendi_citadel_faith.md	Citadel of Faith: Messages to America 1947-1957	6	0				1	no title match
283243	2026-08-10	../../../../../../tank/site2rag/websites_md/bahai-library.com/shoghi-effendi_dawn_new_day.md	Dawn of a New Day	10	0				1	title->lib/ocean
283250	2026-08-10	../../../../../../tank/site2rag/websites_md/bahai-library.com/shoghi-effendi_directives_guardian.md	Directives from the Guardian	11	0				1	title->lib/ocean
341146	2026-08-10	../../../../../../tank/site2rag/websites_md/bahai-library.com/writings-shoghieffendi-dg-sec-10.md	Directives From the Guardian	7	0				1	title->lib/ocean
341157	2026-08-10	../../../../../../tank/site2rag/websites_md/bahai-library.com/writings-shoghieffendi-dg-sec-100.md	Directives From the Guardian	7	0				1	title->lib/ocean
341177	2026-08-10	../../../../../../tank/site2rag/websites_md/bahai-library.com/writings-shoghieffendi-dg-sec-101.md	Directives From the Guardian	7	0				1	title->lib/ocean
341178	2026-08-10	../../../../../../tank/site2rag/websites_md/bahai-library.com/writings-shoghieffendi-dg-sec-102.md	Directives From the Guardian	7	0				1	title->lib/ocean
341189	2026-08-10	../../../../../../tank/site2rag/websites_md/bahai-library.com/writings-shoghieffendi-dg-sec-103.md	Directives From the Guardian	7	0				1	title->lib/ocean
341190	2026-08-10	../../../../../../tank/site2rag/websites_md/bahai-library.com/writings-shoghieffendi-dg-sec-104.md	Directives From the Guardian	7	0				1	title->lib/ocean
341199	2026-08-10	../../../../../../tank/site2rag/websites_md/bahai-library.com/writings-shoghieffendi-dg-sec-105.md	Directives From the Guardian	7	0				1	title->lib/ocean
341210	2026-08-10	../../../../../../tank/site2rag/websites_md/bahai-library.com/writings-shoghieffendi-dg-sec-106.md	Directives From the Guardian	8	0				1	title->lib/ocean
341216	2026-08-10	../../../../../../tank/site2rag/websites_md/bahai-library.com/writings-shoghieffendi-dg-sec-107.md	Directives From the Guardian	7	0				1	title->lib/ocean
341223	2026-08-10	../../../../../../tank/site2rag/websites_md/bahai-library.com/writings-shoghieffendi-dg-sec-108.md	Directives From the Guardian	8	0				1	title->lib/ocean
341231	2026-08-10	../../../../../../tank/site2rag/websites_md/bahai-library.com/writings-shoghieffendi-dg-sec-109.md	Directives From the Guardian	7	0				1	title->lib/ocean
341234	2026-08-10	../../../../../../tank/site2rag/websites_md/bahai-library.com/writings-shoghieffendi-dg-sec-11.md	Directives From the Guardian	7	0				1	title->lib/ocean
341239	2026-08-10	../../../../../../tank/site2rag/websites_md/bahai-library.com/writings-shoghieffendi-dg-sec-110.md	Directives From the Guardian	7	0				1	title->lib/ocean
341244	2026-08-10	../../../../../../tank/site2rag/websites_md/bahai-library.com/writings-shoghieffendi-dg-sec-111.md	Directives From the Guardian	7	0				1	title->lib/ocean
341247	2026-08-10	../../../../../../tank/site2rag/websites_md/bahai-library.com/writings-shoghieffendi-dg-sec-112.md	Directives From the Guardian	7	0				1	title->lib/ocean
341254	2026-08-10	../../../../../../tank/site2rag/websites_md/bahai-library.com/writings-shoghieffendi-dg-sec-113.md	Directives From the Guardian	7	0				1	title->lib/ocean
341263	2026-08-10	../../../../../../tank/site2rag/websites_md/bahai-library.com/writings-shoghieffendi-dg-sec-114.md	Directives From the Guardian	7	0				1	title->lib/ocean
341269	2026-08-10	../../../../../../tank/site2rag/websites_md/bahai-library.com/writings-shoghieffendi-dg-sec-115.md	Directives From the Guardian	7	0				1	title->lib/ocean
341275	2026-08-10	../../../../../../tank/site2rag/websites_md/bahai-library.com/writings-shoghieffendi-dg-sec-116.md	Directives From the Guardian	9	0				1	title->lib/ocean
341281	2026-08-10	../../../../../../tank/site2rag/websites_md/bahai-library.com/writings-shoghieffendi-dg-sec-117.md	Directives From the Guardian	7	0				1	title->lib/ocean
341295	2026-08-10	../../../../../../tank/site2rag/websites_md/bahai-library.com/writings-shoghieffendi-dg-sec-118.md	Directives From the Guardian	7	0				1	title->lib/ocean
341304	2026-08-10	../../../../../../tank/site2rag/websites_md/bahai-library.com/writings-shoghieffendi-dg-sec-119.md	Directives From the Guardian	7	0				1	title->lib/ocean
341325	2026-08-10	../../../../../../tank/site2rag/websites_md/bahai-library.com/writings-shoghieffendi-dg-sec-12.md	Directives From the Guardian	8	0				1	title->lib/ocean
341337	2026-08-10	../../../../../../tank/site2rag/websites_md/bahai-library.com/writings-shoghieffendi-dg-sec-120.md	Directives From the Guardian	7	0				1	title->lib/ocean
341352	2026-08-10	../../../../../../tank/site2rag/websites_md/bahai-library.com/writings-shoghieffendi-dg-sec-121.md	Directives From the Guardian	9	0				1	title->lib/ocean
341354	2026-08-10	../../../../../../tank/site2rag/websites_md/bahai-library.com/writings-shoghieffendi-dg-sec-122.md	Directives From the Guardian	7	0				1	title->lib/ocean
341373	2026-08-10	../../../../../../tank/site2rag/websites_md/bahai-library.com/writings-shoghieffendi-dg-sec-123.md	Directives From the Guardian	7	0				1	title->lib/ocean
341374	2026-08-10	../../../../../../tank/site2rag/websites_md/bahai-library.com/writings-shoghieffendi-dg-sec-124.md	Directives From the Guardian	7	0				1	title->lib/ocean
341392	2026-08-10	../../../../../../tank/site2rag/websites_md/bahai-library.com/writings-shoghieffendi-dg-sec-125.md	Directives From the Guardian	9	0				1	title->lib/ocean
341399	2026-08-10	../../../../../../tank/site2rag/websites_md/bahai-library.com/writings-shoghieffendi-dg-sec-126.md	Directives From the Guardian	9	0				1	title->lib/ocean
341420	2026-08-10	../../../../../../tank/site2rag/websites_md/bahai-library.com/writings-shoghieffendi-dg-sec-127.md	Directives From the Guardian	7	0				1	title->lib/ocean
341422	2026-08-10	../../../../../../tank/site2rag/websites_md/bahai-library.com/writings-shoghieffendi-dg-sec-128.md	Directives From the Guardian	7	0				1	title->lib/ocean
341432	2026-08-10	../../../../../../tank/site2rag/websites_md/bahai-library.com/writings-shoghieffendi-dg-sec-129.md	Directives From the Guardian	7	0				1	title->lib/ocean
341439	2026-08-10	../../../../../../tank/site2rag/websites_md/bahai-library.com/writings-shoghieffendi-dg-sec-13.md	Directives From the Guardian	7	0				1	title->lib/ocean
341446	2026-08-10	../../../../../../tank/site2rag/websites_md/bahai-library.com/writings-shoghieffendi-dg-sec-130.md	Directives From the Guardian	7	0				1	title->lib/ocean
341448	2026-08-10	../../../../../../tank/site2rag/websites_md/bahai-library.com/writings-shoghieffendi-dg-sec-131.md	Directives From the Guardian	7	0				1	title->lib/ocean
341453	2026-08-10	../../../../../../tank/site2rag/websites_md/bahai-library.com/writings-shoghieffendi-dg-sec-132.md	Directives From the Guardian	7	0				1	title->lib/ocean
341457	2026-08-10	../../../../../../tank/site2rag/websites_md/bahai-library.com/writings-shoghieffendi-dg-sec-133.md	Directives From the Guardian	7	0				1	title->lib/ocean
341468	2026-08-10	../../../../../../tank/site2rag/websites_md/bahai-library.com/writings-shoghieffendi-dg-sec-134.md	Directives From the Guardian	7	0				1	title->lib/ocean
341478	2026-08-10	../../../../../../tank/site2rag/websites_md/bahai-library.com/writings-shoghieffendi-dg-sec-135.md	Directives From the Guardian	7	0				1	title->lib/ocean
341490	2026-08-10	../../../../../../tank/site2rag/websites_md/bahai-library.com/writings-shoghieffendi-dg-sec-136.md	Directives From the Guardian	7	0				1	title->lib/ocean
341493	2026-08-10	../../../../../../tank/site2rag/websites_md/bahai-library.com/writings-shoghieffendi-dg-sec-137.md	Directives From the Guardian	7	0				1	title->lib/ocean
341508	2026-08-10	../../../../../../tank/site2rag/websites_md/bahai-library.com/writings-shoghieffendi-dg-sec-138.md	Directives From the Guardian	8	0				1	title->lib/ocean
341519	2026-08-10	../../../../../../tank/site2rag/websites_md/bahai-library.com/writings-shoghieffendi-dg-sec-139.md	Directives From the Guardian	7	0				1	title->lib/ocean
341526	2026-08-10	../../../../../../tank/site2rag/websites_md/bahai-library.com/writings-shoghieffendi-dg-sec-14.md	Directives From the Guardian	7	0				1	title->lib/ocean
341536	2026-08-10	../../../../../../tank/site2rag/websites_md/bahai-library.com/writings-shoghieffendi-dg-sec-140.md	Directives From the Guardian	7	0				1	title->lib/ocean
341543	2026-08-10	../../../../../../tank/site2rag/websites_md/bahai-library.com/writings-shoghieffendi-dg-sec-141.md	Directives From the Guardian	7	0				1	title->lib/ocean
341551	2026-08-10	../../../../../../tank/site2rag/websites_md/bahai-library.com/writings-shoghieffendi-dg-sec-142.md	Directives From the Guardian	10	0				1	title->lib/ocean
341556	2026-08-10	../../../../../../tank/site2rag/websites_md/bahai-library.com/writings-shoghieffendi-dg-sec-143.md	Directives From the Guardian	7	0				1	title->lib/ocean
341562	2026-08-10	../../../../../../tank/site2rag/websites_md/bahai-library.com/writings-shoghieffendi-dg-sec-144.md	Directives From the Guardian	7	0				1	title->lib/ocean
341575	2026-08-10	../../../../../../tank/site2rag/websites_md/bahai-library.com/writings-shoghieffendi-dg-sec-145.md	Directives From the Guardian	8	0				1	title->lib/ocean
341582	2026-08-10	../../../../../../tank/site2rag/websites_md/bahai-library.com/writings-shoghieffendi-dg-sec-146.md	Directives From the Guardian	7	0				1	title->lib/ocean
341597	2026-08-10	../../../../../../tank/site2rag/websites_md/bahai-library.com/writings-shoghieffendi-dg-sec-147.md	Directives From the Guardian	7	0				1	title->lib/ocean
341603	2026-08-10	../../../../../../tank/site2rag/websites_md/bahai-library.com/writings-shoghieffendi-dg-sec-148.md	Directives From the Guardian	7	0				1	title->lib/ocean
341605	2026-08-10	../../../../../../tank/site2rag/websites_md/bahai-library.com/writings-shoghieffendi-dg-sec-149.md	Directives From the Guardian	10	0				1	title->lib/ocean
341613	2026-08-10	../../../../../../tank/site2rag/websites_md/bahai-library.com/writings-shoghieffendi-dg-sec-15.md	Directives From the Guardian	8	0				1	title->lib/ocean
341628	2026-08-10	../../../../../../tank/site2rag/websites_md/bahai-library.com/writings-shoghieffendi-dg-sec-150.md	Directives From the Guardian	7	0				1	title->lib/ocean
341633	2026-08-10	../../../../../../tank/site2rag/websites_md/bahai-library.com/writings-shoghieffendi-dg-sec-151.md	Directives From the Guardian	7	0				1	title->lib/ocean
341642	2026-08-10	../../../../../../tank/site2rag/websites_md/bahai-library.com/writings-shoghieffendi-dg-sec-152.md	Directives From the Guardian	7	0				1	title->lib/ocean
341654	2026-08-10	../../../../../../tank/site2rag/websites_md/bahai-library.com/writings-shoghieffendi-dg-sec-153.md	Directives From the Guardian	9	0				1	title->lib/ocean
341659	2026-08-10	../../../../../../tank/site2rag/websites_md/bahai-library.com/writings-shoghieffendi-dg-sec-154.md	Directives From the Guardian	8	0				1	title->lib/ocean
341667	2026-08-10	../../../../../../tank/site2rag/websites_md/bahai-library.com/writings-shoghieffendi-dg-sec-155.md	Directives From the Guardian	7	0				1	title->lib/ocean
341678	2026-08-10	../../../../../../tank/site2rag/websites_md/bahai-library.com/writings-shoghieffendi-dg-sec-156.md	Directives From the Guardian	7	0				1	title->lib/ocean
341686	2026-08-10	../../../../../../tank/site2rag/websites_md/bahai-library.com/writings-shoghieffendi-dg-sec-157.md	Directives From the Guardian	9	0				1	title->lib/ocean
341695	2026-08-10	../../../../../../tank/site2rag/websites_md/bahai-library.com/writings-shoghieffendi-dg-sec-158.md	Directives From the Guardian	9	0				1	title->lib/ocean
341701	2026-08-10	../../../../../../tank/site2rag/websites_md/bahai-library.com/writings-shoghieffendi-dg-sec-159.md	Directives From the Guardian	7	0				1	title->lib/ocean
341709	2026-08-10	../../../../../../tank/site2rag/websites_md/bahai-library.com/writings-shoghieffendi-dg-sec-16.md	Directives From the Guardian	7	0				1	title->lib/ocean
341719	2026-08-10	../../../../../../tank/site2rag/websites_md/bahai-library.com/writings-shoghieffendi-dg-sec-160.md	Directives From the Guardian	8	0				1	title->lib/ocean
341723	2026-08-10	../../../../../../tank/site2rag/websites_md/bahai-library.com/writings-shoghieffendi-dg-sec-161.md	Directives From the Guardian	9	0				1	title->lib/ocean
341727	2026-08-10	../../../../../../tank/site2rag/websites_md/bahai-library.com/writings-shoghieffendi-dg-sec-162.md	Directives From the Guardian	7	0				1	title->lib/ocean
341731	2026-08-10	../../../../../../tank/site2rag/websites_md/bahai-library.com/writings-shoghieffendi-dg-sec-163.md	Directives From the Guardian	7	0				1	title->lib/ocean
341741	2026-08-10	../../../../../../tank/site2rag/websites_md/bahai-library.com/writings-shoghieffendi-dg-sec-164.md	Directives From the Guardian	9	0				1	title->lib/ocean
341748	2026-08-10	../../../../../../tank/site2rag/websites_md/bahai-library.com/writings-shoghieffendi-dg-sec-165.md	Directives From the Guardian	7	0				1	title->lib/ocean
341761	2026-08-10	../../../../../../tank/site2rag/websites_md/bahai-library.com/writings-shoghieffendi-dg-sec-166.md	Directives From the Guardian	7	0				1	title->lib/ocean
341768	2026-08-10	../../../../../../tank/site2rag/websites_md/bahai-library.com/writings-shoghieffendi-dg-sec-167.md	Directives From the Guardian	7	0				1	title->lib/ocean
341777	2026-08-10	../../../../../../tank/site2rag/websites_md/bahai-library.com/writings-shoghieffendi-dg-sec-168.md	Directives From the Guardian	7	0				1	title->lib/ocean
341785	2026-08-10	../../../../../../tank/site2rag/websites_md/bahai-library.com/writings-shoghieffendi-dg-sec-169.md	Directives From the Guardian	7	0				1	title->lib/ocean
341800	2026-08-10	../../../../../../tank/site2rag/websites_md/bahai-library.com/writings-shoghieffendi-dg-sec-17.md	Directives From the Guardian	7	0				1	title->lib/ocean
341811	2026-08-10	../../../../../../tank/site2rag/websites_md/bahai-library.com/writings-shoghieffendi-dg-sec-170.md	Directives From the Guardian	7	0				1	title->lib/ocean
341818	2026-08-10	../../../../../../tank/site2rag/websites_md/bahai-library.com/writings-shoghieffendi-dg-sec-171.md	Directives From the Guardian	7	0				1	title->lib/ocean
341829	2026-08-10	../../../../../../tank/site2rag/websites_md/bahai-library.com/writings-shoghieffendi-dg-sec-172.md	Directives From the Guardian	7	0				1	title->lib/ocean
341848	2026-08-10	../../../../../../tank/site2rag/websites_md/bahai-library.com/writings-shoghieffendi-dg-sec-173.md	Directives From the Guardian	7	0				1	title->lib/ocean
341858	2026-08-10	../../../../../../tank/site2rag/websites_md/bahai-library.com/writings-shoghieffendi-dg-sec-174.md	Directives From the Guardian	7	0				1	title->lib/ocean
341867	2026-08-10	../../../../../../tank/site2rag/websites_md/bahai-library.com/writings-shoghieffendi-dg-sec-175.md	Directives From the Guardian	7	0				1	title->lib/ocean
341876	2026-08-10	../../../../../../tank/site2rag/websites_md/bahai-library.com/writings-shoghieffendi-dg-sec-176.md	Directives From the Guardian	7	0				1	title->lib/ocean
341880	2026-08-10	../../../../../../tank/site2rag/websites_md/bahai-library.com/writings-shoghieffendi-dg-sec-177.md	Directives From the Guardian	7	0				1	title->lib/ocean
341902	2026-08-10	../../../../../../tank/site2rag/websites_md/bahai-library.com/writings-shoghieffendi-dg-sec-178.md	Directives From the Guardian	8	0				1	title->lib/ocean
341904	2026-08-10	../../../../../../tank/site2rag/websites_md/bahai-library.com/writings-shoghieffendi-dg-sec-179.md	Directives From the Guardian	9	0				1	title->lib/ocean
341910	2026-08-10	../../../../../../tank/site2rag/websites_md/bahai-library.com/writings-shoghieffendi-dg-sec-18.md	Directives From the Guardian	7	0				1	title->lib/ocean
341926	2026-08-10	../../../../../../tank/site2rag/websites_md/bahai-library.com/writings-shoghieffendi-dg-sec-180.md	Directives From the Guardian	7	0				1	title->lib/ocean
341931	2026-08-10	../../../../../../tank/site2rag/websites_md/bahai-library.com/writings-shoghieffendi-dg-sec-181.md	Directives From the Guardian	7	0				1	title->lib/ocean
341945	2026-08-10	../../../../../../tank/site2rag/websites_md/bahai-library.com/writings-shoghieffendi-dg-sec-182.md	Directives From the Guardian	7	0				1	title->lib/ocean
341955	2026-08-10	../../../../../../tank/site2rag/websites_md/bahai-library.com/writings-shoghieffendi-dg-sec-183.md	Directives From the Guardian	7	0				1	title->lib/ocean
341963	2026-08-10	../../../../../../tank/site2rag/websites_md/bahai-library.com/writings-shoghieffendi-dg-sec-184.md	Directives From the Guardian	8	0				1	title->lib/ocean
341977	2026-08-10	../../../../../../tank/site2rag/websites_md/bahai-library.com/writings-shoghieffendi-dg-sec-185.md	Directives From the Guardian	7	0				1	title->lib/ocean
341989	2026-08-10	../../../../../../tank/site2rag/websites_md/bahai-library.com/writings-shoghieffendi-dg-sec-186.md	Directives From the Guardian	7	0				1	title->lib/ocean
341993	2026-08-10	../../../../../../tank/site2rag/websites_md/bahai-library.com/writings-shoghieffendi-dg-sec-187.md	Directives From the Guardian	8	0				1	title->lib/ocean
342009	2026-08-10	../../../../../../tank/site2rag/websites_md/bahai-library.com/writings-shoghieffendi-dg-sec-188.md	Directives From the Guardian	8	0				1	title->lib/ocean
342019	2026-08-10	../../../../../../tank/site2rag/websites_md/bahai-library.com/writings-shoghieffendi-dg-sec-189.md	Directives From the Guardian	7	0				1	title->lib/ocean
342041	2026-08-10	../../../../../../tank/site2rag/websites_md/bahai-library.com/writings-shoghieffendi-dg-sec-19.md	Directives From the Guardian	7	0				1	title->lib/ocean
342046	2026-08-10	../../../../../../tank/site2rag/websites_md/bahai-library.com/writings-shoghieffendi-dg-sec-190.md	Directives From the Guardian	7	0				1	title->lib/ocean
342062	2026-08-10	../../../../../../tank/site2rag/websites_md/bahai-library.com/writings-shoghieffendi-dg-sec-191.md	Directives From the Guardian	7	0				1	title->lib/ocean
342068	2026-08-10	../../../../../../tank/site2rag/websites_md/bahai-library.com/writings-shoghieffendi-dg-sec-192.md	Directives From the Guardian	7	0				1	title->lib/ocean
342074	2026-08-10	../../../../../../tank/site2rag/websites_md/bahai-library.com/writings-shoghieffendi-dg-sec-193.md	Directives From the Guardian	7	0				1	title->lib/ocean
342085	2026-08-10	../../../../../../tank/site2rag/websites_md/bahai-library.com/writings-shoghieffendi-dg-sec-194.md	Directives From the Guardian	7	0				1	title->lib/ocean
342095	2026-08-10	../../../../../../tank/site2rag/websites_md/bahai-library.com/writings-shoghieffendi-dg-sec-195.md	Directives From the Guardian	7	0				1	title->lib/ocean
342105	2026-08-10	../../../../../../tank/site2rag/websites_md/bahai-library.com/writings-shoghieffendi-dg-sec-196.md	Directives From the Guardian	7	0				1	title->lib/ocean
342112	2026-08-10	../../../../../../tank/site2rag/websites_md/bahai-library.com/writings-shoghieffendi-dg-sec-197.md	Directives From the Guardian	7	0				1	title->lib/ocean
342123	2026-08-10	../../../../../../tank/site2rag/websites_md/bahai-library.com/writings-shoghieffendi-dg-sec-198.md	Directives From the Guardian	7	0				1	title->lib/ocean
342131	2026-08-10	../../../../../../tank/site2rag/websites_md/bahai-library.com/writings-shoghieffendi-dg-sec-199.md	Directives From the Guardian	7	0				1	title->lib/ocean
342137	2026-08-10	../../../../../../tank/site2rag/websites_md/bahai-library.com/writings-shoghieffendi-dg-sec-2.md	Directives From the Guardian	7	0				1	title->lib/ocean
342153	2026-08-10	../../../../../../tank/site2rag/websites_md/bahai-library.com/writings-shoghieffendi-dg-sec-20.md	Directives From the Guardian	8	0				1	title->lib/ocean
342161	2026-08-10	../../../../../../tank/site2rag/websites_md/bahai-library.com/writings-shoghieffendi-dg-sec-200.md	Directives From the Guardian	7	0				1	title->lib/ocean
342179	2026-08-10	../../../../../../tank/site2rag/websites_md/bahai-library.com/writings-shoghieffendi-dg-sec-201.md	Directives From the Guardian	7	0				1	title->lib/ocean
342191	2026-08-10	../../../../../../tank/site2rag/websites_md/bahai-library.com/writings-shoghieffendi-dg-sec-202.md	Directives From the Guardian	8	0				1	title->lib/ocean
342195	2026-08-10	../../../../../../tank/site2rag/websites_md/bahai-library.com/writings-shoghieffendi-dg-sec-203.md	Directives From the Guardian	7	0				1	title->lib/ocean
342207	2026-08-10	../../../../../../tank/site2rag/websites_md/bahai-library.com/writings-shoghieffendi-dg-sec-204.md	Directives From the Guardian	7	0				1	title->lib/ocean
342218	2026-08-10	../../../../../../tank/site2rag/websites_md/bahai-library.com/writings-shoghieffendi-dg-sec-205.md	Directives From the Guardian	8	0				1	title->lib/ocean
342227	2026-08-10	../../../../../../tank/site2rag/websites_md/bahai-library.com/writings-shoghieffendi-dg-sec-206.md	Directives From the Guardian	9	0				1	title->lib/ocean
342232	2026-08-10	../../../../../../tank/site2rag/websites_md/bahai-library.com/writings-shoghieffendi-dg-sec-207.md	Directives From the Guardian	7	0				1	title->lib/ocean
342235	2026-08-10	../../../../../../tank/site2rag/websites_md/bahai-library.com/writings-shoghieffendi-dg-sec-208.md	Directives From the Guardian	7	0				1	title->lib/ocean
342241	2026-08-10	../../../../../../tank/site2rag/websites_md/bahai-library.com/writings-shoghieffendi-dg-sec-209.md	Directives From the Guardian	7	0				1	title->lib/ocean
342245	2026-08-10	../../../../../../tank/site2rag/websites_md/bahai-library.com/writings-shoghieffendi-dg-sec-21.md	Directives From the Guardian	7	0				1	title->lib/ocean
342250	2026-08-10	../../../../../../tank/site2rag/websites_md/bahai-library.com/writings-shoghieffendi-dg-sec-210.md	Directives From the Guardian	9	0				1	title->lib/ocean
342258	2026-08-10	../../../../../../tank/site2rag/websites_md/bahai-library.com/writings-shoghieffendi-dg-sec-211.md	Directives From the Guardian	8	0				1	title->lib/ocean
342266	2026-08-10	../../../../../../tank/site2rag/websites_md/bahai-library.com/writings-shoghieffendi-dg-sec-212.md	Directives From the Guardian	9	0				1	title->lib/ocean
342272	2026-08-10	../../../../../../tank/site2rag/websites_md/bahai-library.com/writings-shoghieffendi-dg-sec-213.md	Directives From the Guardian	8	0				1	title->lib/ocean
342278	2026-08-10	../../../../../../tank/site2rag/websites_md/bahai-library.com/writings-shoghieffendi-dg-sec-214.md	Directives From the Guardian	7	0				1	title->lib/ocean
342286	2026-08-10	../../../../../../tank/site2rag/websites_md/bahai-library.com/writings-shoghieffendi-dg-sec-215.md	Directives From the Guardian	7	0				1	title->lib/ocean
342302	2026-08-10	../../../../../../tank/site2rag/websites_md/bahai-library.com/writings-shoghieffendi-dg-sec-216.md	Directives From the Guardian	7	0				1	title->lib/ocean
342309	2026-08-10	../../../../../../tank/site2rag/websites_md/bahai-library.com/writings-shoghieffendi-dg-sec-217.md	Directives From the Guardian	7	0				1	title->lib/ocean
342318	2026-08-10	../../../../../../tank/site2rag/websites_md/bahai-library.com/writings-shoghieffendi-dg-sec-218.md	Directives From the Guardian	7	0				1	title->lib/ocean
342323	2026-08-10	../../../../../../tank/site2rag/websites_md/bahai-library.com/writings-shoghieffendi-dg-sec-219.md	Directives From the Guardian	7	0				1	title->lib/ocean
342338	2026-08-10	../../../../../../tank/site2rag/websites_md/bahai-library.com/writings-shoghieffendi-dg-sec-22.md	Directives From the Guardian	8	0				1	title->lib/ocean
342347	2026-08-10	../../../../../../tank/site2rag/websites_md/bahai-library.com/writings-shoghieffendi-dg-sec-220.md	Directives From the Guardian	7	0				1	title->lib/ocean
342357	2026-08-10	../../../../../../tank/site2rag/websites_md/bahai-library.com/writings-shoghieffendi-dg-sec-221.md	Directives From the Guardian	7	0				1	title->lib/ocean
342363	2026-08-10	../../../../../../tank/site2rag/websites_md/bahai-library.com/writings-shoghieffendi-dg-sec-222.md	Directives From the Guardian	9	0				1	title->lib/ocean
342369	2026-08-10	../../../../../../tank/site2rag/websites_md/bahai-library.com/writings-shoghieffendi-dg-sec-223.md	Directives From the Guardian	11	0				1	title->lib/ocean
342376	2026-08-10	../../../../../../tank/site2rag/websites_md/bahai-library.com/writings-shoghieffendi-dg-sec-224.md	Directives From the Guardian	11	0				1	title->lib/ocean
342378	2026-08-10	../../../../../../tank/site2rag/websites_md/bahai-library.com/writings-shoghieffendi-dg-sec-225.md	Directives From the Guardian	8	0				1	title->lib/ocean
342397	2026-08-10	../../../../../../tank/site2rag/websites_md/bahai-library.com/writings-shoghieffendi-dg-sec-23.md	Directives From the Guardian	7	0				1	title->lib/ocean
342401	2026-08-10	../../../../../../tank/site2rag/websites_md/bahai-library.com/writings-shoghieffendi-dg-sec-24.md	Directives From the Guardian	7	0				1	title->lib/ocean
342411	2026-08-10	../../../../../../tank/site2rag/websites_md/bahai-library.com/writings-shoghieffendi-dg-sec-25.md	Directives From the Guardian	7	0				1	title->lib/ocean
342419	2026-08-10	../../../../../../tank/site2rag/websites_md/bahai-library.com/writings-shoghieffendi-dg-sec-26.md	Directives From the Guardian	7	0				1	title->lib/ocean
342425	2026-08-10	../../../../../../tank/site2rag/websites_md/bahai-library.com/writings-shoghieffendi-dg-sec-27.md	Directives From the Guardian	7	0				1	title->lib/ocean
342432	2026-08-10	../../../../../../tank/site2rag/websites_md/bahai-library.com/writings-shoghieffendi-dg-sec-28.md	Directives From the Guardian	7	0				1	title->lib/ocean
342434	2026-08-10	../../../../../../tank/site2rag/websites_md/bahai-library.com/writings-shoghieffendi-dg-sec-29.md	Directives From the Guardian	7	0				1	title->lib/ocean
342442	2026-08-10	../../../../../../tank/site2rag/websites_md/bahai-library.com/writings-shoghieffendi-dg-sec-3.md	Directives From the Guardian	7	0				1	title->lib/ocean
342447	2026-08-10	../../../../../../tank/site2rag/websites_md/bahai-library.com/writings-shoghieffendi-dg-sec-30.md	Directives From the Guardian	8	0				1	title->lib/ocean
342449	2026-08-10	../../../../../../tank/site2rag/websites_md/bahai-library.com/writings-shoghieffendi-dg-sec-31.md	Directives From the Guardian	7	0				1	title->lib/ocean
342454	2026-08-10	../../../../../../tank/site2rag/websites_md/bahai-library.com/writings-shoghieffendi-dg-sec-32.md	Directives From the Guardian	7	0				1	title->lib/ocean
342458	2026-08-10	../../../../../../tank/site2rag/websites_md/bahai-library.com/writings-shoghieffendi-dg-sec-33.md	Directives From the Guardian	7	0				1	title->lib/ocean
342464	2026-08-10	../../../../../../tank/site2rag/websites_md/bahai-library.com/writings-shoghieffendi-dg-sec-34.md	Directives From the Guardian	7	0				1	title->lib/ocean
342469	2026-08-10	../../../../../../tank/site2rag/websites_md/bahai-library.com/writings-shoghieffendi-dg-sec-35.md	Directives From the Guardian	7	0				1	title->lib/ocean
342478	2026-08-10	../../../../../../tank/site2rag/websites_md/bahai-library.com/writings-shoghieffendi-dg-sec-36.md	Directives From the Guardian	7	0				1	title->lib/ocean
342481	2026-08-10	../../../../../../tank/site2rag/websites_md/bahai-library.com/writings-shoghieffendi-dg-sec-37.md	Directives From the Guardian	7	0				1	title->lib/ocean
342485	2026-08-10	../../../../../../tank/site2rag/websites_md/bahai-library.com/writings-shoghieffendi-dg-sec-38.md	Directives From the Guardian	8	0				1	title->lib/ocean
342489	2026-08-10	../../../../../../tank/site2rag/websites_md/bahai-library.com/writings-shoghieffendi-dg-sec-39.md	Directives From the Guardian	7	0				1	title->lib/ocean
342495	2026-08-10	../../../../../../tank/site2rag/websites_md/bahai-library.com/writings-shoghieffendi-dg-sec-4.md	Directives From the Guardian	7	0				1	title->lib/ocean
342499	2026-08-10	../../../../../../tank/site2rag/websites_md/bahai-library.com/writings-shoghieffendi-dg-sec-40.md	Directives From the Guardian	7	0				1	title->lib/ocean
342510	2026-08-10	../../../../../../tank/site2rag/websites_md/bahai-library.com/writings-shoghieffendi-dg-sec-41.md	Directives From the Guardian	7	0				1	title->lib/ocean
342515	2026-08-10	../../../../../../tank/site2rag/websites_md/bahai-library.com/writings-shoghieffendi-dg-sec-42.md	Directives From the Guardian	7	0				1	title->lib/ocean
342529	2026-08-10	../../../../../../tank/site2rag/websites_md/bahai-library.com/writings-shoghieffendi-dg-sec-43.md	Directives From the Guardian	7	0				1	title->lib/ocean
342533	2026-08-10	../../../../../../tank/site2rag/websites_md/bahai-library.com/writings-shoghieffendi-dg-sec-44.md	Directives From the Guardian	8	0				1	title->lib/ocean
342547	2026-08-10	../../../../../../tank/site2rag/websites_md/bahai-library.com/writings-shoghieffendi-dg-sec-45.md	Directives From the Guardian	7	0				1	title->lib/ocean
342550	2026-08-10	../../../../../../tank/site2rag/websites_md/bahai-library.com/writings-shoghieffendi-dg-sec-46.md	Directives From the Guardian	8	0				1	title->lib/ocean
342552	2026-08-10	../../../../../../tank/site2rag/websites_md/bahai-library.com/writings-shoghieffendi-dg-sec-47.md	Directives From the Guardian	9	0				1	title->lib/ocean
342558	2026-08-10	../../../../../../tank/site2rag/websites_md/bahai-library.com/writings-shoghieffendi-dg-sec-48.md	Directives From the Guardian	8	0				1	title->lib/ocean
342567	2026-08-10	../../../../../../tank/site2rag/websites_md/bahai-library.com/writings-shoghieffendi-dg-sec-49.md	Directives From the Guardian	7	0				1	title->lib/ocean
342575	2026-08-10	../../../../../../tank/site2rag/websites_md/bahai-library.com/writings-shoghieffendi-dg-sec-5.md	Directives From the Guardian	7	0				1	title->lib/ocean
342582	2026-08-10	../../../../../../tank/site2rag/websites_md/bahai-library.com/writings-shoghieffendi-dg-sec-50.md	Directives From the Guardian	7	0				1	title->lib/ocean
342587	2026-08-10	../../../../../../tank/site2rag/websites_md/bahai-library.com/writings-shoghieffendi-dg-sec-51.md	Directives From the Guardian	7	0				1	title->lib/ocean
342593	2026-08-10	../../../../../../tank/site2rag/websites_md/bahai-library.com/writings-shoghieffendi-dg-sec-52.md	Directives From the Guardian	7	0				1	title->lib/ocean
342600	2026-08-10	../../../../../../tank/site2rag/websites_md/bahai-library.com/writings-shoghieffendi-dg-sec-53.md	Directives From the Guardian	7	0				1	title->lib/ocean
342619	2026-08-10	../../../../../../tank/site2rag/websites_md/bahai-library.com/writings-shoghieffendi-dg-sec-54.md	Directives From the Guardian	7	0				1	title->lib/ocean
342620	2026-08-10	../../../../../../tank/site2rag/websites_md/bahai-library.com/writings-shoghieffendi-dg-sec-55.md	Directives From the Guardian	7	0				1	title->lib/ocean
342629	2026-08-10	../../../../../../tank/site2rag/websites_md/bahai-library.com/writings-shoghieffendi-dg-sec-56.md	Directives From the Guardian	11	0				1	title->lib/ocean
342634	2026-08-10	../../../../../../tank/site2rag/websites_md/bahai-library.com/writings-shoghieffendi-dg-sec-57.md	Directives From the Guardian	7	0				1	title->lib/ocean
342639	2026-08-10	../../../../../../tank/site2rag/websites_md/bahai-library.com/writings-shoghieffendi-dg-sec-58.md	Directives From the Guardian	8	0				1	title->lib/ocean
342651	2026-08-10	../../../../../../tank/site2rag/websites_md/bahai-library.com/writings-shoghieffendi-dg-sec-59.md	Directives From the Guardian	7	0				1	title->lib/ocean
342654	2026-08-10	../../../../../../tank/site2rag/websites_md/bahai-library.com/writings-shoghieffendi-dg-sec-6.md	Directives From the Guardian	7	0				1	title->lib/ocean
342660	2026-08-10	../../../../../../tank/site2rag/websites_md/bahai-library.com/writings-shoghieffendi-dg-sec-60.md	Directives From the Guardian	10	0				1	title->lib/ocean
342664	2026-08-10	../../../../../../tank/site2rag/websites_md/bahai-library.com/writings-shoghieffendi-dg-sec-61.md	Directives From the Guardian	7	0				1	title->lib/ocean
342677	2026-08-10	../../../../../../tank/site2rag/websites_md/bahai-library.com/writings-shoghieffendi-dg-sec-62.md	Directives From the Guardian	7	0				1	title->lib/ocean
342684	2026-08-10	../../../../../../tank/site2rag/websites_md/bahai-library.com/writings-shoghieffendi-dg-sec-63.md	Directives From the Guardian	8	0				1	title->lib/ocean
342695	2026-08-10	../../../../../../tank/site2rag/websites_md/bahai-library.com/writings-shoghieffendi-dg-sec-64.md	Directives From the Guardian	7	0				1	title->lib/ocean
342705	2026-08-10	../../../../../../tank/site2rag/websites_md/bahai-library.com/writings-shoghieffendi-dg-sec-65.md	Directives From the Guardian	9	0				1	title->lib/ocean
342715	2026-08-10	../../../../../../tank/site2rag/websites_md/bahai-library.com/writings-shoghieffendi-dg-sec-66.md	Directives From the Guardian	8	0				1	title->lib/ocean
342727	2026-08-10	../../../../../../tank/site2rag/websites_md/bahai-library.com/writings-shoghieffendi-dg-sec-67.md	Directives From the Guardian	7	0				1	title->lib/ocean
342749	2026-08-10	../../../../../../tank/site2rag/websites_md/bahai-library.com/writings-shoghieffendi-dg-sec-68.md	Directives From the Guardian	7	0				1	title->lib/ocean
342753	2026-08-10	../../../../../../tank/site2rag/websites_md/bahai-library.com/writings-shoghieffendi-dg-sec-69.md	Directives From the Guardian	8	0				1	title->lib/ocean
342759	2026-08-10	../../../../../../tank/site2rag/websites_md/bahai-library.com/writings-shoghieffendi-dg-sec-7.md	Directives From the Guardian	7	0				1	title->lib/ocean
342775	2026-08-10	../../../../../../tank/site2rag/websites_md/bahai-library.com/writings-shoghieffendi-dg-sec-70.md	Directives From the Guardian	8	0				1	title->lib/ocean
342792	2026-08-10	../../../../../../tank/site2rag/websites_md/bahai-library.com/writings-shoghieffendi-dg-sec-71.md	Directives From the Guardian	7	0				1	title->lib/ocean
342800	2026-08-10	../../../../../../tank/site2rag/websites_md/bahai-library.com/writings-shoghieffendi-dg-sec-72.md	Directives From the Guardian	22	0				1	title->lib/ocean
342808	2026-08-10	../../../../../../tank/site2rag/websites_md/bahai-library.com/writings-shoghieffendi-dg-sec-73.md	Directives From the Guardian	7	0				1	title->lib/ocean
342824	2026-08-10	../../../../../../tank/site2rag/websites_md/bahai-library.com/writings-shoghieffendi-dg-sec-75.md	Directives From the Guardian	7	0				1	title->lib/ocean
342826	2026-08-10	../../../../../../tank/site2rag/websites_md/bahai-library.com/writings-shoghieffendi-dg-sec-74.md	Directives From the Guardian	7	0				1	title->lib/ocean
342833	2026-08-10	../../../../../../tank/site2rag/websites_md/bahai-library.com/writings-shoghieffendi-dg-sec-76.md	Directives From the Guardian	7	0				1	title->lib/ocean
342838	2026-08-10	../../../../../../tank/site2rag/websites_md/bahai-library.com/writings-shoghieffendi-dg-sec-77.md	Directives From the Guardian	7	0				1	title->lib/ocean
342841	2026-08-10	../../../../../../tank/site2rag/websites_md/bahai-library.com/writings-shoghieffendi-dg-sec-78.md	Directives From the Guardian	7	0				1	title->lib/ocean
342843	2026-08-10	../../../../../../tank/site2rag/websites_md/bahai-library.com/writings-shoghieffendi-dg-sec-79.md	Directives From the Guardian	8	0				1	title->lib/ocean
342848	2026-08-10	../../../../../../tank/site2rag/websites_md/bahai-library.com/writings-shoghieffendi-dg-sec-8.md	Directives From the Guardian	7	0				1	title->lib/ocean
342856	2026-08-10	../../../../../../tank/site2rag/websites_md/bahai-library.com/writings-shoghieffendi-dg-sec-80.md	Directives From the Guardian	7	0				1	title->lib/ocean
342871	2026-08-10	../../../../../../tank/site2rag/websites_md/bahai-library.com/writings-shoghieffendi-dg-sec-81.md	Directives From the Guardian	7	0				1	title->lib/ocean
342879	2026-08-10	../../../../../../tank/site2rag/websites_md/bahai-library.com/writings-shoghieffendi-dg-sec-82.md	Directives From the Guardian	7	0				1	title->lib/ocean
342893	2026-08-10	../../../../../../tank/site2rag/websites_md/bahai-library.com/writings-shoghieffendi-dg-sec-83.md	Directives From the Guardian	7	0				1	title->lib/ocean
342903	2026-08-10	../../../../../../tank/site2rag/websites_md/bahai-library.com/writings-shoghieffendi-dg-sec-84.md	Directives From the Guardian	7	0				1	title->lib/ocean
342915	2026-08-10	../../../../../../tank/site2rag/websites_md/bahai-library.com/writings-shoghieffendi-dg-sec-85.md	Directives From the Guardian	7	0				1	title->lib/ocean
342917	2026-08-10	../../../../../../tank/site2rag/websites_md/bahai-library.com/writings-shoghieffendi-dg-sec-86.md	Directives From the Guardian	9	0				1	title->lib/ocean
342929	2026-08-10	../../../../../../tank/site2rag/websites_md/bahai-library.com/writings-shoghieffendi-dg-sec-87.md	Directives From the Guardian	7	0				1	title->lib/ocean
342941	2026-08-10	../../../../../../tank/site2rag/websites_md/bahai-library.com/writings-shoghieffendi-dg-sec-88.md	Directives From the Guardian	7	0				1	title->lib/ocean
342946	2026-08-10	../../../../../../tank/site2rag/websites_md/bahai-library.com/writings-shoghieffendi-dg-sec-89.md	Directives From the Guardian	7	0				1	title->lib/ocean
342965	2026-08-10	../../../../../../tank/site2rag/websites_md/bahai-library.com/writings-shoghieffendi-dg-sec-9.md	Directives From the Guardian	8	0				1	title->lib/ocean
342967	2026-08-10	../../../../../../tank/site2rag/websites_md/bahai-library.com/writings-shoghieffendi-dg-sec-90.md	Directives From the Guardian	7	0				1	title->lib/ocean
342977	2026-08-10	../../../../../../tank/site2rag/websites_md/bahai-library.com/writings-shoghieffendi-dg-sec-91.md	Directives From the Guardian	8	0				1	title->lib/ocean
342989	2026-08-10	../../../../../../tank/site2rag/websites_md/bahai-library.com/writings-shoghieffendi-dg-sec-92.md	Directives From the Guardian	7	0				1	title->lib/ocean
342995	2026-08-10	../../../../../../tank/site2rag/websites_md/bahai-library.com/writings-shoghieffendi-dg-sec-93.md	Directives From the Guardian	7	0				1	title->lib/ocean
21692	2026-08-10	../../../../../../tank/site2rag/websites_md/bahai-library.com/1533.md	Messages to America	10	0				1	title->lib/ocean
283277	2026-08-10	../../../../../../tank/site2rag/websites_md/bahai-library.com/shoghi-effendi_messages_america.md	Messages to America	11	0				1	title->lib/ocean
343003	2026-08-10	../../../../../../tank/site2rag/websites_md/bahai-library.com/writings-shoghieffendi-dg-sec-94.md	Directives From the Guardian	8	0				1	title->lib/ocean
343015	2026-08-10	../../../../../../tank/site2rag/websites_md/bahai-library.com/writings-shoghieffendi-dg-sec-95.md	Directives From the Guardian	7	0				1	title->lib/ocean
343021	2026-08-10	../../../../../../tank/site2rag/websites_md/bahai-library.com/writings-shoghieffendi-dg-sec-96.md	Directives From the Guardian	7	0				1	title->lib/ocean
343025	2026-08-10	../../../../../../tank/site2rag/websites_md/bahai-library.com/writings-shoghieffendi-dg-sec-97.md	Directives From the Guardian	7	0				1	title->lib/ocean
343032	2026-08-10	../../../../../../tank/site2rag/websites_md/bahai-library.com/writings-shoghieffendi-dg-sec-98.md	Directives From the Guardian	8	0				1	title->lib/ocean
343041	2026-08-10	../../../../../../tank/site2rag/websites_md/bahai-library.com/writings-shoghieffendi-dg-sec-99.md	Directives From the Guardian	7	0				1	title->lib/ocean
347143	2026-08-10	../../../../../../tank/site2rag/websites_md/bahai-library.com/writings-shoghieffendi-ma-sec-10.md	Messages To America	7	0				1	title->lib/ocean
347148	2026-08-10	../../../../../../tank/site2rag/websites_md/bahai-library.com/writings-shoghieffendi-ma-sec-100.md	Messages To America	10	0				1	title->lib/ocean
347150	2026-08-10	../../../../../../tank/site2rag/websites_md/bahai-library.com/writings-shoghieffendi-ma-sec-101.md	Messages To America	12	0				1	title->lib/ocean
347153	2026-08-10	../../../../../../tank/site2rag/websites_md/bahai-library.com/writings-shoghieffendi-ma-sec-102.md	Messages To America	7	0				1	title->lib/ocean
347157	2026-08-10	../../../../../../tank/site2rag/websites_md/bahai-library.com/writings-shoghieffendi-ma-sec-103.md	Messages To America	10	0				1	title->lib/ocean
347162	2026-08-10	../../../../../../tank/site2rag/websites_md/bahai-library.com/writings-shoghieffendi-ma-sec-104.md	Messages To America	7	0				1	title->lib/ocean
347168	2026-08-10	../../../../../../tank/site2rag/websites_md/bahai-library.com/writings-shoghieffendi-ma-sec-105.md	Messages To America	7	0				1	title->lib/ocean
347176	2026-08-10	../../../../../../tank/site2rag/websites_md/bahai-library.com/writings-shoghieffendi-ma-sec-106.md	Messages To America	7	0				1	title->lib/ocean
347181	2026-08-10	../../../../../../tank/site2rag/websites_md/bahai-library.com/writings-shoghieffendi-ma-sec-107.md	Messages To America	7	0				1	title->lib/ocean
347186	2026-08-10	../../../../../../tank/site2rag/websites_md/bahai-library.com/writings-shoghieffendi-ma-sec-108.md	Messages To America	8	0				1	title->lib/ocean
347189	2026-08-10	../../../../../../tank/site2rag/websites_md/bahai-library.com/writings-shoghieffendi-ma-sec-109.md	Messages To America	12	0				1	title->lib/ocean
347197	2026-08-10	../../../../../../tank/site2rag/websites_md/bahai-library.com/writings-shoghieffendi-ma-sec-11.md	Messages To America	7	0				1	title->lib/ocean
347210	2026-08-10	../../../../../../tank/site2rag/websites_md/bahai-library.com/writings-shoghieffendi-ma-sec-110.md	Messages To America	7	0				1	title->lib/ocean
347218	2026-08-10	../../../../../../tank/site2rag/websites_md/bahai-library.com/writings-shoghieffendi-ma-sec-111.md	Messages To America	7	0				1	title->lib/ocean
347228	2026-08-10	../../../../../../tank/site2rag/websites_md/bahai-library.com/writings-shoghieffendi-ma-sec-112.md	Messages To America	34	0				1	title->lib/ocean
347237	2026-08-10	../../../../../../tank/site2rag/websites_md/bahai-library.com/writings-shoghieffendi-ma-sec-113.md	Messages To America	12	0				1	title->lib/ocean
347247	2026-08-10	../../../../../../tank/site2rag/websites_md/bahai-library.com/writings-shoghieffendi-ma-sec-114.md	Messages To America	7	0				1	title->lib/ocean
347254	2026-08-10	../../../../../../tank/site2rag/websites_md/bahai-library.com/writings-shoghieffendi-ma-sec-115.md	Messages To America	12	0				1	title->lib/ocean
347261	2026-08-10	../../../../../../tank/site2rag/websites_md/bahai-library.com/writings-shoghieffendi-ma-sec-116.md	Messages To America	7	0				1	title->lib/ocean
347265	2026-08-10	../../../../../../tank/site2rag/websites_md/bahai-library.com/writings-shoghieffendi-ma-sec-117.md	Messages To America	13	0				1	title->lib/ocean
347268	2026-08-10	../../../../../../tank/site2rag/websites_md/bahai-library.com/writings-shoghieffendi-ma-sec-118.md	Messages To America	9	0				1	title->lib/ocean
347276	2026-08-10	../../../../../../tank/site2rag/websites_md/bahai-library.com/writings-shoghieffendi-ma-sec-12.md	Messages To America	7	0				1	title->lib/ocean
347278	2026-08-10	../../../../../../tank/site2rag/websites_md/bahai-library.com/writings-shoghieffendi-ma-sec-13.md	Messages To America	7	0				1	title->lib/ocean
347284	2026-08-10	../../../../../../tank/site2rag/websites_md/bahai-library.com/writings-shoghieffendi-ma-sec-14.md	Messages To America	7	0				1	title->lib/ocean
347290	2026-08-10	../../../../../../tank/site2rag/websites_md/bahai-library.com/writings-shoghieffendi-ma-sec-15.md	Messages To America	7	0				1	title->lib/ocean
347304	2026-08-10	../../../../../../tank/site2rag/websites_md/bahai-library.com/writings-shoghieffendi-ma-sec-16.md	Messages To America	7	0				1	title->lib/ocean
347311	2026-08-10	../../../../../../tank/site2rag/websites_md/bahai-library.com/writings-shoghieffendi-ma-sec-17.md	Messages To America	7	0				1	title->lib/ocean
347328	2026-08-10	../../../../../../tank/site2rag/websites_md/bahai-library.com/writings-shoghieffendi-ma-sec-18.md	Messages To America	7	0				1	title->lib/ocean
347336	2026-08-10	../../../../../../tank/site2rag/websites_md/bahai-library.com/writings-shoghieffendi-ma-sec-19.md	Messages To America	7	0				1	title->lib/ocean
347351	2026-08-10	../../../../../../tank/site2rag/websites_md/bahai-library.com/writings-shoghieffendi-ma-sec-2.md	Messages To America	7	0				1	title->lib/ocean
347353	2026-08-10	../../../../../../tank/site2rag/websites_md/bahai-library.com/writings-shoghieffendi-ma-sec-20.md	Messages To America	7	0				1	title->lib/ocean
347363	2026-08-10	../../../../../../tank/site2rag/websites_md/bahai-library.com/writings-shoghieffendi-ma-sec-21.md	Messages To America	7	0				1	title->lib/ocean
347369	2026-08-10	../../../../../../tank/site2rag/websites_md/bahai-library.com/writings-shoghieffendi-ma-sec-22.md	Messages To America	7	0				1	title->lib/ocean
347376	2026-08-10	../../../../../../tank/site2rag/websites_md/bahai-library.com/writings-shoghieffendi-ma-sec-23.md	Messages To America	7	0				1	title->lib/ocean
347379	2026-08-10	../../../../../../tank/site2rag/websites_md/bahai-library.com/writings-shoghieffendi-ma-sec-24.md	Messages To America	7	0				1	title->lib/ocean
347382	2026-08-10	../../../../../../tank/site2rag/websites_md/bahai-library.com/writings-shoghieffendi-ma-sec-25.md	Messages To America	7	0				1	title->lib/ocean
347386	2026-08-10	../../../../../../tank/site2rag/websites_md/bahai-library.com/writings-shoghieffendi-ma-sec-26.md	Messages To America	7	0				1	title->lib/ocean
347390	2026-08-10	../../../../../../tank/site2rag/websites_md/bahai-library.com/writings-shoghieffendi-ma-sec-27.md	Messages To America	7	0				1	title->lib/ocean
347399	2026-08-10	../../../../../../tank/site2rag/websites_md/bahai-library.com/writings-shoghieffendi-ma-sec-28.md	Messages To America	7	0				1	title->lib/ocean
347403	2026-08-10	../../../../../../tank/site2rag/websites_md/bahai-library.com/writings-shoghieffendi-ma-sec-29.md	Messages To America	7	0				1	title->lib/ocean
347414	2026-08-10	../../../../../../tank/site2rag/websites_md/bahai-library.com/writings-shoghieffendi-ma-sec-3.md	Messages To America	7	0				1	title->lib/ocean
347425	2026-08-10	../../../../../../tank/site2rag/websites_md/bahai-library.com/writings-shoghieffendi-ma-sec-30.md	Messages To America	7	0				1	title->lib/ocean
347429	2026-08-10	../../../../../../tank/site2rag/websites_md/bahai-library.com/writings-shoghieffendi-ma-sec-31.md	Messages To America	7	0				1	title->lib/ocean
347436	2026-08-10	../../../../../../tank/site2rag/websites_md/bahai-library.com/writings-shoghieffendi-ma-sec-32.md	Messages To America	7	0				1	title->lib/ocean
347443	2026-08-10	../../../../../../tank/site2rag/websites_md/bahai-library.com/writings-shoghieffendi-ma-sec-33.md	Messages To America	7	0				1	title->lib/ocean
347455	2026-08-10	../../../../../../tank/site2rag/websites_md/bahai-library.com/writings-shoghieffendi-ma-sec-34.md	Messages To America	10	0				1	title->lib/ocean
347461	2026-08-10	../../../../../../tank/site2rag/websites_md/bahai-library.com/writings-shoghieffendi-ma-sec-35.md	Messages To America	7	0				1	title->lib/ocean
347468	2026-08-10	../../../../../../tank/site2rag/websites_md/bahai-library.com/writings-shoghieffendi-ma-sec-36.md	Messages To America	7	0				1	title->lib/ocean
347480	2026-08-10	../../../../../../tank/site2rag/websites_md/bahai-library.com/writings-shoghieffendi-ma-sec-37.md	Messages To America	7	0				1	title->lib/ocean
347485	2026-08-10	../../../../../../tank/site2rag/websites_md/bahai-library.com/writings-shoghieffendi-ma-sec-38.md	Messages To America	11	0				1	title->lib/ocean
347494	2026-08-10	../../../../../../tank/site2rag/websites_md/bahai-library.com/writings-shoghieffendi-ma-sec-39.md	Messages To America	7	0				1	title->lib/ocean
347502	2026-08-10	../../../../../../tank/site2rag/websites_md/bahai-library.com/writings-shoghieffendi-ma-sec-4.md	Messages To America	7	0				1	title->lib/ocean
347504	2026-08-10	../../../../../../tank/site2rag/websites_md/bahai-library.com/writings-shoghieffendi-ma-sec-40.md	Messages To America	12	0				1	title->lib/ocean
347526	2026-08-10	../../../../../../tank/site2rag/websites_md/bahai-library.com/writings-shoghieffendi-ma-sec-41.md	Messages To America	7	0				1	title->lib/ocean
347550	2026-08-10	../../../../../../tank/site2rag/websites_md/bahai-library.com/writings-shoghieffendi-ma-sec-42.md	Messages To America	12	0				1	title->lib/ocean
347573	2026-08-10	../../../../../../tank/site2rag/websites_md/bahai-library.com/writings-shoghieffendi-ma-sec-43.md	Messages To America	12	0				1	title->lib/ocean
347593	2026-08-10	../../../../../../tank/site2rag/websites_md/bahai-library.com/writings-shoghieffendi-ma-sec-44.md	Messages To America	7	0				1	title->lib/ocean
347597	2026-08-10	../../../../../../tank/site2rag/websites_md/bahai-library.com/writings-shoghieffendi-ma-sec-45.md	Messages To America	7	0				1	title->lib/ocean
347604	2026-08-10	../../../../../../tank/site2rag/websites_md/bahai-library.com/writings-shoghieffendi-ma-sec-46.md	Messages To America	7	0				1	title->lib/ocean
347609	2026-08-10	../../../../../../tank/site2rag/websites_md/bahai-library.com/writings-shoghieffendi-ma-sec-47.md	Messages To America	23	0				1	title->lib/ocean
347614	2026-08-10	../../../../../../tank/site2rag/websites_md/bahai-library.com/writings-shoghieffendi-ma-sec-48.md	Messages To America	10	0				1	title->lib/ocean
347619	2026-08-10	../../../../../../tank/site2rag/websites_md/bahai-library.com/writings-shoghieffendi-ma-sec-49.md	Messages To America	7	0				1	title->lib/ocean
347625	2026-08-10	../../../../../../tank/site2rag/websites_md/bahai-library.com/writings-shoghieffendi-ma-sec-5.md	Messages To America	7	0				1	title->lib/ocean
347634	2026-08-10	../../../../../../tank/site2rag/websites_md/bahai-library.com/writings-shoghieffendi-ma-sec-50.md	Messages To America	7	0				1	title->lib/ocean
347640	2026-08-10	../../../../../../tank/site2rag/websites_md/bahai-library.com/writings-shoghieffendi-ma-sec-51.md	Messages To America	15	0				1	title->lib/ocean
347649	2026-08-10	../../../../../../tank/site2rag/websites_md/bahai-library.com/writings-shoghieffendi-ma-sec-52.md	Messages To America	7	0				1	title->lib/ocean
347658	2026-08-10	../../../../../../tank/site2rag/websites_md/bahai-library.com/writings-shoghieffendi-ma-sec-53.md	Messages To America	7	0				1	title->lib/ocean
347673	2026-08-10	../../../../../../tank/site2rag/websites_md/bahai-library.com/writings-shoghieffendi-ma-sec-54.md	Messages To America	7	0				1	title->lib/ocean
347697	2026-08-10	../../../../../../tank/site2rag/websites_md/bahai-library.com/writings-shoghieffendi-ma-sec-55.md	Messages To America	7	0				1	title->lib/ocean
347715	2026-08-10	../../../../../../tank/site2rag/websites_md/bahai-library.com/writings-shoghieffendi-ma-sec-56.md	Messages To America	7	0				1	title->lib/ocean
347724	2026-08-10	../../../../../../tank/site2rag/websites_md/bahai-library.com/writings-shoghieffendi-ma-sec-57.md	Messages To America	7	0				1	title->lib/ocean
347727	2026-08-10	../../../../../../tank/site2rag/websites_md/bahai-library.com/writings-shoghieffendi-ma-sec-58.md	Messages To America	9	0				1	title->lib/ocean
347735	2026-08-10	../../../../../../tank/site2rag/websites_md/bahai-library.com/writings-shoghieffendi-ma-sec-59.md	Messages To America	7	0				1	title->lib/ocean
347751	2026-08-10	../../../../../../tank/site2rag/websites_md/bahai-library.com/writings-shoghieffendi-ma-sec-6.md	Messages To America	7	0				1	title->lib/ocean
347759	2026-08-10	../../../../../../tank/site2rag/websites_md/bahai-library.com/writings-shoghieffendi-ma-sec-60.md	Messages To America	13	0				1	title->lib/ocean
347776	2026-08-10	../../../../../../tank/site2rag/websites_md/bahai-library.com/writings-shoghieffendi-ma-sec-61.md	Messages To America	7	0				1	title->lib/ocean
347783	2026-08-10	../../../../../../tank/site2rag/websites_md/bahai-library.com/writings-shoghieffendi-ma-sec-62.md	Messages To America	7	0				1	title->lib/ocean
347807	2026-08-10	../../../../../../tank/site2rag/websites_md/bahai-library.com/writings-shoghieffendi-ma-sec-63.md	Messages To America	21	0				1	title->lib/ocean
347829	2026-08-10	../../../../../../tank/site2rag/websites_md/bahai-library.com/writings-shoghieffendi-ma-sec-65.md	Messages To America	7	0				1	title->lib/ocean
347830	2026-08-10	../../../../../../tank/site2rag/websites_md/bahai-library.com/writings-shoghieffendi-ma-sec-64.md	Messages To America	7	0				1	title->lib/ocean
347834	2026-08-10	../../../../../../tank/site2rag/websites_md/bahai-library.com/writings-shoghieffendi-ma-sec-66.md	Messages To America	7	0				1	title->lib/ocean
347858	2026-08-10	../../../../../../tank/site2rag/websites_md/bahai-library.com/writings-shoghieffendi-ma-sec-67.md	Messages To America	7	0				1	title->lib/ocean
347864	2026-08-10	../../../../../../tank/site2rag/websites_md/bahai-library.com/writings-shoghieffendi-ma-sec-68.md	Messages To America	7	0				1	title->lib/ocean
347882	2026-08-10	../../../../../../tank/site2rag/websites_md/bahai-library.com/writings-shoghieffendi-ma-sec-69.md	Messages To America	7	0				1	title->lib/ocean
347889	2026-08-10	../../../../../../tank/site2rag/websites_md/bahai-library.com/writings-shoghieffendi-ma-sec-7.md	Messages To America	7	0				1	title->lib/ocean
347894	2026-08-10	../../../../../../tank/site2rag/websites_md/bahai-library.com/writings-shoghieffendi-ma-sec-70.md	Messages To America	7	0				1	title->lib/ocean
347900	2026-08-10	../../../../../../tank/site2rag/websites_md/bahai-library.com/writings-shoghieffendi-ma-sec-71.md	Messages To America	7	0				1	title->lib/ocean
347903	2026-08-10	../../../../../../tank/site2rag/websites_md/bahai-library.com/writings-shoghieffendi-ma-sec-72.md	Messages To America	7	0				1	title->lib/ocean
347908	2026-08-10	../../../../../../tank/site2rag/websites_md/bahai-library.com/writings-shoghieffendi-ma-sec-73.md	Messages To America	7	0				1	title->lib/ocean
347912	2026-08-10	../../../../../../tank/site2rag/websites_md/bahai-library.com/writings-shoghieffendi-ma-sec-74.md	Messages To America	7	0				1	title->lib/ocean
347917	2026-08-10	../../../../../../tank/site2rag/websites_md/bahai-library.com/writings-shoghieffendi-ma-sec-75.md	Messages To America	7	0				1	title->lib/ocean
347923	2026-08-10	../../../../../../tank/site2rag/websites_md/bahai-library.com/writings-shoghieffendi-ma-sec-76.md	Messages To America	7	0				1	title->lib/ocean
347925	2026-08-10	../../../../../../tank/site2rag/websites_md/bahai-library.com/writings-shoghieffendi-ma-sec-77.md	Messages To America	13	0				1	title->lib/ocean
347933	2026-08-10	../../../../../../tank/site2rag/websites_md/bahai-library.com/writings-shoghieffendi-ma-sec-78.md	Messages To America	13	0				1	title->lib/ocean
347936	2026-08-10	../../../../../../tank/site2rag/websites_md/bahai-library.com/writings-shoghieffendi-ma-sec-79.md	Messages To America	7	0				1	title->lib/ocean
347943	2026-08-10	../../../../../../tank/site2rag/websites_md/bahai-library.com/writings-shoghieffendi-ma-sec-8.md	Messages To America	7	0				1	title->lib/ocean
347949	2026-08-10	../../../../../../tank/site2rag/websites_md/bahai-library.com/writings-shoghieffendi-ma-sec-80.md	Messages To America	7	0				1	title->lib/ocean
347958	2026-08-10	../../../../../../tank/site2rag/websites_md/bahai-library.com/writings-shoghieffendi-ma-sec-81.md	Messages To America	7	0				1	title->lib/ocean
347962	2026-08-10	../../../../../../tank/site2rag/websites_md/bahai-library.com/writings-shoghieffendi-ma-sec-82.md	Messages To America	7	0				1	title->lib/ocean
347964	2026-08-10	../../../../../../tank/site2rag/websites_md/bahai-library.com/writings-shoghieffendi-ma-sec-83.md	Messages To America	7	0				1	title->lib/ocean
347970	2026-08-10	../../../../../../tank/site2rag/websites_md/bahai-library.com/writings-shoghieffendi-ma-sec-84.md	Messages To America	7	0				1	title->lib/ocean
347984	2026-08-10	../../../../../../tank/site2rag/websites_md/bahai-library.com/writings-shoghieffendi-ma-sec-85.md	Messages To America	7	0				1	title->lib/ocean
347988	2026-08-10	../../../../../../tank/site2rag/websites_md/bahai-library.com/writings-shoghieffendi-ma-sec-86.md	Messages To America	7	0				1	title->lib/ocean
347991	2026-08-10	../../../../../../tank/site2rag/websites_md/bahai-library.com/writings-shoghieffendi-ma-sec-87.md	Messages To America	11	0				1	title->lib/ocean
348006	2026-08-10	../../../../../../tank/site2rag/websites_md/bahai-library.com/writings-shoghieffendi-ma-sec-88.md	Messages To America	11	0				1	title->lib/ocean
348014	2026-08-10	../../../../../../tank/site2rag/websites_md/bahai-library.com/writings-shoghieffendi-ma-sec-89.md	Messages To America	7	0				1	title->lib/ocean
348016	2026-08-10	../../../../../../tank/site2rag/websites_md/bahai-library.com/writings-shoghieffendi-ma-sec-9.md	Messages To America	7	0				1	title->lib/ocean
348023	2026-08-10	../../../../../../tank/site2rag/websites_md/bahai-library.com/writings-shoghieffendi-ma-sec-90.md	Messages To America	7	0				1	title->lib/ocean
348040	2026-08-10	../../../../../../tank/site2rag/websites_md/bahai-library.com/writings-shoghieffendi-ma-sec-91.md	Messages To America	7	0				1	title->lib/ocean
348043	2026-08-10	../../../../../../tank/site2rag/websites_md/bahai-library.com/writings-shoghieffendi-ma-sec-92.md	Messages To America	8	0				1	title->lib/ocean
348056	2026-08-10	../../../../../../tank/site2rag/websites_md/bahai-library.com/writings-shoghieffendi-ma-sec-93.md	Messages To America	14	0				1	title->lib/ocean
348069	2026-08-10	../../../../../../tank/site2rag/websites_md/bahai-library.com/writings-shoghieffendi-ma-sec-94.md	Messages To America	8	0				1	title->lib/ocean
348080	2026-08-10	../../../../../../tank/site2rag/websites_md/bahai-library.com/writings-shoghieffendi-ma-sec-95.md	Messages To America	7	0				1	title->lib/ocean
348083	2026-08-10	../../../../../../tank/site2rag/websites_md/bahai-library.com/writings-shoghieffendi-ma-sec-96.md	Messages To America	7	0				1	title->lib/ocean
348093	2026-08-10	../../../../../../tank/site2rag/websites_md/bahai-library.com/writings-shoghieffendi-ma-sec-97.md	Messages To America	8	0				1	title->lib/ocean
348099	2026-08-10	../../../../../../tank/site2rag/websites_md/bahai-library.com/writings-shoghieffendi-ma-sec-98.md	Messages To America	7	0				1	title->lib/ocean
348104	2026-08-10	../../../../../../tank/site2rag/websites_md/bahai-library.com/writings-shoghieffendi-ma-sec-99.md	Messages To America	7	0				1	title->lib/ocean
22611	2026-08-10	../../../../../../tank/site2rag/websites_md/bahai-library.com/405.md	Japan Will Turn Ablaze!	25	0				1	title->lib/ocean
22979	2026-08-10	../../../../../../tank/site2rag/websites_md/bahai-library.com/5030.md	Additional Tablets, Extracts and Talks	775	0				1	title->lib/ocean
22981	2026-08-10	../../../../../../tank/site2rag/websites_md/bahai-library.com/5032.md	Additional Prayers Revealed by 'Abdu'l-Baha	5	0				1	no title match
24367	2026-08-10	../../../../../../tank/site2rag/websites_md/bahai-library.com/abdul-baha_additional_prayers.md	Additional Prayers Revealed by 'Abdu'l-Baha	5	0				1	no title match
24502	2026-08-10	../../../../../../tank/site2rag/websites_md/bahai-library.com/abdul-baha_tablets_extracts_talks&tagsall=yes.md	Additional Tablets, Extracts and Talks	775	0				1	title->lib/ocean
24503	2026-08-10	../../../../../../tank/site2rag/websites_md/bahai-library.com/abdul-baha_tablets_extracts_talks.md	Additional Tablets, Extracts and Talks	775	0				1	title->lib/ocean
39489	2026-08-10	../../../../../../tank/site2rag/websites_md/bahai-library.com/compilation_japan_turn_ablaze&chapter=1.md	Japan Will Turn Ablaze!	108	0				1	title->lib/ocean
39490	2026-08-10	../../../../../../tank/site2rag/websites_md/bahai-library.com/compilation_japan_turn_ablaze&chapter=10.md	Japan Will Turn Ablaze!	315	0				1	title->lib/ocean
39491	2026-08-10	../../../../../../tank/site2rag/websites_md/bahai-library.com/compilation_japan_turn_ablaze&chapter=11.md	Japan Will Turn Ablaze!	98	0				1	title->lib/ocean
39492	2026-08-10	../../../../../../tank/site2rag/websites_md/bahai-library.com/compilation_japan_turn_ablaze&chapter=12.md	Japan Will Turn Ablaze!	266	0				1	title->lib/ocean
39493	2026-08-10	../../../../../../tank/site2rag/websites_md/bahai-library.com/compilation_japan_turn_ablaze&chapter=13.md	Japan Will Turn Ablaze!	145	0				1	title->lib/ocean
39494	2026-08-10	../../../../../../tank/site2rag/websites_md/bahai-library.com/compilation_japan_turn_ablaze&chapter=14.md	Japan Will Turn Ablaze!	14	0				1	title->lib/ocean
39495	2026-08-10	../../../../../../tank/site2rag/websites_md/bahai-library.com/compilation_japan_turn_ablaze&chapter=15.md	Japan Will Turn Ablaze!	42	0				1	title->lib/ocean
39496	2026-08-10	../../../../../../tank/site2rag/websites_md/bahai-library.com/compilation_japan_turn_ablaze&chapter=2.md	Japan Will Turn Ablaze!	30	0				1	title->lib/ocean
39497	2026-08-10	../../../../../../tank/site2rag/websites_md/bahai-library.com/compilation_japan_turn_ablaze&chapter=3.md	Japan Will Turn Ablaze!	74	0				1	title->lib/ocean
39498	2026-08-10	../../../../../../tank/site2rag/websites_md/bahai-library.com/compilation_japan_turn_ablaze&chapter=4.md	Japan Will Turn Ablaze!	34	0				1	title->lib/ocean
39499	2026-08-10	../../../../../../tank/site2rag/websites_md/bahai-library.com/compilation_japan_turn_ablaze&chapter=5.md	Japan Will Turn Ablaze!	150	0				1	title->lib/ocean
39500	2026-08-10	../../../../../../tank/site2rag/websites_md/bahai-library.com/compilation_japan_turn_ablaze&chapter=6.md	Japan Will Turn Ablaze!	43	0				1	title->lib/ocean
39501	2026-08-10	../../../../../../tank/site2rag/websites_md/bahai-library.com/compilation_japan_turn_ablaze&chapter=7.md	Japan Will Turn Ablaze!	11	0				1	title->lib/ocean
39502	2026-08-10	../../../../../../tank/site2rag/websites_md/bahai-library.com/compilation_japan_turn_ablaze&chapter=8.md	Japan Will Turn Ablaze!	11	0				1	title->lib/ocean
39503	2026-08-10	../../../../../../tank/site2rag/websites_md/bahai-library.com/compilation_japan_turn_ablaze&chapter=9.md	Japan Will Turn Ablaze!	16	0				1	title->lib/ocean
39504	2026-08-10	../../../../../../tank/site2rag/websites_md/bahai-library.com/compilation_japan_turn_ablaze&chapter=all.md	Japan Will Turn Ablaze!	1352	0				1	title->lib/ocean
355254	2026-08-10	../../../../../../tank/site2rag/websites_md/bahai-library.com/writings-shoghieffendi-wob-woball.md	THE WORLD ORDER OF BAHA'U'LLAH	753	0				1	no title match
21670	2026-08-10	../../../../../../tank/site2rag/websites_md/bahai-library.com/1502.md	Selections from the Writings of Abdu'l-Baha	1	0				1	no title match
24474	2026-08-10	../../../../../../tank/site2rag/websites_md/bahai-library.com/abdul-baha_selections_writings_abdul-baha.md	Selections from the Writings of Abdu'l-Baha	1	0				1	no title match
39505	2026-08-10	../../../../../../tank/site2rag/websites_md/bahai-library.com/compilation_japan_turn_ablaze.md	Japan Will Turn Ablaze!	25	0				1	title->lib/ocean
282723	2026-08-10	../../../../../../tank/site2rag/websites_md/bahai-library.com/russian-abh-selections.md	Selections from the Writings of `Abdu'l-Baha	11	0				1	no title match
332800	2026-08-10	../../../../../../tank/site2rag/websites_md/bahai-library.com/writings-abdulbaha-swab-001.md	Selections from the Writings of `Abdu'l-Bahá	14	0				1	no title match
332804	2026-08-10	../../../../../../tank/site2rag/websites_md/bahai-library.com/writings-abdulbaha-swab-002.md	Selections from the Writings of `Abdu'l-Bahá	29	0				1	no title match
332806	2026-08-10	../../../../../../tank/site2rag/websites_md/bahai-library.com/writings-abdulbaha-swab-003.md	Selections from the Writings of `Abdu'l-Bahá	11	0				1	no title match
332817	2026-08-10	../../../../../../tank/site2rag/websites_md/bahai-library.com/writings-abdulbaha-swab-004.md	Selections from the Writings of `Abdu'l-Bahá	31	0				1	no title match
332832	2026-08-10	../../../../../../tank/site2rag/websites_md/bahai-library.com/writings-abdulbaha-swab-005.md	Selections from the Writings of `Abdu'l-Bahá	11	0				1	no title match
332834	2026-08-10	../../../../../../tank/site2rag/websites_md/bahai-library.com/writings-abdulbaha-swab-006.md	Selections from the Writings of `Abdu'l-Bahá	10	0				1	no title match
332849	2026-08-10	../../../../../../tank/site2rag/websites_md/bahai-library.com/writings-abdulbaha-swab-007.md	Selections from the Writings of `Abdu'l-Bahá	13	0				1	no title match
332853	2026-08-10	../../../../../../tank/site2rag/websites_md/bahai-library.com/writings-abdulbaha-swab-008.md	Selections from the Writings of `Abdu'l-Bahá	20	0				1	no title match
332866	2026-08-10	../../../../../../tank/site2rag/websites_md/bahai-library.com/writings-abdulbaha-swab-009.md	Selections from the Writings of `Abdu'l-Bahá	14	0				1	no title match
332871	2026-08-10	../../../../../../tank/site2rag/websites_md/bahai-library.com/writings-abdulbaha-swab-010.md	Selections from the Writings of `Abdu'l-Bahá	9	0				1	no title match
332884	2026-08-10	../../../../../../tank/site2rag/websites_md/bahai-library.com/writings-abdulbaha-swab-011.md	Selections from the Writings of `Abdu'l-Bahá	1	0				1	no title match
332887	2026-08-10	../../../../../../tank/site2rag/websites_md/bahai-library.com/writings-abdulbaha-swab-012.md	Selections from the Writings of `Abdu'l-Bahá	11	0				1	no title match
332889	2026-08-10	../../../../../../tank/site2rag/websites_md/bahai-library.com/writings-abdulbaha-swab-013.md	Selections from the Writings of `Abdu'l-Bahá	9	0				1	no title match
332896	2026-08-10	../../../../../../tank/site2rag/websites_md/bahai-library.com/writings-abdulbaha-swab-014.md	Selections from the Writings of `Abdu'l-Bahá	10	0				1	no title match
332903	2026-08-10	../../../../../../tank/site2rag/websites_md/bahai-library.com/writings-abdulbaha-swab-015.md	Selections from the Writings of `Abdu'l-Bahá	14	0				1	no title match
332913	2026-08-10	../../../../../../tank/site2rag/websites_md/bahai-library.com/writings-abdulbaha-swab-016.md	Selections from the Writings of `Abdu'l-Bahá	12	0				1	no title match
332918	2026-08-10	../../../../../../tank/site2rag/websites_md/bahai-library.com/writings-abdulbaha-swab-017.md	Selections from the Writings of `Abdu'l-Bahá	16	0				1	no title match
332929	2026-08-10	../../../../../../tank/site2rag/websites_md/bahai-library.com/writings-abdulbaha-swab-018.md	Selections from the Writings of `Abdu'l-Bahá	10	0				1	no title match
332933	2026-08-10	../../../../../../tank/site2rag/websites_md/bahai-library.com/writings-abdulbaha-swab-019.md	Selections from the Writings of `Abdu'l-Bahá	24	0				1	no title match
332945	2026-08-10	../../../../../../tank/site2rag/websites_md/bahai-library.com/writings-abdulbaha-swab-020.md	Selections from the Writings of `Abdu'l-Bahá	12	0				1	no title match
332949	2026-08-10	../../../../../../tank/site2rag/websites_md/bahai-library.com/writings-abdulbaha-swab-021.md	Selections from the Writings of `Abdu'l-Bahá	22	0				1	no title match
332957	2026-08-10	../../../../../../tank/site2rag/websites_md/bahai-library.com/writings-abdulbaha-swab-022.md	Selections from the Writings of `Abdu'l-Bahá	8	0				1	no title match
332966	2026-08-10	../../../../../../tank/site2rag/websites_md/bahai-library.com/writings-abdulbaha-swab-023.md	Selections from the Writings of `Abdu'l-Bahá	15	0				1	no title match
332970	2026-08-10	../../../../../../tank/site2rag/websites_md/bahai-library.com/writings-abdulbaha-swab-024.md	Selections from the Writings of `Abdu'l-Bahá	12	0				1	no title match
332973	2026-08-10	../../../../../../tank/site2rag/websites_md/bahai-library.com/writings-abdulbaha-swab-025.md	Selections from the Writings of `Abdu'l-Bahá	12	0				1	no title match
332987	2026-08-10	../../../../../../tank/site2rag/websites_md/bahai-library.com/writings-abdulbaha-swab-026.md	Selections from the Writings of `Abdu'l-Bahá	11	0				1	no title match
332990	2026-08-10	../../../../../../tank/site2rag/websites_md/bahai-library.com/writings-abdulbaha-swab-027.md	Selections from the Writings of `Abdu'l-Bahá	8	0				1	no title match
332996	2026-08-10	../../../../../../tank/site2rag/websites_md/bahai-library.com/writings-abdulbaha-swab-028.md	Selections from the Writings of `Abdu'l-Bahá	12	0				1	no title match
333005	2026-08-10	../../../../../../tank/site2rag/websites_md/bahai-library.com/writings-abdulbaha-swab-029.md	Selections from the Writings of `Abdu'l-Bahá	20	0				1	no title match
333010	2026-08-10	../../../../../../tank/site2rag/websites_md/bahai-library.com/writings-abdulbaha-swab-030.md	Selections from the Writings of `Abdu'l-Bahá	10	0				1	no title match
333019	2026-08-10	../../../../../../tank/site2rag/websites_md/bahai-library.com/writings-abdulbaha-swab-031.md	Selections from the Writings of `Abdu'l-Bahá	25	0				1	no title match
333027	2026-08-10	../../../../../../tank/site2rag/websites_md/bahai-library.com/writings-abdulbaha-swab-032.md	Selections from the Writings of `Abdu'l-Bahá	10	0				1	no title match
333036	2026-08-10	../../../../../../tank/site2rag/websites_md/bahai-library.com/writings-abdulbaha-swab-033.md	Selections from the Writings of `Abdu'l-Bahá	15	0				1	no title match
333040	2026-08-10	../../../../../../tank/site2rag/websites_md/bahai-library.com/writings-abdulbaha-swab-034.md	Selections from the Writings of `Abdu'l-Bahá	12	0				1	no title match
333054	2026-08-10	../../../../../../tank/site2rag/websites_md/bahai-library.com/writings-abdulbaha-swab-035.md	Selections from the Writings of `Abdu'l-Bahá	27	0				1	no title match
333055	2026-08-10	../../../../../../tank/site2rag/websites_md/bahai-library.com/writings-abdulbaha-swab-036.md	Selections from the Writings of `Abdu'l-Bahá	13	0				1	no title match
333060	2026-08-10	../../../../../../tank/site2rag/websites_md/bahai-library.com/writings-abdulbaha-swab-037.md	Selections from the Writings of `Abdu'l-Bahá	12	0				1	no title match
333071	2026-08-10	../../../../../../tank/site2rag/websites_md/bahai-library.com/writings-abdulbaha-swab-038.md	Selections from the Writings of `Abdu'l-Bahá	12	0				1	no title match
333074	2026-08-10	../../../../../../tank/site2rag/websites_md/bahai-library.com/writings-abdulbaha-swab-039.md	Selections from the Writings of `Abdu'l-Bahá	14	0				1	no title match
333088	2026-08-10	../../../../../../tank/site2rag/websites_md/bahai-library.com/writings-abdulbaha-swab-040.md	Selections from the Writings of `Abdu'l-Bahá	11	0				1	no title match
333091	2026-08-10	../../../../../../tank/site2rag/websites_md/bahai-library.com/writings-abdulbaha-swab-041.md	Selections from the Writings of `Abdu'l-Bahá	12	0				1	no title match
333100	2026-08-10	../../../../../../tank/site2rag/websites_md/bahai-library.com/writings-abdulbaha-swab-042.md	Selections from the Writings of `Abdu'l-Bahá	12	0				1	no title match
333109	2026-08-10	../../../../../../tank/site2rag/websites_md/bahai-library.com/writings-abdulbaha-swab-043.md	Selections from the Writings of `Abdu'l-Bahá	8	0				1	no title match
333115	2026-08-10	../../../../../../tank/site2rag/websites_md/bahai-library.com/writings-abdulbaha-swab-044.md	Selections from the Writings of `Abdu'l-Bahá	10	0				1	no title match
333119	2026-08-10	../../../../../../tank/site2rag/websites_md/bahai-library.com/writings-abdulbaha-swab-045.md	Selections from the Writings of `Abdu'l-Bahá	8	0				1	no title match
333129	2026-08-10	../../../../../../tank/site2rag/websites_md/bahai-library.com/writings-abdulbaha-swab-046.md	Selections from the Writings of `Abdu'l-Bahá	9	0				1	no title match
333135	2026-08-10	../../../../../../tank/site2rag/websites_md/bahai-library.com/writings-abdulbaha-swab-047.md	Selections from the Writings of `Abdu'l-Bahá	11	0				1	no title match
333142	2026-08-10	../../../../../../tank/site2rag/websites_md/bahai-library.com/writings-abdulbaha-swab-048.md	Selections from the Writings of `Abdu'l-Bahá	10	0				1	no title match
333147	2026-08-10	../../../../../../tank/site2rag/websites_md/bahai-library.com/writings-abdulbaha-swab-049.md	Selections from the Writings of `Abdu'l-Bahá	8	0				1	no title match
333161	2026-08-10	../../../../../../tank/site2rag/websites_md/bahai-library.com/writings-abdulbaha-swab-050.md	Selections from the Writings of `Abdu'l-Bahá	9	0				1	no title match
333165	2026-08-10	../../../../../../tank/site2rag/websites_md/bahai-library.com/writings-abdulbaha-swab-051.md	Selections from the Writings of `Abdu'l-Bahá	8	0				1	no title match
333177	2026-08-10	../../../../../../tank/site2rag/websites_md/bahai-library.com/writings-abdulbaha-swab-052.md	Selections from the Writings of `Abdu'l-Bahá	10	0				1	no title match
333181	2026-08-10	../../../../../../tank/site2rag/websites_md/bahai-library.com/writings-abdulbaha-swab-053.md	Selections from the Writings of `Abdu'l-Bahá	9	0				1	no title match
333192	2026-08-10	../../../../../../tank/site2rag/websites_md/bahai-library.com/writings-abdulbaha-swab-054.md	Selections from the Writings of `Abdu'l-Bahá	9	0				1	no title match
333197	2026-08-10	../../../../../../tank/site2rag/websites_md/bahai-library.com/writings-abdulbaha-swab-055.md	Selections from the Writings of `Abdu'l-Bahá	8	0				1	no title match
333200	2026-08-10	../../../../../../tank/site2rag/websites_md/bahai-library.com/writings-abdulbaha-swab-056.md	Selections from the Writings of `Abdu'l-Bahá	8	0				1	no title match
333205	2026-08-10	../../../../../../tank/site2rag/websites_md/bahai-library.com/writings-abdulbaha-swab-057.md	Selections from the Writings of `Abdu'l-Bahá	8	0				1	no title match
333218	2026-08-10	../../../../../../tank/site2rag/websites_md/bahai-library.com/writings-abdulbaha-swab-058.md	Selections from the Writings of `Abdu'l-Bahá	8	0				1	no title match
333228	2026-08-10	../../../../../../tank/site2rag/websites_md/bahai-library.com/writings-abdulbaha-swab-059.md	Selections from the Writings of `Abdu'l-Bahá	10	0				1	no title match
333235	2026-08-10	../../../../../../tank/site2rag/websites_md/bahai-library.com/writings-abdulbaha-swab-060.md	Selections from the Writings of `Abdu'l-Bahá	8	0				1	no title match
333242	2026-08-10	../../../../../../tank/site2rag/websites_md/bahai-library.com/writings-abdulbaha-swab-061.md	Selections from the Writings of `Abdu'l-Bahá	9	0				1	no title match
333255	2026-08-10	../../../../../../tank/site2rag/websites_md/bahai-library.com/writings-abdulbaha-swab-062.md	Selections from the Writings of `Abdu'l-Bahá	8	0				1	no title match
333269	2026-08-10	../../../../../../tank/site2rag/websites_md/bahai-library.com/writings-abdulbaha-swab-063.md	Selections from the Writings of `Abdu'l-Bahá	23	0				1	no title match
333275	2026-08-10	../../../../../../tank/site2rag/websites_md/bahai-library.com/writings-abdulbaha-swab-064.md	Selections from the Writings of `Abdu'l-Bahá	10	0				1	no title match
333284	2026-08-10	../../../../../../tank/site2rag/websites_md/bahai-library.com/writings-abdulbaha-swab-065.md	Selections from the Writings of `Abdu'l-Bahá	10	0				1	no title match
333292	2026-08-10	../../../../../../tank/site2rag/websites_md/bahai-library.com/writings-abdulbaha-swab-066.md	Selections from the Writings of `Abdu'l-Bahá	9	0				1	no title match
333300	2026-08-10	../../../../../../tank/site2rag/websites_md/bahai-library.com/writings-abdulbaha-swab-067.md	Selections from the Writings of `Abdu'l-Bahá	10	0				1	no title match
333306	2026-08-10	../../../../../../tank/site2rag/websites_md/bahai-library.com/writings-abdulbaha-swab-068.md	Selections from the Writings of `Abdu'l-Bahá	17	0				1	no title match
333314	2026-08-10	../../../../../../tank/site2rag/websites_md/bahai-library.com/writings-abdulbaha-swab-069.md	Selections from the Writings of `Abdu'l-Bahá	9	0				1	no title match
333320	2026-08-10	../../../../../../tank/site2rag/websites_md/bahai-library.com/writings-abdulbaha-swab-070.md	Selections from the Writings of `Abdu'l-Bahá	27	0				1	no title match
333335	2026-08-10	../../../../../../tank/site2rag/websites_md/bahai-library.com/writings-abdulbaha-swab-071.md	Selections from the Writings of `Abdu'l-Bahá	9	0				1	no title match
333339	2026-08-10	../../../../../../tank/site2rag/websites_md/bahai-library.com/writings-abdulbaha-swab-072.md	Selections from the Writings of `Abdu'l-Bahá	11	0				1	no title match
333348	2026-08-10	../../../../../../tank/site2rag/websites_md/bahai-library.com/writings-abdulbaha-swab-073.md	Selections from the Writings of `Abdu'l-Bahá	14	0				1	no title match
333356	2026-08-10	../../../../../../tank/site2rag/websites_md/bahai-library.com/writings-abdulbaha-swab-074.md	Selections from the Writings of `Abdu'l-Bahá	11	0				1	no title match
333363	2026-08-10	../../../../../../tank/site2rag/websites_md/bahai-library.com/writings-abdulbaha-swab-075.md	Selections from the Writings of `Abdu'l-Bahá	8	0				1	no title match
333368	2026-08-10	../../../../../../tank/site2rag/websites_md/bahai-library.com/writings-abdulbaha-swab-076.md	Selections from the Writings of `Abdu'l-Bahá	10	0				1	no title match
333372	2026-08-10	../../../../../../tank/site2rag/websites_md/bahai-library.com/writings-abdulbaha-swab-077.md	Selections from the Writings of `Abdu'l-Bahá	9	0				1	no title match
333385	2026-08-10	../../../../../../tank/site2rag/websites_md/bahai-library.com/writings-abdulbaha-swab-078.md	Selections from the Writings of `Abdu'l-Bahá	9	0				1	no title match
333389	2026-08-10	../../../../../../tank/site2rag/websites_md/bahai-library.com/writings-abdulbaha-swab-079.md	Selections from the Writings of `Abdu'l-Bahá	11	0				1	no title match
333400	2026-08-10	../../../../../../tank/site2rag/websites_md/bahai-library.com/writings-abdulbaha-swab-080.md	Selections from the Writings of `Abdu'l-Bahá	9	0				1	no title match
333404	2026-08-10	../../../../../../tank/site2rag/websites_md/bahai-library.com/writings-abdulbaha-swab-081.md	Selections from the Writings of `Abdu'l-Bahá	8	0				1	no title match
333415	2026-08-10	../../../../../../tank/site2rag/websites_md/bahai-library.com/writings-abdulbaha-swab-082.md	Selections from the Writings of `Abdu'l-Bahá	8	0				1	no title match
333425	2026-08-10	../../../../../../tank/site2rag/websites_md/bahai-library.com/writings-abdulbaha-swab-083.md	Selections from the Writings of `Abdu'l-Bahá	8	0				1	no title match
333432	2026-08-10	../../../../../../tank/site2rag/websites_md/bahai-library.com/writings-abdulbaha-swab-084.md	Selections from the Writings of `Abdu'l-Bahá	12	0				1	no title match
333438	2026-08-10	../../../../../../tank/site2rag/websites_md/bahai-library.com/writings-abdulbaha-swab-085.md	Selections from the Writings of `Abdu'l-Bahá	8	0				1	no title match
333447	2026-08-10	../../../../../../tank/site2rag/websites_md/bahai-library.com/writings-abdulbaha-swab-086.md	Selections from the Writings of `Abdu'l-Bahá	9	0				1	no title match
333451	2026-08-10	../../../../../../tank/site2rag/websites_md/bahai-library.com/writings-abdulbaha-swab-087.md	Selections from the Writings of `Abdu'l-Bahá	12	0				1	no title match
333459	2026-08-10	../../../../../../tank/site2rag/websites_md/bahai-library.com/writings-abdulbaha-swab-088.md	Selections from the Writings of `Abdu'l-Bahá	9	0				1	no title match
333465	2026-08-10	../../../../../../tank/site2rag/websites_md/bahai-library.com/writings-abdulbaha-swab-089.md	Selections from the Writings of `Abdu'l-Bahá	9	0				1	no title match
333479	2026-08-10	../../../../../../tank/site2rag/websites_md/bahai-library.com/writings-abdulbaha-swab-090.md	Selections from the Writings of `Abdu'l-Bahá	11	0				1	no title match
333482	2026-08-10	../../../../../../tank/site2rag/websites_md/bahai-library.com/writings-abdulbaha-swab-091.md	Selections from the Writings of `Abdu'l-Bahá	10	0				1	no title match
333486	2026-08-10	../../../../../../tank/site2rag/websites_md/bahai-library.com/writings-abdulbaha-swab-092.md	Selections from the Writings of `Abdu'l-Bahá	10	0				1	no title match
333498	2026-08-10	../../../../../../tank/site2rag/websites_md/bahai-library.com/writings-abdulbaha-swab-094.md	Selections from the Writings of `Abdu'l-Bahá	11	0				1	no title match
333500	2026-08-10	../../../../../../tank/site2rag/websites_md/bahai-library.com/writings-abdulbaha-swab-093.md	Selections from the Writings of `Abdu'l-Bahá	10	0				1	no title match
333507	2026-08-10	../../../../../../tank/site2rag/websites_md/bahai-library.com/writings-abdulbaha-swab-095.md	Selections from the Writings of `Abdu'l-Bahá	9	0				1	no title match
333511	2026-08-10	../../../../../../tank/site2rag/websites_md/bahai-library.com/writings-abdulbaha-swab-096.md	Selections from the Writings of `Abdu'l-Bahá	9	0				1	no title match
333525	2026-08-10	../../../../../../tank/site2rag/websites_md/bahai-library.com/writings-abdulbaha-swab-097.md	Selections from the Writings of `Abdu'l-Bahá	9	0				1	no title match
333531	2026-08-10	../../../../../../tank/site2rag/websites_md/bahai-library.com/writings-abdulbaha-swab-098.md	Selections from the Writings of `Abdu'l-Bahá	9	0				1	no title match
333542	2026-08-10	../../../../../../tank/site2rag/websites_md/bahai-library.com/writings-abdulbaha-swab-099.md	Selections from the Writings of `Abdu'l-Bahá	8	0				1	no title match
333549	2026-08-10	../../../../../../tank/site2rag/websites_md/bahai-library.com/writings-abdulbaha-swab-100.md	Selections from the Writings of `Abdu'l-Bahá	9	0				1	no title match
333551	2026-08-10	../../../../../../tank/site2rag/websites_md/bahai-library.com/writings-abdulbaha-swab-101.md	Selections from the Writings of `Abdu'l-Bahá	8	0				1	no title match
333566	2026-08-10	../../../../../../tank/site2rag/websites_md/bahai-library.com/writings-abdulbaha-swab-102.md	Selections from the Writings of `Abdu'l-Bahá	10	0				1	no title match
333569	2026-08-10	../../../../../../tank/site2rag/websites_md/bahai-library.com/writings-abdulbaha-swab-103.md	Selections from the Writings of `Abdu'l-Bahá	16	0				1	no title match
333575	2026-08-10	../../../../../../tank/site2rag/websites_md/bahai-library.com/writings-abdulbaha-swab-104.md	Selections from the Writings of `Abdu'l-Bahá	11	0				1	no title match
333585	2026-08-10	../../../../../../tank/site2rag/websites_md/bahai-library.com/writings-abdulbaha-swab-105.md	Selections from the Writings of `Abdu'l-Bahá	10	0				1	no title match
333591	2026-08-10	../../../../../../tank/site2rag/websites_md/bahai-library.com/writings-abdulbaha-swab-106.md	Selections from the Writings of `Abdu'l-Bahá	9	0				1	no title match
333601	2026-08-10	../../../../../../tank/site2rag/websites_md/bahai-library.com/writings-abdulbaha-swab-107.md	Selections from the Writings of `Abdu'l-Bahá	8	0				1	no title match
333603	2026-08-10	../../../../../../tank/site2rag/websites_md/bahai-library.com/writings-abdulbaha-swab-108.md	Selections from the Writings of `Abdu'l-Bahá	9	0				1	no title match
333610	2026-08-10	../../../../../../tank/site2rag/websites_md/bahai-library.com/writings-abdulbaha-swab-109.md	Selections from the Writings of `Abdu'l-Bahá	10	0				1	no title match
333620	2026-08-10	../../../../../../tank/site2rag/websites_md/bahai-library.com/writings-abdulbaha-swab-110.md	Selections from the Writings of `Abdu'l-Bahá	10	0				1	no title match
333624	2026-08-10	../../../../../../tank/site2rag/websites_md/bahai-library.com/writings-abdulbaha-swab-111.md	Selections from the Writings of `Abdu'l-Bahá	15	0				1	no title match
333638	2026-08-10	../../../../../../tank/site2rag/websites_md/bahai-library.com/writings-abdulbaha-swab-112.md	Selections from the Writings of `Abdu'l-Bahá	9	0				1	no title match
333643	2026-08-10	../../../../../../tank/site2rag/websites_md/bahai-library.com/writings-abdulbaha-swab-113.md	Selections from the Writings of `Abdu'l-Bahá	10	0				1	no title match
333650	2026-08-10	../../../../../../tank/site2rag/websites_md/bahai-library.com/writings-abdulbaha-swab-114.md	Selections from the Writings of `Abdu'l-Bahá	1	0				1	no title match
333658	2026-08-10	../../../../../../tank/site2rag/websites_md/bahai-library.com/writings-abdulbaha-swab-115.md	Selections from the Writings of `Abdu'l-Bahá	11	0				1	no title match
333662	2026-08-10	../../../../../../tank/site2rag/websites_md/bahai-library.com/writings-abdulbaha-swab-116.md	Selections from the Writings of `Abdu'l-Bahá	8	0				1	no title match
333665	2026-08-10	../../../../../../tank/site2rag/websites_md/bahai-library.com/writings-abdulbaha-swab-117.md	Selections from the Writings of `Abdu'l-Bahá	2	0				1	no title match
333674	2026-08-10	../../../../../../tank/site2rag/websites_md/bahai-library.com/writings-abdulbaha-swab-118.md	Selections from the Writings of `Abdu'l-Bahá	11	0				1	no title match
333683	2026-08-10	../../../../../../tank/site2rag/websites_md/bahai-library.com/writings-abdulbaha-swab-119.md	Selections from the Writings of `Abdu'l-Bahá	9	0				1	no title match
333690	2026-08-10	../../../../../../tank/site2rag/websites_md/bahai-library.com/writings-abdulbaha-swab-120.md	Selections from the Writings of `Abdu'l-Bahá	10	0				1	no title match
333697	2026-08-10	../../../../../../tank/site2rag/websites_md/bahai-library.com/writings-abdulbaha-swab-121.md	Selections from the Writings of `Abdu'l-Bahá	10	0				1	no title match
333701	2026-08-10	../../../../../../tank/site2rag/websites_md/bahai-library.com/writings-abdulbaha-swab-122.md	Selections from the Writings of `Abdu'l-Bahá	8	0				1	no title match
333711	2026-08-10	../../../../../../tank/site2rag/websites_md/bahai-library.com/writings-abdulbaha-swab-123.md	Selections from the Writings of `Abdu'l-Bahá	13	0				1	no title match
333718	2026-08-10	../../../../../../tank/site2rag/websites_md/bahai-library.com/writings-abdulbaha-swab-124.md	Selections from the Writings of `Abdu'l-Bahá	8	0				1	no title match
333727	2026-08-10	../../../../../../tank/site2rag/websites_md/bahai-library.com/writings-abdulbaha-swab-125.md	Selections from the Writings of `Abdu'l-Bahá	9	0				1	no title match
333733	2026-08-10	../../../../../../tank/site2rag/websites_md/bahai-library.com/writings-abdulbaha-swab-126.md	Selections from the Writings of `Abdu'l-Bahá	8	0				1	no title match
333737	2026-08-10	../../../../../../tank/site2rag/websites_md/bahai-library.com/writings-abdulbaha-swab-127.md	Selections from the Writings of `Abdu'l-Bahá	9	0				1	no title match
333750	2026-08-10	../../../../../../tank/site2rag/websites_md/bahai-library.com/writings-abdulbaha-swab-128.md	Selections from the Writings of `Abdu'l-Bahá	8	0				1	no title match
333762	2026-08-10	../../../../../../tank/site2rag/websites_md/bahai-library.com/writings-abdulbaha-swab-129.md	Selections from the Writings of `Abdu'l-Bahá	23	0				1	no title match
333770	2026-08-10	../../../../../../tank/site2rag/websites_md/bahai-library.com/writings-abdulbaha-swab-130.md	Selections from the Writings of `Abdu'l-Bahá	8	0				1	no title match
333778	2026-08-10	../../../../../../tank/site2rag/websites_md/bahai-library.com/writings-abdulbaha-swab-131.md	Selections from the Writings of `Abdu'l-Bahá	8	0				1	no title match
333783	2026-08-10	../../../../../../tank/site2rag/websites_md/bahai-library.com/writings-abdulbaha-swab-132.md	Selections from the Writings of `Abdu'l-Bahá	1	0				1	no title match
333796	2026-08-10	../../../../../../tank/site2rag/websites_md/bahai-library.com/writings-abdulbaha-swab-133.md	Selections from the Writings of `Abdu'l-Bahá	10	0				1	no title match
333801	2026-08-10	../../../../../../tank/site2rag/websites_md/bahai-library.com/writings-abdulbaha-swab-134.md	Selections from the Writings of `Abdu'l-Bahá	18	0				1	no title match
333812	2026-08-10	../../../../../../tank/site2rag/websites_md/bahai-library.com/writings-abdulbaha-swab-135.md	Selections from the Writings of `Abdu'l-Bahá	8	0				1	no title match
333817	2026-08-10	../../../../../../tank/site2rag/websites_md/bahai-library.com/writings-abdulbaha-swab-136.md	Selections from the Writings of `Abdu'l-Bahá	1	0				1	no title match
333827	2026-08-10	../../../../../../tank/site2rag/websites_md/bahai-library.com/writings-abdulbaha-swab-137.md	Selections from the Writings of `Abdu'l-Bahá	12	0				1	no title match
333842	2026-08-10	../../../../../../tank/site2rag/websites_md/bahai-library.com/writings-abdulbaha-swab-138.md	Selections from the Writings of `Abdu'l-Bahá	12	0				1	no title match
333844	2026-08-10	../../../../../../tank/site2rag/websites_md/bahai-library.com/writings-abdulbaha-swab-139.md	Selections from the Writings of `Abdu'l-Bahá	16	0				1	no title match
333858	2026-08-10	../../../../../../tank/site2rag/websites_md/bahai-library.com/writings-abdulbaha-swab-140.md	Selections from the Writings of `Abdu'l-Bahá	10	0				1	no title match
333861	2026-08-10	../../../../../../tank/site2rag/websites_md/bahai-library.com/writings-abdulbaha-swab-141.md	Selections from the Writings of `Abdu'l-Bahá	13	0				1	no title match
333875	2026-08-10	../../../../../../tank/site2rag/websites_md/bahai-library.com/writings-abdulbaha-swab-142.md	Selections from the Writings of `Abdu'l-Bahá	16	0				1	no title match
333877	2026-08-10	../../../../../../tank/site2rag/websites_md/bahai-library.com/writings-abdulbaha-swab-143.md	Selections from the Writings of `Abdu'l-Bahá	14	0				1	no title match
333890	2026-08-10	../../../../../../tank/site2rag/websites_md/bahai-library.com/writings-abdulbaha-swab-144.md	Selections from the Writings of `Abdu'l-Bahá	14	0				1	no title match
333893	2026-08-10	../../../../../../tank/site2rag/websites_md/bahai-library.com/writings-abdulbaha-swab-145.md	Selections from the Writings of `Abdu'l-Bahá	16	0				1	no title match
333898	2026-08-10	../../../../../../tank/site2rag/websites_md/bahai-library.com/writings-abdulbaha-swab-146.md	Selections from the Writings of `Abdu'l-Bahá	18	0				1	no title match
333905	2026-08-10	../../../../../../tank/site2rag/websites_md/bahai-library.com/writings-abdulbaha-swab-147.md	Selections from the Writings of `Abdu'l-Bahá	1	0				1	no title match
333914	2026-08-10	../../../../../../tank/site2rag/websites_md/bahai-library.com/writings-abdulbaha-swab-148.md	Selections from the Writings of `Abdu'l-Bahá	10	0				1	no title match
333918	2026-08-10	../../../../../../tank/site2rag/websites_md/bahai-library.com/writings-abdulbaha-swab-149.md	Selections from the Writings of `Abdu'l-Bahá	12	0				1	no title match
333922	2026-08-10	../../../../../../tank/site2rag/websites_md/bahai-library.com/writings-abdulbaha-swab-150.md	Selections from the Writings of `Abdu'l-Bahá	11	0				1	no title match
333931	2026-08-10	../../../../../../tank/site2rag/websites_md/bahai-library.com/writings-abdulbaha-swab-151.md	Selections from the Writings of `Abdu'l-Bahá	9	0				1	no title match
333935	2026-08-10	../../../../../../tank/site2rag/websites_md/bahai-library.com/writings-abdulbaha-swab-152.md	Selections from the Writings of `Abdu'l-Bahá	8	0				1	no title match
333946	2026-08-10	../../../../../../tank/site2rag/websites_md/bahai-library.com/writings-abdulbaha-swab-153.md	Selections from the Writings of `Abdu'l-Bahá	14	0				1	no title match
333948	2026-08-10	../../../../../../tank/site2rag/websites_md/bahai-library.com/writings-abdulbaha-swab-154.md	Selections from the Writings of `Abdu'l-Bahá	13	0				1	no title match
333952	2026-08-10	../../../../../../tank/site2rag/websites_md/bahai-library.com/writings-abdulbaha-swab-155.md	Selections from the Writings of `Abdu'l-Bahá	14	0				1	no title match
333955	2026-08-10	../../../../../../tank/site2rag/websites_md/bahai-library.com/writings-abdulbaha-swab-156.md	Selections from the Writings of `Abdu'l-Bahá	21	0				1	no title match
333958	2026-08-10	../../../../../../tank/site2rag/websites_md/bahai-library.com/writings-abdulbaha-swab-157.md	Selections from the Writings of `Abdu'l-Bahá	11	0				1	no title match
333970	2026-08-10	../../../../../../tank/site2rag/websites_md/bahai-library.com/writings-abdulbaha-swab-158.md	Selections from the Writings of `Abdu'l-Bahá	30	0				1	no title match
333975	2026-08-10	../../../../../../tank/site2rag/websites_md/bahai-library.com/writings-abdulbaha-swab-159.md	Selections from the Writings of `Abdu'l-Bahá	10	0				1	no title match
333984	2026-08-10	../../../../../../tank/site2rag/websites_md/bahai-library.com/writings-abdulbaha-swab-160.md	Selections from the Writings of `Abdu'l-Bahá	15	0				1	no title match
333992	2026-08-10	../../../../../../tank/site2rag/websites_md/bahai-library.com/writings-abdulbaha-swab-161.md	Selections from the Writings of `Abdu'l-Bahá	9	0				1	no title match
334003	2026-08-10	../../../../../../tank/site2rag/websites_md/bahai-library.com/writings-abdulbaha-swab-162.md	Selections from the Writings of `Abdu'l-Bahá	10	0				1	no title match
334009	2026-08-10	../../../../../../tank/site2rag/websites_md/bahai-library.com/writings-abdulbaha-swab-163.md	Selections from the Writings of `Abdu'l-Bahá	21	0				1	no title match
334025	2026-08-10	../../../../../../tank/site2rag/websites_md/bahai-library.com/writings-abdulbaha-swab-164.md	Selections from the Writings of `Abdu'l-Bahá	12	0				1	no title match
334027	2026-08-10	../../../../../../tank/site2rag/websites_md/bahai-library.com/writings-abdulbaha-swab-165.md	Selections from the Writings of `Abdu'l-Bahá	3	0				1	no title match
334042	2026-08-10	../../../../../../tank/site2rag/websites_md/bahai-library.com/writings-abdulbaha-swab-166.md	Selections from the Writings of `Abdu'l-Bahá	8	0				1	no title match
334058	2026-08-10	../../../../../../tank/site2rag/websites_md/bahai-library.com/writings-abdulbaha-swab-167.md	Selections from the Writings of `Abdu'l-Bahá	8	0				1	no title match
334074	2026-08-10	../../../../../../tank/site2rag/websites_md/bahai-library.com/writings-abdulbaha-swab-168.md	Selections from the Writings of `Abdu'l-Bahá	10	0				1	no title match
334078	2026-08-10	../../../../../../tank/site2rag/websites_md/bahai-library.com/writings-abdulbaha-swab-169.md	Selections from the Writings of `Abdu'l-Bahá	10	0				1	no title match
334093	2026-08-10	../../../../../../tank/site2rag/websites_md/bahai-library.com/writings-abdulbaha-swab-170.md	Selections from the Writings of `Abdu'l-Bahá	9	0				1	no title match
334095	2026-08-10	../../../../../../tank/site2rag/websites_md/bahai-library.com/writings-abdulbaha-swab-171.md	Selections from the Writings of `Abdu'l-Bahá	10	0				1	no title match
334101	2026-08-10	../../../../../../tank/site2rag/websites_md/bahai-library.com/writings-abdulbaha-swab-172.md	Selections from the Writings of `Abdu'l-Bahá	8	0				1	no title match
334113	2026-08-10	../../../../../../tank/site2rag/websites_md/bahai-library.com/writings-abdulbaha-swab-173.md	Selections from the Writings of `Abdu'l-Bahá	8	0				1	no title match
334117	2026-08-10	../../../../../../tank/site2rag/websites_md/bahai-library.com/writings-abdulbaha-swab-174.md	Selections from the Writings of `Abdu'l-Bahá	13	0				1	no title match
334124	2026-08-10	../../../../../../tank/site2rag/websites_md/bahai-library.com/writings-abdulbaha-swab-175.md	Selections from the Writings of `Abdu'l-Bahá	8	0				1	no title match
334131	2026-08-10	../../../../../../tank/site2rag/websites_md/bahai-library.com/writings-abdulbaha-swab-176.md	Selections from the Writings of `Abdu'l-Bahá	10	0				1	no title match
334139	2026-08-10	../../../../../../tank/site2rag/websites_md/bahai-library.com/writings-abdulbaha-swab-177.md	Selections from the Writings of `Abdu'l-Bahá	10	0				1	no title match
334145	2026-08-10	../../../../../../tank/site2rag/websites_md/bahai-library.com/writings-abdulbaha-swab-178.md	Selections from the Writings of `Abdu'l-Bahá	10	0				1	no title match
334151	2026-08-10	../../../../../../tank/site2rag/websites_md/bahai-library.com/writings-abdulbaha-swab-179.md	Selections from the Writings of `Abdu'l-Bahá	1	0				1	no title match
334163	2026-08-10	../../../../../../tank/site2rag/websites_md/bahai-library.com/writings-abdulbaha-swab-180.md	Selections from the Writings of `Abdu'l-Bahá	8	0				1	no title match
334169	2026-08-10	../../../../../../tank/site2rag/websites_md/bahai-library.com/writings-abdulbaha-swab-181.md	Selections from the Writings of `Abdu'l-Bahá	10	0				1	no title match
334180	2026-08-10	../../../../../../tank/site2rag/websites_md/bahai-library.com/writings-abdulbaha-swab-182.md	Selections from the Writings of `Abdu'l-Bahá	9	0				1	no title match
334183	2026-08-10	../../../../../../tank/site2rag/websites_md/bahai-library.com/writings-abdulbaha-swab-183.md	Selections from the Writings of `Abdu'l-Bahá	11	0				1	no title match
334194	2026-08-10	../../../../../../tank/site2rag/websites_md/bahai-library.com/writings-abdulbaha-swab-184.md	Selections from the Writings of `Abdu'l-Bahá	11	0				1	no title match
334199	2026-08-10	../../../../../../tank/site2rag/websites_md/bahai-library.com/writings-abdulbaha-swab-185.md	Selections from the Writings of `Abdu'l-Bahá	13	0				1	no title match
334204	2026-08-10	../../../../../../tank/site2rag/websites_md/bahai-library.com/writings-abdulbaha-swab-186.md	Selections from the Writings of `Abdu'l-Bahá	14	0				1	no title match
334214	2026-08-10	../../../../../../tank/site2rag/websites_md/bahai-library.com/writings-abdulbaha-swab-187.md	Selections from the Writings of `Abdu'l-Bahá	11	0				1	no title match
334221	2026-08-10	../../../../../../tank/site2rag/websites_md/bahai-library.com/writings-abdulbaha-swab-188.md	Selections from the Writings of `Abdu'l-Bahá	32	0				1	no title match
334237	2026-08-10	../../../../../../tank/site2rag/websites_md/bahai-library.com/writings-abdulbaha-swab-189.md	Selections from the Writings of `Abdu'l-Bahá	14	0				1	no title match
334253	2026-08-10	../../../../../../tank/site2rag/websites_md/bahai-library.com/writings-abdulbaha-swab-190.md	Selections from the Writings of `Abdu'l-Bahá	18	0				1	no title match
334269	2026-08-10	../../../../../../tank/site2rag/websites_md/bahai-library.com/writings-abdulbaha-swab-191.md	Selections from the Writings of `Abdu'l-Bahá	19	0				1	no title match
334285	2026-08-10	../../../../../../tank/site2rag/websites_md/bahai-library.com/writings-abdulbaha-swab-192.md	Selections from the Writings of `Abdu'l-Bahá	8	0				1	no title match
334296	2026-08-10	../../../../../../tank/site2rag/websites_md/bahai-library.com/writings-abdulbaha-swab-193.md	Selections from the Writings of `Abdu'l-Bahá	21	0				1	no title match
334303	2026-08-10	../../../../../../tank/site2rag/websites_md/bahai-library.com/writings-abdulbaha-swab-194.md	Selections from the Writings of `Abdu'l-Bahá	10	0				1	no title match
334308	2026-08-10	../../../../../../tank/site2rag/websites_md/bahai-library.com/writings-abdulbaha-swab-195.md	Selections from the Writings of `Abdu'l-Bahá	18	0				1	no title match
334316	2026-08-10	../../../../../../tank/site2rag/websites_md/bahai-library.com/writings-abdulbaha-swab-196.md	Selections from the Writings of `Abdu'l-Bahá	11	0				1	no title match
334325	2026-08-10	../../../../../../tank/site2rag/websites_md/bahai-library.com/writings-abdulbaha-swab-197.md	Selections from the Writings of `Abdu'l-Bahá	10	0				1	no title match
334329	2026-08-10	../../../../../../tank/site2rag/websites_md/bahai-library.com/writings-abdulbaha-swab-199.md	Selections from the Writings of `Abdu'l-Bahá	14	0				1	no title match
334340	2026-08-10	../../../../../../tank/site2rag/websites_md/bahai-library.com/writings-abdulbaha-swab-200.md	Selections from the Writings of `Abdu'l-Bahá	20	0				1	no title match
334341	2026-08-10	../../../../../../tank/site2rag/websites_md/bahai-library.com/writings-abdulbaha-swab-198.md	Selections from the Writings of `Abdu'l-Bahá	12	0				1	no title match
334345	2026-08-10	../../../../../../tank/site2rag/websites_md/bahai-library.com/writings-abdulbaha-swab-201.md	Selections from the Writings of `Abdu'l-Bahá	9	0				1	no title match
334357	2026-08-10	../../../../../../tank/site2rag/websites_md/bahai-library.com/writings-abdulbaha-swab-202.md	Selections from the Writings of `Abdu'l-Bahá	24	0				1	no title match
334361	2026-08-10	../../../../../../tank/site2rag/websites_md/bahai-library.com/writings-abdulbaha-swab-203.md	Selections from the Writings of `Abdu'l-Bahá	11	0				1	no title match
334376	2026-08-10	../../../../../../tank/site2rag/websites_md/bahai-library.com/writings-abdulbaha-swab-204.md	Selections from the Writings of `Abdu'l-Bahá	11	0				1	no title match
334378	2026-08-10	../../../../../../tank/site2rag/websites_md/bahai-library.com/writings-abdulbaha-swab-205.md	Selections from the Writings of `Abdu'l-Bahá	13	0				1	no title match
334390	2026-08-10	../../../../../../tank/site2rag/websites_md/bahai-library.com/writings-abdulbaha-swab-206.md	Selections from the Writings of `Abdu'l-Bahá	24	0				1	no title match
334400	2026-08-10	../../../../../../tank/site2rag/websites_md/bahai-library.com/writings-abdulbaha-swab-207.md	Selections from the Writings of `Abdu'l-Bahá	19	0				1	no title match
334406	2026-08-10	../../../../../../tank/site2rag/websites_md/bahai-library.com/writings-abdulbaha-swab-208.md	Selections from the Writings of `Abdu'l-Bahá	8	0				1	no title match
334413	2026-08-10	../../../../../../tank/site2rag/websites_md/bahai-library.com/writings-abdulbaha-swab-209.md	Selections from the Writings of `Abdu'l-Bahá	14	0				1	no title match
334420	2026-08-10	../../../../../../tank/site2rag/websites_md/bahai-library.com/writings-abdulbaha-swab-210.md	Selections from the Writings of `Abdu'l-Bahá	13	0				1	no title match
334422	2026-08-10	../../../../../../tank/site2rag/websites_md/bahai-library.com/writings-abdulbaha-swab-211.md	Selections from the Writings of `Abdu'l-Bahá	8	0				1	no title match
334428	2026-08-10	../../../../../../tank/site2rag/websites_md/bahai-library.com/writings-abdulbaha-swab-212.md	Selections from the Writings of `Abdu'l-Bahá	8	0				1	no title match
334440	2026-08-10	../../../../../../tank/site2rag/websites_md/bahai-library.com/writings-abdulbaha-swab-213.md	Selections from the Writings of `Abdu'l-Bahá	8	0				1	no title match
334443	2026-08-10	../../../../../../tank/site2rag/websites_md/bahai-library.com/writings-abdulbaha-swab-214.md	Selections from the Writings of `Abdu'l-Bahá	8	0				1	no title match
334456	2026-08-10	../../../../../../tank/site2rag/websites_md/bahai-library.com/writings-abdulbaha-swab-215.md	Selections from the Writings of `Abdu'l-Bahá	9	0				1	no title match
334461	2026-08-10	../../../../../../tank/site2rag/websites_md/bahai-library.com/writings-abdulbaha-swab-216.md	Selections from the Writings of `Abdu'l-Bahá	8	0				1	no title match
334472	2026-08-10	../../../../../../tank/site2rag/websites_md/bahai-library.com/writings-abdulbaha-swab-217.md	Selections from the Writings of `Abdu'l-Bahá	8	0				1	no title match
334482	2026-08-10	../../../../../../tank/site2rag/websites_md/bahai-library.com/writings-abdulbaha-swab-218.md	Selections from the Writings of `Abdu'l-Bahá	27	0				1	no title match
334492	2026-08-10	../../../../../../tank/site2rag/websites_md/bahai-library.com/writings-abdulbaha-swab-219.md	Selections from the Writings of `Abdu'l-Bahá	13	0				1	no title match
22775	2026-08-10	../../../../../../tank/site2rag/websites_md/bahai-library.com/4527.md	Some Answered Questions	995	0				1	title->lib/ocean
24476	2026-08-10	../../../../../../tank/site2rag/websites_md/bahai-library.com/abdul-baha_some_answered_questions&tagsall=yes.md	Some Answered Questions	995	0				1	title->lib/ocean
24477	2026-08-10	../../../../../../tank/site2rag/websites_md/bahai-library.com/abdul-baha_some_answered_questions.md	Some Answered Questions	995	0				1	title->lib/ocean
57341	2026-08-10	../../../../../../tank/site2rag/websites_md/bahai-library.com/1500.md	Some Answered Questions	11	0				1	title->lib/ocean
57377	2026-08-10	../../../../../../tank/site2rag/websites_md/bahai-library.com/abdul-baha_some_answered_questions-original.md	Some Answered Questions	12	0				1	title->lib/ocean
282721	2026-08-10	../../../../../../tank/site2rag/websites_md/bahai-library.com/russian-abh-saq.md	Some Answered Questions	27	0				1	title->lib/ocean
332629	2026-08-10	../../../../../../tank/site2rag/websites_md/bahai-library.com/writings-abdulbaha-saq-saqall.md	SOME ANSWERED QUESTIONS	1291	0				1	title->lib/ocean
334508	2026-08-10	../../../../../../tank/site2rag/websites_md/bahai-library.com/writings-abdulbaha-swab-220.md	Selections from the Writings of `Abdu'l-Bahá	13	0				1	no title match
334513	2026-08-10	../../../../../../tank/site2rag/websites_md/bahai-library.com/writings-abdulbaha-swab-221.md	Selections from the Writings of `Abdu'l-Bahá	22	0				1	no title match
334516	2026-08-10	../../../../../../tank/site2rag/websites_md/bahai-library.com/writings-abdulbaha-swab-222.md	Selections from the Writings of `Abdu'l-Bahá	10	0				1	no title match
334529	2026-08-10	../../../../../../tank/site2rag/websites_md/bahai-library.com/writings-abdulbaha-swab-223.md	Selections from the Writings of `Abdu'l-Bahá	9	0				1	no title match
334535	2026-08-10	../../../../../../tank/site2rag/websites_md/bahai-library.com/writings-abdulbaha-swab-224.md	Selections from the Writings of `Abdu'l-Bahá	8	0				1	no title match
334545	2026-08-10	../../../../../../tank/site2rag/websites_md/bahai-library.com/writings-abdulbaha-swab-225.md	Selections from the Writings of `Abdu'l-Bahá	39	0				1	no title match
334557	2026-08-10	../../../../../../tank/site2rag/websites_md/bahai-library.com/writings-abdulbaha-swab-226.md	Selections from the Writings of `Abdu'l-Bahá	10	0				1	no title match
334564	2026-08-10	../../../../../../tank/site2rag/websites_md/bahai-library.com/writings-abdulbaha-swab-227.md	Selections from the Writings of `Abdu'l-Bahá	40	0				1	no title match
334575	2026-08-10	../../../../../../tank/site2rag/websites_md/bahai-library.com/writings-abdulbaha-swab-228.md	Selections from the Writings of `Abdu'l-Bahá	13	0				1	no title match
334584	2026-08-10	../../../../../../tank/site2rag/websites_md/bahai-library.com/writings-abdulbaha-swab-229.md	Selections from the Writings of `Abdu'l-Bahá	10	0				1	no title match
334592	2026-08-10	../../../../../../tank/site2rag/websites_md/bahai-library.com/writings-abdulbaha-swab-230.md	Selections from the Writings of `Abdu'l-Bahá	10	0				1	no title match
334609	2026-08-10	../../../../../../tank/site2rag/websites_md/bahai-library.com/writings-abdulbaha-swab-231.md	Selections from the Writings of `Abdu'l-Bahá	12	0				1	no title match
334617	2026-08-10	../../../../../../tank/site2rag/websites_md/bahai-library.com/writings-abdulbaha-swab-232.md	Selections from the Writings of `Abdu'l-Bahá	8	0				1	no title match
334623	2026-08-10	../../../../../../tank/site2rag/websites_md/bahai-library.com/writings-abdulbaha-swab-233.md	Selections from the Writings of `Abdu'l-Bahá	18	0				1	no title match
334634	2026-08-10	../../../../../../tank/site2rag/websites_md/bahai-library.com/writings-abdulbaha-swab-234.md	Selections from the Writings of `Abdu'l-Bahá	10	0				1	no title match
334651	2026-08-10	../../../../../../tank/site2rag/websites_md/bahai-library.com/writings-abdulbaha-swab-235.md	Selections from the Writings of `Abdu'l-Bahá	10	0				1	no title match
334668	2026-08-10	../../../../../../tank/site2rag/websites_md/bahai-library.com/writings-abdulbaha-swab-236.md	Selections from the Writings of `Abdu'l-Bahá	13	0				1	no title match
334670	2026-08-10	../../../../../../tank/site2rag/websites_md/bahai-library.com/writings-abdulbaha-swab-237.md	Selections from the Writings of `Abdu'l-Bahá	13	0				1	no title match
21667	2026-08-10	../../../../../../tank/site2rag/websites_md/bahai-library.com/1499.md	The Promulgation of Universal Peace	1	0				1	title->lib/ocean
21673	2026-08-10	../../../../../../tank/site2rag/websites_md/bahai-library.com/1505.md	Tablets of the Divine Plan	5	0				1	title->lib/ocean
24461	2026-08-10	../../../../../../tank/site2rag/websites_md/bahai-library.com/abdul-baha_promulgation_universal_peace.md	The Promulgation of Universal Peace	1	0				1	title->lib/ocean
24500	2026-08-10	../../../../../../tank/site2rag/websites_md/bahai-library.com/abdul-baha_tablets_divine_plan.md	Tablets of the Divine Plan	5	0				1	title->lib/ocean
282718	2026-08-10	../../../../../../tank/site2rag/websites_md/bahai-library.com/russian-abh-divine_plan.md	Tablets of the Divine Plan	270	0				1	title->lib/ocean
331714	2026-08-10	../../../../../../tank/site2rag/websites_md/bahai-library.com/writings-abdulbaha-pup-10-index.md	The Promulgation of Universal Peace	4	0				1	title->lib/ocean
331718	2026-08-10	../../../../../../tank/site2rag/websites_md/bahai-library.com/writings-abdulbaha-pup-11-index.md	The Promulgation of Universal Peace	4	0				1	title->lib/ocean
331726	2026-08-10	../../../../../../tank/site2rag/websites_md/bahai-library.com/writings-abdulbaha-pup-12-index.md	The Promulgation of Universal Peace	4	0				1	title->lib/ocean
331733	2026-08-10	../../../../../../tank/site2rag/websites_md/bahai-library.com/writings-abdulbaha-pup-13-index.md	The Promulgation of Universal Peace	4	0				1	title->lib/ocean
331735	2026-08-10	../../../../../../tank/site2rag/websites_md/bahai-library.com/writings-abdulbaha-pup-14-index.md	The Promulgation of Universal Peace	4	0				1	title->lib/ocean
334822	2026-08-10	../../../../../../tank/site2rag/websites_md/bahai-library.com/writings-abdulbaha-tdp-sec-10.md	Tablets of the Divine Plan	22	0				1	title->lib/ocean
334827	2026-08-10	../../../../../../tank/site2rag/websites_md/bahai-library.com/writings-abdulbaha-tdp-sec-11.md	Tablets of the Divine Plan	21	0				1	title->lib/ocean
334836	2026-08-10	../../../../../../tank/site2rag/websites_md/bahai-library.com/writings-abdulbaha-tdp-sec-12.md	Tablets of the Divine Plan	26	0				1	title->lib/ocean
334842	2026-08-10	../../../../../../tank/site2rag/websites_md/bahai-library.com/writings-abdulbaha-tdp-sec-13.md	Tablets of the Divine Plan	22	0				1	title->lib/ocean
334853	2026-08-10	../../../../../../tank/site2rag/websites_md/bahai-library.com/writings-abdulbaha-tdp-sec-14.md	Tablets of the Divine Plan	25	0				1	title->lib/ocean
334871	2026-08-10	../../../../../../tank/site2rag/websites_md/bahai-library.com/writings-abdulbaha-tdp-sec-15.md	Tablets of the Divine Plan	26	0				1	title->lib/ocean
334890	2026-08-10	../../../../../../tank/site2rag/websites_md/bahai-library.com/writings-abdulbaha-tdp-sec-2.md	Tablets of the Divine Plan	11	0				1	title->lib/ocean
334908	2026-08-10	../../../../../../tank/site2rag/websites_md/bahai-library.com/writings-abdulbaha-tdp-sec-3.md	Tablets of the Divine Plan	12	0				1	title->lib/ocean
334927	2026-08-10	../../../../../../tank/site2rag/websites_md/bahai-library.com/writings-abdulbaha-tdp-sec-4.md	Tablets of the Divine Plan	11	0				1	title->lib/ocean
334946	2026-08-10	../../../../../../tank/site2rag/websites_md/bahai-library.com/writings-abdulbaha-tdp-sec-5.md	Tablets of the Divine Plan	15	0				1	title->lib/ocean
334965	2026-08-10	../../../../../../tank/site2rag/websites_md/bahai-library.com/writings-abdulbaha-tdp-sec-6.md	Tablets of the Divine Plan	11	0				1	title->lib/ocean
334984	2026-08-10	../../../../../../tank/site2rag/websites_md/bahai-library.com/writings-abdulbaha-tdp-sec-7.md	Tablets of the Divine Plan	26	0				1	title->lib/ocean
335003	2026-08-10	../../../../../../tank/site2rag/websites_md/bahai-library.com/writings-abdulbaha-tdp-sec-8.md	Tablets of the Divine Plan	34	0				1	title->lib/ocean
335022	2026-08-10	../../../../../../tank/site2rag/websites_md/bahai-library.com/writings-abdulbaha-tdp-sec-9.md	Tablets of the Divine Plan	45	0				1	title->lib/ocean
335041	2026-08-10	../../../../../../tank/site2rag/websites_md/bahai-library.com/writings-abdulbaha-tdp-tdpall.md	TABLETS OF THE DIVINE PLAN	370	0				1	title->lib/ocean
21663	2026-08-10	../../../../../../tank/site2rag/websites_md/bahai-library.com/1495.md	Abdu'l-Baha in London	487	0				1	no title match
24366	2026-08-10	../../../../../../tank/site2rag/websites_md/bahai-library.com/abdul-baha_abdul-baha_london.md	Abdu'l-Baha in London	487	0				1	no title match
331745	2026-08-10	../../../../../../tank/site2rag/websites_md/bahai-library.com/writings-abdulbaha-pup-15-index.md	The Promulgation of Universal Peace	4	0				1	title->lib/ocean
331748	2026-08-10	../../../../../../tank/site2rag/websites_md/bahai-library.com/writings-abdulbaha-pup-16-index.md	The Promulgation of Universal Peace	4	0				1	title->lib/ocean
331761	2026-08-10	../../../../../../tank/site2rag/websites_md/bahai-library.com/writings-abdulbaha-pup-17-index.md	The Promulgation of Universal Peace	4	0				1	title->lib/ocean
331770	2026-08-10	../../../../../../tank/site2rag/websites_md/bahai-library.com/writings-abdulbaha-pup-18-index.md	The Promulgation of Universal Peace	4	0				1	title->lib/ocean
331776	2026-08-10	../../../../../../tank/site2rag/websites_md/bahai-library.com/writings-abdulbaha-pup-19-index.md	The Promulgation of Universal Peace	15	0				1	title->lib/ocean
331786	2026-08-10	../../../../../../tank/site2rag/websites_md/bahai-library.com/writings-abdulbaha-pup-2-index.md	The Promulgation of Universal Peace	4	0				1	title->lib/ocean
331790	2026-08-10	../../../../../../tank/site2rag/websites_md/bahai-library.com/writings-abdulbaha-pup-20-index.md	The Promulgation of Universal Peace	15	0				1	title->lib/ocean
331791	2026-08-10	../../../../../../tank/site2rag/websites_md/bahai-library.com/writings-abdulbaha-pup-21-index.md	The Promulgation of Universal Peace	18	0				1	title->lib/ocean
331805	2026-08-10	../../../../../../tank/site2rag/websites_md/bahai-library.com/writings-abdulbaha-pup-22-index.md	The Promulgation of Universal Peace	4	0				1	title->lib/ocean
331808	2026-08-10	../../../../../../tank/site2rag/websites_md/bahai-library.com/writings-abdulbaha-pup-23-index.md	The Promulgation of Universal Peace	4	0				1	title->lib/ocean
331811	2026-08-10	../../../../../../tank/site2rag/websites_md/bahai-library.com/writings-abdulbaha-pup-24-index.md	The Promulgation of Universal Peace	4	0				1	title->lib/ocean
331823	2026-08-10	../../../../../../tank/site2rag/websites_md/bahai-library.com/writings-abdulbaha-pup-25-index.md	The Promulgation of Universal Peace	11	0				1	title->lib/ocean
331826	2026-08-10	../../../../../../tank/site2rag/websites_md/bahai-library.com/writings-abdulbaha-pup-26-index.md	The Promulgation of Universal Peace	4	0				1	title->lib/ocean
331829	2026-08-10	../../../../../../tank/site2rag/websites_md/bahai-library.com/writings-abdulbaha-pup-27-index.md	The Promulgation of Universal Peace	4	0				1	title->lib/ocean
331841	2026-08-10	../../../../../../tank/site2rag/websites_md/bahai-library.com/writings-abdulbaha-pup-3-index.md	The Promulgation of Universal Peace	4	0				1	title->lib/ocean
331844	2026-08-10	../../../../../../tank/site2rag/websites_md/bahai-library.com/writings-abdulbaha-pup-4-index.md	The Promulgation of Universal Peace	4	0				1	title->lib/ocean
331848	2026-08-10	../../../../../../tank/site2rag/websites_md/bahai-library.com/writings-abdulbaha-pup-4-sec-5.md	The Promulgation of Universal Peace	12	0				1	title->lib/ocean
331853	2026-08-10	../../../../../../tank/site2rag/websites_md/bahai-library.com/writings-abdulbaha-pup-5-index.md	The Promulgation of Universal Peace	4	0				1	title->lib/ocean
331862	2026-08-10	../../../../../../tank/site2rag/websites_md/bahai-library.com/writings-abdulbaha-pup-6-index.md	The Promulgation of Universal Peace	24	0				1	title->lib/ocean
331863	2026-08-10	../../../../../../tank/site2rag/websites_md/bahai-library.com/writings-abdulbaha-pup-7-index.md	The Promulgation of Universal Peace	4	0				1	title->lib/ocean
331877	2026-08-10	../../../../../../tank/site2rag/websites_md/bahai-library.com/writings-abdulbaha-pup-8-index.md	The Promulgation of Universal Peace	4	0				1	title->lib/ocean
331887	2026-08-10	../../../../../../tank/site2rag/websites_md/bahai-library.com/writings-abdulbaha-pup-9-index.md	The Promulgation of Universal Peace	4	0				1	title->lib/ocean
21694	2026-08-10	../../../../../../tank/site2rag/websites_md/bahai-library.com/1535.md	Messages to Canada	549	0				1	title->lib/ocean
21696	2026-08-10	../../../../../../tank/site2rag/websites_md/bahai-library.com/1537.md	Unfolding Destiny	5600	0				1	title->lib/ocean
22067	2026-08-10	../../../../../../tank/site2rag/websites_md/bahai-library.com/2513.md	The Qur'an Commentary of Sayyid 'Ali Muhammad, the Bab: Doctoral dissertation	71	0				1	no title match
27788	2026-08-10	../../../../../../tank/site2rag/websites_md/bahai-library.com/alkan_fig_olive.md	By the Fig and the Olive: 'Abdu'l-Baha's Commentary in Ottoman Turkish on the Qur'anic Sura 95	57	0				1	no title match
57347	2026-08-10	../../../../../../tank/site2rag/websites_md/bahai-library.com/1528.md	God Passes By	11	0				1	title->lib/ocean
153880	2026-08-10	../../../../../../tank/site2rag/websites_md/bahai-library.com/lawson_quran_commentary_bab&chapter=0.md	The Qur'an Commentary of Sayyid 'Ali Muhammad, the Bab: Doctoral dissertation	71	0				1	no title match
153902	2026-08-10	../../../../../../tank/site2rag/websites_md/bahai-library.com/lawson_quran_commentary_bab&chapter=1.md	The Qur'an Commentary of Sayyid 'Ali Muhammad, the Bab: Doctoral dissertation	201	0				1	no title match
153930	2026-08-10	../../../../../../tank/site2rag/websites_md/bahai-library.com/lawson_quran_commentary_bab&chapter=2.md	The Qur'an Commentary of Sayyid 'Ali Muhammad, the Bab: Doctoral dissertation	871	0				1	no title match
153973	2026-08-10	../../../../../../tank/site2rag/websites_md/bahai-library.com/lawson_quran_commentary_bab&chapter=3.md	The Qur'an Commentary of Sayyid 'Ali Muhammad, the Bab: Doctoral dissertation	563	0				1	no title match
153992	2026-08-10	../../../../../../tank/site2rag/websites_md/bahai-library.com/lawson_quran_commentary_bab&chapter=4.md	The Qur'an Commentary of Sayyid 'Ali Muhammad, the Bab: Doctoral dissertation	379	0				1	no title match
154020	2026-08-10	../../../../../../tank/site2rag/websites_md/bahai-library.com/lawson_quran_commentary_bab&chapter=5.md	The Qur'an Commentary of Sayyid 'Ali Muhammad, the Bab: Doctoral dissertation	1201	0				1	no title match
154088	2026-08-10	../../../../../../tank/site2rag/websites_md/bahai-library.com/lawson_quran_commentary_bab.md	The Qur'an Commentary of Sayyid 'Ali Muhammad, the Bab: Doctoral dissertation	71	0				1	no title match
154152	2026-08-10	../../../../../../tank/site2rag/websites_md/bahai-library.com/lawson_quran_commentary_bab&chapter=all.md	The Qur'an Commentary of Sayyid 'Ali Muhammad, the Bab: Doctoral dissertation	3277	0				1	no title match
283258	2026-08-10	../../../../../../tank/site2rag/websites_md/bahai-library.com/shoghi-effendi_god_passes_by&tagsall=yes.md	God Passes By	11	0				1	title->lib/ocean
283259	2026-08-10	../../../../../../tank/site2rag/websites_md/bahai-library.com/shoghi-effendi_god_passes_by.md	God Passes By	10	0				1	title->lib/ocean
283280	2026-08-10	../../../../../../tank/site2rag/websites_md/bahai-library.com/shoghi-effendi_messages_canada.md	Messages to Canada	549	0				1	title->lib/ocean
283300	2026-08-10	../../../../../../tank/site2rag/websites_md/bahai-library.com/shoghi-effendi_unfolding_destiny.md	Unfolding Destiny	5600	0				1	title->lib/ocean
343813	2026-08-10	../../../../../../tank/site2rag/websites_md/bahai-library.com/writings-shoghieffendi-gpb-gpball.md	GOD PASSES BY	1138	0				1	title->lib/ocean
21727	2026-08-10	../../../../../../tank/site2rag/websites_md/bahai-library.com/1627.md	The Priceless Pearl	8	0				1	title->lib/ocean
21868	2026-08-10	../../../../../../tank/site2rag/websites_md/bahai-library.com/2002.md	The Institution of the Mashriqu'l-Adhkar	159	0				1	no title match
41285	2026-08-10	../../../../../../tank/site2rag/websites_md/bahai-library.com/institution_mashriquladhkar_bw_18.md	The Institution of the Mashriqu'l-Adhkar	159	0				1	no title match
150443	2026-08-10	../../../../../../tank/site2rag/websites_md/bahai-library.com/khanum_priceless_pearl&chapter=10.md	The Priceless Pearl	65	0				1	title->lib/ocean
150459	2026-08-10	../../../../../../tank/site2rag/websites_md/bahai-library.com/khanum_priceless_pearl&chapter=13.md	The Priceless Pearl	81	0				1	title->lib/ocean
150469	2026-08-10	../../../../../../tank/site2rag/websites_md/bahai-library.com/khanum_priceless_pearl&chapter=14.md	The Priceless Pearl	87	0				1	title->lib/ocean
150489	2026-08-10	../../../../../../tank/site2rag/websites_md/bahai-library.com/khanum_priceless_pearl&chapter=15.md	The Priceless Pearl	102	0				1	title->lib/ocean
150530	2026-08-10	../../../../../../tank/site2rag/websites_md/bahai-library.com/khanum_priceless_pearl&chapter=all.md	The Priceless Pearl	997	0				1	title->lib/ocean
150540	2026-08-10	../../../../../../tank/site2rag/websites_md/bahai-library.com/khanum_priceless_pearl.md	The Priceless Pearl	8	0				1	title->lib/ocean
166065	2026-08-10	../../../../../../tank/site2rag/websites_md/bahai-library.com/moghadam_secret_divine_civilization.md	The Secret of Divine Civilization	1	0				1	title->lib/ocean
21675	2026-08-10	../../../../../../tank/site2rag/websites_md/bahai-library.com/1508.md	Selections from the Writings of the Bab	11	0				1	no title match
21682	2026-08-10	../../../../../../tank/site2rag/websites_md/bahai-library.com/1518.md	Summons of the Lord of Hosts	17	0				1	title->lib/ocean
21695	2026-08-10	../../../../../../tank/site2rag/websites_md/bahai-library.com/1536.md	The Promised Day is Come	5	0				1	title->lib/ocean
28252	2026-08-10	../../../../../../tank/site2rag/websites_md/bahai-library.com/bab_selections_writings_bab.md	Selections from the Writings of the Bab	12	0				1	no title match
28774	2026-08-10	../../../../../../tank/site2rag/websites_md/bahai-library.com/bahaullah_summons_lord_hosts&tagsall=yes.md	Summons of the Lord of Hosts	17	0				1	title->lib/ocean
28775	2026-08-10	../../../../../../tank/site2rag/websites_md/bahai-library.com/bahaullah_summons_lord_hosts.md	Summons of the Lord of Hosts	17	0				1	title->lib/ocean
283286	2026-08-10	../../../../../../tank/site2rag/websites_md/bahai-library.com/shoghi-effendi_promised_day_come.md	The Promised Day is Come	5	0				1	title->lib/ocean
335100	2026-08-10	../../../../../../tank/site2rag/websites_md/bahai-library.com/writings-bab-swb-2.md	Selections from the Writings of the Báb	6	0				1	title->lib/ocean
335490	2026-08-10	../../../../../../tank/site2rag/websites_md/bahai-library.com/writings-bahaullah-aqdas-kaall.md	THE KITAB-I-AQDAS	2047	0				1	no title match
913925	2026-08-10	../../../../../../tank/site2rag/websites_md/bahai-library.com/writings-shoghieffendi-pdc-pdicall.md	THE PROMISED DAY IS COME	1	0				1	title->lib/ocean
21665	2026-08-10	../../../../../../tank/site2rag/websites_md/bahai-library.com/1497.md	Memorials of the Faithful	9	0				1	title->lib/ocean
24439	2026-08-10	../../../../../../tank/site2rag/websites_md/bahai-library.com/abdul-baha_memorials_faithful&tagsall=yes.md	Memorials of the Faithful	9	0				1	title->lib/ocean
24440	2026-08-10	../../../../../../tank/site2rag/websites_md/bahai-library.com/abdul-baha_memorials_faithful.md	Memorials of the Faithful	9	0				1	title->lib/ocean
39751	2026-08-10	../../../../../../tank/site2rag/websites_md/bahai-library.com/compilations-prayers-BP-52.md	Baha'i Prayers	5	0				1	no title match
39752	2026-08-10	../../../../../../tank/site2rag/websites_md/bahai-library.com/compilations-prayers-BP-53.md	Baha'i Prayers	3	0				1	no title match
39753	2026-08-10	../../../../../../tank/site2rag/websites_md/bahai-library.com/compilations-prayers-BP-54.md	Baha'i Prayers	9	0				1	no title match
39754	2026-08-10	../../../../../../tank/site2rag/websites_md/bahai-library.com/compilations-prayers-BP-55.md	Baha'i Prayers	5	0				1	no title match
39755	2026-08-10	../../../../../../tank/site2rag/websites_md/bahai-library.com/compilations-prayers-BP-56.md	Baha'i Prayers	9	0				1	no title match
331126	2026-08-10	../../../../../../tank/site2rag/websites_md/bahai-library.com/writings-abdulbaha-mf-sec-10.md	Memorials of the Faithful	28	0				1	title->lib/ocean
331133	2026-08-10	../../../../../../tank/site2rag/websites_md/bahai-library.com/writings-abdulbaha-mf-sec-11.md	Memorials of the Faithful	18	0				1	title->lib/ocean
39756	2026-08-10	../../../../../../tank/site2rag/websites_md/bahai-library.com/compilations-prayers-BP-57.md	Baha'i Prayers	9	0				1	no title match
39757	2026-08-10	../../../../../../tank/site2rag/websites_md/bahai-library.com/compilations-prayers-BP-58.md	Baha'i Prayers	4	0				1	no title match
39758	2026-08-10	../../../../../../tank/site2rag/websites_md/bahai-library.com/compilations-prayers-BP-59.md	Baha'i Prayers	7	0				1	no title match
39759	2026-08-10	../../../../../../tank/site2rag/websites_md/bahai-library.com/compilations-prayers-BP-6.md	Baha'i Prayers	5	0				1	no title match
39760	2026-08-10	../../../../../../tank/site2rag/websites_md/bahai-library.com/compilations-prayers-BP-60.md	Baha'i Prayers	2	0				1	no title match
39761	2026-08-10	../../../../../../tank/site2rag/websites_md/bahai-library.com/compilations-prayers-BP-61.md	Baha'i Prayers	7	0				1	no title match
39762	2026-08-10	../../../../../../tank/site2rag/websites_md/bahai-library.com/compilations-prayers-BP-62.md	Baha'i Prayers	5	0				1	no title match
39763	2026-08-10	../../../../../../tank/site2rag/websites_md/bahai-library.com/compilations-prayers-BP-63.md	Baha'i Prayers	3	0				1	no title match
39764	2026-08-10	../../../../../../tank/site2rag/websites_md/bahai-library.com/compilations-prayers-BP-64.md	Baha'i Prayers	11	0				1	no title match
39765	2026-08-10	../../../../../../tank/site2rag/websites_md/bahai-library.com/compilations-prayers-BP-65.md	Baha'i Prayers	7	0				1	no title match
39766	2026-08-10	../../../../../../tank/site2rag/websites_md/bahai-library.com/compilations-prayers-BP-66.md	Baha'i Prayers	9	0				1	no title match