doc_id	reason
21389	numeric-alias
21391	numeric-alias
21392	numeric-alias
21393	numeric-alias
21394	numeric-alias
21406	numeric-alias
21407	numeric-alias
21408	numeric-alias
21409	numeric-alias
21410	numeric-alias
21411	numeric-alias
21412	numeric-alias
21413	numeric-alias
21414	numeric-alias
21415	numeric-alias
21417	numeric-alias
21419	numeric-alias
21420	numeric-alias
21422	numeric-alias
21423	numeric-alias
21424	numeric-alias
21425	numeric-alias
21426	numeric-alias
21427	numeric-alias
21428	numeric-alias
21429	numeric-alias
21430	numeric-alias
21431	numeric-alias
21432	numeric-alias
21433	numeric-alias
21434	numeric-alias
21436	numeric-alias
21437	numeric-alias
21438	numeric-alias
21439	numeric-alias
21440	numeric-alias
21450	numeric-alias
21451	numeric-alias
21453	numeric-alias
21454	numeric-alias
21456	numeric-alias
21459	numeric-alias
21460	numeric-alias
21464	numeric-alias
21465	numeric-alias
21466	numeric-alias
21470	numeric-alias
21471	numeric-alias
21472	numeric-alias
21473	numeric-alias
21476	numeric-alias
21477	numeric-alias
21478	numeric-alias
21481	numeric-alias
21482	numeric-alias
21485	numeric-alias
21489	numeric-alias
21493	numeric-alias
21494	numeric-alias
21498	numeric-alias
21499	numeric-alias
21500	numeric-alias
21502	numeric-alias
21504	numeric-alias
21505	numeric-alias
21508	numeric-alias
21510	numeric-alias
21511	numeric-alias
21512	numeric-alias
21517	numeric-alias
21518	numeric-alias
21523	numeric-alias
21524	numeric-alias
21526	numeric-alias
21527	numeric-alias
21529	numeric-alias
21530	numeric-alias
21532	numeric-alias
21533	numeric-alias
21534	numeric-alias
21535	numeric-alias
21537	numeric-alias
21538	numeric-alias
21540	numeric-alias
21542	numeric-alias
21544	numeric-alias
21551	numeric-alias
21552	numeric-alias
21553	numeric-alias
21559	numeric-alias
21561	numeric-alias
21564	numeric-alias
21565	numeric-alias
21566	numeric-alias
21570	numeric-alias
21573	numeric-alias
21575	numeric-alias
21576	numeric-alias
21577	numeric-alias
21579	numeric-alias
21580	numeric-alias
21582	numeric-alias
21584	numeric-alias
21586	numeric-alias
21587	numeric-alias
21589	numeric-alias
21592	numeric-alias
21594	numeric-alias
21598	numeric-alias
21599	numeric-alias
21600	numeric-alias
21603	numeric-alias
21604	numeric-alias
21606	numeric-alias
21607	numeric-alias
21611	numeric-alias
21613	numeric-alias
21615	numeric-alias
21616	numeric-alias
21617	numeric-alias
21619	numeric-alias
21620	numeric-alias
21621	numeric-alias
21624	numeric-alias
21625	numeric-alias
21626	numeric-alias
21627	numeric-alias
21628	numeric-alias
21629	numeric-alias
21630	numeric-alias
21631	numeric-alias
21632	numeric-alias
21634	numeric-alias
21635	numeric-alias
21637	numeric-alias
21638	numeric-alias
21639	numeric-alias
21640	numeric-alias
21641	numeric-alias
21642	numeric-alias
21643	numeric-alias
21645	numeric-alias
21646	numeric-alias
21648	numeric-alias
21649	numeric-alias
21650	numeric-alias
21652	numeric-alias
21653	numeric-alias
21654	numeric-alias
21655	numeric-alias
21656	numeric-alias
21657	numeric-alias
21658	numeric-alias
21659	numeric-alias
21660	numeric-alias
21661	numeric-alias
21662	numeric-alias
21668	numeric-alias
21669	numeric-alias
21671	numeric-alias
21674	numeric-alias
21676	numeric-alias
21680	numeric-alias
21681	numeric-alias
21683	numeric-alias
21684	numeric-alias
21685	numeric-alias
21689	numeric-alias
21690	numeric-alias
21691	numeric-alias
21693	numeric-alias
21698	numeric-alias
21699	numeric-alias
21700	numeric-alias
21701	numeric-alias
21702	numeric-alias
21704	numeric-alias
21706	numeric-alias
21711	numeric-alias
21713	numeric-alias
21714	numeric-alias
21715	numeric-alias
21717	numeric-alias
21719	numeric-alias
21722	numeric-alias
21723	numeric-alias
21725	numeric-alias
21726	numeric-alias
21729	numeric-alias
21730	numeric-alias
21731	numeric-alias
21732	numeric-alias
21734	numeric-alias
21735	numeric-alias
21737	numeric-alias
21738	numeric-alias
21739	numeric-alias
21740	numeric-alias
21744	numeric-alias
21745	numeric-alias
21755	numeric-alias
21759	numeric-alias
21760	numeric-alias
21761	numeric-alias
21763	numeric-alias
21764	numeric-alias
21765	numeric-alias
21766	numeric-alias
21767	numeric-alias
21771	numeric-alias
21773	numeric-alias
21776	numeric-alias
21780	numeric-alias
21783	numeric-alias
21784	numeric-alias
21787	numeric-alias
21788	numeric-alias
21789	numeric-alias
21790	numeric-alias
21791	numeric-alias
21792	numeric-alias
21793	numeric-alias
21794	numeric-alias
21795	numeric-alias
21797	numeric-alias
21801	numeric-alias
21802	numeric-alias
21806	numeric-alias
21807	numeric-alias
21812	numeric-alias
21814	numeric-alias
21816	numeric-alias
21817	numeric-alias
21819	numeric-alias
21820	numeric-alias
21821	numeric-alias
21822	numeric-alias
21824	numeric-alias
21825	numeric-alias
21826	numeric-alias
21828	numeric-alias
21829	numeric-alias
21830	numeric-alias
21831	numeric-alias
21836	numeric-alias
21837	numeric-alias
21838	numeric-alias
21839	numeric-alias
21840	numeric-alias
21841	numeric-alias
21842	numeric-alias
21843	numeric-alias
21844	numeric-alias
21845	numeric-alias
21846	numeric-alias
21847	numeric-alias
21848	numeric-alias
21850	numeric-alias
21853	numeric-alias
21854	numeric-alias
21855	numeric-alias
21857	numeric-alias
21858	numeric-alias
21859	numeric-alias
21862	numeric-alias
21863	numeric-alias
21864	numeric-alias
21865	numeric-alias
21866	numeric-alias
21869	numeric-alias
21870	numeric-alias
21871	numeric-alias
21872	numeric-alias
21873	numeric-alias
21874	numeric-alias
21875	numeric-alias
21876	numeric-alias
21878	numeric-alias
21879	numeric-alias
21880	numeric-alias
21881	numeric-alias
21884	numeric-alias
21885	numeric-alias
21886	numeric-alias
21887	numeric-alias
21888	numeric-alias
21889	numeric-alias
21890	numeric-alias
21891	numeric-alias
21892	numeric-alias
21893	numeric-alias
21894	numeric-alias
21895	numeric-alias
21896	numeric-alias
21897	numeric-alias
21898	numeric-alias
21900	numeric-alias
21901	numeric-alias
21902	numeric-alias
21903	numeric-alias
21905	numeric-alias
21906	numeric-alias
21907	numeric-alias
21909	numeric-alias
21910	numeric-alias
21911	numeric-alias
21912	numeric-alias
21913	numeric-alias
21914	numeric-alias
21916	numeric-alias
21918	numeric-alias
21922	numeric-alias
21924	numeric-alias
21925	numeric-alias
21926	numeric-alias
21927	numeric-alias
21928	numeric-alias
21929	numeric-alias
21930	numeric-alias
21931	numeric-alias
21932	numeric-alias
21933	numeric-alias
21934	numeric-alias
21935	numeric-alias
21936	numeric-alias
21937	numeric-alias
21939	numeric-alias
21941	numeric-alias
21943	numeric-alias
21945	numeric-alias
21946	numeric-alias
21947	numeric-alias
21948	numeric-alias
21949	numeric-alias
21950	numeric-alias
21951	numeric-alias
21952	numeric-alias
21953	numeric-alias
21954	numeric-alias
21955	numeric-alias
21956	numeric-alias
21958	numeric-alias
21959	numeric-alias
21961	numeric-alias
21962	numeric-alias
21963	numeric-alias
21964	numeric-alias
21966	numeric-alias
21967	numeric-alias
21969	numeric-alias
21970	numeric-alias
21973	numeric-alias
21974	numeric-alias
21975	numeric-alias
21976	numeric-alias
21977	numeric-alias
21978	numeric-alias
21980	numeric-alias
21982	numeric-alias
21983	numeric-alias
21984	numeric-alias
21985	numeric-alias
21986	numeric-alias
21987	numeric-alias
21988	numeric-alias
21989	numeric-alias
21992	numeric-alias
21993	numeric-alias
21994	numeric-alias
21995	numeric-alias
21996	numeric-alias
21997	numeric-alias
21999	numeric-alias
22000	numeric-alias
22001	numeric-alias
22002	numeric-alias
22004	numeric-alias
22005	numeric-alias
22006	numeric-alias
22007	numeric-alias
22008	numeric-alias
22009	numeric-alias
22010	numeric-alias
22011	numeric-alias
22013	numeric-alias
22016	numeric-alias
22022	numeric-alias
22023	numeric-alias
22026	numeric-alias
22027	numeric-alias
22028	numeric-alias
22030	numeric-alias
22033	numeric-alias
22034	numeric-alias
22035	numeric-alias
22036	numeric-alias
22037	numeric-alias
22040	numeric-alias
22041	numeric-alias
22044	numeric-alias
22046	numeric-alias
22047	numeric-alias
22048	numeric-alias
22049	numeric-alias
22053	numeric-alias
22054	numeric-alias
22056	numeric-alias
22058	numeric-alias
22059	numeric-alias
22060	numeric-alias
22061	numeric-alias
22066	numeric-alias
22068	numeric-alias
22070	numeric-alias
22071	numeric-alias
22072	numeric-alias
22073	numeric-alias
22076	numeric-alias
22078	numeric-alias
22079	numeric-alias
22080	numeric-alias
22081	numeric-alias
22084	numeric-alias
22085	numeric-alias
22086	numeric-alias
22087	numeric-alias
22088	numeric-alias
22091	numeric-alias
22092	numeric-alias
22093	numeric-alias
22094	numeric-alias
22095	numeric-alias
22096	numeric-alias
22097	numeric-alias
22098	numeric-alias
22100	numeric-alias
22101	numeric-alias
22102	numeric-alias
22103	numeric-alias
22104	numeric-alias
22105	numeric-alias
22106	numeric-alias
22107	numeric-alias
22108	numeric-alias
22109	numeric-alias
22110	numeric-alias
22111	numeric-alias
22112	numeric-alias
22113	numeric-alias
22114	numeric-alias
22115	numeric-alias
22116	numeric-alias
22117	numeric-alias
22118	numeric-alias
22119	numeric-alias
22120	numeric-alias
22121	numeric-alias
22122	numeric-alias
22123	numeric-alias
22124	numeric-alias
22125	numeric-alias
22126	numeric-alias
22127	numeric-alias
22128	numeric-alias
22129	numeric-alias
22130	numeric-alias
22131	numeric-alias
22132	numeric-alias
22133	numeric-alias
22134	numeric-alias
22135	numeric-alias
22136	numeric-alias
22138	numeric-alias
22139	numeric-alias
22141	numeric-alias
22142	numeric-alias
22143	numeric-alias
22144	numeric-alias
22146	numeric-alias
22147	numeric-alias
22148	numeric-alias
22149	numeric-alias
22150	numeric-alias
22151	numeric-alias
22152	numeric-alias
22153	numeric-alias
22154	numeric-alias
22155	numeric-alias
22156	numeric-alias
22158	numeric-alias
22160	numeric-alias
22161	numeric-alias
22162	numeric-alias
22163	numeric-alias
22164	numeric-alias
22165	numeric-alias
22167	numeric-alias
22168	numeric-alias
22169	numeric-alias
22170	numeric-alias
22172	numeric-alias
22174	numeric-alias
22175	numeric-alias
22176	numeric-alias
22177	numeric-alias
22178	numeric-alias
22179	numeric-alias
22180	numeric-alias
22184	numeric-alias
22185	numeric-alias
22186	numeric-alias
22187	numeric-alias
22188	numeric-alias
22189	numeric-alias
22190	numeric-alias
22191	numeric-alias
22192	numeric-alias
22193	numeric-alias
22194	numeric-alias
22195	numeric-alias
22196	numeric-alias
22197	numeric-alias
22198	numeric-alias
22199	numeric-alias
22200	numeric-alias
22202	numeric-alias
22203	numeric-alias
22204	numeric-alias
22206	numeric-alias
22208	numeric-alias
22210	numeric-alias
22212	numeric-alias
22213	numeric-alias
22215	numeric-alias
22216	numeric-alias
22217	numeric-alias
22218	numeric-alias
22221	numeric-alias
22222	numeric-alias
22224	numeric-alias
22225	numeric-alias
22227	numeric-alias
22228	numeric-alias
22229	numeric-alias
22230	numeric-alias
22231	numeric-alias
22232	numeric-alias
22233	numeric-alias
22235	numeric-alias
22237	numeric-alias
22238	numeric-alias
22239	numeric-alias
22240	numeric-alias
22241	numeric-alias
22243	numeric-alias
22244	numeric-alias
22245	numeric-alias
22247	numeric-alias
22249	numeric-alias
22250	numeric-alias
22252	numeric-alias
22254	numeric-alias
22255	numeric-alias
22256	numeric-alias
22257	numeric-alias
22258	numeric-alias
22259	numeric-alias
22260	numeric-alias
22262	numeric-alias
22263	numeric-alias
22264	numeric-alias
22265	numeric-alias
22266	numeric-alias
22267	numeric-alias
22268	numeric-alias
22269	numeric-alias
22270	numeric-alias
22271	numeric-alias
22273	numeric-alias
22274	numeric-alias
22275	numeric-alias
22279	numeric-alias
22280	numeric-alias
22281	numeric-alias
22282	numeric-alias
22283	numeric-alias
22284	numeric-alias
22285	numeric-alias
22286	numeric-alias
22287	numeric-alias
22288	numeric-alias
22289	numeric-alias
22290	numeric-alias
22291	numeric-alias
22292	numeric-alias
22293	numeric-alias
22295	numeric-alias
22299	numeric-alias
22300	numeric-alias
22304	numeric-alias
22307	numeric-alias
22308	numeric-alias
22311	numeric-alias
22315	numeric-alias
22318	numeric-alias
22319	numeric-alias
22320	numeric-alias
22321	numeric-alias
22323	numeric-alias
22324	numeric-alias
22325	numeric-alias
22326	numeric-alias
22327	numeric-alias
22328	numeric-alias
22330	numeric-alias
22331	numeric-alias
22332	numeric-alias
22333	numeric-alias
22334	numeric-alias
22335	numeric-alias
22336	numeric-alias
22337	numeric-alias
22338	numeric-alias
22339	numeric-alias
22340	numeric-alias
22341	numeric-alias
22342	numeric-alias
22344	numeric-alias
22346	numeric-alias
22348	numeric-alias
22349	numeric-alias
22352	numeric-alias
22353	numeric-alias
22355	numeric-alias
22356	numeric-alias
22357	numeric-alias
22358	numeric-alias
22359	numeric-alias
22360	numeric-alias
22362	numeric-alias
22363	numeric-alias
22364	numeric-alias
22365	numeric-alias
22366	numeric-alias
22367	numeric-alias
22368	numeric-alias
22370	numeric-alias
22371	numeric-alias
22373	numeric-alias
22375	numeric-alias
22376	numeric-alias
22379	numeric-alias
22381	numeric-alias
22382	numeric-alias
22385	numeric-alias
22386	numeric-alias
22387	numeric-alias
22389	numeric-alias
22390	numeric-alias
22392	numeric-alias
22393	numeric-alias
22397	numeric-alias
22398	numeric-alias
22399	numeric-alias
22401	numeric-alias
22403	numeric-alias
22404	numeric-alias
22405	numeric-alias
22406	numeric-alias
22407	numeric-alias
22409	numeric-alias
22411	numeric-alias
22412	numeric-alias
22413	numeric-alias
22414	numeric-alias
22417	numeric-alias
22419	numeric-alias
22420	numeric-alias
22421	numeric-alias
22422	numeric-alias
22423	numeric-alias
22425	numeric-alias
22426	numeric-alias
22427	numeric-alias
22428	numeric-alias
22430	numeric-alias
22432	numeric-alias
22433	numeric-alias
22434	numeric-alias
22435	numeric-alias
22436	numeric-alias
22437	numeric-alias
22438	numeric-alias
22442	numeric-alias
22443	numeric-alias
22445	numeric-alias
22448	numeric-alias
22450	numeric-alias
22451	numeric-alias
22452	numeric-alias
22456	numeric-alias
22457	numeric-alias
22458	numeric-alias
22459	numeric-alias
22460	numeric-alias
22463	numeric-alias
22465	numeric-alias
22467	numeric-alias
22468	numeric-alias
22471	numeric-alias
22472	numeric-alias
22473	numeric-alias
22475	numeric-alias
22476	numeric-alias
22477	numeric-alias
22479	numeric-alias
22480	numeric-alias
22482	numeric-alias
22484	numeric-alias
22485	numeric-alias
22486	numeric-alias
22488	numeric-alias
22489	numeric-alias
22490	numeric-alias
22492	numeric-alias
22493	numeric-alias
22494	numeric-alias
22495	numeric-alias
22496	numeric-alias
22497	numeric-alias
22499	numeric-alias
22500	numeric-alias
22504	numeric-alias
22505	numeric-alias
22506	numeric-alias
22508	numeric-alias
22510	numeric-alias
22511	numeric-alias
22515	numeric-alias
22517	numeric-alias
22518	numeric-alias
22519	numeric-alias
22521	numeric-alias
22523	numeric-alias
22524	numeric-alias
22526	numeric-alias
22527	numeric-alias
22528	numeric-alias
22529	numeric-alias
22530	numeric-alias
22531	numeric-alias
22532	numeric-alias
22533	numeric-alias
22534	numeric-alias
22536	numeric-alias
22537	numeric-alias
22538	numeric-alias
22539	numeric-alias
22540	numeric-alias
22541	numeric-alias
22542	numeric-alias
22543	numeric-alias
22547	numeric-alias
22548	numeric-alias
22549	numeric-alias
22550	numeric-alias
22551	numeric-alias
22552	numeric-alias
22554	numeric-alias
22555	numeric-alias
22557	numeric-alias
22558	numeric-alias
22563	numeric-alias
22564	numeric-alias
22567	numeric-alias
22568	numeric-alias
22569	numeric-alias
22570	numeric-alias
22571	numeric-alias
22572	numeric-alias
22576	numeric-alias
22579	numeric-alias
22581	numeric-alias
22582	numeric-alias
22584	numeric-alias
22585	numeric-alias
22586	numeric-alias
22588	numeric-alias
22589	numeric-alias
22590	numeric-alias
22591	numeric-alias
22592	numeric-alias
22593	numeric-alias
22594	numeric-alias
22595	numeric-alias
22598	numeric-alias
22600	numeric-alias
22601	numeric-alias
22602	numeric-alias
22603	numeric-alias
22604	numeric-alias
22605	numeric-alias
22606	numeric-alias
22607	numeric-alias
22609	numeric-alias
22610	numeric-alias
22613	numeric-alias
22614	numeric-alias
22615	numeric-alias
22617	numeric-alias
22618	numeric-alias
22621	numeric-alias
22622	numeric-alias
22623	numeric-alias
22624	numeric-alias
22625	numeric-alias
22626	numeric-alias
22627	numeric-alias
22628	numeric-alias
22629	numeric-alias
22630	numeric-alias
22631	numeric-alias
22632	numeric-alias
22633	numeric-alias
22635	numeric-alias
22636	numeric-alias
22637	numeric-alias
22638	numeric-alias
22640	numeric-alias
22641	numeric-alias
22642	numeric-alias
22643	numeric-alias
22644	numeric-alias
22646	numeric-alias
22647	numeric-alias
22648	numeric-alias
22649	numeric-alias
22650	numeric-alias
22651	numeric-alias
22652	numeric-alias
22654	numeric-alias
22655	numeric-alias
22661	numeric-alias
22662	numeric-alias
22663	numeric-alias
22664	numeric-alias
22667	numeric-alias
22668	numeric-alias
22669	numeric-alias
22671	numeric-alias
22672	numeric-alias
22673	numeric-alias
22674	numeric-alias
22675	numeric-alias
22676	numeric-alias
22678	numeric-alias
22679	numeric-alias
22680	numeric-alias
22681	numeric-alias
22682	numeric-alias
22683	numeric-alias
22684	numeric-alias
22685	numeric-alias
22686	numeric-alias
22692	numeric-alias
22693	numeric-alias
22694	numeric-alias
22695	numeric-alias
22697	numeric-alias
22698	numeric-alias
22699	numeric-alias
22702	numeric-alias
22703	numeric-alias
22704	numeric-alias
22705	numeric-alias
22707	numeric-alias
22709	numeric-alias
22712	numeric-alias
22715	numeric-alias
22716	numeric-alias
22717	numeric-alias
22719	numeric-alias
22720	numeric-alias
22721	numeric-alias
22722	numeric-alias
22724	numeric-alias
22725	numeric-alias
22726	numeric-alias
22727	numeric-alias
22729	numeric-alias
22730	numeric-alias
22731	numeric-alias
22734	numeric-alias
22735	numeric-alias
22736	numeric-alias
22737	numeric-alias
22738	numeric-alias
22741	numeric-alias
22742	numeric-alias
22743	numeric-alias
22744	numeric-alias
22745	numeric-alias
22747	numeric-alias
22748	numeric-alias
22749	numeric-alias
22751	numeric-alias
22752	numeric-alias
22754	numeric-alias
22755	numeric-alias
22757	numeric-alias
22759	numeric-alias
22761	numeric-alias
22762	numeric-alias
22764	numeric-alias
22766	numeric-alias
22767	numeric-alias
22768	numeric-alias
22769	numeric-alias
22770	numeric-alias
22772	numeric-alias
22773	numeric-alias
22774	numeric-alias
22778	numeric-alias
22780	numeric-alias
22781	numeric-alias
22783	numeric-alias
22784	numeric-alias
22785	numeric-alias
22786	numeric-alias
22788	numeric-alias
22789	numeric-alias
22790	numeric-alias
22791	numeric-alias
22795	numeric-alias
22796	numeric-alias
22800	numeric-alias
22801	numeric-alias
22803	numeric-alias
22804	numeric-alias
22805	numeric-alias
22806	numeric-alias
22809	numeric-alias
22813	numeric-alias
22816	numeric-alias
22817	numeric-alias
22818	numeric-alias
22820	numeric-alias
22822	numeric-alias
22823	numeric-alias
22824	numeric-alias
22825	numeric-alias
22826	numeric-alias
22827	numeric-alias
22829	numeric-alias
22830	numeric-alias
22832	numeric-alias
22833	numeric-alias
22834	numeric-alias
22836	numeric-alias
22837	numeric-alias
22839	numeric-alias
22841	numeric-alias
22845	numeric-alias
22846	numeric-alias
22847	numeric-alias
22850	numeric-alias
22852	numeric-alias
22853	numeric-alias
22856	numeric-alias
22859	numeric-alias
22861	numeric-alias
22862	numeric-alias
22863	numeric-alias
22864	numeric-alias
22865	numeric-alias
22868	numeric-alias
22870	numeric-alias
22871	numeric-alias
22873	numeric-alias
22876	numeric-alias
22878	numeric-alias
22884	numeric-alias
22886	numeric-alias
22888	numeric-alias
22892	numeric-alias
22893	numeric-alias
22895	numeric-alias
22896	numeric-alias
22897	numeric-alias
22899	numeric-alias
22900	numeric-alias
22901	numeric-alias
22902	numeric-alias
22903	numeric-alias
22904	numeric-alias
22907	numeric-alias
22910	numeric-alias
22911	numeric-alias
22913	numeric-alias
22914	numeric-alias
22915	numeric-alias
22916	numeric-alias
22917	numeric-alias
22918	numeric-alias
22919	numeric-alias
22920	numeric-alias
22921	numeric-alias
22924	numeric-alias
22926	numeric-alias
22927	numeric-alias
22928	numeric-alias
22929	numeric-alias
22930	numeric-alias
22931	numeric-alias
22932	numeric-alias
22934	numeric-alias
22936	numeric-alias
22938	numeric-alias
22939	numeric-alias
22940	numeric-alias
22942	numeric-alias
22943	numeric-alias
22945	numeric-alias
22949	numeric-alias
22951	numeric-alias
22952	numeric-alias
22953	numeric-alias
22955	numeric-alias
22956	numeric-alias
22957	numeric-alias
22958	numeric-alias
22960	numeric-alias
22961	numeric-alias
22962	numeric-alias
22965	numeric-alias
22966	numeric-alias
22968	numeric-alias
22971	numeric-alias
22972	numeric-alias
22974	numeric-alias
22976	numeric-alias
22977	numeric-alias
22978	numeric-alias
22982	numeric-alias
22983	numeric-alias
22984	numeric-alias
22985	numeric-alias
22986	numeric-alias
22987	numeric-alias
22988	numeric-alias
22989	numeric-alias
22990	numeric-alias
22991	numeric-alias
22992	numeric-alias
22993	numeric-alias
22994	numeric-alias
22995	numeric-alias
22996	numeric-alias
22997	numeric-alias
22999	numeric-alias
23000	numeric-alias
23001	numeric-alias
23002	numeric-alias
23003	numeric-alias
23004	numeric-alias
23005	numeric-alias
23006	numeric-alias
23007	numeric-alias
23009	numeric-alias
23010	numeric-alias
23011	numeric-alias
23012	numeric-alias
23013	numeric-alias
23014	numeric-alias
23015	numeric-alias
23016	numeric-alias
23017	numeric-alias
23018	numeric-alias
23019	numeric-alias
23020	numeric-alias
23021	numeric-alias
23022	numeric-alias
23023	numeric-alias
23024	numeric-alias
23025	numeric-alias
23026	numeric-alias
23028	numeric-alias
23029	numeric-alias
23030	numeric-alias
23031	numeric-alias
23032	numeric-alias
23034	numeric-alias
23035	numeric-alias
23036	numeric-alias
23037	numeric-alias
23038	numeric-alias
23039	numeric-alias
23040	numeric-alias
23041	numeric-alias
23042	numeric-alias
23043	numeric-alias
23044	numeric-alias
23045	numeric-alias
23046	numeric-alias
23047	numeric-alias
23048	numeric-alias
23049	numeric-alias
23050	numeric-alias
23051	numeric-alias
23052	numeric-alias
23053	numeric-alias
23054	numeric-alias
23055	numeric-alias
23056	numeric-alias
23057	numeric-alias
23058	numeric-alias
23059	numeric-alias
23060	numeric-alias
23061	numeric-alias
23062	numeric-alias
23063	numeric-alias
23064	numeric-alias
23065	numeric-alias
23066	numeric-alias
23067	numeric-alias
23068	numeric-alias
23069	numeric-alias
23070	numeric-alias
23071	numeric-alias
23073	numeric-alias
23074	numeric-alias
23076	numeric-alias
23077	numeric-alias
23079	numeric-alias
23080	numeric-alias
23081	numeric-alias
23082	numeric-alias
23084	numeric-alias
23086	numeric-alias
23087	numeric-alias
23088	numeric-alias
23090	numeric-alias
23091	numeric-alias
23092	numeric-alias
23093	numeric-alias
23094	numeric-alias
23095	numeric-alias
23096	numeric-alias
23097	numeric-alias
23098	numeric-alias
23099	numeric-alias
23100	numeric-alias
23101	numeric-alias
23103	numeric-alias
23104	numeric-alias
23105	numeric-alias
23107	numeric-alias
23108	numeric-alias
23109	numeric-alias
23110	numeric-alias
23111	numeric-alias
23112	numeric-alias
23113	numeric-alias
23114	numeric-alias
23115	numeric-alias
23117	numeric-alias
23118	numeric-alias
23120	numeric-alias
23122	numeric-alias
23123	numeric-alias
23125	numeric-alias
23127	numeric-alias
23128	numeric-alias
23129	numeric-alias
23130	numeric-alias
23132	numeric-alias
23133	numeric-alias
23134	numeric-alias
23135	numeric-alias
23136	numeric-alias
23137	numeric-alias
23138	numeric-alias
23139	numeric-alias
23140	numeric-alias
23141	numeric-alias
23142	numeric-alias
23143	numeric-alias
23144	numeric-alias
23145	numeric-alias
23146	numeric-alias
23147	numeric-alias
23148	numeric-alias
23149	numeric-alias
23150	numeric-alias
23151	numeric-alias
23152	numeric-alias
23153	numeric-alias
23154	numeric-alias
23155	numeric-alias
23156	numeric-alias
23157	numeric-alias
23159	numeric-alias
23160	numeric-alias
23161	numeric-alias
23162	numeric-alias
23163	numeric-alias
23164	numeric-alias
23165	numeric-alias
23166	numeric-alias
23167	numeric-alias
23168	numeric-alias
23169	numeric-alias
23170	numeric-alias
23171	numeric-alias
23172	numeric-alias
23173	numeric-alias
23174	numeric-alias
23175	numeric-alias
23176	numeric-alias
23177	numeric-alias
23178	numeric-alias
23179	numeric-alias
23180	numeric-alias
23181	numeric-alias
23182	numeric-alias
23184	numeric-alias
23185	numeric-alias
23187	numeric-alias
23188	numeric-alias
23189	numeric-alias
23190	numeric-alias
23191	numeric-alias
23192	numeric-alias
23193	numeric-alias
23194	numeric-alias
23195	numeric-alias
23196	numeric-alias
23197	numeric-alias
23198	numeric-alias
23199	numeric-alias
23200	numeric-alias
23201	numeric-alias
23202	numeric-alias
23205	numeric-alias
23206	numeric-alias
23208	numeric-alias
23210	numeric-alias
23211	numeric-alias
23212	numeric-alias
23214	numeric-alias
23215	numeric-alias
23216	numeric-alias
23217	numeric-alias
23218	numeric-alias
23219	numeric-alias
23220	numeric-alias
23221	numeric-alias
23222	numeric-alias
23223	numeric-alias
23224	numeric-alias
23225	numeric-alias
23226	numeric-alias
23227	numeric-alias
23228	numeric-alias
23229	numeric-alias
23230	numeric-alias
23231	numeric-alias
23232	numeric-alias
23233	numeric-alias
23234	numeric-alias
23235	numeric-alias
23236	numeric-alias
23237	numeric-alias
23238	numeric-alias
23239	numeric-alias
23240	numeric-alias
23241	numeric-alias
23242	numeric-alias
23243	numeric-alias
23244	numeric-alias
23245	numeric-alias
23246	numeric-alias
23247	numeric-alias
23248	numeric-alias
23249	numeric-alias
23250	numeric-alias
23251	numeric-alias
23252	numeric-alias
23253	numeric-alias
23254	numeric-alias
23255	numeric-alias
23256	numeric-alias
23257	numeric-alias
23258	numeric-alias
23259	numeric-alias
23260	numeric-alias
23261	numeric-alias
23262	numeric-alias
23263	numeric-alias
23264	numeric-alias
23265	numeric-alias
23266	numeric-alias
23267	numeric-alias
23268	numeric-alias
23269	numeric-alias
23271	numeric-alias
23272	numeric-alias
23273	numeric-alias
23274	numeric-alias
23275	numeric-alias
23276	numeric-alias
23277	numeric-alias
23278	numeric-alias
23279	numeric-alias
23280	numeric-alias
23281	numeric-alias
23282	numeric-alias
23284	numeric-alias
23286	numeric-alias
23287	numeric-alias
23288	numeric-alias
23289	numeric-alias
23290	numeric-alias
23291	numeric-alias
23292	numeric-alias
23293	numeric-alias
23294	numeric-alias
23297	numeric-alias
23298	numeric-alias
23299	numeric-alias
23300	numeric-alias
23301	numeric-alias
23302	numeric-alias
23303	numeric-alias
23305	numeric-alias
23306	numeric-alias
23307	numeric-alias
23309	numeric-alias
23310	numeric-alias
23311	numeric-alias
23312	numeric-alias
23313	numeric-alias
23314	numeric-alias
23315	numeric-alias
23316	numeric-alias
23317	numeric-alias
23318	numeric-alias
23320	numeric-alias
23321	numeric-alias
23322	numeric-alias
23323	numeric-alias
23325	numeric-alias
23326	numeric-alias
23327	numeric-alias
23328	numeric-alias
23329	numeric-alias
23330	numeric-alias
23331	numeric-alias
23332	numeric-alias
23333	numeric-alias
23334	numeric-alias
23335	numeric-alias
23336	numeric-alias
23337	numeric-alias
23338	numeric-alias
23339	numeric-alias
23340	numeric-alias
23341	numeric-alias
23342	numeric-alias
23343	numeric-alias
23344	numeric-alias
23345	numeric-alias
23346	numeric-alias
23347	numeric-alias
23348	numeric-alias
23352	numeric-alias
23354	numeric-alias
23355	numeric-alias
23356	numeric-alias
23357	numeric-alias
23358	numeric-alias
23359	numeric-alias
23360	numeric-alias
23361	numeric-alias
23363	numeric-alias
23364	numeric-alias
23365	numeric-alias
23366	numeric-alias
23368	numeric-alias
23369	numeric-alias
23371	numeric-alias
23372	numeric-alias
23373	numeric-alias
23374	numeric-alias
23375	numeric-alias
23376	numeric-alias
23377	numeric-alias
23378	numeric-alias
23379	numeric-alias
23381	numeric-alias
23382	numeric-alias
23383	numeric-alias
23384	numeric-alias
23385	numeric-alias
23386	numeric-alias
23387	numeric-alias
23388	numeric-alias
23389	numeric-alias
23390	numeric-alias
23391	numeric-alias
23392	numeric-alias
23393	numeric-alias
23394	numeric-alias
23395	numeric-alias
23396	numeric-alias
23397	numeric-alias
23398	numeric-alias
23399	numeric-alias
23400	numeric-alias
23402	numeric-alias
23403	numeric-alias
23404	numeric-alias
23405	numeric-alias
23406	numeric-alias
23407	numeric-alias
23408	numeric-alias
23409	numeric-alias
23410	numeric-alias
23411	numeric-alias
23412	numeric-alias
23413	numeric-alias
23414	numeric-alias
23415	numeric-alias
23416	numeric-alias
23417	numeric-alias
23418	numeric-alias
23419	numeric-alias
23420	numeric-alias
23421	numeric-alias
23422	numeric-alias
23423	numeric-alias
23424	numeric-alias
23425	numeric-alias
23426	numeric-alias
23427	numeric-alias
23428	numeric-alias
23429	numeric-alias
23430	numeric-alias
23431	numeric-alias
23432	numeric-alias
23433	numeric-alias
23434	numeric-alias
23437	numeric-alias
23438	numeric-alias
23439	numeric-alias
23440	numeric-alias
23441	numeric-alias
23442	numeric-alias
23443	numeric-alias
23444	numeric-alias
23445	numeric-alias
23446	numeric-alias
23447	numeric-alias
23448	numeric-alias
23449	numeric-alias
23450	numeric-alias
23451	numeric-alias
23452	numeric-alias
23453	numeric-alias
23454	numeric-alias
23455	numeric-alias
23456	numeric-alias
23458	numeric-alias
23459	numeric-alias
23461	numeric-alias
23462	numeric-alias
23463	numeric-alias
23464	numeric-alias
23465	numeric-alias
23466	numeric-alias
23469	numeric-alias
23471	numeric-alias
23473	numeric-alias
23474	numeric-alias
23476	numeric-alias
23477	numeric-alias
23478	numeric-alias
23479	numeric-alias
23480	numeric-alias
23481	numeric-alias
23482	numeric-alias
23483	numeric-alias
23484	numeric-alias
23485	numeric-alias
23486	numeric-alias
23488	numeric-alias
23489	numeric-alias
23490	numeric-alias
23491	numeric-alias
23492	numeric-alias
23493	numeric-alias
23494	numeric-alias
23495	numeric-alias
23496	numeric-alias
23498	numeric-alias
23500	numeric-alias
23501	numeric-alias
23503	numeric-alias
23504	numeric-alias
23505	numeric-alias
23507	numeric-alias
23508	numeric-alias
23511	numeric-alias
23515	numeric-alias
23516	numeric-alias
23517	numeric-alias
23518	numeric-alias
23520	numeric-alias
23521	numeric-alias
23522	numeric-alias
23524	numeric-alias
23525	numeric-alias
23526	numeric-alias
23527	numeric-alias
23528	numeric-alias
23529	numeric-alias
23530	numeric-alias
23531	numeric-alias
23532	numeric-alias
23533	numeric-alias
23534	numeric-alias
23535	numeric-alias
23536	numeric-alias
23537	numeric-alias
23538	numeric-alias
23539	numeric-alias
23540	numeric-alias
23542	numeric-alias
23543	numeric-alias
23544	numeric-alias
23545	numeric-alias
23546	numeric-alias
23548	numeric-alias
23549	numeric-alias
23550	numeric-alias
23552	numeric-alias
23553	numeric-alias
23554	numeric-alias
23555	numeric-alias
23556	numeric-alias
23557	numeric-alias
23559	numeric-alias
23561	numeric-alias
23562	numeric-alias
23563	numeric-alias
23564	numeric-alias
23565	numeric-alias
23566	numeric-alias
23567	numeric-alias
23568	numeric-alias
23569	numeric-alias
23570	numeric-alias
23571	numeric-alias
23573	numeric-alias
23574	numeric-alias
23575	numeric-alias
23577	numeric-alias
23579	numeric-alias
23580	numeric-alias
23581	numeric-alias
23582	numeric-alias
23583	numeric-alias
23584	numeric-alias
23585	numeric-alias
23587	numeric-alias
23590	numeric-alias
23592	numeric-alias
23593	numeric-alias
23594	numeric-alias
23595	numeric-alias
23596	numeric-alias
23597	numeric-alias
23598	numeric-alias
23599	numeric-alias
23600	numeric-alias
23601	numeric-alias
23602	numeric-alias
23603	numeric-alias
23604	numeric-alias
23605	numeric-alias
23606	numeric-alias
23607	numeric-alias
23608	numeric-alias
23609	numeric-alias
23610	numeric-alias
23611	numeric-alias
23612	numeric-alias
23613	numeric-alias
23614	numeric-alias
23615	numeric-alias
23616	numeric-alias
23617	numeric-alias
23618	numeric-alias
23619	numeric-alias
23620	numeric-alias
23621	numeric-alias
23622	numeric-alias
23623	numeric-alias
23624	numeric-alias
23625	numeric-alias
23626	numeric-alias
23627	numeric-alias
23628	numeric-alias
23630	numeric-alias
23631	numeric-alias
23632	numeric-alias
23633	numeric-alias
23634	numeric-alias
23635	numeric-alias
23636	numeric-alias
23637	numeric-alias
23638	numeric-alias
23639	numeric-alias
23640	numeric-alias
23641	numeric-alias
23642	numeric-alias
23643	numeric-alias
23644	numeric-alias
23645	numeric-alias
23646	numeric-alias
23647	numeric-alias
23649	numeric-alias
23650	numeric-alias
23651	numeric-alias
23652	numeric-alias
23653	numeric-alias
23654	numeric-alias
23655	numeric-alias
23656	numeric-alias
23657	numeric-alias
23658	numeric-alias
23659	numeric-alias
23660	numeric-alias
23661	numeric-alias
23662	numeric-alias
23663	numeric-alias
23664	numeric-alias
23665	numeric-alias
23667	numeric-alias
23668	numeric-alias
23669	numeric-alias
23670	numeric-alias
23671	numeric-alias
23672	numeric-alias
23673	numeric-alias
23674	numeric-alias
23675	numeric-alias
23676	numeric-alias
23677	numeric-alias
23678	numeric-alias
23679	numeric-alias
23681	numeric-alias
23682	numeric-alias
23683	numeric-alias
23684	numeric-alias
23685	numeric-alias
23686	numeric-alias
23687	numeric-alias
23688	numeric-alias
23690	numeric-alias
23691	numeric-alias
23692	numeric-alias
23693	numeric-alias
23695	numeric-alias
23696	numeric-alias
23697	numeric-alias
23698	numeric-alias
23699	numeric-alias
23700	numeric-alias
23701	numeric-alias
23702	numeric-alias
23703	numeric-alias
23704	numeric-alias
23705	numeric-alias
23706	numeric-alias
23707	numeric-alias
23709	numeric-alias
23710	numeric-alias
23711	numeric-alias
23712	numeric-alias
23713	numeric-alias
23714	numeric-alias
23715	numeric-alias
23717	numeric-alias
23718	numeric-alias
23719	numeric-alias
23720	numeric-alias
23721	numeric-alias
23722	numeric-alias
23723	numeric-alias
23724	numeric-alias
23725	numeric-alias
23726	numeric-alias
23727	numeric-alias
23728	numeric-alias
23729	numeric-alias
23730	numeric-alias
23731	numeric-alias
23732	numeric-alias
23733	numeric-alias
23734	numeric-alias
23735	numeric-alias
23736	numeric-alias
23737	numeric-alias
23738	numeric-alias
23739	numeric-alias
23740	numeric-alias
23741	numeric-alias
23742	numeric-alias
23745	numeric-alias
23746	numeric-alias
23747	numeric-alias
23748	numeric-alias
23749	numeric-alias
23750	numeric-alias
23751	numeric-alias
23752	numeric-alias
23753	numeric-alias
23754	numeric-alias
23755	numeric-alias
23756	numeric-alias
23757	numeric-alias
23758	numeric-alias
23759	numeric-alias
23760	numeric-alias
23761	numeric-alias
23762	numeric-alias
23763	numeric-alias
23764	numeric-alias
23765	numeric-alias
23766	numeric-alias
23767	numeric-alias
23768	numeric-alias
23769	numeric-alias
23770	numeric-alias
23771	numeric-alias
23772	numeric-alias
23773	numeric-alias
23774	numeric-alias
23775	numeric-alias
23776	numeric-alias
23777	numeric-alias
23778	numeric-alias
23779	numeric-alias
23780	numeric-alias
23781	numeric-alias
23782	numeric-alias
23783	numeric-alias
23784	numeric-alias
23785	numeric-alias
23786	numeric-alias
23787	numeric-alias
23788	numeric-alias
23789	numeric-alias
23790	numeric-alias
23791	numeric-alias
23792	numeric-alias
23793	numeric-alias
23794	numeric-alias
23795	numeric-alias
23796	numeric-alias
23797	numeric-alias
23798	numeric-alias
23799	numeric-alias
23800	numeric-alias
23801	numeric-alias
23802	numeric-alias
23803	numeric-alias
23804	numeric-alias
23805	numeric-alias
23806	numeric-alias
23807	numeric-alias
23808	numeric-alias
23809	numeric-alias
23810	numeric-alias
23811	numeric-alias
23812	numeric-alias
23813	numeric-alias
23814	numeric-alias
23815	numeric-alias
23816	numeric-alias
23817	numeric-alias
23818	numeric-alias
23821	numeric-alias
23822	numeric-alias
23823	numeric-alias
23825	numeric-alias
23826	numeric-alias
23827	numeric-alias
23828	numeric-alias
23829	numeric-alias
23830	numeric-alias
23831	numeric-alias
23832	numeric-alias
23833	numeric-alias
23834	numeric-alias
23835	numeric-alias
23836	numeric-alias
23837	numeric-alias
23838	numeric-alias
23839	numeric-alias
23840	numeric-alias
23841	numeric-alias
23842	numeric-alias
23843	numeric-alias
23844	numeric-alias
23845	numeric-alias
23846	numeric-alias
23847	numeric-alias
23848	numeric-alias
23849	numeric-alias
23850	numeric-alias
23851	numeric-alias
23852	numeric-alias
23854	numeric-alias
23855	numeric-alias
23856	numeric-alias
23857	numeric-alias
23858	numeric-alias
23859	numeric-alias
23860	numeric-alias
23861	numeric-alias
23862	numeric-alias
23864	numeric-alias
23865	numeric-alias
23867	numeric-alias
23869	numeric-alias
23870	numeric-alias
23871	numeric-alias
23872	numeric-alias
23873	numeric-alias
23874	numeric-alias
23875	numeric-alias
23876	numeric-alias
23877	numeric-alias
23879	numeric-alias
23880	numeric-alias
23881	numeric-alias
23882	numeric-alias
23883	numeric-alias
23884	numeric-alias
23885	numeric-alias
23886	numeric-alias
23887	numeric-alias
23889	numeric-alias
23890	numeric-alias
23891	numeric-alias
23892	numeric-alias
23893	numeric-alias
23894	numeric-alias
23895	numeric-alias
23896	numeric-alias
23897	numeric-alias
23898	numeric-alias
23899	numeric-alias
23900	numeric-alias
23901	numeric-alias
23902	numeric-alias
23904	numeric-alias
23905	numeric-alias
23907	numeric-alias
23911	numeric-alias
23912	numeric-alias
23913	numeric-alias
23914	numeric-alias
23915	numeric-alias
23917	numeric-alias
23918	numeric-alias
23919	numeric-alias
23920	numeric-alias
23921	numeric-alias
23922	numeric-alias
23923	numeric-alias
23924	numeric-alias
23925	numeric-alias
23926	numeric-alias
23927	numeric-alias
23928	numeric-alias
23929	numeric-alias
23930	numeric-alias
23931	numeric-alias
23932	numeric-alias
23933	numeric-alias
23934	numeric-alias
23935	numeric-alias
23936	numeric-alias
23937	numeric-alias
23938	numeric-alias
23939	numeric-alias
23940	numeric-alias
23941	numeric-alias
23942	numeric-alias
23943	numeric-alias
23944	numeric-alias
23945	numeric-alias
23946	numeric-alias
23947	numeric-alias
23948	numeric-alias
23949	numeric-alias
23950	numeric-alias
23951	numeric-alias
23952	numeric-alias
23953	numeric-alias
23954	numeric-alias
23955	numeric-alias
23956	numeric-alias
23957	numeric-alias
23958	numeric-alias
23959	numeric-alias
23960	numeric-alias
23961	numeric-alias
23962	numeric-alias
23963	numeric-alias
23964	numeric-alias
23965	numeric-alias
23966	numeric-alias
23967	numeric-alias
23968	numeric-alias
23969	numeric-alias
23970	numeric-alias
23971	numeric-alias
23973	numeric-alias
23974	numeric-alias
23975	numeric-alias
23976	numeric-alias
23977	numeric-alias
23978	numeric-alias
23979	numeric-alias
23980	numeric-alias
23981	numeric-alias
23982	numeric-alias
23983	numeric-alias
23984	numeric-alias
23985	numeric-alias
23986	numeric-alias
23988	numeric-alias
23989	numeric-alias
23993	numeric-alias
23995	numeric-alias
23996	numeric-alias
23997	numeric-alias
23998	numeric-alias
23999	numeric-alias
24000	numeric-alias
24001	numeric-alias
24002	numeric-alias
24003	numeric-alias
24004	numeric-alias
24005	numeric-alias
24006	numeric-alias
24007	numeric-alias
24008	numeric-alias
24009	numeric-alias
24010	numeric-alias
24011	numeric-alias
24012	numeric-alias
24013	numeric-alias
24015	numeric-alias
24016	numeric-alias
24017	numeric-alias
24018	numeric-alias
24019	numeric-alias
24020	numeric-alias
24021	numeric-alias
24022	numeric-alias
24023	numeric-alias
24024	numeric-alias
24025	numeric-alias
24026	numeric-alias
24027	numeric-alias
24028	numeric-alias
24029	numeric-alias
24030	numeric-alias
24031	numeric-alias
24032	numeric-alias
24033	numeric-alias
24034	numeric-alias
24035	numeric-alias
24036	numeric-alias
24037	numeric-alias
24038	numeric-alias
24039	numeric-alias
24040	numeric-alias
24041	numeric-alias
24042	numeric-alias
24043	numeric-alias
24044	numeric-alias
24045	numeric-alias
24046	numeric-alias
24047	numeric-alias
24049	numeric-alias
24050	numeric-alias
24051	numeric-alias
24052	numeric-alias
24053	numeric-alias
24054	numeric-alias
24055	numeric-alias
24056	numeric-alias
24057	numeric-alias
24058	numeric-alias
24059	numeric-alias
24060	numeric-alias
24061	numeric-alias
24062	numeric-alias
24063	numeric-alias
24064	numeric-alias
24065	numeric-alias
24066	numeric-alias
24067	numeric-alias
24068	numeric-alias
24069	numeric-alias
24070	numeric-alias
24071	numeric-alias
24072	numeric-alias
24073	numeric-alias
24074	numeric-alias
24075	numeric-alias
24077	numeric-alias
24078	numeric-alias
24079	numeric-alias
24080	numeric-alias
24081	numeric-alias
24082	numeric-alias
24083	numeric-alias
24084	numeric-alias
24085	numeric-alias
24086	numeric-alias
24087	numeric-alias
24088	numeric-alias
24089	numeric-alias
24090	numeric-alias
24091	numeric-alias
24092	numeric-alias
24093	numeric-alias
24094	numeric-alias
24095	numeric-alias
24096	numeric-alias
24097	numeric-alias
24098	numeric-alias
24099	numeric-alias
24100	numeric-alias
24101	numeric-alias
24102	numeric-alias
24103	numeric-alias
24104	numeric-alias
24106	numeric-alias
24107	numeric-alias
24108	numeric-alias
24109	numeric-alias
24110	numeric-alias
24111	numeric-alias
24112	numeric-alias
24113	numeric-alias
24114	numeric-alias
24115	numeric-alias
24116	numeric-alias
24118	numeric-alias
24119	numeric-alias
24120	numeric-alias
24121	numeric-alias
24122	numeric-alias
24123	numeric-alias
24124	numeric-alias
24125	numeric-alias
24126	numeric-alias
24127	numeric-alias
24128	numeric-alias
24129	numeric-alias
24130	numeric-alias
24131	numeric-alias
24132	numeric-alias
24133	numeric-alias
24134	numeric-alias
24135	numeric-alias
24136	numeric-alias
24137	numeric-alias
24138	numeric-alias
24139	numeric-alias
24140	numeric-alias
24141	numeric-alias
24142	numeric-alias
24143	numeric-alias
24144	numeric-alias
24145	numeric-alias
24146	numeric-alias
24147	numeric-alias
24148	numeric-alias
24149	numeric-alias
24150	numeric-alias
24153	numeric-alias
24155	numeric-alias
24157	numeric-alias
24160	numeric-alias
24163	numeric-alias
24164	numeric-alias
24165	numeric-alias
24167	numeric-alias
24168	numeric-alias
24170	numeric-alias
24176	numeric-alias
24186	numeric-alias
24188	numeric-alias
24190	numeric-alias
24192	numeric-alias
24194	numeric-alias
24195	numeric-alias
24196	numeric-alias
24197	numeric-alias
24198	numeric-alias
24199	numeric-alias
24204	numeric-alias
24205	numeric-alias
24207	numeric-alias
24209	numeric-alias
24210	numeric-alias
24211	numeric-alias
24212	numeric-alias
24213	numeric-alias
24214	numeric-alias
24215	numeric-alias
24216	numeric-alias
24217	numeric-alias
24218	numeric-alias
24219	numeric-alias
24220	numeric-alias
24222	numeric-alias
24223	numeric-alias
24224	numeric-alias
24225	numeric-alias
24227	numeric-alias
24228	numeric-alias
24229	numeric-alias
24231	numeric-alias
24232	numeric-alias
24233	numeric-alias
24234	numeric-alias
24235	numeric-alias
24236	numeric-alias
24238	numeric-alias
24239	numeric-alias
24240	listing
24241	listing
24243	listing
24246	listing
24247	listing
24248	listing
24249	listing
24251	listing
24252	listing
24253	listing
24254	listing
24255	listing
24257	listing
24260	listing
24261	listing
24262	listing
24263	listing
24264	listing
24266	listing
24268	listing
24270	listing
24272	listing
24273	listing
24274	listing
24275	listing
24277	listing
24278	listing
24280	listing
24281	listing
24282	listing
24283	listing
24284	listing
24285	listing
24286	listing
24287	listing
24288	listing
24292	listing
24293	listing
24294	listing
24295	listing
24296	listing
24297	listing
24298	listing
24299	listing
24300	listing
24301	listing
24302	listing
24305	listing
24306	listing
24308	listing
24309	listing
24310	listing
24311	listing
24313	listing
24314	listing
24318	listing
24319	listing
24322	listing
24323	listing
24325	listing
24327	listing
24329	listing
24330	listing
24331	listing
24333	listing
24334	listing
24335	listing
24338	listing
24339	listing
24340	listing
24343	listing
24344	listing
24346	listing
24347	listing
24348	listing
24349	listing
24350	listing
24351	listing
24355	listing
24358	listing
24388	url-variant
24389	url-variant
24390	url-variant
24391	url-variant
24392	url-variant
24393	url-variant
24394	url-variant
24395	url-variant
24396	url-variant
24397	url-variant
24430	url-variant
24441	url-variant
24442	url-variant
24443	url-variant
24444	url-variant
24447	url-variant
24448	url-variant
24449	url-variant
24469	url-variant
24478	url-variant
24484	url-variant
24523	url-variant
24524	url-variant
24525	url-variant
24550	url-variant
24558	listing
24559	listing
24560	listing
24561	listing
24562	listing
24563	listing
24564	listing
24565	listing
24566	listing
24567	listing
24568	listing
24569	listing
24570	listing
24571	listing
24572	listing
24573	listing
24574	listing
24575	listing
24576	listing
24577	listing
24578	listing
24579	listing
24580	listing
24581	listing
24601	url-variant
24626	url-variant
24655	url-variant
24656	url-variant
24657	url-variant
24658	url-variant
24659	url-variant
24660	url-variant
24661	url-variant
24662	url-variant
24663	url-variant
24664	url-variant
24665	url-variant
24666	url-variant
24667	url-variant
24668	url-variant
24669	url-variant
24670	url-variant
24671	url-variant
24672	url-variant
24673	url-variant
24674	url-variant
24675	url-variant
24757	url-variant
24836	listing
24837	listing
24838	listing
24839	listing
24840	listing
24841	listing
24842	listing
24843	listing
24844	listing
24845	listing
24846	listing
24847	listing
24848	listing
24849	listing
24850	listing
24851	listing
24852	listing
24853	listing
24854	listing
24855	listing
24856	listing
24857	listing
24858	listing
24859	listing
24860	listing
24861	listing
24862	listing
24863	listing
24864	listing
24865	listing
24866	listing
24867	listing
24868	listing
24869	listing
24870	listing
24871	listing
24872	listing
24873	listing
24874	listing
24875	listing
24876	listing
24877	listing
24878	listing
24879	listing
24880	listing
24881	listing
24882	listing
24883	listing
24884	listing
24885	listing
24886	listing
24887	listing
24888	listing
24889	listing
24890	listing
24891	listing
24892	listing
24893	listing
24894	listing
24895	listing
24896	listing
24897	listing
24898	listing
24899	listing
24900	listing
24901	listing
24902	listing
24903	listing
24904	listing
24905	listing
24906	listing
24907	listing
24908	listing
24909	listing
24910	listing
24911	listing
24912	listing
24913	listing
24914	listing
24915	listing
24916	listing
24917	listing
24918	listing
24919	listing
24920	listing
24921	listing
24922	listing
24923	listing
24924	listing
24925	listing
24926	listing
24927	listing
24928	listing
24929	listing
24930	listing
24931	listing
24932	listing
24933	listing
24934	listing
24935	listing
24936	listing
24937	listing
24938	listing
24939	listing
24940	listing
24941	listing
24942	listing
24943	listing
24944	listing
24945	listing
24946	listing
24947	listing
24948	listing
24949	listing
24950	listing
24951	listing
24952	listing
24953	listing
24954	listing
24955	listing
24956	listing
24957	listing
24958	listing
24959	listing
24960	listing
24961	listing
24962	listing
24963	listing
24964	listing
24965	listing
24966	listing
24967	listing
24968	listing
24969	listing
24970	listing
24971	listing
24972	listing
24973	listing
24974	listing
24975	listing
24976	listing
24977	listing
24978	listing
24979	listing
24980	listing
24981	listing
24982	listing
24983	listing
24984	listing
24985	listing
24986	listing
24987	listing
24988	listing
24989	listing
24990	listing
24991	listing
24992	listing
24993	listing
24994	listing
24995	listing
24996	listing
24997	listing
24998	listing
24999	listing
25000	listing
25001	listing
25002	listing
25003	listing
25004	listing
25005	listing
25006	listing
25007	listing
25008	listing
25009	listing
25010	listing
25011	listing
25012	listing
25013	listing
25014	listing
25015	listing
25016	listing
25017	listing
25018	listing
25019	listing
25020	listing
25021	listing
25022	listing
25023	listing
25024	listing
25025	listing
25026	listing
25027	listing
25028	listing
25029	listing
25030	listing
25031	listing
25032	listing
25033	listing
25034	listing
25035	listing
25036	listing
25037	listing
25038	listing
25039	listing
25040	listing
25041	listing
25042	listing
25043	listing
25044	listing
25045	listing
25046	listing
25047	listing
25048	listing
25049	listing
25050	listing
25051	listing
25052	listing
25053	listing
25054	listing
25055	listing
25056	listing
25057	listing
25058	listing
25059	listing
25060	listing
25061	listing
25062	listing
25063	listing
25064	listing
25065	listing
25066	listing
25067	listing
25068	listing
25069	listing
25070	listing
25071	listing
25072	listing
25073	listing
25074	listing
25075	listing
25076	listing
25077	listing
25078	listing
25079	listing
25080	listing
25081	listing
25082	listing
25083	listing
25084	listing
25085	listing
25086	listing
25087	listing
25088	listing
25089	listing
25090	listing
25091	listing
25092	listing
25093	listing
25094	listing
25095	listing
25096	listing
25097	listing
25098	listing
25099	listing
25100	listing
25101	listing
25102	listing
25103	listing
25104	listing
25105	listing
25106	listing
25107	listing
25108	listing
25109	listing
25110	listing
25111	listing
25112	listing
25113	listing
25114	listing
25115	listing
25116	listing
25117	listing
25118	listing
25119	listing
25120	listing
25121	listing
25122	listing
25123	listing
25124	listing
25125	listing
25126	listing
25127	listing
25128	listing
25129	listing
25130	listing
25131	listing
25132	listing
25133	listing
25134	listing
25135	listing
25136	listing
25137	listing
25138	listing
25139	listing
25140	listing
25141	listing
25142	listing
25143	listing
25144	listing
25145	listing
25146	listing
25147	listing
25148	listing
25149	listing
25150	listing
25151	listing
25152	listing
25153	listing
25154	listing
25155	listing
25156	listing
25157	listing
25158	listing
25159	listing
25160	listing
25161	listing
25162	listing
25163	listing
25164	listing
25165	listing
25166	listing
25167	listing
25168	listing
25169	listing
25170	listing
25171	listing
25172	listing
25173	listing
25174	listing
25175	listing
25176	listing
25177	listing
25178	listing
25179	listing
25180	listing
25181	listing
25182	listing
25183	listing
25184	listing
25185	listing
25186	listing
25187	listing
25188	listing
25189	listing
25190	listing
25191	listing
25192	listing
25193	listing
25194	listing
25195	listing
25196	listing
25197	listing
25198	listing
25199	listing
25200	listing
25201	listing
25202	listing
25203	listing
25204	listing
25205	listing
25206	listing
25207	listing
25208	listing
25209	listing
25210	listing
25211	listing
25212	listing
25213	listing
25214	listing
25215	listing
25216	listing
25217	listing
25218	listing
25219	listing
25220	listing
25221	listing
25222	listing
25223	listing
25224	listing
25225	listing
25226	listing
25227	listing
25228	listing
25229	listing
25230	listing
25231	listing
25232	listing
25233	listing
25234	listing
25235	listing
25236	listing
25237	listing
25238	listing
25239	listing
25240	listing
25241	listing
25242	listing
25243	listing
25244	listing
25245	listing
25246	listing
25247	listing
25248	listing
25249	listing
25250	listing
25251	listing
25252	listing
25253	listing
25254	listing
25255	listing
25256	listing
25257	listing
25258	listing
25259	listing
25260	listing
25261	listing
25262	listing
25263	listing
25264	listing
25265	listing
25266	listing
25267	listing
25268	listing
25269	listing
25270	listing
25271	listing
25272	listing
25273	listing
25274	listing
25275	listing
25276	listing
25277	listing
25278	listing
25279	listing
25280	listing
25281	listing
25282	listing
25283	listing
25284	listing
25285	listing
25286	listing
25287	listing
25288	listing
25289	listing
25290	listing
25291	listing
25292	listing
25293	listing
25294	listing
25295	listing
25296	listing
25297	listing
25298	listing
25299	listing
25300	listing
25301	listing
25302	listing
25303	listing
25304	listing
25305	listing
25306	listing
25307	listing
25308	listing
25309	listing
25310	listing
25311	listing
25312	listing
25313	listing
25314	listing
25315	listing
25316	listing
25317	listing
25318	listing
25319	listing
25320	listing
25321	listing
25322	listing
25323	listing
25324	listing
25325	listing
25326	listing
25327	listing
25328	listing
25329	listing
25330	listing
25331	listing
25332	listing
25333	listing
25334	listing
25335	listing
25336	listing
25337	listing
25338	listing
25339	listing
25340	listing
25341	listing
25342	listing
25343	listing
25344	listing
25345	listing
25346	listing
25347	listing
25348	listing
25349	listing
25350	listing
25351	listing
25352	listing
25353	listing
25354	listing
25355	listing
25356	listing
25357	listing
25358	listing
25359	listing
25360	listing
25361	listing
25362	listing
25363	listing
25364	listing
25365	listing
25366	listing
25367	listing
25368	listing
25369	listing
25370	listing
25371	listing
25372	listing
25373	listing
25374	listing
25375	listing
25376	listing
25377	listing
25378	listing
25379	listing
25380	listing
25381	listing
25382	listing
25383	listing
25384	listing
25385	listing
25386	listing
25387	listing
25388	listing
25389	listing
25390	listing
25391	listing
25392	listing
25393	listing
25394	listing
25395	listing
25396	listing
25397	listing
25398	listing
25399	listing
25400	listing
25401	listing
25402	listing
25403	listing
25404	listing
25405	listing
25406	listing
25407	listing
25408	listing
25409	listing
25410	listing
25411	listing
25412	listing
25413	listing
25414	listing
25415	listing
25416	listing
25417	listing
25418	listing
25419	listing
25420	listing
25421	listing
25422	listing
25423	listing
25424	listing
25425	listing
25426	listing
25427	listing
25428	listing
25429	listing
25430	listing
25431	listing
25432	listing
25433	listing
25434	listing
25435	listing
25436	listing
25437	listing
25438	listing
25439	listing
25440	listing
25441	listing
25442	listing
25443	listing
25444	listing
25445	listing
25446	listing
25447	listing
25448	listing
25449	listing
25450	listing
25451	listing
25452	listing
25453	listing
25454	listing
25455	listing
25456	listing
25457	listing
25458	listing
25459	listing
25460	listing
25461	listing
25462	listing
25463	listing
25464	listing
25465	listing
25466	listing
25467	listing
25468	listing
25469	listing
25470	listing
25471	listing
25472	listing
25473	listing
25474	listing
25475	listing
25476	listing
25477	listing
25478	listing
25479	listing
25480	listing
25481	listing
25482	listing
25483	listing
25484	listing
25485	listing
25486	listing
25487	listing
25488	listing
25489	listing
25490	listing
25491	listing
25492	listing
25493	listing
25494	listing
25495	listing
25496	listing
25497	listing
25498	listing
25499	listing
25500	listing
25501	listing
25502	listing
25503	listing
25504	listing
25505	listing
25506	listing
25507	listing
25508	listing
25509	listing
25510	listing
25511	listing
25512	listing
25513	listing
25514	listing
25515	listing
25516	listing
25517	listing
25518	listing
25519	listing
25520	listing
25521	listing
25522	listing
25523	listing
25524	listing
25525	listing
25526	listing
25527	listing
25528	listing
25529	listing
25530	listing
25531	listing
25532	listing
25533	listing
25534	listing
25535	listing
25536	listing
25537	listing
25538	listing
25539	listing
25540	listing
25541	listing
25542	listing
25543	listing
25544	listing
25545	listing
25546	listing
25547	listing
25548	listing
25549	listing
25550	listing
25551	listing
25552	listing
25553	listing
25554	listing
25555	listing
25556	listing
25557	listing
25558	listing
25559	listing
25560	listing
25561	listing
25562	listing
25563	listing
25564	listing
25565	listing
25566	listing
25567	listing
25568	listing
25569	listing
25570	listing
25571	listing
25572	listing
25573	listing
25574	listing
25575	listing
25576	listing
25577	listing
25578	listing
25579	listing
25580	listing
25581	listing
25582	listing
25583	listing
25584	listing
25585	listing
25586	listing
25587	listing
25588	listing
25589	listing
25590	listing
25591	listing
25592	listing
25593	listing
25594	listing
25595	listing
25596	listing
25597	listing
25598	listing
25599	listing
25600	listing
25601	listing
25602	listing
25603	listing
25604	listing
25605	listing
25606	listing
25607	listing
25608	listing
25609	listing
25610	listing
25611	listing
25612	listing
25613	listing
25614	listing
25615	listing
25616	listing
25617	listing
25618	listing
25619	listing
25620	listing
25621	listing
25622	listing
25623	listing
25624	listing
25625	listing
25626	listing
25627	listing
25628	listing
25629	listing
25630	listing
25631	listing
25632	listing
25633	listing
25634	listing
25635	listing
25636	listing
25637	listing
25638	listing
25639	listing
25640	listing
25641	listing
25642	listing
25643	listing
25644	listing
25645	listing
25646	listing
25647	listing
25648	listing
25649	listing
25650	listing
25651	listing
25652	listing
25653	listing
25654	listing
25655	listing
25656	listing
25657	listing
25658	listing
25659	listing
25660	listing
25661	listing
25662	listing
25663	listing
25664	listing
25665	listing
25666	listing
25667	listing
25668	listing
25669	listing
25670	listing
25671	listing
25672	listing
25673	listing
25674	listing
25675	listing
25676	listing
25677	listing
25678	listing
25679	listing
25680	listing
25681	listing
25682	listing
25683	listing
25684	listing
25685	listing
25686	listing
25687	listing
25688	listing
25689	listing
25690	listing
25691	listing
25692	listing
25693	listing
25694	listing
25695	listing
25696	listing
25697	listing
25698	listing
25699	listing
25700	listing
25701	listing
25702	listing
25703	listing
25704	listing
25705	listing
25706	listing
25707	listing
25708	listing
25709	listing
25710	listing
25711	listing
25712	listing
25713	listing
25714	listing
25715	listing
25716	listing
25717	listing
25718	listing
25719	listing
25720	listing
25721	listing
25722	listing
25723	listing
25724	listing
25725	listing
25726	listing
25727	listing
25728	listing
25729	listing
25730	listing
25731	listing
25732	listing
25733	listing
25734	listing
25735	listing
25736	listing
25737	listing
25738	listing
25739	listing
25740	listing
25741	listing
25742	listing
25743	listing
25744	listing
25745	listing
25746	listing
25747	listing
25748	listing
25749	listing
25750	listing
25751	listing
25752	listing
25753	listing
25754	listing
25755	listing
25756	listing
25757	listing
25758	listing
25759	listing
25760	listing
25761	listing
25762	listing
25763	listing
25764	listing
25765	listing
25766	listing
25767	listing
25768	listing
25769	listing
25770	listing
25771	listing
25772	listing
25773	listing
25774	listing
25775	listing
25776	listing
25777	listing
25778	listing
25779	listing
25780	listing
25781	listing
25782	listing
25783	listing
25784	listing
25785	listing
25786	listing
25787	listing
25788	listing
25789	listing
25790	listing
25791	listing
25792	listing
25793	listing
25794	listing
25795	listing
25796	listing
25797	listing
25798	listing
25799	listing
25800	listing
25801	listing
25802	listing
25803	listing
25804	listing
25805	listing
25806	listing
25807	listing
25808	listing
25809	listing
25810	listing
25811	listing
25812	listing
25813	listing
25814	listing
25815	listing
25816	listing
25817	listing
25818	listing
25819	listing
25820	listing
25821	listing
25822	listing
25823	listing
25824	listing
25825	listing
25826	listing
25827	listing
25828	listing
25829	listing
25830	listing
25831	listing
25832	listing
25833	listing
25834	listing
25835	listing
25836	listing
25837	listing
25838	listing
25839	listing
25840	listing
25841	listing
25842	listing
25843	listing
25844	listing
25845	listing
25846	listing
25847	listing
25848	listing
25849	listing
25850	listing
25851	listing
25852	listing
25853	listing
25854	listing
25855	listing
25856	listing
25857	listing
25858	listing
25859	listing
25860	listing
25861	listing
25862	listing
25863	listing
25864	listing
25865	listing
25866	listing
25867	listing
25868	listing
25869	listing
25870	listing
25871	listing
25872	listing
25873	listing
25874	listing
25875	listing
25876	listing
25877	listing
25878	listing
25879	listing
25880	listing
25881	listing
25882	listing
25883	listing
25884	listing
25885	listing
25886	listing
25887	listing
25888	listing
25889	listing
25890	listing
25891	listing
25892	listing
25893	listing
25894	listing
25895	listing
25896	listing
25897	listing
25898	listing
25899	listing
25900	listing
25901	listing
25902	listing
25903	listing
25904	listing
25905	listing
25906	listing
25907	listing
25908	listing
25909	listing
25910	listing
25911	listing
25912	listing
25913	listing
25914	listing
25915	listing
25916	listing
25917	listing
25918	listing
25919	listing
25920	listing
25921	listing
25922	listing
25923	listing
25924	listing
25925	listing
25926	listing
25927	listing
25928	listing
25929	listing
25930	listing
25931	listing
25932	listing
25933	listing
25934	listing
25935	listing
25936	listing
25937	listing
25938	listing
25939	listing
25940	listing
25941	listing
25942	listing
25943	listing
25944	listing
25945	listing
25946	listing
25947	listing
25948	listing
25949	listing
25950	listing
25951	listing
25952	listing
25953	listing
25954	listing
25955	listing
25956	listing
25957	listing
25958	listing
25959	listing
25960	listing
25961	listing
25962	listing
25963	listing
25964	listing
25965	listing
25966	listing
25967	listing
25968	listing
25969	listing
25970	listing
25971	listing
25972	listing
25973	listing
25974	listing
25975	listing
25976	listing
25977	listing
25978	listing
25979	listing
25980	listing
25981	listing
25982	listing
25983	listing
25984	listing
25985	listing
25986	listing
25987	listing
25988	listing
25989	listing
25990	listing
25991	listing
25992	listing
25993	listing
25994	listing
25995	listing
25996	listing
25997	listing
25998	listing
25999	listing
26000	listing
26001	listing
26002	listing
26003	listing
26004	listing
26005	listing
26006	listing
26007	listing
26008	listing
26009	listing
26010	listing
26011	listing
26012	listing
26013	listing
26014	listing
26015	listing
26016	listing
26017	listing
26018	listing
26019	listing
26020	listing
26021	listing
26022	listing
26023	listing
26024	listing
26025	listing
26026	listing
26027	listing
26028	listing
26029	listing
26030	listing
26031	listing
26032	listing
26033	listing
26034	listing
26035	listing
26036	listing
26037	listing
26038	listing
26039	listing
26040	listing
26041	listing
26042	listing
26043	listing
26044	listing
26045	listing
26046	listing
26047	listing
26048	listing
26049	listing
26050	listing
26051	listing
26052	listing
26053	listing
26054	listing
26055	listing
26056	listing
26057	listing
26058	listing
26059	listing
26060	listing
26061	listing
26062	listing
26063	listing
26064	listing
26065	listing
26066	listing
26067	listing
26068	listing
26069	listing
26070	listing
26071	listing
26072	listing
26073	listing
26074	listing
26075	listing
26076	listing
26077	listing
26078	listing
26079	listing
26080	listing
26081	listing
26082	listing
26083	listing
26084	listing
26085	listing
26086	listing
26087	listing
26088	listing
26089	listing
26090	listing
26091	listing
26092	listing
26093	listing
26094	listing
26095	listing
26096	listing
26097	listing
26098	listing
26099	listing
26100	listing
26101	listing
26102	listing
26103	listing
26104	listing
26105	listing
26106	listing
26107	listing
26108	listing
26109	listing
26110	listing
26111	listing
26112	listing
26113	listing
26114	listing
26115	listing
26116	listing
26117	listing
26118	listing
26119	listing
26120	listing
26121	listing
26122	listing
26123	listing
26124	listing
26125	listing
26126	listing
26127	listing
26128	listing
26129	listing
26130	listing
26131	listing
26132	listing
26133	listing
26134	listing
26135	listing
26136	listing
26137	listing
26138	listing
26139	listing
26140	listing
26141	listing
26142	listing
26143	listing
26144	listing
26145	listing
26146	listing
26147	listing
26148	listing
26149	listing
26150	listing
26151	listing
26152	listing
26153	listing
26154	listing
26155	listing
26156	listing
26157	listing
26158	listing
26159	listing
26160	listing
26161	listing
26162	listing
26163	listing
26164	listing
26165	listing
26166	listing
26167	listing
26168	listing
26169	listing
26170	listing
26171	listing
26172	listing
26173	listing
26174	listing
26175	listing
26176	listing
26177	listing
26178	listing
26179	listing
26180	listing
26181	listing
26182	listing
26183	listing
26184	listing
26185	listing
26186	listing
26187	listing
26188	listing
26189	listing
26190	listing
26191	listing
26192	listing
26193	listing
26194	listing
26195	listing
26196	listing
26197	listing
26198	listing
26199	listing
26200	listing
26201	listing
26202	listing
26203	listing
26204	listing
26205	listing
26206	listing
26207	listing
26208	listing
26209	listing
26210	listing
26211	listing
26212	listing
26213	listing
26214	listing
26215	listing
26216	listing
26217	listing
26218	listing
26219	listing
26220	listing
26221	listing
26222	listing
26223	listing
26224	listing
26225	listing
26226	listing
26227	listing
26228	listing
26229	listing
26230	listing
26231	listing
26232	listing
26233	listing
26234	listing
26235	listing
26236	listing
26237	listing
26238	listing
26239	listing
26240	listing
26241	listing
26242	listing
26243	listing
26244	listing
26245	listing
26246	listing
26247	listing
26248	listing
26249	listing
26250	listing
26251	listing
26252	listing
26253	listing
26254	listing
26255	listing
26256	listing
26257	listing
26258	listing
26259	listing
26260	listing
26261	listing
26262	listing
26263	listing
26264	listing
26265	listing
26266	listing
26267	listing
26268	listing
26269	listing
26270	listing
26271	listing
26272	listing
26273	listing
26274	listing
26275	listing
26276	listing
26277	listing
26278	listing
26279	listing
26280	listing
26281	listing
26282	listing
26283	listing
26284	listing
26285	listing
26286	listing
26287	listing
26288	listing
26289	listing
26290	listing
26291	listing
26292	listing
26293	listing
26294	listing
26295	listing
26296	listing
26297	listing
26298	listing
26299	listing
26300	listing
26301	listing
26302	listing
26303	listing
26304	listing
26305	listing
26306	listing
26307	listing
26308	listing
26309	listing
26310	listing
26311	listing
26312	listing
26313	listing
26314	listing
26315	listing
26316	listing
26317	listing
26318	listing
26319	listing
26320	listing
26321	listing
26322	listing
26323	listing
26324	listing
26325	listing
26326	listing
26327	listing
26328	listing
26329	listing
26330	listing
26331	listing
26332	listing
26333	listing
26334	listing
26335	listing
26336	listing
26337	listing
26338	listing
26339	listing
26340	listing
26341	listing
26342	listing
26343	listing
26344	listing
26345	listing
26346	listing
26347	listing
26348	listing
26349	listing
26350	listing
26351	listing
26352	listing
26353	listing
26354	listing
26355	listing
26356	listing
26357	listing
26358	listing
26359	listing
26360	listing
26361	listing
26362	listing
26363	listing
26364	listing
26365	listing
26366	listing
26367	listing
26368	listing
26369	listing
26370	listing
26371	listing
26372	listing
26373	listing
26374	listing
26375	listing
26376	listing
26377	listing
26378	listing
26379	listing
26380	listing
26381	listing
26382	listing
26383	listing
26384	listing
26385	listing
26386	listing
26387	listing
26388	listing
26389	listing
26390	listing
26391	listing
26392	listing
26393	listing
26394	listing
26395	listing
26396	listing
26397	listing
26398	listing
26399	listing
26400	listing
26401	listing
26402	listing
26403	listing
26404	listing
26405	listing
26406	listing
26407	listing
26408	listing
26409	listing
26410	listing
26411	listing
26412	listing
26413	listing
26414	listing
26415	listing
26416	listing
26417	listing
26418	listing
26419	listing
26420	listing
26421	listing
26422	listing
26423	listing
26424	listing
26425	listing
26426	listing
26427	listing
26428	listing
26429	listing
26430	listing
26431	listing
26432	listing
26433	listing
26434	listing
26435	listing
26436	listing
26437	listing
26438	listing
26439	listing
26440	listing
26441	listing
26442	listing
26443	listing
26444	listing
26445	listing
26446	listing
26447	listing
26448	listing
26449	listing
26450	listing
26451	listing
26452	listing
26453	listing
26454	listing
26455	listing
26456	listing
26457	listing
26458	listing
26459	listing
26460	listing
26461	listing
26462	listing
26463	listing
26464	listing
26465	listing
26466	listing
26467	listing
26468	listing
26469	listing
26470	listing
26471	listing
26472	listing
26473	listing
26474	listing
26475	listing
26476	listing
26477	listing
26478	listing
26479	listing
26480	listing
26481	listing
26482	listing
26483	listing
26484	listing
26485	listing
26486	listing
26487	listing
26488	listing
26489	listing
26490	listing
26491	listing
26492	listing
26493	listing
26494	listing
26495	listing
26496	listing
26497	listing
26498	listing
26499	listing
26500	listing
26501	listing
26502	listing
26503	listing
26504	listing
26505	listing
26506	listing
26507	listing
26508	listing
26509	listing
26510	listing
26511	listing
26512	listing
26513	listing
26514	listing
26515	listing
26516	listing
26517	listing
26518	listing
26519	listing
26520	listing
26521	listing
26522	listing
26523	listing
26524	listing
26525	listing
26526	listing
26527	listing
26528	listing
26529	listing
26530	listing
26531	listing
26532	listing
26533	listing
26534	listing
26535	listing
26536	listing
26537	listing
26538	listing
26539	listing
26540	listing
26541	listing
26542	listing
26543	listing
26544	listing
26545	listing
26546	listing
26547	listing
26548	listing
26549	listing
26550	listing
26551	listing
26552	listing
26553	listing
26554	listing
26555	listing
26556	listing
26557	listing
26558	listing
26559	listing
26560	listing
26561	listing
26562	listing
26563	listing
26564	listing
26565	listing
26566	listing
26567	listing
26568	listing
26569	listing
26570	listing
26571	listing
26572	listing
26573	listing
26574	listing
26575	listing
26576	listing
26577	listing
26578	listing
26579	listing
26580	listing
26581	listing
26582	listing
26583	listing
26584	listing
26585	listing
26586	listing
26587	listing
26588	listing
26589	listing
26590	listing
26591	listing
26592	listing
26593	listing
26594	listing
26595	listing
26596	listing
26597	listing
26598	listing
26599	listing
26600	listing
26601	listing
26602	listing
26603	listing
26604	listing
26605	listing
26606	listing
26607	listing
26608	listing
26609	listing
26610	listing
26611	listing
26612	listing
26613	listing
26614	listing
26615	listing
26616	listing
26617	listing
26618	listing
26619	listing
26620	listing
26621	listing
26622	listing
26623	listing
26624	listing
26625	listing
26626	listing
26627	listing
26628	listing
26629	listing
26630	listing
26631	listing
26632	listing
26633	listing
26634	listing
26635	listing
26636	listing
26637	listing
26638	listing
26639	listing
26640	listing
26641	listing
26642	listing
26643	listing
26644	listing
26645	listing
26646	listing
26647	listing
26648	listing
26649	listing
26650	listing
26651	listing
26652	listing
26653	listing
26654	listing
26655	listing
26656	listing
26657	listing
26658	listing
26659	listing
26660	listing
26661	listing
26662	listing
26663	listing
26664	listing
26665	listing
26666	listing
26667	listing
26668	listing
26669	listing
26670	listing
26671	listing
26672	listing
26673	listing
26674	listing
26675	listing
26676	listing
26677	listing
26678	listing
26679	listing
26680	listing
26681	listing
26682	listing
26683	listing
26684	listing
26685	listing
26686	listing
26687	listing
26688	listing
26689	listing
26690	listing
26691	listing
26692	listing
26693	listing
26694	listing
26695	listing
26696	listing
26697	listing
26698	listing
26699	listing
26700	listing
26701	listing
26702	listing
26703	listing
26704	listing
26705	listing
26706	listing
26707	listing
26708	listing
26709	listing
26710	listing
26711	listing
26712	listing
26713	listing
26714	listing
26715	listing
26716	listing
26717	listing
26718	listing
26719	listing
26720	listing
26721	listing
26722	listing
26723	listing
26724	listing
26725	listing
26726	listing
26727	listing
26728	listing
26729	listing
26730	listing
26731	listing
26732	listing
26733	listing
26734	listing
26735	listing
26736	listing
26737	listing
26738	listing
26739	listing
26740	listing
26741	listing
26742	listing
26743	listing
26744	listing
26745	listing
26746	listing
26747	listing
26748	listing
26749	listing
26750	listing
26751	listing
26752	listing
26753	listing
26754	listing
26755	listing
26756	listing
26757	listing
26758	listing
26759	listing
26760	listing
26761	listing
26762	listing
26763	listing
26764	listing
26765	listing
26766	listing
26767	listing
26768	listing
26769	listing
26770	listing
26771	listing
26772	listing
26773	listing
26774	listing
26775	listing
26776	listing
26777	listing
26778	listing
26779	listing
26780	listing
26781	listing
26782	listing
26783	listing
26784	listing
26785	listing
26786	listing
26787	listing
26788	listing
26789	listing
26790	listing
26791	listing
26792	listing
26793	listing
26794	listing
26795	listing
26796	listing
26797	listing
26798	listing
26799	listing
26800	listing
26801	listing
26802	listing
26803	listing
26804	listing
26805	listing
26806	listing
26807	listing
26808	listing
26809	listing
26810	listing
26811	listing
26812	listing
26813	listing
26814	listing
26815	listing
26816	listing
26817	listing
26818	listing
26819	listing
26820	listing
26821	listing
26822	listing
26823	listing
26824	listing
26825	listing
26826	listing
26827	listing
26828	listing
26829	listing
26830	listing
26831	listing
26832	listing
26833	listing
26834	listing
26835	listing
26836	listing
26837	listing
26838	listing
26839	listing
26840	listing
26841	listing
26842	listing
26843	listing
26844	listing
26845	listing
26846	listing
26847	listing
26848	listing
26849	listing
26850	listing
26851	listing
26852	listing
26853	listing
26854	listing
26855	listing
26856	listing
26857	listing
26858	listing
26859	listing
26860	listing
26861	listing
26862	listing
26863	listing
26864	listing
26865	listing
26866	listing
26867	listing
26868	listing
26869	listing
26870	listing
26871	listing
26872	listing
26873	listing
26874	listing
26875	listing
26876	listing
26877	listing
26878	listing
26879	listing
26880	listing
26881	listing
26882	listing
26883	listing
26884	listing
26885	listing
26886	listing
26887	listing
26888	listing
26889	listing
26890	listing
26891	listing
26892	listing
26893	listing
26894	listing
26895	listing
26896	listing
26897	listing
26898	listing
26899	listing
26900	listing
26901	listing
26902	listing
26903	listing
26904	listing
26905	listing
26906	listing
26907	listing
26908	listing
26909	listing
26910	listing
26911	listing
26912	listing
26913	listing
26914	listing
26915	listing
26916	listing
26917	listing
26918	listing
26919	listing
26920	listing
26921	listing
26922	listing
26923	listing
26924	listing
26925	listing
26926	listing
26927	listing
26928	listing
26929	listing
26930	listing
26931	listing
26932	listing
26933	listing
26934	listing
26935	listing
26936	listing
26937	listing
26938	listing
26939	listing
26940	listing
26941	listing
26942	listing
26943	listing
26944	listing
26945	listing
26946	listing
26947	listing
26948	listing
26949	listing
26950	listing
26951	listing
26952	listing
26953	listing
26954	listing
26955	listing
26956	listing
26957	listing
26958	listing
26959	listing
26960	listing
26961	listing
26962	listing
26963	listing
26964	listing
26965	listing
26966	listing
26967	listing
26968	listing
26969	listing
26970	listing
26971	listing
26972	listing
26973	listing
26974	listing
26975	listing
26976	listing
26977	listing
26978	listing
26979	listing
26980	listing
26981	listing
26982	listing
26983	listing
26984	listing
26985	listing
26986	listing
26987	listing
26988	listing
26989	listing
26990	listing
26991	listing
26992	listing
26993	listing
26994	listing
26995	listing
26996	listing
26997	listing
26998	listing
26999	listing
27000	listing
27001	listing
27002	listing
27003	listing
27004	listing
27005	listing
27006	listing
27007	listing
27008	listing
27009	listing
27010	listing
27011	listing
27012	listing
27013	listing
27014	listing
27015	listing
27016	listing
27017	listing
27018	listing
27019	listing
27020	listing
27021	listing
27022	listing
27023	listing
27024	listing
27025	listing
27026	listing
27027	listing
27028	listing
27029	listing
27030	listing
27031	listing
27032	listing
27033	listing
27034	listing
27035	listing
27036	listing
27037	listing
27038	listing
27039	listing
27040	listing
27041	listing
27042	listing
27043	listing
27044	listing
27045	listing
27046	listing
27047	listing
27048	listing
27049	listing
27050	listing
27051	listing
27052	listing
27053	listing
27054	listing
27055	listing
27056	listing
27057	listing
27058	listing
27059	listing
27060	listing
27061	listing
27062	listing
27063	listing
27064	listing
27065	listing
27066	listing
27067	listing
27068	listing
27069	listing
27070	listing
27071	listing
27072	listing
27073	listing
27074	listing
27075	listing
27076	listing
27077	listing
27078	listing
27079	listing
27080	listing
27081	listing
27082	listing
27083	listing
27084	listing
27085	listing
27086	listing
27087	listing
27088	listing
27089	listing
27090	listing
27091	listing
27092	listing
27093	listing
27094	listing
27095	listing
27096	listing
27097	listing
27098	listing
27099	listing
27100	listing
27101	listing
27102	listing
27103	listing
27104	listing
27105	listing
27106	listing
27107	listing
27108	listing
27109	listing
27110	listing
27111	listing
27112	listing
27113	listing
27114	listing
27115	listing
27116	listing
27117	listing
27118	listing
27119	listing
27120	listing
27121	listing
27122	listing
27123	listing
27124	listing
27125	listing
27126	listing
27127	listing
27128	listing
27129	listing
27130	listing
27131	listing
27132	listing
27133	listing
27134	listing
27135	listing
27136	listing
27137	listing
27138	listing
27139	listing
27140	listing
27141	listing
27142	listing
27143	listing
27144	listing
27145	listing
27146	listing
27147	listing
27148	listing
27149	listing
27150	listing
27151	listing
27152	listing
27153	listing
27154	listing
27155	listing
27156	listing
27157	listing
27158	listing
27159	listing
27160	listing
27161	listing
27162	listing
27163	listing
27164	listing
27165	listing
27166	listing
27167	listing
27168	listing
27169	listing
27170	listing
27171	listing
27172	listing
27173	listing
27174	listing
27175	listing
27176	listing
27177	listing
27178	listing
27179	listing
27180	listing
27181	listing
27182	listing
27183	listing
27184	listing
27185	listing
27186	listing
27187	listing
27188	listing
27189	listing
27190	listing
27191	listing
27192	listing
27193	listing
27194	listing
27195	listing
27196	listing
27197	listing
27198	listing
27199	listing
27200	listing
27201	listing
27202	listing
27203	listing
27204	listing
27205	listing
27206	listing
27207	listing
27208	listing
27209	listing
27210	listing
27211	listing
27212	listing
27213	listing
27214	listing
27215	listing
27216	listing
27217	listing
27218	listing
27219	listing
27220	listing
27221	listing
27222	listing
27223	listing
27224	listing
27225	listing
27226	listing
27227	listing
27228	listing
27229	listing
27230	listing
27231	listing
27232	listing
27233	listing
27234	listing
27235	listing
27236	listing
27237	listing
27238	listing
27239	listing
27240	listing
27241	listing
27242	listing
27243	listing
27244	listing
27245	listing
27246	listing
27247	listing
27248	listing
27249	listing
27250	listing
27251	listing
27252	listing
27253	listing
27254	listing
27255	listing
27256	listing
27257	listing
27258	listing
27259	listing
27260	listing
27261	listing
27262	listing
27263	listing
27264	listing
27265	listing
27266	listing
27267	listing
27268	listing
27269	listing
27270	listing
27271	listing
27272	listing
27273	listing
27274	listing
27275	listing
27276	listing
27277	listing
27278	listing
27279	listing
27280	listing
27281	listing
27282	listing
27283	listing
27284	listing
27285	listing
27286	listing
27287	listing
27288	listing
27289	listing
27290	listing
27291	listing
27292	listing
27293	listing
27294	listing
27295	listing
27296	listing
27297	listing
27298	listing
27299	listing
27300	listing
27301	listing
27302	listing
27303	listing
27304	listing
27305	listing
27306	listing
27307	listing
27308	listing
27309	listing
27310	listing
27311	listing
27312	listing
27313	listing
27314	listing
27315	listing
27316	listing
27317	listing
27318	listing
27319	listing
27320	listing
27321	listing
27322	listing
27323	listing
27324	listing
27325	listing
27326	listing
27327	listing
27328	listing
27329	listing
27330	listing
27331	listing
27332	listing
27333	listing
27334	listing
27335	listing
27336	listing
27337	listing
27338	listing
27339	listing
27340	listing
27341	listing
27342	listing
27343	listing
27344	listing
27345	listing
27346	listing
27347	listing
27348	listing
27349	listing
27350	listing
27351	listing
27352	listing
27353	listing
27354	listing
27355	listing
27356	listing
27357	listing
27358	listing
27359	listing
27360	listing
27361	listing
27362	listing
27363	listing
27364	listing
27365	listing
27366	listing
27367	listing
27368	listing
27369	listing
27370	listing
27371	listing
27372	listing
27373	listing
27374	listing
27375	listing
27376	listing
27377	listing
27378	listing
27379	listing
27380	listing
27381	listing
27382	listing
27383	listing
27384	listing
27385	listing
27386	listing
27387	listing
27388	listing
27389	listing
27390	listing
27391	listing
27392	listing
27393	listing
27394	listing
27395	listing
27396	listing
27397	listing
27398	listing
27399	listing
27400	listing
27401	listing
27402	listing
27403	listing
27404	listing
27405	listing
27406	listing
27407	listing
27408	listing
27409	listing
27410	listing
27411	listing
27412	listing
27413	listing
27414	listing
27415	listing
27416	listing
27417	listing
27418	listing
27419	listing
27420	listing
27421	listing
27422	listing
27423	listing
27424	listing
27425	listing
27426	listing
27427	listing
27428	listing
27429	listing
27430	listing
27431	listing
27432	listing
27433	listing
27434	listing
27435	listing
27436	listing
27437	listing
27438	listing
27439	listing
27440	listing
27441	listing
27442	listing
27443	listing
27444	listing
27445	listing
27446	listing
27447	listing
27448	listing
27449	listing
27450	listing
27451	listing
27452	listing
27453	listing
27454	listing
27455	listing
27456	listing
27457	listing
27458	listing
27459	listing
27460	listing
27461	listing
27462	listing
27463	listing
27464	listing
27465	listing
27466	listing
27467	listing
27468	listing
27469	listing
27470	listing
27471	listing
27472	listing
27473	listing
27474	listing
27475	listing
27476	listing
27477	listing
27478	listing
27479	listing
27480	listing
27481	listing
27482	listing
27483	listing
27484	listing
27485	listing
27486	listing
27487	listing
27488	listing
27489	listing
27490	listing
27491	listing
27492	listing
27493	listing
27494	listing
27495	listing
27496	listing
27497	listing
27498	listing
27499	listing
27500	listing
27501	listing
27502	listing
27503	listing
27504	listing
27505	listing
27506	listing
27507	listing
27508	listing
27509	listing
27510	listing
27511	listing
27512	listing
27513	listing
27514	listing
27515	listing
27516	listing
27517	listing
27518	listing
27519	listing
27520	listing
27521	listing
27522	listing
27523	listing
27524	listing
27525	listing
27526	listing
27527	listing
27528	listing
27529	listing
27530	listing
27531	listing
27532	listing
27533	listing
27534	listing
27535	listing
27536	listing
27537	listing
27538	listing
27539	listing
27540	listing
27541	listing
27542	listing
27543	listing
27544	listing
27545	listing
27546	listing
27547	listing
27548	listing
27549	listing
27550	listing
27551	listing
27552	listing
27553	listing
27554	listing
27555	listing
27556	listing
27557	listing
27558	listing
27559	listing
27560	listing
27561	listing
27562	listing
27563	listing
27564	listing
27565	listing
27566	listing
27567	listing
27568	listing
27569	listing
27570	listing
27571	listing
27572	listing
27573	listing
27574	listing
27575	listing
27576	listing
27577	listing
27578	listing
27579	listing
27580	listing
27581	listing
27582	listing
27583	listing
27584	listing
27585	listing
27586	listing
27587	listing
27588	listing
27589	listing
27590	listing
27591	listing
27592	listing
27593	listing
27594	listing
27595	listing
27596	listing
27597	listing
27598	listing
27599	listing
27600	listing
27601	listing
27602	listing
27603	listing
27604	listing
27605	listing
27606	listing
27607	listing
27608	listing
27609	listing
27610	listing
27611	listing
27612	listing
27613	listing
27614	listing
27615	listing
27616	listing
27617	listing
27618	listing
27619	listing
27620	listing
27621	listing
27622	listing
27623	listing
27624	listing
27625	listing
27626	listing
27627	listing
27628	listing
27629	listing
27630	listing
27631	listing
27632	listing
27633	listing
27634	listing
27635	listing
27636	listing
27637	listing
27638	listing
27639	listing
27640	listing
27641	listing
27642	listing
27643	listing
27644	listing
27645	listing
27646	listing
27647	listing
27648	listing
27649	listing
27650	listing
27651	listing
27652	listing
27653	listing
27654	listing
27655	listing
27656	listing
27657	listing
27658	listing
27659	listing
27660	listing
27661	listing
27662	listing
27663	listing
27664	listing
27665	listing
27666	listing
27667	listing
27668	listing
27669	listing
27670	listing
27671	listing
27672	listing
27673	listing
27674	listing
27675	listing
27676	listing
27677	listing
27678	listing
27679	listing
27680	listing
27681	listing
27682	listing
27683	listing
27684	listing
27685	listing
27686	listing
27687	listing
27688	listing
27689	listing
27690	listing
27691	listing
27692	listing
27693	listing
27694	listing
27695	listing
27696	listing
27697	listing
27698	listing
27699	listing
27700	listing
27701	listing
27702	listing
27703	listing
27704	listing
27705	listing
27706	listing
27707	listing
27708	listing
27709	listing
27710	listing
27711	listing
27712	listing
27713	listing
27714	listing
27715	listing
27716	listing
27717	listing
27718	listing
27719	listing
27720	listing
27721	listing
27722	listing
27723	listing
27724	listing
27725	listing
27726	listing
27727	listing
27728	listing
27729	listing
27730	listing
27731	listing
27732	listing
27733	listing
27734	listing
27735	listing
27736	listing
27745	numeric-alias
27755	numeric-alias
27756	numeric-alias
27758	numeric-alias
27759	numeric-alias
27761	numeric-alias
27763	numeric-alias
27764	numeric-alias
27766	numeric-alias
27767	numeric-alias
27769	numeric-alias
27771	numeric-alias
27772	numeric-alias
27773	numeric-alias
27774	numeric-alias
27775	numeric-alias
27776	numeric-alias
27779	numeric-alias
27780	url-variant
27796	listing
27797	listing
27798	listing
27799	listing
27800	listing
27801	listing
27802	listing
27803	listing
27804	listing
27805	listing
27806	listing
27807	listing
27808	listing
27809	listing
27810	listing
27811	listing
27812	listing
27813	listing
27814	listing
27815	listing
27816	listing
27817	listing
27818	listing
27819	listing
27820	listing
27821	listing
27822	listing
27823	listing
27824	listing
27825	listing
27826	listing
27827	listing
27828	listing
27829	listing
27830	listing
27831	listing
27832	listing
27833	listing
27834	listing
27835	listing
27836	listing
27837	listing
27838	listing
27839	listing
27840	listing
27841	listing
27842	listing
27843	listing
27844	listing
27845	listing
27846	listing
27847	listing
27848	listing
27849	listing
27850	listing
27851	listing
27852	listing
27853	listing
27854	listing
27855	listing
27856	listing
27857	listing
27858	listing
27859	listing
27860	listing
27861	listing
27862	listing
27863	listing
27864	listing
27865	listing
27866	listing
27867	listing
27868	listing
27869	listing
27870	listing
27871	listing
27872	listing
27873	listing
27874	listing
27875	listing
27876	listing
27877	listing
27878	listing
27879	listing
27880	listing
27881	listing
27882	listing
27883	listing
27884	listing
27885	listing
27886	listing
27887	listing
27888	listing
27889	listing
27890	listing
27891	listing
27892	listing
27893	listing
27894	listing
27895	listing
27896	listing
27897	listing
27898	listing
27899	listing
27900	listing
27901	listing
27902	listing
27903	listing
27904	listing
27905	listing
27906	listing
27907	listing
27908	listing
27909	listing
27910	listing
27911	listing
27912	listing
27913	listing
27914	listing
27915	listing
27916	listing
27917	listing
27918	listing
27919	listing
27920	listing
27921	listing
27922	listing
27923	listing
27924	listing
27925	listing
27926	listing
27927	listing
27928	listing
27929	listing
27930	listing
27931	listing
27932	listing
27933	listing
27934	listing
27935	listing
27936	listing
27937	listing
27938	listing
27939	listing
27940	listing
27941	listing
27942	listing
27943	listing
27944	listing
27945	listing
27946	listing
27947	listing
27948	listing
27949	listing
27950	listing
27951	listing
27952	listing
27953	listing
27954	listing
27955	listing
27956	listing
27957	listing
27958	listing
27959	listing
27960	listing
27961	listing
27962	listing
27963	listing
27964	listing
27965	listing
27966	listing
27967	listing
27968	listing
27969	listing
27970	listing
27971	listing
27972	listing
27973	listing
27974	listing
27975	listing
27976	listing
27977	listing
27978	listing
27979	listing
27980	listing
27981	listing
27982	listing
27983	listing
27984	listing
27985	listing
27986	listing
27987	listing
27988	listing
27989	listing
27990	listing
27991	listing
27992	listing
27993	listing
27994	listing
27995	listing
27996	listing
27997	listing
27998	listing
27999	listing
28000	listing
28001	listing
28002	listing
28003	listing
28004	listing
28005	listing
28006	listing
28007	listing
28008	listing
28009	listing
28010	listing
28011	listing
28012	listing
28013	listing
28014	listing
28015	listing
28016	listing
28017	listing
28018	listing
28019	listing
28020	listing
28021	listing
28022	listing
28023	listing
28024	listing
28025	listing
28026	listing
28027	listing
28028	listing
28029	listing
28030	listing
28031	listing
28032	listing
28033	listing
28034	listing
28035	listing
28036	listing
28037	listing
28038	listing
28039	listing
28040	listing
28041	listing
28042	listing
28043	listing
28044	listing
28045	listing
28046	listing
28047	listing
28048	listing
28049	listing
28050	listing
28051	listing
28052	listing
28053	listing
28054	listing
28055	listing
28056	listing
28057	listing
28058	listing
28059	listing
28060	listing
28061	listing
28062	listing
28063	listing
28064	listing
28065	listing
28066	listing
28067	listing
28068	listing
28069	listing
28070	listing
28071	listing
28072	listing
28073	listing
28074	listing
28075	listing
28076	listing
28077	listing
28078	listing
28079	listing
28080	listing
28081	listing
28082	listing
28083	listing
28084	listing
28085	listing
28086	listing
28087	listing
28088	listing
28089	listing
28090	listing
28091	listing
28092	listing
28093	listing
28094	listing
28095	listing
28096	listing
28097	listing
28098	listing
28099	listing
28100	listing
28101	listing
28102	listing
28103	listing
28104	listing
28105	listing
28106	listing
28107	listing
28108	listing
28109	listing
28110	listing
28111	listing
28112	listing
28113	listing
28114	listing
28115	listing
28116	listing
28117	listing
28118	listing
28119	listing
28120	listing
28121	listing
28122	listing
28123	listing
28124	listing
28125	listing
28126	listing
28127	listing
28128	listing
28129	listing
28130	listing
28131	listing
28132	listing
28133	listing
28134	listing
28135	listing
28136	listing
28137	listing
28138	listing
28139	listing
28140	listing
28141	listing
28142	listing
28143	listing
28144	listing
28145	listing
28146	listing
28241	url-variant
28242	url-variant
28243	url-variant
28244	url-variant
28245	url-variant
28246	url-variant
28247	url-variant
28248	url-variant
28322	url-variant
28446	url-variant
28447	url-variant
28448	url-variant
28449	url-variant
28450	url-variant
28451	url-variant
28452	url-variant
28453	url-variant
28454	url-variant
28455	url-variant
28456	url-variant
28457	url-variant
28458	url-variant
28459	url-variant
28460	url-variant
28461	url-variant
28462	url-variant
28463	url-variant
28464	url-variant
28465	url-variant
28466	url-variant
28467	url-variant
28468	url-variant
28469	url-variant
28470	url-variant
28471	url-variant
28472	url-variant
28473	url-variant
28474	url-variant
28475	url-variant
28476	url-variant
28477	url-variant
28478	url-variant
28479	url-variant
28480	url-variant
28481	url-variant
28482	url-variant
28483	url-variant
28484	url-variant
28485	url-variant
28486	url-variant
28487	url-variant
28488	url-variant
28489	url-variant
28490	url-variant
28491	url-variant
28492	url-variant
28493	url-variant
28494	url-variant
28495	url-variant
28496	url-variant
28497	url-variant
28498	url-variant
28499	url-variant
28500	url-variant
28501	url-variant
28502	url-variant
28503	url-variant
28504	url-variant
28505	url-variant
28506	url-variant
28507	url-variant
28508	url-variant
28509	url-variant
28510	url-variant
28511	url-variant
28512	url-variant
28513	url-variant
28514	url-variant
28515	url-variant
28516	url-variant
28517	url-variant
28518	url-variant
28519	url-variant
28520	url-variant
28521	url-variant
28522	url-variant
28523	url-variant
28524	url-variant
28525	url-variant
28526	url-variant
28527	url-variant
28528	url-variant
28529	url-variant
28530	url-variant
28531	url-variant
28532	url-variant
28533	url-variant
28534	url-variant
28535	url-variant
28536	url-variant
28537	url-variant
28538	url-variant
28539	url-variant
28540	url-variant
28541	url-variant
28542	url-variant
28543	url-variant
28544	url-variant
28545	url-variant
28546	url-variant
28547	url-variant
28548	url-variant
28549	url-variant
28550	url-variant
28551	url-variant
28552	url-variant
28553	url-variant
28554	url-variant
28555	url-variant
28556	url-variant
28557	url-variant
28558	url-variant
28559	url-variant
28560	url-variant
28561	url-variant
28562	url-variant
28563	url-variant
28564	url-variant
28565	url-variant
28566	url-variant
28567	url-variant
28568	url-variant
28569	url-variant
28570	url-variant
28571	url-variant
28572	url-variant
28573	url-variant
28574	url-variant
28575	url-variant
28576	url-variant
28577	url-variant
28578	url-variant
28579	url-variant
28580	url-variant
28581	url-variant
28582	url-variant
28583	url-variant
28584	url-variant
28585	url-variant
28586	url-variant
28587	url-variant
28588	url-variant
28589	url-variant
28590	url-variant
28591	url-variant
28592	url-variant
28593	url-variant
28594	url-variant
28595	url-variant
28596	url-variant
28597	url-variant
28598	url-variant
28599	url-variant
28600	url-variant
28601	url-variant
28602	url-variant
28603	url-variant
28604	url-variant
28605	url-variant
28606	url-variant
28607	url-variant
28608	url-variant
28609	url-variant
28610	url-variant
28611	url-variant
28612	url-variant
28613	url-variant
28630	url-variant
28631	url-variant
28640	url-variant
28641	url-variant
28642	url-variant
28643	url-variant
28644	url-variant
28645	url-variant
28646	url-variant
28647	url-variant
28648	url-variant
28649	url-variant
28653	url-variant
28699	url-variant
28700	url-variant
28701	url-variant
28702	url-variant
28755	url-variant
28756	url-variant
28757	url-variant
28758	url-variant
28759	url-variant
28760	url-variant
28761	url-variant
28762	url-variant
28763	url-variant
28764	url-variant
28765	url-variant
28766	url-variant
28767	url-variant
28793	url-variant
28799	url-variant
28800	url-variant
28801	url-variant
28802	url-variant
28803	url-variant
28804	url-variant
28805	url-variant
28806	url-variant
28807	url-variant
28808	url-variant
28809	url-variant
28810	url-variant
28811	url-variant
28812	url-variant
28813	url-variant
28814	url-variant
28815	url-variant
28816	url-variant
28826	url-variant
28981	listing
28982	listing
28983	listing
28984	listing
28985	listing
28986	listing
28987	listing
28988	listing
28989	listing
28990	listing
28991	listing
28992	listing
28993	listing
28994	listing
28995	listing
28996	listing
28997	listing
28998	listing
28999	listing
29000	listing
29001	listing
29002	listing
29003	listing
29004	listing
29005	listing
29006	listing
29007	listing
29008	listing
29009	listing
29010	listing
29011	listing
29012	listing
29013	listing
29014	listing
29015	listing
29016	listing
29017	listing
29018	listing
29019	listing
29020	listing
29021	listing
29022	listing
29023	listing
29024	listing
29025	listing
29026	listing
29027	listing
29028	listing
29029	listing
29030	listing
29031	listing
29032	listing
29033	listing
29034	listing
29035	listing
29036	listing
29037	listing
29038	listing
29039	listing
29040	listing
29041	listing
29042	listing
29043	listing
29044	listing
29045	listing
29046	listing
29047	listing
29048	listing
29049	listing
29050	listing
29051	listing
29052	listing
29053	listing
29054	listing
29055	listing
29056	listing
29057	listing
29058	listing
29059	listing
29060	listing
29061	listing
29062	listing
29063	listing
29064	listing
29065	listing
29066	listing
29067	listing
29068	listing
29069	listing
29070	listing
29071	listing
29072	listing
29073	listing
29074	listing
29075	listing
29076	listing
29077	listing
29078	listing
29079	listing
29080	listing
29081	listing
29082	listing
29083	listing
29084	listing
29085	listing
29086	listing
29087	listing
29088	listing
29089	listing
29090	listing
29091	listing
29092	listing
29093	listing
29094	listing
29095	listing
29096	listing
29097	listing
29098	listing
29099	listing
29100	listing
29101	listing
29102	listing
29103	listing
29104	listing
29105	listing
29106	listing
29107	listing
29108	listing
29109	listing
29110	listing
29111	listing
29112	listing
29113	listing
29114	listing
29115	listing
29116	listing
29117	listing
29118	listing
29119	listing
29120	listing
29121	listing
29122	listing
29123	listing
29124	listing
29125	listing
29126	listing
29127	listing
29128	listing
29129	listing
29130	listing
29131	listing
29132	listing
29133	listing
29134	listing
29135	listing
29136	listing
29137	listing
29138	listing
29139	listing
29140	listing
29141	listing
29142	listing
29143	listing
29144	listing
29145	listing
29146	listing
29147	listing
29148	listing
29149	listing
29150	listing
29151	listing
29152	listing
29153	listing
29154	listing
29155	listing
29156	listing
29157	listing
29158	listing
29159	listing
29160	listing
29161	listing
29162	listing
29163	listing
29164	listing
29165	listing
29166	listing
29167	listing
29168	listing
29169	listing
29170	listing
29171	listing
29172	listing
29173	listing
29174	listing
29175	listing
29176	listing
29177	listing
29178	listing
29179	listing
29180	listing
29181	listing
29182	listing
29183	listing
29184	listing
29185	listing
29186	listing
29187	listing
29188	listing
29189	listing
29190	listing
29191	listing
29192	listing
29193	listing
29194	listing
29195	listing
29196	listing
29197	listing
29198	listing
29199	listing
29200	listing
29201	listing
29202	listing
29203	listing
29204	listing
29205	listing
29206	listing
29207	listing
29208	listing
29209	listing
29210	listing
29211	listing
29212	listing
29213	listing
29214	listing
29215	listing
29216	listing
29217	listing
29218	listing
29219	listing
29220	listing
29221	listing
29222	listing
29223	listing
29224	listing
29225	listing
29226	listing
29227	listing
29228	listing
29229	listing
29230	listing
29231	listing
29232	listing
29233	listing
29234	listing
29235	listing
29236	listing
29237	listing
29238	listing
29239	listing
29240	listing
29241	listing
29242	listing
29243	listing
29244	listing
29245	listing
29246	listing
29247	listing
29248	listing
29249	listing
29250	listing
29251	listing
29252	listing
29253	listing
29254	listing
29255	listing
29256	listing
29257	listing
29258	listing
29259	listing
29260	listing
29261	listing
29262	listing
29263	listing
29264	listing
29265	listing
29266	listing
29267	listing
29268	listing
29269	listing
29270	listing
29271	listing
29272	listing
29273	listing
29274	listing
29275	listing
29276	listing
29277	listing
29278	listing
29279	listing
29280	listing
29281	listing
29282	listing
29283	listing
29284	listing
29285	listing
29286	listing
29287	listing
29288	listing
29289	listing
29290	listing
29291	listing
29292	listing
29293	listing
29294	listing
29295	listing
29296	listing
29297	listing
29298	listing
29299	listing
29300	listing
29301	listing
29302	listing
29303	listing
29304	listing
29305	listing
29306	listing
29307	listing
29308	listing
29309	listing
29310	listing
29311	listing
29312	listing
29313	listing
29314	listing
29315	listing
29316	listing
29317	listing
29318	listing
29319	listing
29320	listing
29321	listing
29322	listing
29323	listing
29324	listing
29325	listing
29326	listing
29327	listing
29328	listing
29329	listing
29330	listing
29331	listing
29332	listing
29333	listing
29334	listing
29335	listing
29336	listing
29337	listing
29338	listing
29339	listing
29340	listing
29341	listing
29342	listing
29343	listing
29344	listing
29345	listing
29346	listing
29347	listing
29348	listing
29349	listing
29350	listing
29351	listing
29352	listing
29353	listing
29354	listing
29355	listing
29356	listing
29357	listing
29358	listing
29359	listing
29360	listing
29361	listing
29362	listing
29363	listing
29364	listing
29365	listing
29366	listing
29367	listing
29368	listing
29369	listing
29370	listing
29371	listing
29372	listing
29373	listing
29374	listing
29375	listing
29376	listing
29377	listing
29378	listing
29379	listing
29380	listing
29381	listing
29382	listing
29383	listing
29384	listing
29385	listing
29386	listing
29387	listing
29388	listing
29389	listing
29390	listing
29391	listing
29392	listing
29393	listing
29394	listing
29395	listing
29396	listing
29397	listing
29398	listing
29399	listing
29400	listing
29401	listing
29402	listing
29403	listing
29404	listing
29405	listing
29406	listing
29407	listing
29408	listing
29409	listing
29410	listing
29411	listing
29412	listing
29413	listing
29414	listing
29415	listing
29416	listing
29417	listing
29418	listing
29419	listing
29420	listing
29421	listing
29422	listing
29423	listing
29424	listing
29425	listing
29426	listing
29427	listing
29428	listing
29429	listing
29430	listing
29431	listing
29432	listing
29433	listing
29434	listing
29435	listing
29436	listing
29437	listing
29438	listing
29439	listing
29440	listing
29441	listing
29442	listing
29443	listing
29444	listing
29445	listing
29446	listing
29447	listing
29448	listing
29449	listing
29450	listing
29451	listing
29452	listing
29453	listing
29454	listing
29455	listing
29456	listing
29457	listing
29458	listing
29459	listing
29460	listing
29461	listing
29462	listing
29463	listing
29464	listing
29465	listing
29466	listing
29467	listing
29468	listing
29469	listing
29470	listing
29471	listing
29472	listing
29473	listing
29474	listing
29475	listing
29476	listing
29477	listing
29478	listing
29479	listing
29480	listing
29481	listing
29482	listing
29483	listing
29484	listing
29485	listing
29486	listing
29487	listing
29488	listing
29489	listing
29490	listing
29491	listing
29492	listing
29493	listing
29494	listing
29495	listing
29496	listing
29497	listing
29498	listing
29499	listing
29500	listing
29501	listing
29502	listing
29503	listing
29504	listing
29505	listing
29506	listing
29507	listing
29508	listing
29509	listing
29510	listing
29511	listing
29512	listing
29513	listing
29514	listing
29515	listing
29516	listing
29517	listing
29518	listing
29519	listing
29520	listing
29521	listing
29522	listing
29523	listing
29524	listing
29525	listing
29526	listing
29527	listing
29528	listing
29529	listing
29530	listing
29531	listing
29532	listing
29533	listing
29534	listing
29535	listing
29536	listing
29537	listing
29538	listing
29539	listing
29540	listing
29541	listing
29542	listing
29543	listing
29544	listing
29545	listing
29546	listing
29547	listing
29548	listing
29549	listing
29550	listing
29551	listing
29552	listing
29553	listing
29554	listing
29555	listing
29556	listing
29557	listing
29558	listing
29559	listing
29560	listing
29561	listing
29562	listing
29563	listing
29564	listing
29565	listing
29566	listing
29567	listing
29568	listing
29569	listing
29570	listing
29571	listing
29572	listing
29573	listing
29574	listing
29575	listing
29576	listing
29577	listing
29578	listing
29579	listing
29580	listing
29581	listing
29582	listing
29583	listing
29584	listing
29585	listing
29586	listing
29587	listing
29588	listing
29589	listing
29590	listing
29591	listing
29592	listing
29593	listing
29594	listing
29595	listing
29596	listing
29597	listing
29598	listing
29599	listing
29600	listing
29601	listing
29602	listing
29603	listing
29604	listing
29605	listing
29606	listing
29607	listing
29608	listing
29609	listing
29610	listing
29611	listing
29612	listing
29613	listing
29614	listing
29615	listing
29616	listing
29617	listing
29618	listing
29619	listing
29620	listing
29621	listing
29622	listing
29623	listing
29624	listing
29625	listing
29626	listing
29627	listing
29628	listing
29629	listing
29630	listing
29631	listing
29632	listing
29633	listing
29634	listing
29635	listing
29636	listing
29637	listing
29638	listing
29639	listing
29640	listing
29641	listing
29642	listing
29643	listing
29644	listing
29645	listing
29646	listing
29647	listing
29648	listing
29649	listing
29650	listing
29651	listing
29652	listing
29653	listing
29654	listing
29655	listing
29656	listing
29657	listing
29658	listing
29659	listing
29660	listing
29661	listing
29662	listing
29663	listing
29664	listing
29665	listing
29666	listing
29667	listing
29668	listing
29669	listing
29670	listing
29671	listing
29672	listing
29673	listing
29674	listing
29675	listing
29676	listing
29677	listing
29678	listing
29679	listing
29680	listing
29681	listing
29682	listing
29683	listing
29684	listing
29685	listing
29686	listing
29687	listing
29688	listing
29689	listing
29690	listing
29691	listing
29692	listing
29693	listing
29694	listing
29695	listing
29696	listing
29697	listing
29698	listing
29699	listing
29700	listing
29701	listing
29702	listing
29703	listing
29704	listing
29705	listing
29706	listing
29707	listing
29708	listing
29709	listing
29710	listing
29711	listing
29712	listing
29713	listing
29714	listing
29715	listing
29716	listing
29717	listing
29718	listing
29719	listing
29720	listing
29721	listing
29722	listing
29723	listing
29724	listing
29725	listing
29726	listing
29727	listing
29728	listing
29729	listing
29730	listing
29731	listing
29732	listing
29733	listing
29734	listing
29735	listing
29736	listing
29737	listing
29738	listing
29739	listing
29740	listing
29741	listing
29742	listing
29743	listing
29744	listing
29745	listing
29746	listing
29747	listing
29748	listing
29749	listing
29750	listing
29751	listing
29752	listing
29753	listing
29754	listing
29755	listing
29756	listing
29757	listing
29758	listing
29759	listing
29760	listing
29761	listing
29762	listing
29763	listing
29764	listing
29765	listing
29766	listing
29767	listing
29768	listing
29769	listing
29770	listing
29771	listing
29772	listing
29773	listing
29774	listing
29775	listing
29776	listing
29777	listing
29778	listing
29779	listing
29780	listing
29781	listing
29782	listing
29783	listing
29784	listing
29785	listing
29786	listing
29787	listing
29788	listing
29789	listing
29790	listing
29791	listing
29792	listing
29793	listing
29794	listing
29795	listing
29796	listing
29797	listing
29798	listing
29799	listing
29800	listing
29801	listing
29802	listing
29803	listing
29804	listing
29805	listing
29806	listing
29807	listing
29808	listing
29809	listing
29810	listing
29811	listing
29812	listing
29813	listing
29814	listing
29815	listing
29816	listing
29817	listing
29818	listing
29819	listing
29820	listing
29821	listing
29822	listing
29823	listing
29824	listing
29825	listing
29826	listing
29827	listing
29828	listing
29829	listing
29830	listing
29831	listing
29832	listing
29833	listing
29834	listing
29835	listing
29836	listing
29837	listing
29838	listing
29839	listing
29840	listing
29841	listing
29842	listing
29843	listing
29844	listing
29845	listing
29846	listing
29847	listing
29848	listing
29849	listing
29850	listing
29851	listing
29852	listing
29853	listing
29854	listing
29855	listing
29856	listing
29857	listing
29858	listing
29859	listing
29860	listing
29861	listing
29862	listing
29863	listing
29864	listing
29865	listing
29866	listing
29867	listing
29868	listing
29869	listing
29870	listing
29871	listing
29872	listing
29873	listing
29874	listing
29875	listing
29876	listing
29877	listing
29878	listing
29879	listing
29880	listing
29881	listing
29882	listing
29883	listing
29884	listing
29885	listing
29886	listing
29887	listing
29888	listing
29889	listing
29890	listing
29891	listing
29892	listing
29893	listing
29894	listing
29895	listing
29896	listing
29897	listing
29898	listing
29899	listing
29900	listing
29901	listing
29902	listing
29903	listing
29904	listing
29905	listing
29906	listing
29907	listing
29908	listing
29909	listing
29910	listing
29911	listing
29912	listing
29913	listing
29914	listing
29915	listing
29916	listing
29917	listing
29918	listing
29919	listing
29920	listing
29921	listing
29922	listing
29923	listing
29924	listing
29925	listing
29926	listing
29927	listing
29928	listing
29929	listing
29930	listing
29931	listing
29932	listing
29933	listing
29934	listing
29935	listing
29936	listing
29937	listing
29938	listing
29939	listing
29940	listing
29941	listing
29942	listing
29943	listing
29944	listing
29945	listing
29946	listing
29947	listing
29948	listing
29949	listing
29950	listing
29951	listing
29952	listing
29953	listing
29954	listing
29955	listing
29956	listing
29957	listing
29958	listing
29959	listing
29960	listing
29961	listing
29962	listing
29963	listing
29964	listing
29965	listing
29966	listing
29967	listing
29968	listing
29969	listing
29970	listing
29971	listing
29972	listing
29973	listing
29974	listing
29975	listing
29976	listing
29977	listing
29978	listing
29979	listing
29980	listing
29981	listing
29982	listing
29983	listing
29984	listing
29985	listing
29986	listing
29987	listing
29988	listing
29989	listing
29990	listing
29991	listing
29992	listing
29993	listing
29994	listing
29995	listing
29996	listing
29997	listing
29998	listing
29999	listing
30000	listing
30001	listing
30002	listing
30003	listing
30004	listing
30005	listing
30006	listing
30007	listing
30008	listing
30009	listing
30010	listing
30011	listing
30012	listing
30013	listing
30014	listing
30015	listing
30016	listing
30017	listing
30018	listing
30019	listing
30020	listing
30021	listing
30022	listing
30023	listing
30024	listing
30025	listing
30026	listing
30027	listing
30028	listing
30029	listing
30030	listing
30031	listing
30032	listing
30033	listing
30034	listing
30035	listing
30036	listing
30037	listing
30038	listing
30039	listing
30040	listing
30041	listing
30042	listing
30043	listing
30044	listing
30045	listing
30046	listing
30047	listing
30048	listing
30049	listing
30050	listing
30051	listing
30052	listing
30053	listing
30054	listing
30055	listing
30056	listing
30057	listing
30058	listing
30059	listing
30060	listing
30061	listing
30062	listing
30063	listing
30064	listing
30065	listing
30066	listing
30067	listing
30068	listing
30069	listing
30070	listing
30071	listing
30072	listing
30073	listing
30074	listing
30075	listing
30076	listing
30077	listing
30078	listing
30079	listing
30080	listing
30081	listing
30082	listing
30083	listing
30084	listing
30085	listing
30086	listing
30087	listing
30088	listing
30089	listing
30090	listing
30091	listing
30092	listing
30093	listing
30094	listing
30095	listing
30096	listing
30097	listing
30098	listing
30099	listing
30100	listing
30101	listing
30102	listing
30103	listing
30104	listing
30105	listing
30106	listing
30107	listing
30108	listing
30109	listing
30110	listing
30111	listing
30112	listing
30113	listing
30114	listing
30115	listing
30116	listing
30117	listing
30118	listing
30119	listing
30120	listing
30121	listing
30122	listing
30123	listing
30124	listing
30125	listing
30126	listing
30127	listing
30128	listing
30129	listing
30130	listing
30131	listing
30132	listing
30133	listing
30134	listing
30135	listing
30136	listing
30137	listing
30138	listing
30139	listing
30140	listing
30141	listing
30142	listing
30143	listing
30144	listing
30145	listing
30146	listing
30147	listing
30148	listing
30149	listing
30150	listing
30151	listing
30152	listing
30153	listing
30154	listing
30155	listing
30156	listing
30157	listing
30158	listing
30159	listing
30160	listing
30161	listing
30162	listing
30163	listing
30164	listing
30165	listing
30166	listing
30167	listing
30168	listing
30169	listing
30170	listing
30171	listing
30172	listing
30173	listing
30174	listing
30175	listing
30176	listing
30177	listing
30178	listing
30179	listing
30180	listing
30181	listing
30182	listing
30183	listing
30184	listing
30185	listing
30186	listing
30187	listing
30188	listing
30189	listing
30190	listing
30191	listing
30192	listing
30193	listing
30194	listing
30195	listing
30196	listing
30197	listing
30198	listing
30199	listing
30200	listing
30201	listing
30202	listing
30203	listing
30204	listing
30205	listing
30206	listing
30207	listing
30208	listing
30209	listing
30210	listing
30211	listing
30212	listing
30213	listing
30214	listing
30215	listing
30216	listing
30217	listing
30218	listing
30219	listing
30220	listing
30221	listing
30222	listing
30223	listing
30224	listing
30225	listing
30226	listing
30227	listing
30228	listing
30229	listing
30230	listing
30231	listing
30232	listing
30233	listing
30234	listing
30235	listing
30236	listing
30237	listing
30238	listing
30239	listing
30240	listing
30241	listing
30242	listing
30243	listing
30244	listing
30245	listing
30246	listing
30247	listing
30248	listing
30249	listing
30250	listing
30251	listing
30252	listing
30253	listing
30254	listing
30255	listing
30256	listing
30257	listing
30258	listing
30259	listing
30260	listing
30261	listing
30262	listing
30263	listing
30264	listing
30265	listing
30266	listing
30267	listing
30268	listing
30269	listing
30270	listing
30271	listing
30272	listing
30273	listing
30274	listing
30275	listing
30276	listing
30277	listing
30278	listing
30279	listing
30280	listing
30281	listing
30282	listing
30283	listing
30284	listing
30285	listing
30286	listing
30287	listing
30288	listing
30289	listing
30290	listing
30291	listing
30292	listing
30293	listing
30294	listing
30295	listing
30296	listing
30297	listing
30298	listing
30299	listing
30300	listing
30301	listing
30302	listing
30303	listing
30304	listing
30305	listing
30306	listing
30307	listing
30308	listing
30309	listing
30310	listing
30311	listing
30312	listing
30313	listing
30314	listing
30315	listing
30316	listing
30317	listing
30318	listing
30319	listing
30320	listing
30321	listing
30322	listing
30323	listing
30324	listing
30325	listing
30326	listing
30327	listing
30328	listing
30329	listing
30330	listing
30331	listing
30332	listing
30333	listing
30334	listing
30335	listing
30336	listing
30337	listing
30338	listing
30339	listing
30340	listing
30341	listing
30342	listing
30343	listing
30344	listing
30345	listing
30346	listing
30347	listing
30348	listing
30349	listing
30350	listing
30351	listing
30352	listing
30353	listing
30354	listing
30355	listing
30356	listing
30357	listing
30358	listing
30359	listing
30360	listing
30361	listing
30362	listing
30363	listing
30364	listing
30365	listing
30366	listing
30367	listing
30368	listing
30369	listing
30370	listing
30371	listing
30372	listing
30373	listing
30374	listing
30375	listing
30376	listing
30377	listing
30378	listing
30379	listing
30380	listing
30381	listing
30382	listing
30383	listing
30384	listing
30385	listing
30386	listing
30387	listing
30388	listing
30389	listing
30390	listing
30391	listing
30392	listing
30393	listing
30394	listing
30395	listing
30396	listing
30397	listing
30398	listing
30399	listing
30400	listing
30401	listing
30402	listing
30403	listing
30404	listing
30405	listing
30406	listing
30407	listing
30408	listing
30409	listing
30410	listing
30411	listing
30412	listing
30413	listing
30414	listing
30415	listing
30416	listing
30417	listing
30418	listing
30419	listing
30420	listing
30421	listing
30422	listing
30423	listing
30424	listing
30425	listing
30426	listing
30427	listing
30428	listing
30429	listing
30430	listing
30431	listing
30432	listing
30433	listing
30434	listing
30435	listing
30436	listing
30437	listing
30438	listing
30439	listing
30440	listing
30441	listing
30442	listing
30443	listing
30444	listing
30445	listing
30446	listing
30447	listing
30448	listing
30449	listing
30450	listing
30451	listing
30452	listing
30453	listing
30454	listing
30455	listing
30456	listing
30457	listing
30458	listing
30459	listing
30460	listing
30461	listing
30462	listing
30463	listing
30464	listing
30465	listing
30466	listing
30467	listing
30468	listing
30469	listing
30470	listing
30471	listing
30472	listing
30473	listing
30474	listing
30475	listing
30476	listing
30477	listing
30478	listing
30479	listing
30480	listing
30481	listing
30482	listing
30483	listing
30484	listing
30485	listing
30486	listing
30487	listing
30488	listing
30489	listing
30490	listing
30491	listing
30492	listing
30493	listing
30494	listing
30495	listing
30496	listing
30497	listing
30498	listing
30499	listing
30500	listing
30501	listing
30502	listing
30503	listing
30504	listing
30505	listing
30506	listing
30507	listing
30508	listing
30509	listing
30510	listing
30511	listing
30512	listing
30513	listing
30514	listing
30515	listing
30516	listing
30517	listing
30518	listing
30519	listing
30520	listing
30521	listing
30522	listing
30523	listing
30524	listing
30525	listing
30526	listing
30527	listing
30528	listing
30529	listing
30530	listing
30531	listing
30532	listing
30533	listing
30534	listing
30535	listing
30536	listing
30537	listing
30538	listing
30539	listing
30540	listing
30541	listing
30542	listing
30543	listing
30544	listing
30545	listing
30546	listing
30547	listing
30548	listing
30549	listing
30550	listing
30551	listing
30552	listing
30553	listing
30554	listing
30555	listing
30556	listing
30557	listing
30558	listing
30559	listing
30560	listing
30561	listing
30562	listing
30563	listing
30564	listing
30565	listing
30566	listing
30567	listing
30568	listing
30569	listing
30570	listing
30571	listing
30572	listing
30573	listing
30574	listing
30575	listing
30576	listing
30577	listing
30578	listing
30579	listing
30580	listing
30581	listing
30582	listing
30583	listing
30584	listing
30585	listing
30586	listing
30587	listing
30588	listing
30589	listing
30590	listing
30591	listing
30592	listing
30593	listing
30594	listing
30595	listing
30596	listing
30597	listing
30598	listing
30599	listing
30600	listing
30601	listing
30602	listing
30603	listing
30604	listing
30605	listing
30606	listing
30607	listing
30608	listing
30609	listing
30610	listing
30611	listing
30612	listing
30613	listing
30614	listing
30615	listing
30616	listing
30617	listing
30618	listing
30619	listing
30620	listing
30621	listing
30622	listing
30623	listing
30624	listing
30625	listing
30626	listing
30627	listing
30628	listing
30629	listing
30630	listing
30631	listing
30632	listing
30633	listing
30634	listing
30635	listing
30636	listing
30637	listing
30638	listing
30639	listing
30640	listing
30641	listing
30642	listing
30643	listing
30644	listing
30645	listing
30646	listing
30647	listing
30648	listing
30649	listing
30650	listing
30651	listing
30652	listing
30653	listing
30654	listing
30655	listing
30656	listing
30657	listing
30658	listing
30659	listing
30660	listing
30661	listing
30662	listing
30663	listing
30664	listing
30665	listing
30666	listing
30667	listing
30668	listing
30669	listing
30670	listing
30671	listing
30672	listing
30673	listing
30674	listing
30675	listing
30676	listing
30677	listing
30678	listing
30679	listing
30680	listing
30681	listing
30682	listing
30683	listing
30684	listing
30685	listing
30686	listing
30687	listing
30688	listing
30689	listing
30690	listing
30691	listing
30692	listing
30693	listing
30694	listing
30695	listing
30696	listing
30697	listing
30698	listing
30699	listing
30700	listing
30701	listing
30702	listing
30703	listing
30704	listing
30705	listing
30706	listing
30707	listing
30708	listing
30709	listing
30710	listing
30711	listing
30712	listing
30713	listing
30714	listing
30715	listing
30716	listing
30717	listing
30718	listing
30719	listing
30720	listing
30721	listing
30722	listing
30723	listing
30724	listing
30725	listing
30726	listing
30727	listing
30728	listing
30729	listing
30730	listing
30731	listing
30732	listing
30733	listing
30734	listing
30735	listing
30736	listing
30737	listing
30738	listing
30739	listing
30740	listing
30741	listing
30742	listing
30743	listing
30744	listing
30745	listing
30746	listing
30747	listing
30748	listing
30749	listing
30750	listing
30751	listing
30752	listing
30753	listing
30754	listing
30755	listing
30756	listing
30757	listing
30758	listing
30759	listing
30760	listing
30761	listing
30762	listing
30763	listing
30764	listing
30765	listing
30766	listing
30767	listing
30768	listing
30769	listing
30770	listing
30771	listing
30772	listing
30773	listing
30774	listing
30775	listing
30776	listing
30777	listing
30778	listing
30779	listing
30780	listing
30781	listing
30782	listing
30783	listing
30784	listing
30785	listing
30786	listing
30787	listing
30788	listing
30789	listing
30790	listing
30791	listing
30792	listing
30793	listing
30794	listing
30795	listing
30796	listing
30797	listing
30798	listing
30799	listing
30800	listing
30801	listing
30802	listing
30803	listing
30804	listing
30805	listing
30806	listing
30807	listing
30808	listing
30809	listing
30810	listing
30811	listing
30812	listing
30813	listing
30814	listing
30815	listing
30816	listing
30817	listing
30818	listing
30819	listing
30820	listing
30821	listing
30822	listing
30823	listing
30824	listing
30825	listing
30826	listing
30827	listing
30828	listing
30829	listing
30830	listing
30831	listing
30832	listing
30833	listing
30834	listing
30835	listing
30836	listing
30837	listing
30838	listing
30839	listing
30840	listing
30841	listing
30842	listing
30843	listing
30844	listing
30845	listing
30846	listing
30847	listing
30848	listing
30849	listing
30850	listing
30851	listing
30852	listing
30853	listing
30854	listing
30855	listing
30856	listing
30857	listing
30858	listing
30859	listing
30860	listing
30861	listing
30862	listing
30863	listing
30864	listing
30865	listing
30866	listing
30867	listing
30868	listing
30869	listing
30870	listing
30871	listing
30872	listing
30873	listing
30874	listing
30875	listing
30876	listing
30877	listing
30878	listing
30879	listing
30880	listing
30881	listing
30882	listing
30883	listing
30884	listing
30885	listing
30886	listing
30887	listing
30888	listing
30889	listing
30890	listing
30891	listing
30892	listing
30893	listing
30894	listing
30895	listing
30896	listing
30897	listing
30898	listing
30899	listing
30900	listing
30901	listing
30902	listing
30903	listing
30904	listing
30905	listing
30906	listing
30907	listing
30908	listing
30909	listing
30910	listing
30911	listing
30912	listing
30913	listing
30914	listing
30915	listing
30916	listing
30917	listing
30918	listing
30919	listing
30920	listing
30921	listing
30922	listing
30923	listing
30924	listing
30925	listing
30926	listing
30927	listing
30928	listing
30929	listing
30930	listing
30931	listing
30932	listing
30933	listing
30934	listing
30935	listing
30936	listing
30937	listing
30938	listing
30939	listing
30940	listing
30941	listing
30942	listing
30943	listing
30944	listing
30945	listing
30946	listing
30947	listing
30948	listing
30949	listing
30950	listing
30951	listing
30952	listing
30953	listing
30954	listing
30955	listing
30956	listing
30957	listing
30958	listing
30959	listing
30960	listing
30961	listing
30962	listing
30963	listing
30964	listing
30965	listing
30966	listing
30967	listing
30968	listing
30969	listing
30970	listing
30971	listing
30972	listing
30973	listing
30974	listing
30975	listing
30976	listing
30977	listing
30978	listing
30979	listing
30980	listing
30981	listing
30982	listing
30983	listing
30984	listing
30985	listing
30986	listing
30987	listing
30988	listing
30989	listing
30990	listing
30991	listing
30992	listing
30993	listing
30994	listing
30995	listing
30996	listing
30997	listing
30998	listing
30999	listing
31000	listing
31001	listing
31002	listing
31003	listing
31004	listing
31005	listing
31006	listing
31007	listing
31008	listing
31009	listing
31010	listing
31011	listing
31012	listing
31013	listing
31014	listing
31015	listing
31016	listing
31017	listing
31018	listing
31019	listing
31020	listing
31021	listing
31022	listing
31023	listing
31024	listing
31025	listing
31026	listing
31027	listing
31028	listing
31029	listing
31030	listing
31031	listing
31032	listing
31033	listing
31034	listing
31035	listing
31036	listing
31037	listing
31038	listing
31039	listing
31040	listing
31041	listing
31042	listing
31043	listing
31044	listing
31045	listing
31046	listing
31047	listing
31048	listing
31049	listing
31050	listing
31051	listing
31052	listing
31053	listing
31054	listing
31055	listing
31056	listing
31057	listing
31058	listing
31059	listing
31060	listing
31061	listing
31062	listing
31063	listing
31064	listing
31065	listing
31066	listing
31067	listing
31068	listing
31069	listing
31070	listing
31071	listing
31072	listing
31073	listing
31074	listing
31075	listing
31076	listing
31077	listing
31078	listing
31079	listing
31080	listing
31081	listing
31082	listing
31083	listing
31084	listing
31085	listing
31086	listing
31087	listing
31088	listing
31089	listing
31090	listing
31091	listing
31092	listing
31093	listing
31094	listing
31095	listing
31096	listing
31097	listing
31098	listing
31099	listing
31100	listing
31101	listing
31102	listing
31103	listing
31104	listing
31105	listing
31106	listing
31107	listing
31108	listing
31109	listing
31110	listing
31111	listing
31112	listing
31113	listing
31114	listing
31115	listing
31116	listing
31117	listing
31118	listing
31119	listing
31120	listing
31121	listing
31122	listing
31123	listing
31124	listing
31125	listing
31126	listing
31127	listing
31128	listing
31129	listing
31130	listing
31131	listing
31132	listing
31133	listing
31134	listing
31135	listing
31136	listing
31137	listing
31138	listing
31139	listing
31140	listing
31141	listing
31142	listing
31143	listing
31144	listing
31145	listing
31146	listing
31147	listing
31148	listing
31149	listing
31150	listing
31151	listing
31152	listing
31153	listing
31154	listing
31155	listing
31156	listing
31157	listing
31158	listing
31159	listing
31160	listing
31161	listing
31162	listing
31163	listing
31164	listing
31165	listing
31166	listing
31167	listing
31168	listing
31169	listing
31170	listing
31171	listing
31172	listing
31173	listing
31174	listing
31175	listing
31176	listing
31177	listing
31178	listing
31179	listing
31180	listing
31181	listing
31182	listing
31183	listing
31184	listing
31185	listing
31186	listing
31187	listing
31188	listing
31189	listing
31190	listing
31191	listing
31192	listing
31193	listing
31194	listing
31195	listing
31196	listing
31197	listing
31198	listing
31199	listing
31200	listing
31201	listing
31202	listing
31203	listing
31204	listing
31205	listing
31206	listing
31207	listing
31208	listing
31209	listing
31210	listing
31211	listing
31212	listing
31213	listing
31214	listing
31215	listing
31216	listing
31217	listing
31218	listing
31219	listing
31220	listing
31221	listing
31222	listing
31223	listing
31224	listing
31225	listing
31226	listing
31227	listing
31228	listing
31229	listing
31230	listing
31231	listing
31232	listing
31233	listing
31234	listing
31235	listing
31236	listing
31237	listing
31238	listing
31239	listing
31240	listing
31241	listing
31242	listing
31243	listing
31244	listing
31245	listing
31246	listing
31247	listing
31248	listing
31249	listing
31250	listing
31251	listing
31252	listing
31253	listing
31254	listing
31255	listing
31256	listing
31257	listing
31258	listing
31259	listing
31260	listing
31261	listing
31262	listing
31263	listing
31264	listing
31265	listing
31266	listing
31267	listing
31268	listing
31269	listing
31270	listing
31271	listing
31272	listing
31273	listing
31274	listing
31275	listing
31276	listing
31277	listing
31278	listing
31279	listing
31280	listing
31281	listing
31282	listing
31283	listing
31284	listing
31285	listing
31286	listing
31287	listing
31288	listing
31289	listing
31290	listing
31291	listing
31292	listing
31293	listing
31294	listing
31295	listing
31296	listing
31297	listing
31298	listing
31299	listing
31300	listing
31301	listing
31302	listing
31303	listing
31304	listing
31305	listing
31306	listing
31307	listing
31308	listing
31309	listing
31310	listing
31311	listing
31312	listing
31313	listing
31314	listing
31315	listing
31316	listing
31317	listing
31318	listing
31319	listing
31320	listing
31321	listing
31322	listing
31323	listing
31324	listing
31325	listing
31326	listing
31327	listing
31328	listing
31329	listing
31330	listing
31331	listing
31332	listing
31333	listing
31334	listing
31335	listing
31336	listing
31337	listing
31338	listing
31339	listing
31340	listing
31341	listing
31342	listing
31343	listing
31344	listing
31345	listing
31346	listing
31347	listing
31348	listing
31349	listing
31350	listing
31351	listing
31352	listing
31353	listing
31354	listing
31355	listing
31356	listing
31357	listing
31358	listing
31359	listing
31360	listing
31361	listing
31362	listing
31363	listing
31364	listing
31365	listing
31366	listing
31367	listing
31368	listing
31369	listing
31370	listing
31371	listing
31372	listing
31373	listing
31374	listing
31375	listing
31376	listing
31377	listing
31378	listing
31379	listing
31380	listing
31381	listing
31382	listing
31383	listing
31384	listing
31385	listing
31386	listing
31387	listing
31388	listing
31389	listing
31390	listing
31391	listing
31392	listing
31393	listing
31394	listing
31395	listing
31396	listing
31397	listing
31398	listing
31399	listing
31400	listing
31401	listing
31402	listing
31403	listing
31404	listing
31405	listing
31406	listing
31407	listing
31408	listing
31409	listing
31410	listing
31411	listing
31412	listing
31413	listing
31414	listing
31415	listing
31416	listing
31417	listing
31418	listing
31419	listing
31420	listing
31421	listing
31422	listing
31423	listing
31424	listing
31425	listing
31426	listing
31427	listing
31428	listing
31429	listing
31430	listing
31431	listing
31432	listing
31433	listing
31434	listing
31435	listing
31436	listing
31437	listing
31438	listing
31439	listing
31440	listing
31441	listing
31442	listing
31443	listing
31444	listing
31445	listing
31446	listing
31447	listing
31448	listing
31449	listing
31450	listing
31451	listing
31452	listing
31453	listing
31454	listing
31455	listing
31456	listing
31457	listing
31458	listing
31459	listing
31460	listing
31461	listing
31462	listing
31463	listing
31464	listing
31465	listing
31466	listing
31467	listing
31468	listing
31469	listing
31470	listing
31471	listing
31472	listing
31473	listing
31474	listing
31475	listing
31476	listing
31477	listing
31478	listing
31479	listing
31480	listing
31481	listing
31482	listing
31483	listing
31484	listing
31485	listing
31486	listing
31487	listing
31488	listing
31489	listing
31490	listing
31491	listing
31492	listing
31493	listing
31494	listing
31495	listing
31496	listing
31497	listing
31498	listing
31499	listing
31500	listing
31501	listing
31502	listing
31503	listing
31504	listing
31505	listing
31506	listing
31507	listing
31508	listing
31509	listing
31510	listing
31511	listing
31512	listing
31513	listing
31514	listing
31515	listing
31516	listing
31517	listing
31518	listing
31519	listing
31520	listing
31521	listing
31522	listing
31523	listing
31524	listing
31525	listing
31526	listing
31527	listing
31528	listing
31529	listing
31530	listing
31531	listing
31532	listing
31533	listing
31534	listing
31535	listing
31536	listing
31537	listing
31538	listing
31539	listing
31540	listing
31541	listing
31542	listing
31543	listing
31544	listing
31545	listing
31546	listing
31547	listing
31548	listing
31549	listing
31550	listing
31551	listing
31552	listing
31553	listing
31554	listing
31555	listing
31556	listing
31557	listing
31558	listing
31559	listing
31560	listing
31561	listing
31562	listing
31563	listing
31564	listing
31565	listing
31566	listing
31567	listing
31568	listing
31569	listing
31570	listing
31571	listing
31572	listing
31573	listing
31574	listing
31575	listing
31576	listing
31577	listing
31578	listing
31579	listing
31580	listing
31581	listing
31582	listing
31583	listing
31584	listing
31585	listing
31586	listing
31587	listing
31588	listing
31589	listing
31590	listing
31591	listing
31592	listing
31593	listing
31594	listing
31595	listing
31596	listing
31597	listing
31598	listing
31599	listing
31600	listing
31601	listing
31602	listing
31603	listing
31604	listing
31605	listing
31606	listing
31607	listing
31608	listing
31609	listing
31610	listing
31611	listing
31612	listing
31613	listing
31614	listing
31615	listing
31616	listing
31617	listing
31618	listing
31619	listing
31620	listing
31621	listing
31622	listing
31623	listing
31624	listing
31625	listing
31626	listing
31627	listing
31628	listing
31629	listing
31630	listing
31631	listing
31632	listing
31633	listing
31634	listing
31635	listing
31636	listing
31637	listing
31638	listing
31639	listing
31640	listing
31641	listing
31642	listing
31643	listing
31644	listing
31645	listing
31646	listing
31647	listing
31648	listing
31649	listing
31650	listing
31651	listing
31652	listing
31653	listing
31654	listing
31655	listing
31656	listing
31657	listing
31658	listing
31659	listing
31660	listing
31661	listing
31662	listing
31663	listing
31664	listing
31665	listing
31666	listing
31667	listing
31668	listing
31669	listing
31670	listing
31671	listing
31672	listing
31673	listing
31674	listing
31675	listing
31676	listing
31677	listing
31678	listing
31679	listing
31680	listing
31681	listing
31682	listing
31683	listing
31684	listing
31685	listing
31686	listing
31687	listing
31688	listing
31689	listing
31690	listing
31691	listing
31692	listing
31693	listing
31694	listing
31695	listing
31696	listing
31697	listing
31698	listing
31699	listing
31700	listing
31701	listing
31702	listing
31703	listing
31704	listing
31705	listing
31706	listing
31707	listing
31708	listing
31709	listing
31710	listing
31711	listing
31712	listing
31713	listing
31714	listing
31715	listing
31716	listing
31717	listing
31718	listing
31719	listing
31720	listing
31721	listing
31722	listing
31723	listing
31724	listing
31725	listing
31726	listing
31727	listing
31728	listing
31729	listing
31730	listing
31731	listing
31732	listing
31733	listing
31734	listing
31735	listing
31736	listing
31737	listing
31738	listing
31739	listing
31740	listing
31741	listing
31742	listing
31743	listing
31744	listing
31745	listing
31746	listing
31747	listing
31748	listing
31749	listing
31750	listing
31751	listing
31752	listing
31753	listing
31754	listing
31755	listing
31756	listing
31757	listing
31758	listing
31759	listing
31760	listing
31761	listing
31762	listing
31763	listing
31764	listing
31765	listing
31766	listing
31767	listing
31768	listing
31769	listing
31770	listing
31771	listing
31772	listing
31773	listing
31774	listing
31775	listing
31776	listing
31777	listing
31778	listing
31779	listing
31780	listing
31781	listing
31782	listing
31783	listing
31784	listing
31785	listing
31786	listing
31787	listing
31788	listing
31789	listing
31790	listing
31791	listing
31792	listing
31793	listing
31794	listing
31795	listing
31796	listing
31797	listing
31798	listing
31799	listing
31800	listing
31801	listing
31802	listing
31803	listing
31804	listing
31805	listing
31806	listing
31807	listing
31808	listing
31809	listing
31810	listing
31811	listing
31812	listing
31813	listing
31814	listing
31815	listing
31816	listing
31817	listing
31818	listing
31819	listing
31820	listing
31821	listing
31822	listing
31823	listing
31824	listing
31825	listing
31826	listing
31827	listing
31828	listing
31829	listing
31830	listing
31831	listing
31832	listing
31833	listing
31834	listing
31835	listing
31836	listing
31837	listing
31838	listing
31839	listing
31840	listing
31841	listing
31842	listing
31843	listing
31844	listing
31845	listing
31846	listing
31847	listing
31848	listing
31849	listing
31850	listing
31851	listing
31852	listing
31853	listing
31854	listing
31855	listing
31856	listing
31857	listing
31858	listing
31859	listing
31860	listing
31861	listing
31862	listing
31863	listing
31864	listing
31865	listing
31866	listing
31867	listing
31868	listing
31869	listing
31870	listing
31871	listing
31872	listing
31873	listing
31874	listing
31875	listing
31876	listing
31877	listing
31878	listing
31879	listing
31880	listing
31881	listing
31882	listing
31883	listing
31884	listing
31885	listing
31886	listing
31887	listing
31888	listing
31889	listing
31890	listing
31891	listing
31892	listing
31893	listing
31894	listing
31895	listing
31896	listing
31897	listing
31898	listing
31899	listing
31900	listing
31901	listing
31902	listing
31903	listing
31904	listing
31905	listing
31906	listing
31907	listing
31908	listing
31909	listing
31910	listing
31911	listing
31912	listing
31913	listing
31914	listing
31915	listing
31916	listing
31917	listing
31918	listing
31919	listing
31920	listing
31921	listing
31922	listing
31923	listing
31924	listing
31925	listing
31926	listing
31927	listing
31928	listing
31929	listing
31930	listing
31931	listing
31932	listing
31933	listing
31934	listing
31935	listing
31936	listing
31937	listing
31938	listing
31939	listing
31940	listing
31941	listing
31942	listing
31943	listing
31944	listing
31945	listing
31946	listing
31947	listing
31948	listing
31949	listing
31950	listing
31951	listing
31952	listing
31953	listing
31954	listing
31955	listing
31956	listing
31957	listing
31958	listing
31959	listing
31960	listing
31961	listing
31962	listing
31963	listing
31964	listing
31965	listing
31966	listing
31967	listing
31968	listing
31969	listing
31970	listing
31971	listing
31972	listing
31973	listing
31974	listing
31975	listing
31976	listing
31977	listing
31978	listing
31979	listing
31980	listing
31981	listing
31982	listing
31983	listing
31984	listing
31985	listing
31986	listing
31987	listing
31988	listing
31989	listing
31990	listing
31991	listing
31992	listing
31993	listing
31994	listing
31995	listing
31996	listing
31997	listing
31998	listing
31999	listing
32000	listing
32001	listing
32002	listing
32003	listing
32004	listing
32005	listing
32006	listing
32007	listing
32008	listing
32009	listing
32010	listing
32011	listing
32012	listing
32013	listing
32014	listing
32015	listing
32016	listing
32017	listing
32018	listing
32019	listing
32020	listing
32021	listing
32022	listing
32023	listing
32024	listing
32025	listing
32026	listing
32027	listing
32028	listing
32029	listing
32030	listing
32031	listing
32032	listing
32033	listing
32034	listing
32035	listing
32036	listing
32037	listing
32038	listing
32039	listing
32040	listing
32041	listing
32042	listing
32043	listing
32044	listing
32045	listing
32046	listing
32047	listing
32048	listing
32049	listing
32050	listing
32051	listing
32052	listing
32053	listing
32054	listing
32055	listing
32056	listing
32057	listing
32058	listing
32059	listing
32060	listing
32061	listing
32062	listing
32063	listing
32064	listing
32065	listing
32066	listing
32067	listing
32068	listing
32069	listing
32070	listing
32071	listing
32072	listing
32073	listing
32074	listing
32075	listing
32076	listing
32077	listing
32078	listing
32079	listing
32080	listing
32081	listing
32082	listing
32083	listing
32084	listing
32085	listing
32086	listing
32087	listing
32088	listing
32089	listing
32090	listing
32091	listing
32092	listing
32093	listing
32094	listing
32095	listing
32096	listing
32097	listing
32098	listing
32099	listing
32100	listing
32101	listing
32102	listing
32103	listing
32104	listing
32105	listing
32106	listing
32107	listing
32108	listing
32109	listing
32110	listing
32111	listing
32112	listing
32113	listing
32114	listing
32115	listing
32116	listing
32117	listing
32118	listing
32119	listing
32120	listing
32121	listing
32122	listing
32123	listing
32124	listing
32125	listing
32126	listing
32127	listing
32128	listing
32129	listing
32130	listing
32131	listing
32132	listing
32133	listing
32134	listing
32135	listing
32136	listing
32137	listing
32138	listing
32139	listing
32140	listing
32141	listing
32142	listing
32143	listing
32144	listing
32145	listing
32146	listing
32147	listing
32148	listing
32149	listing
32150	listing
32151	listing
32152	listing
32153	listing
32154	listing
32155	listing
32156	listing
32157	listing
32158	listing
32159	listing
32160	listing
32161	listing
32162	listing
32163	listing
32164	listing
32165	listing
32166	listing
32167	listing
32168	listing
32169	listing
32170	listing
32171	listing
32172	listing
32173	listing
32174	listing
32175	listing
32176	listing
32177	listing
32178	listing
32179	listing
32180	listing
32181	listing
32182	listing
32183	listing
32184	listing
32185	listing
32186	listing
32187	listing
32188	listing
32189	listing
32190	listing
32191	listing
32192	listing
32193	listing
32194	listing
32195	listing
32196	listing
32197	listing
32198	listing
32199	listing
32200	listing
32201	listing
32202	listing
32203	listing
32204	listing
32205	listing
32206	listing
32207	listing
32208	listing
32209	listing
32210	listing
32211	listing
32212	listing
32213	listing
32214	listing
32215	listing
32216	listing
32217	listing
32218	listing
32219	listing
32220	listing
32221	listing
32222	listing
32223	listing
32224	listing
32225	listing
32226	listing
32227	listing
32228	listing
32229	listing
32230	listing
32231	listing
32232	listing
32233	listing
32234	listing
32235	listing
32236	listing
32237	listing
32238	listing
32239	listing
32240	listing
32241	listing
32242	listing
32243	listing
32244	listing
32245	listing
32246	listing
32247	listing
32248	listing
32249	listing
32250	listing
32251	listing
32252	listing
32253	listing
32254	listing
32255	listing
32256	listing
32257	listing
32258	listing
32259	listing
32260	listing
32261	listing
32262	listing
32263	listing
32264	listing
32265	listing
32266	listing
32267	listing
32268	listing
32269	listing
32270	listing
32271	listing
32272	listing
32273	listing
32274	listing
32275	listing
32276	listing
32277	listing
32278	listing
32279	listing
32280	listing
32281	listing
32282	listing
32283	listing
32284	listing
32285	listing
32286	listing
32287	listing
32288	listing
32289	listing
32290	listing
32291	listing
32292	listing
32293	listing
32294	listing
32295	listing
32296	listing
32297	listing
32298	listing
32299	listing
32300	listing
32301	listing
32302	listing
32303	listing
32304	listing
32305	listing
32306	listing
32307	listing
32308	listing
32309	listing
32310	listing
32311	listing
32312	listing
32313	listing
32314	listing
32315	listing
32316	listing
32317	listing
32318	listing
32319	listing
32320	listing
32321	listing
32322	listing
32323	listing
32324	listing
32325	listing
32326	listing
32327	listing
32328	listing
32329	listing
32330	listing
32331	listing
32332	listing
32333	listing
32334	listing
32335	listing
32336	listing
32337	listing
32338	listing
32339	listing
32340	listing
32341	listing
32342	listing
32343	listing
32344	listing
32345	listing
32346	listing
32347	listing
32348	listing
32349	listing
32350	listing
32351	listing
32352	listing
32353	listing
32354	listing
32355	listing
32356	listing
32357	listing
32358	listing
32359	listing
32360	listing
32361	listing
32362	listing
32363	listing
32364	listing
32365	listing
32366	listing
32367	listing
32368	listing
32369	listing
32370	listing
32371	listing
32372	listing
32373	listing
32374	listing
32375	listing
32376	listing
32377	listing
32378	listing
32379	listing
32380	listing
32381	listing
32382	listing
32383	listing
32384	listing
32385	listing
32386	listing
32387	listing
32388	listing
32389	listing
32390	listing
32391	listing
32392	listing
32393	listing
32394	listing
32395	listing
32396	listing
32397	listing
32398	listing
32399	listing
32400	listing
32401	listing
32402	listing
32403	listing
32404	listing
32405	listing
32406	listing
32407	listing
32408	listing
32409	listing
32410	listing
32411	listing
32412	listing
32413	listing
32414	listing
32415	listing
32416	listing
32417	listing
32418	listing
32419	listing
32420	listing
32421	listing
32422	listing
32423	listing
32424	listing
32425	listing
32426	listing
32427	listing
32428	listing
32429	listing
32430	listing
32431	listing
32432	listing
32433	listing
32434	listing
32435	listing
32436	listing
32437	listing
32438	listing
32439	listing
32440	listing
32441	listing
32442	listing
32443	listing
32444	listing
32445	listing
32446	listing
32447	listing
32448	listing
32449	listing
32450	listing
32451	listing
32452	listing
32453	listing
32454	listing
32455	listing
32456	listing
32457	listing
32458	listing
32459	listing
32460	listing
32461	listing
32462	listing
32463	listing
32464	listing
32465	listing
32466	listing
32467	listing
32468	listing
32469	listing
32470	listing
32471	listing
32472	listing
32473	listing
32474	listing
32475	listing
32476	listing
32477	listing
32478	listing
32479	listing
32480	listing
32481	listing
32482	listing
32483	listing
32484	listing
32485	listing
32486	listing
32487	listing
32488	listing
32489	listing
32490	listing
32491	listing
32492	listing
32493	listing
32494	listing
32495	listing
32496	listing
32497	listing
32498	listing
32499	listing
32500	listing
32501	listing
32502	listing
32503	listing
32504	listing
32505	listing
32506	listing
32507	listing
32508	listing
32509	listing
32510	listing
32511	listing
32512	listing
32513	listing
32514	listing
32515	listing
32516	listing
32517	listing
32518	listing
32519	listing
32520	listing
32521	listing
32522	listing
32523	listing
32524	listing
32525	listing
32526	listing
32527	listing
32528	listing
32529	listing
32530	listing
32531	listing
32532	listing
32533	listing
32534	listing
32535	listing
32536	listing
32537	listing
32538	listing
32539	listing
32540	listing
32541	listing
32542	listing
32543	listing
32544	listing
32545	listing
32546	listing
32547	listing
32548	listing
32549	listing
32550	listing
32551	listing
32552	listing
32553	listing
32554	listing
32555	listing
32556	listing
32557	listing
32558	listing
32559	listing
32560	listing
32561	listing
32562	listing
32563	listing
32564	listing
32565	listing
32566	listing
32567	listing
32568	listing
32569	listing
32570	listing
32571	listing
32572	listing
32573	listing
32574	listing
32575	listing
32576	listing
32577	listing
32578	listing
32579	listing
32580	listing
32581	listing
32582	listing
32583	listing
32584	listing
32585	listing
32586	listing
32587	listing
32588	listing
32589	listing
32590	listing
32591	listing
32592	listing
32593	listing
32594	listing
32595	listing
32596	listing
32597	listing
32598	listing
32599	listing
32600	listing
32601	listing
32602	listing
32603	listing
32604	listing
32605	listing
32606	listing
32607	listing
32608	listing
32609	listing
32610	listing
32611	listing
32612	listing
32613	listing
32614	listing
32615	listing
32616	listing
32617	listing
32618	listing
32619	listing
32620	listing
32621	listing
32622	listing
32623	listing
32624	listing
32625	listing
32626	listing
32627	listing
32628	listing
32629	listing
32630	listing
32631	listing
32632	listing
32633	listing
32634	listing
32635	listing
32636	listing
32637	listing
32638	listing
32639	listing
32640	listing
32641	listing
32642	listing
32643	listing
32644	listing
32645	listing
32646	listing
32647	listing
32648	listing
32649	listing
32650	listing
32651	listing
32652	listing
32653	listing
32654	listing
32655	listing
32656	listing
32657	listing
32658	listing
32659	listing
32660	listing
32661	listing
32662	listing
32663	listing
32664	listing
32665	listing
32666	listing
32667	listing
32668	listing
32669	listing
32670	listing
32671	listing
32672	listing
32673	listing
32674	listing
32675	listing
32676	listing
32677	listing
32678	listing
32679	listing
32680	listing
32681	listing
32682	listing
32683	listing
32684	listing
32685	listing
32686	listing
32687	listing
32688	listing
32689	listing
32690	listing
32691	listing
32692	listing
32693	listing
32694	listing
32695	listing
32696	listing
32697	listing
32698	listing
32699	listing
32700	listing
32701	listing
32702	listing
32703	listing
32704	listing
32705	listing
32706	listing
32707	listing
32708	listing
32709	listing
32710	listing
32711	listing
32712	listing
32713	listing
32714	listing
32715	listing
32716	listing
32717	listing
32718	listing
32719	listing
32720	listing
32721	listing
32722	listing
32723	listing
32724	listing
32725	listing
32726	listing
32727	listing
32728	listing
32729	listing
32730	listing
32731	listing
32732	listing
32733	listing
32734	listing
32735	listing
32736	listing
32737	listing
32738	listing
32739	listing
32740	listing
32741	listing
32742	listing
32743	listing
32744	listing
32745	listing
32746	listing
32747	listing
32748	listing
32749	listing
32750	listing
32751	listing
32752	listing
32753	listing
32754	listing
32755	listing
32756	listing
32757	listing
32758	listing
32759	listing
32760	listing
32761	listing
32762	listing
32763	listing
32764	listing
32765	listing
32766	listing
32767	listing
32768	listing
32769	listing
32770	listing
32771	listing
32772	listing
32773	listing
32774	listing
32775	listing
32776	listing
32777	listing
32778	listing
32779	listing
32780	listing
32781	listing
32782	listing
32783	listing
32784	listing
32785	listing
32786	listing
32787	listing
32788	listing
32789	listing
32790	listing
32791	listing
32792	listing
32793	listing
32794	listing
32795	listing
32796	listing
32797	listing
32798	listing
32799	listing
32800	listing
32801	listing
32802	listing
32803	listing
32804	listing
32805	listing
32806	listing
32807	listing
32808	listing
32809	listing
32810	listing
32811	listing
32812	listing
32813	listing
32814	listing
32815	listing
32816	listing
32817	listing
32818	listing
32819	listing
32820	listing
32821	listing
32822	listing
32823	listing
32824	listing
32825	listing
32826	listing
32827	listing
32828	listing
32829	listing
32830	listing
32831	listing
32832	listing
32833	listing
32834	listing
32835	listing
32836	listing
32837	listing
32838	listing
32839	listing
32840	listing
32841	listing
32842	listing
32843	listing
32844	listing
32845	listing
32846	listing
32847	listing
32848	listing
32849	listing
32850	listing
32851	listing
32852	listing
32853	listing
32854	listing
32855	listing
32856	listing
32857	listing
32858	listing
32859	listing
32860	listing
32861	listing
32862	listing
32863	listing
32864	listing
32865	listing
32866	listing
32867	listing
32868	listing
32869	listing
32870	listing
32871	listing
32872	listing
32873	listing
32874	listing
32875	listing
32876	listing
32877	listing
32878	listing
32879	listing
32880	listing
32881	listing
32882	listing
32883	listing
32884	listing
32885	listing
32886	listing
32887	listing
32888	listing
32889	listing
32890	listing
32891	listing
32892	listing
32893	listing
32894	listing
32895	listing
32896	listing
32897	listing
32898	listing
32899	listing
32900	listing
32901	listing
32902	listing
32903	listing
32904	listing
32905	listing
32906	listing
32907	listing
32908	listing
32909	listing
32910	listing
32911	listing
32912	listing
32913	listing
32914	listing
32915	listing
32916	listing
32917	listing
32918	listing
32919	listing
32920	listing
32921	listing
32922	listing
32923	listing
32924	listing
32925	listing
32926	listing
32927	listing
32928	listing
32929	listing
32930	listing
32931	listing
32932	listing
32933	listing
32934	listing
32935	listing
32936	listing
32937	listing
32938	listing
32939	listing
32940	listing
32941	listing
32942	listing
32943	listing
32944	listing
32945	listing
32946	listing
32947	listing
32948	listing
32949	listing
32950	listing
32951	listing
32952	listing
32953	listing
32954	listing
32955	listing
32956	listing
32957	listing
32958	listing
32959	listing
32960	listing
32961	listing
32962	listing
32963	listing
32964	listing
32965	listing
32966	listing
32967	listing
32968	listing
32969	listing
32970	listing
32971	listing
32972	listing
32973	listing
32974	listing
32975	listing
32976	listing
32977	listing
32978	listing
32979	listing
32980	listing
32981	listing
32982	listing
32983	listing
32984	listing
32985	listing
32986	listing
32987	listing
32988	listing
32989	listing
32990	listing
32991	listing
32992	listing
32993	listing
32994	listing
32995	listing
32996	listing
32997	listing
32998	listing
32999	listing
33000	listing
33001	listing
33002	listing
33003	listing
33004	listing
33005	listing
33006	listing
33007	listing
33008	listing
33009	listing
33010	listing
33011	listing
33012	listing
33013	listing
33014	listing
33015	listing
33016	listing
33017	listing
33018	listing
33019	listing
33020	listing
33021	listing
33022	listing
33023	listing
33024	listing
33025	listing
33026	listing
33027	listing
33028	listing
33029	listing
33030	listing
33031	listing
33032	listing
33033	listing
33034	listing
33035	listing
33036	listing
33037	listing
33038	listing
33039	listing
33040	listing
33041	listing
33042	listing
33043	listing
33044	listing
33045	listing
33046	listing
33047	listing
33048	listing
33049	listing
33050	listing
33051	listing
33052	listing
33053	listing
33054	listing
33055	listing
33056	listing
33057	listing
33058	listing
33059	listing
33060	listing
33061	listing
33062	listing
33063	listing
33064	listing
33065	listing
33066	listing
33067	listing
33068	listing
33069	listing
33070	listing
33071	listing
33072	listing
33073	listing
33074	listing
33075	listing
33076	listing
33077	listing
33078	listing
33079	listing
33080	listing
33081	listing
33082	listing
33083	listing
33084	listing
33085	listing
33086	listing
33087	listing
33088	listing
33089	listing
33090	listing
33091	listing
33092	listing
33093	listing
33094	listing
33095	listing
33096	listing
33097	listing
33098	listing
33099	listing
33100	listing
33101	listing
33102	listing
33103	listing
33104	listing
33105	listing
33106	listing
33107	listing
33108	listing
33109	listing
33110	listing
33111	listing
33112	listing
33113	listing
33114	listing
33115	listing
33116	listing
33117	listing
33118	listing
33119	listing
33120	listing
33121	listing
33122	listing
33123	listing
33124	listing
33125	listing
33126	listing
33127	listing
33128	listing
33129	listing
33130	listing
33131	listing
33132	listing
33133	listing
33134	listing
33135	listing
33136	listing
33137	listing
33138	listing
33139	listing
33140	listing
33141	listing
33142	listing
33143	listing
33144	listing
33145	listing
33146	listing
33147	listing
33148	listing
33149	listing
33150	listing
33151	listing
33152	listing
33153	listing
33154	listing
33155	listing
33156	listing
33157	listing
33158	listing
33159	listing
33160	listing
33161	listing
33162	listing
33163	listing
33164	listing
33165	listing
33166	listing
33167	listing
33168	listing
33169	listing
33170	listing
33171	listing
33172	listing
33173	listing
33174	listing
33175	listing
33176	listing
33177	listing
33178	listing
33179	listing
33180	listing
33181	listing
33182	listing
33183	listing
33184	listing
33185	listing
33186	listing
33187	listing
33188	listing
33189	listing
33190	listing
33191	listing
33192	listing
33193	listing
33194	listing
33195	listing
33196	listing
33197	listing
33198	listing
33199	listing
33200	listing
33201	listing
33202	listing
33203	listing
33204	listing
33205	listing
33206	listing
33207	listing
33208	listing
33209	listing
33210	listing
33211	listing
33212	listing
33213	listing
33214	listing
33215	listing
33216	listing
33217	listing
33218	listing
33219	listing
33220	listing
33221	listing
33222	listing
33223	listing
33224	listing
33225	listing
33226	listing
33227	listing
33228	listing
33229	listing
33230	listing
33231	listing
33232	listing
33233	listing
33234	listing
33235	listing
33236	listing
33237	listing
33238	listing
33239	listing
33240	listing
33241	listing
33242	listing
33243	listing
33244	listing
33245	listing
33246	listing
33247	listing
33248	listing
33249	listing
33250	listing
33251	listing
33252	listing
33253	listing
33254	listing
33255	listing
33256	listing
33257	listing
33258	listing
33259	listing
33260	listing
33261	listing
33262	listing
33263	listing
33264	listing
33265	listing
33266	listing
33267	listing
33268	listing
33269	listing
33270	listing
33271	listing
33272	listing
33273	listing
33274	listing
33275	listing
33276	listing
33277	listing
33278	listing
33279	listing
33280	listing
33281	listing
33282	listing
33283	listing
33284	listing
33285	listing
33286	listing
33287	listing
33288	listing
33289	listing
33290	listing
33291	listing
33292	listing
33293	listing
33294	listing
33295	listing
33296	listing
33297	listing
33298	listing
33299	listing
33300	listing
33301	listing
33302	listing
33303	listing
33304	listing
33305	listing
33306	listing
33307	listing
33308	listing
33309	listing
33310	listing
33311	listing
33312	listing
33313	listing
33314	listing
33315	listing
33316	listing
33317	listing
33318	listing
33319	listing
33320	listing
33321	listing
33322	listing
33323	listing
33324	listing
33325	listing
33326	listing
33327	listing
33328	listing
33329	listing
33330	listing
33331	listing
33332	listing
33333	listing
33334	listing
33335	listing
33336	listing
33337	listing
33338	listing
33339	listing
33340	listing
33341	listing
33342	listing
33343	listing
33344	listing
33345	listing
33346	listing
33347	listing
33348	listing
33349	listing
33350	listing
33351	listing
33352	listing
33353	listing
33354	listing
33355	listing
33356	listing
33357	listing
33358	listing
33359	listing
33360	listing
33361	listing
33362	listing
33363	listing
33364	listing
33365	listing
33366	listing
33367	listing
33368	listing
33369	listing
33370	listing
33371	listing
33372	listing
33373	listing
33374	listing
33375	listing
33376	listing
33377	listing
33378	listing
33379	listing
33380	listing
33381	listing
33382	listing
33383	listing
33384	listing
33385	listing
33386	listing
33387	listing
33388	listing
33389	listing
33390	listing
33391	listing
33392	listing
33393	listing
33394	listing
33395	listing
33396	listing
33397	listing
33398	listing
33399	listing
33400	listing
33401	listing
33402	listing
33403	listing
33404	listing
33405	listing
33406	listing
33407	listing
33408	listing
33409	listing
33410	listing
33411	listing
33412	listing
33413	listing
33414	listing
33415	listing
33416	listing
33417	listing
33418	listing
33419	listing
33420	listing
33421	listing
33422	listing
33423	listing
33424	listing
33425	listing
33426	listing
33427	listing
33428	listing
33429	listing
33430	listing
33431	listing
33432	listing
33433	listing
33434	listing
33435	listing
33436	listing
33437	listing
33438	listing
33439	listing
33440	listing
33441	listing
33442	listing
33443	listing
33444	listing
33445	listing
33446	listing
33447	listing
33448	listing
33449	listing
33450	listing
33451	listing
33452	listing
33453	listing
33454	listing
33455	listing
33456	listing
33457	listing
33458	listing
33459	listing
33460	listing
33461	listing
33462	listing
33463	listing
33464	listing
33465	listing
33466	listing
33467	listing
33468	listing
33469	listing
33470	listing
33471	listing
33472	listing
33473	listing
33474	listing
33475	listing
33476	listing
33477	listing
33478	listing
33479	listing
33480	listing
33481	listing
33482	listing
33483	listing
33484	listing
33485	listing
33486	listing
33487	listing
33488	listing
33489	listing
33490	listing
33491	listing
33492	listing
33493	listing
33494	listing
33495	listing
33496	listing
33497	listing
33498	listing
33499	listing
33500	listing
33501	listing
33502	listing
33503	listing
33504	listing
33505	listing
33506	listing
33507	listing
33508	listing
33509	listing
33510	listing
33511	listing
33512	listing
33513	listing
33514	listing
33515	listing
33516	listing
33517	listing
33518	listing
33519	listing
33520	listing
33521	listing
33522	listing
33523	listing
33524	listing
33525	listing
33526	listing
33527	listing
33528	listing
33529	listing
33530	listing
33531	listing
33532	listing
33533	listing
33534	listing
33535	listing
33536	listing
33537	listing
33538	listing
33539	listing
33540	listing
33541	listing
33542	listing
33543	listing
33544	listing
33545	listing
33546	listing
33547	listing
33548	listing
33549	listing
33550	listing
33551	listing
33552	listing
33553	listing
33554	listing
33555	listing
33556	listing
33557	listing
33558	listing
33559	listing
33560	listing
33561	listing
33562	listing
33563	listing
33564	listing
33565	listing
33566	listing
33567	listing
33568	listing
33569	listing
33570	listing
33571	listing
33572	listing
33573	listing
33574	listing
33575	listing
33576	listing
33577	listing
33578	listing
33579	listing
33580	listing
33581	listing
33582	listing
33583	listing
33584	listing
33585	listing
33586	listing
33587	listing
33588	listing
33589	listing
33590	listing
33591	listing
33592	listing
33593	listing
33594	listing
33595	listing
33596	listing
33597	listing
33598	listing
33599	listing
33600	listing
33601	listing
33602	listing
33627	url-variant
33676	url-variant
33686	url-variant
33687	url-variant
33688	url-variant
33689	url-variant
33690	url-variant
33691	url-variant
33692	url-variant
33693	url-variant
33694	url-variant
33695	url-variant
33696	url-variant
33697	url-variant
33698	url-variant
33699	url-variant
33700	url-variant
33733	listing
33734	listing
33735	listing
33736	listing
33737	listing
33738	listing
33739	listing
33740	listing
33741	listing
33742	listing
33743	listing
33744	listing
33745	listing
33746	listing
33747	listing
33748	listing
33749	listing
33750	listing
33751	listing
33813	url-variant
33815	url-variant
34414	url-variant
34415	url-variant
34416	url-variant
34417	url-variant
34418	url-variant
34419	url-variant
34420	url-variant
34421	url-variant
34422	url-variant
34423	url-variant
34424	url-variant
34596	url-variant
34597	url-variant
34598	url-variant
34599	url-variant
34600	url-variant
34601	url-variant
34610	url-variant
34658	listing
34659	listing
34660	url-variant
34715	listing
34716	listing
34717	listing
34718	listing
34719	listing
34720	listing
34721	listing
34722	listing
34723	listing
34724	listing
34725	listing
34726	listing
34727	listing
34728	listing
34729	listing
34730	listing
34731	listing
34732	listing
34733	listing
34734	listing
34735	listing
34736	listing
34737	listing
34738	listing
34739	listing
34740	listing
34741	listing
34742	listing
34743	listing
34744	listing
34745	listing
34746	listing
34747	listing
34748	listing
34749	listing
34750	listing
34751	listing
34752	listing
34753	listing
34754	listing
34755	listing
34756	listing
34757	listing
34758	listing
34759	listing
34760	listing
34761	listing
34762	listing
34763	listing
34764	listing
34765	listing
34766	listing
34767	listing
34768	listing
34769	listing
34770	listing
34771	listing
34772	listing
34773	listing
34774	listing
34775	listing
34776	listing
34777	listing
34778	listing
34779	listing
34780	listing
34781	listing
34782	listing
34783	listing
34784	listing
34785	listing
34786	listing
34787	listing
34788	listing
34789	listing
34790	listing
34791	listing
34792	listing
34793	listing
34794	listing
34795	listing
34796	listing
34797	listing
34798	listing
34799	listing
34800	listing
34801	listing
34802	listing
34803	listing
34804	listing
34805	listing
34806	listing
34807	listing
34808	listing
34809	listing
34810	listing
34811	listing
34812	listing
34813	listing
34814	listing
34815	listing
34816	listing
34817	listing
34818	listing
34819	listing
34820	listing
34821	listing
34822	listing
34823	listing
34824	listing
34825	listing
34826	listing
34827	listing
34828	listing
34829	listing
34830	listing
34831	listing
34832	listing
34833	listing
34834	listing
34835	listing
34836	listing
34837	listing
34838	listing
34839	listing
34840	listing
34841	listing
34842	listing
34843	listing
34844	listing
34845	listing
34846	listing
34847	listing
34848	listing
34849	listing
34850	listing
34851	listing
34852	listing
34853	listing
34854	listing
34855	listing
34856	listing
34857	listing
34858	listing
34859	listing
34860	listing
34861	listing
34862	listing
34863	listing
34864	listing
34865	listing
34866	listing
34867	listing
34868	listing
34869	listing
34870	listing
34871	listing
34872	listing
34873	listing
34874	listing
34875	listing
34876	listing
34877	listing
34878	listing
34879	listing
34880	listing
34881	listing
34882	listing
34883	listing
34884	listing
34885	listing
34886	listing
34887	listing
34888	listing
34889	listing
34890	listing
34891	listing
34892	listing
34893	listing
34894	listing
34895	listing
34896	listing
34897	listing
34898	listing
34899	listing
34900	listing
34901	listing
34902	listing
34903	listing
34904	listing
34905	listing
34906	listing
34907	listing
34908	listing
34909	listing
34910	listing
34911	listing
34912	listing
34913	listing
34914	listing
34915	listing
34916	listing
34917	listing
34918	listing
34919	listing
34920	listing
34921	listing
34922	listing
34923	listing
34924	listing
34925	listing
34926	listing
34927	listing
34928	listing
34929	listing
34930	listing
34931	listing
34932	listing
34933	listing
34934	listing
34935	listing
34936	listing
34937	listing
34938	listing
34939	listing
34940	listing
34941	listing
34942	listing
34943	listing
34944	listing
34945	listing
34946	listing
34947	listing
34948	listing
34949	listing
34950	listing
34951	listing
34952	listing
34953	listing
34954	listing
34955	listing
34956	listing
34957	listing
34958	listing
34959	listing
34960	listing
34961	listing
34962	listing
34963	listing
34964	listing
34965	listing
34966	listing
34967	listing
34968	listing
34969	listing
34970	listing
34971	listing
34972	listing
34973	listing
34974	listing
34975	listing
34976	listing
34977	listing
34978	listing
34979	listing
34980	listing
34981	listing
34982	listing
34983	listing
34984	listing
34985	listing
34986	listing
34987	listing
34988	listing
34989	listing
34990	listing
34991	listing
34992	listing
34993	listing
34994	listing
34995	listing
34996	listing
34997	listing
34998	listing
34999	listing
35000	listing
35001	listing
35002	listing
35003	listing
35004	listing
35005	listing
35006	listing
35007	listing
35008	listing
35009	listing
35010	listing
35011	listing
35012	listing
35013	listing
35014	listing
35015	listing
35016	listing
35017	listing
35018	listing
35019	listing
35020	listing
35021	listing
35022	listing
35023	listing
35024	listing
35025	listing
35026	listing
35027	listing
35028	listing
35029	listing
35030	listing
35031	listing
35032	listing
35033	listing
35034	listing
35035	listing
35036	listing
35037	listing
35038	listing
35039	listing
35040	listing
35041	listing
35042	listing
35043	listing
35044	listing
35045	listing
35046	listing
35047	listing
35048	listing
35049	listing
35050	listing
35051	listing
35052	listing
35053	listing
35054	listing
35055	listing
35056	listing
35057	listing
35058	listing
35059	listing
35060	listing
35061	listing
35062	listing
35063	listing
35064	listing
35065	listing
35066	listing
35067	listing
35068	listing
35069	listing
35070	listing
35071	listing
35072	listing
35073	listing
35074	listing
35075	listing
35076	listing
35077	listing
35078	listing
35079	listing
35080	listing
35081	listing
35082	listing
35083	listing
35084	listing
35085	listing
35086	listing
35087	listing
35088	listing
35089	listing
35090	listing
35091	listing
35092	listing
35093	listing
35094	listing
35095	listing
35096	listing
35097	listing
35098	listing
35099	listing
35100	listing
35101	listing
35102	listing
35103	listing
35104	listing
35105	listing
35106	listing
35107	listing
35108	listing
35109	listing
35110	listing
35111	listing
35112	listing
35113	listing
35114	listing
35115	listing
35116	listing
35117	listing
35118	listing
35119	listing
35120	listing
35121	listing
35122	listing
35123	listing
35124	listing
35125	listing
35126	listing
35127	listing
35128	listing
35129	listing
35130	listing
35131	listing
35132	listing
35133	listing
35134	listing
35135	listing
35136	listing
35137	listing
35138	listing
35139	listing
35140	listing
35141	listing
35142	listing
35143	listing
35144	listing
35145	listing
35146	listing
35147	listing
35148	listing
35149	listing
35150	listing
35151	listing
35152	listing
35153	listing
35154	listing
35155	listing
35156	listing
35157	listing
35158	listing
35159	listing
35160	listing
35161	listing
35162	listing
35163	listing
35164	listing
35165	listing
35166	listing
35167	listing
35168	listing
35169	listing
35170	listing
35171	listing
35172	listing
35173	listing
35174	listing
35175	listing
35176	listing
35177	listing
35178	listing
35179	listing
35180	listing
35181	listing
35182	listing
35183	listing
35184	listing
35185	listing
35186	listing
35187	listing
35188	listing
35189	listing
35190	listing
35191	listing
35192	listing
35193	listing
35194	listing
35195	listing
35196	listing
35197	listing
35198	listing
35199	listing
35200	listing
35201	listing
35202	listing
35203	listing
35204	listing
35205	listing
35206	listing
35207	listing
35208	listing
35209	listing
35210	listing
35211	listing
35212	listing
35213	listing
35214	listing
35215	listing
35216	listing
35217	listing
35218	listing
35219	listing
35220	listing
35221	listing
35222	listing
35223	listing
35224	listing
35225	listing
35226	listing
35227	listing
35228	listing
35229	listing
35230	listing
35231	listing
35232	listing
35233	listing
35234	listing
35235	listing
35236	listing
35237	listing
35238	listing
35239	listing
35240	listing
35241	listing
35242	listing
35243	listing
35244	listing
35245	listing
35246	listing
35247	listing
35248	listing
35249	listing
35250	listing
35251	listing
35252	listing
35253	listing
35254	listing
35255	listing
35256	listing
35257	listing
35258	listing
35259	listing
35260	listing
35261	listing
35262	listing
35263	listing
35264	listing
35265	listing
35266	listing
35267	listing
35268	listing
35269	listing
35270	listing
35271	listing
35272	listing
35273	listing
35274	listing
35275	listing
35276	listing
35277	listing
35278	listing
35279	listing
35280	listing
35281	listing
35282	listing
35283	listing
35284	listing
35285	listing
35286	listing
35287	listing
35288	listing
35289	listing
35290	listing
35291	listing
35292	listing
35293	listing
35294	listing
35295	listing
35296	listing
35297	listing
35298	listing
35299	listing
35300	listing
35301	listing
35302	listing
35303	listing
35304	listing
35305	listing
35306	listing
35307	listing
35308	listing
35309	listing
35310	listing
35311	listing
35312	listing
35313	listing
35314	listing
35315	listing
35316	listing
35317	listing
35318	listing
35319	listing
35320	listing
35321	listing
35322	listing
35323	listing
35324	listing
35325	listing
35326	listing
35327	listing
35328	listing
35329	listing
35330	listing
35331	listing
35332	listing
35333	listing
35334	listing
35335	listing
35336	listing
35337	listing
35338	listing
35339	listing
35340	listing
35341	listing
35342	listing
35343	listing
35344	listing
35345	listing
35346	listing
35347	listing
35348	listing
35349	listing
35350	listing
35351	listing
35352	listing
35353	listing
35354	listing
35355	listing
35356	listing
35357	listing
35358	listing
35359	listing
35360	listing
35361	listing
35362	listing
35363	listing
35364	listing
35365	listing
35366	listing
35367	listing
35368	listing
35369	listing
35370	listing
35371	listing
35372	listing
35373	listing
35374	listing
35375	listing
35376	listing
35377	listing
35378	listing
35379	listing
35380	listing
35381	listing
35382	listing
35383	listing
35384	listing
35385	listing
35386	listing
35387	listing
35388	listing
35389	listing
35390	listing
35391	listing
35392	listing
35393	listing
35394	listing
35395	listing
35396	listing
35397	listing
35398	listing
35399	listing
35400	listing
35401	listing
35402	listing
35403	listing
35404	listing
35405	listing
35406	listing
35407	listing
35408	listing
35409	listing
35410	listing
35411	listing
35412	listing
35413	listing
35414	listing
35415	listing
35416	listing
35417	listing
35418	listing
35419	listing
35420	listing
35421	listing
35422	listing
35423	listing
35424	listing
35425	listing
35426	listing
35427	listing
35428	listing
35429	listing
35430	listing
35431	listing
35432	listing
35433	listing
35434	listing
35435	listing
35436	listing
35437	listing
35438	listing
35439	listing
35440	listing
35441	listing
35442	listing
35443	listing
35444	listing
35445	listing
35446	listing
35447	listing
35448	listing
35449	listing
35450	listing
35451	listing
35452	listing
35453	listing
35454	listing
35455	listing
35456	listing
35457	listing
35458	listing
35459	listing
35460	listing
35461	listing
35462	listing
35463	listing
35464	listing
35465	listing
35466	listing
35467	listing
35468	listing
35469	listing
35470	listing
35471	listing
35472	listing
35473	listing
35474	listing
35475	listing
35476	listing
35477	listing
35478	listing
35479	listing
35480	listing
35481	listing
35482	listing
35483	listing
35484	listing
35485	listing
35486	listing
35487	listing
35488	listing
35489	listing
35490	listing
35491	listing
35492	listing
35493	listing
35494	listing
35495	listing
35496	listing
35497	listing
35498	listing
35499	listing
35500	listing
35501	listing
35502	listing
35503	listing
35504	listing
35505	listing
35506	listing
35507	listing
35508	listing
35509	listing
35510	listing
35511	listing
35512	listing
35513	listing
35514	listing
35515	listing
35516	listing
35517	listing
35518	listing
35519	listing
35520	listing
35521	listing
35522	listing
35523	listing
35524	listing
35525	listing
35526	listing
35527	listing
35528	listing
35529	listing
35530	listing
35531	listing
35532	listing
35533	listing
35534	listing
35535	listing
35536	listing
35537	listing
35538	listing
35539	listing
35540	listing
35541	listing
35542	listing
35543	listing
35544	listing
35545	listing
35546	listing
35547	listing
35548	listing
35549	listing
35550	listing
35551	listing
35552	listing
35553	listing
35554	listing
35555	listing
35556	listing
35557	listing
35558	listing
35559	listing
35560	listing
35561	listing
35562	listing
35563	listing
35564	listing
35565	listing
35566	listing
35567	listing
35568	listing
35569	listing
35570	listing
35571	listing
35572	listing
35573	listing
35574	listing
35575	listing
35576	listing
35577	listing
35578	listing
35579	listing
35580	listing
35581	listing
35582	listing
35583	listing
35584	listing
35585	listing
35586	listing
35587	listing
35588	listing
35589	listing
35590	listing
35591	listing
35592	listing
35593	listing
35594	listing
35595	listing
35596	listing
35597	listing
35598	listing
35599	listing
35600	listing
35601	listing
35602	listing
35603	listing
35604	listing
35605	listing
35606	listing
35607	listing
35608	listing
35609	listing
35610	listing
35611	listing
35612	listing
35613	listing
35614	listing
35615	listing
35616	listing
35617	listing
35618	listing
35619	listing
35620	listing
35621	listing
35622	listing
35623	listing
35624	listing
35625	listing
35626	listing
35627	listing
35628	listing
35629	listing
35630	listing
35631	listing
35632	listing
35633	listing
35634	listing
35635	listing
35636	listing
35637	listing
35638	listing
35639	listing
35640	listing
35641	listing
35642	listing
35643	listing
35644	listing
35645	listing
35646	listing
35647	listing
35648	listing
35649	listing
35650	listing
35651	listing
35652	listing
35653	listing
35654	listing
35655	listing
35656	listing
35657	listing
35658	listing
35659	listing
35660	listing
35661	listing
35662	listing
35663	listing
35664	listing
35665	listing
35666	listing
35667	listing
35668	listing
35669	listing
35670	listing
35671	listing
35672	listing
35673	listing
35674	listing
35675	listing
35676	listing
35677	listing
35678	listing
35679	listing
35680	listing
35681	listing
35682	listing
35683	listing
35684	listing
35685	listing
35686	listing
35687	listing
35688	listing
35689	listing
35690	listing
35691	listing
35692	listing
35693	listing
35694	listing
35695	listing
35696	listing
35697	listing
35698	listing
35699	listing
35700	listing
35701	listing
35702	listing
35703	listing
35704	listing
35705	listing
35706	listing
35707	listing
35708	listing
35709	listing
35710	listing
35711	listing
35712	listing
35713	listing
35714	listing
35715	listing
35716	listing
35717	listing
35718	listing
35719	listing
35720	listing
35721	listing
35722	listing
35723	listing
35724	listing
35725	listing
35726	listing
35727	listing
35728	listing
35729	listing
35730	listing
35731	listing
35732	listing
35733	listing
35734	listing
35735	listing
35736	listing
35737	listing
35738	listing
35739	listing
35740	listing
35741	listing
35742	listing
35743	listing
35744	listing
35745	listing
35746	listing
35747	listing
35748	listing
35749	listing
35750	listing
35751	listing
35752	listing
35753	listing
35754	listing
35755	listing
35756	listing
35757	listing
35758	listing
35759	listing
35760	listing
35761	listing
35762	listing
35763	listing
35764	listing
35765	listing
35766	listing
35767	listing
35768	listing
35769	listing
35770	listing
35771	listing
35772	listing
35773	listing
35774	listing
35775	listing
35776	listing
35777	listing
35778	listing
35779	listing
35780	listing
35781	listing
35782	listing
35783	listing
35784	listing
35785	listing
35786	listing
35787	listing
35788	listing
35789	listing
35790	listing
35791	listing
35792	listing
35793	listing
35794	listing
35795	listing
35796	listing
35797	listing
35798	listing
35799	listing
35800	listing
35801	listing
35802	listing
35803	listing
35804	listing
35805	listing
35806	listing
35807	listing
35808	listing
35809	listing
35810	listing
35811	listing
35812	listing
35813	listing
35814	listing
35815	listing
35816	listing
35817	listing
35818	listing
35819	listing
35820	listing
35821	listing
35822	listing
35823	listing
35824	listing
35825	listing
35826	listing
35827	listing
35828	listing
35829	listing
35830	listing
35831	listing
35832	listing
35833	listing
35834	listing
35835	listing
35836	listing
35837	listing
35838	listing
35839	listing
35840	listing
35841	listing
35842	listing
35843	listing
35844	listing
35845	listing
35846	listing
35847	listing
35848	listing
35849	listing
35850	listing
35851	listing
35852	listing
35853	listing
35854	listing
35855	listing
35856	listing
35857	listing
35858	listing
35859	listing
35860	listing
35861	listing
35862	listing
35863	listing
35864	listing
35865	listing
35866	listing
35867	listing
35868	listing
35869	listing
35870	listing
35871	listing
35872	listing
35873	listing
35874	listing
35875	listing
35876	listing
35877	listing
35878	listing
35879	listing
35880	listing
35881	listing
35882	listing
35883	listing
35884	listing
35885	listing
35886	listing
35887	listing
35888	listing
35889	listing
35890	listing
35891	listing
35892	listing
35893	listing
35894	listing
35895	listing
35896	listing
35897	listing
35898	listing
35899	listing
35900	listing
35901	listing
35902	listing
35903	listing
35904	listing
35905	listing
35906	listing
35907	listing
35908	listing
35909	listing
35910	listing
35911	listing
35912	listing
35913	listing
35914	listing
35915	listing
35916	listing
35917	listing
35918	listing
35919	listing
35920	listing
35921	listing
35922	listing
35923	listing
35924	listing
35925	listing
35926	listing
35927	listing
35928	listing
35929	listing
35930	listing
35931	listing
35932	listing
35933	listing
35934	listing
35935	listing
35936	listing
35937	listing
35938	listing
35939	listing
35940	listing
35941	listing
35942	listing
35943	listing
35944	listing
35945	listing
35946	listing
35947	listing
35948	listing
35949	listing
35950	listing
35951	listing
35952	listing
35953	listing
35954	listing
35955	listing
35956	listing
35957	listing
35958	listing
35959	listing
35960	listing
35961	listing
35962	listing
35963	listing
35964	listing
35965	listing
35966	listing
35967	listing
35968	listing
35969	listing
35970	listing
35971	listing
35972	listing
35973	listing
35974	listing
35975	listing
35976	listing
35977	listing
35978	listing
35979	listing
35980	listing
35981	listing
35982	listing
35983	listing
35984	listing
35985	listing
35986	listing
35987	listing
35988	listing
35989	listing
35990	listing
35991	listing
35992	listing
35993	listing
35994	listing
35995	listing
35996	listing
35997	listing
35998	listing
35999	listing
36000	listing
36001	listing
36002	listing
36003	listing
36004	listing
36005	listing
36006	listing
36007	listing
36008	listing
36009	listing
36010	listing
36011	listing
36012	listing
36013	listing
36014	listing
36015	listing
36016	listing
36017	listing
36018	listing
36019	listing
36020	listing
36021	listing
36022	listing
36023	listing
36024	listing
36025	listing
36026	listing
36027	listing
36028	listing
36029	listing
36030	listing
36031	listing
36032	listing
36033	listing
36034	listing
36035	listing
36036	listing
36037	listing
36038	listing
36039	listing
36040	listing
36041	listing
36042	listing
36043	listing
36044	listing
36045	listing
36046	listing
36047	listing
36048	listing
36049	listing
36050	listing
36051	listing
36052	listing
36053	listing
36054	listing
36055	listing
36056	listing
36057	listing
36058	listing
36059	listing
36060	listing
36061	listing
36062	listing
36063	listing
36064	listing
36065	listing
36066	listing
36067	listing
36068	listing
36069	listing
36070	listing
36071	listing
36072	listing
36073	listing
36074	listing
36075	listing
36076	listing
36077	listing
36078	listing
36079	listing
36080	listing
36081	listing
36082	listing
36083	listing
36084	listing
36085	listing
36086	listing
36087	listing
36088	listing
36089	listing
36090	listing
36091	listing
36092	listing
36093	listing
36094	listing
36095	listing
36096	listing
36097	listing
36098	listing
36099	listing
36100	listing
36101	listing
36102	listing
36103	listing
36104	listing
36105	listing
36106	listing
36107	listing
36108	listing
36109	listing
36110	listing
36111	listing
36112	listing
36113	listing
36114	listing
36115	listing
36116	listing
36117	listing
36118	listing
36119	listing
36120	listing
36121	listing
36122	listing
36123	listing
36124	listing
36125	listing
36126	listing
36127	listing
36128	listing
36129	listing
36130	listing
36131	listing
36132	listing
36133	listing
36134	listing
36135	listing
36136	listing
36137	listing
36138	listing
36139	listing
36140	listing
36141	listing
36142	listing
36143	listing
36144	listing
36145	listing
36146	listing
36147	listing
36148	listing
36149	listing
36150	listing
36151	listing
36152	listing
36153	listing
36154	listing
36155	listing
36156	listing
36157	listing
36158	listing
36159	listing
36160	listing
36161	listing
36162	listing
36163	listing
36164	listing
36165	listing
36166	listing
36167	listing
36168	listing
36169	listing
36170	listing
36171	listing
36172	listing
36173	listing
36174	listing
36175	listing
36176	listing
36177	listing
36178	listing
36179	listing
36180	listing
36181	listing
36182	listing
36183	listing
36184	listing
36185	listing
36186	listing
36187	listing
36188	listing
36189	listing
36190	listing
36191	listing
36192	listing
36193	listing
36194	listing
36195	listing
36196	listing
36197	listing
36198	listing
36199	listing
36200	listing
36201	listing
36202	listing
36203	listing
36204	listing
36205	listing
36206	listing
36207	listing
36208	listing
36209	listing
36210	listing
36211	listing
36212	listing
36213	listing
36214	listing
36215	listing
36216	listing
36217	listing
36218	listing
36219	listing
36220	listing
36221	listing
36222	listing
36223	listing
36224	listing
36225	listing
36226	listing
36227	listing
36228	listing
36229	listing
36230	listing
36231	listing
36232	listing
36233	listing
36234	listing
36235	listing
36236	listing
36237	listing
36238	listing
36239	listing
36240	listing
36241	listing
36242	listing
36243	listing
36244	listing
36245	listing
36246	listing
36247	listing
36248	listing
36249	listing
36250	listing
36251	listing
36252	listing
36253	listing
36254	listing
36255	listing
36256	listing
36257	listing
36258	listing
36259	listing
36260	listing
36261	listing
36262	listing
36263	listing
36264	listing
36265	listing
36266	listing
36267	listing
36268	listing
36269	listing
36270	listing
36271	listing
36272	listing
36273	listing
36274	listing
36275	listing
36276	listing
36277	listing
36278	listing
36279	listing
36280	listing
36281	listing
36282	listing
36283	listing
36284	listing
36285	listing
36286	listing
36287	listing
36288	listing
36289	listing
36290	listing
36291	listing
36292	listing
36293	listing
36294	listing
36295	listing
36296	listing
36297	listing
36298	listing
36299	listing
36300	listing
36301	listing
36302	listing
36303	listing
36304	listing
36305	listing
36306	listing
36307	listing
36308	listing
36309	listing
36310	listing
36311	listing
36312	listing
36313	listing
36314	listing
36315	listing
36316	listing
36317	listing
36318	listing
36319	listing
36320	listing
36321	listing
36322	listing
36323	listing
36324	listing
36325	listing
36326	listing
36327	listing
36328	listing
36329	listing
36330	listing
36331	listing
36332	listing
36333	listing
36334	listing
36335	listing
36336	listing
36337	listing
36338	listing
36339	listing
36340	listing
36341	listing
36342	listing
36343	listing
36344	listing
36345	listing
36346	listing
36347	listing
36348	listing
36349	listing
36350	listing
36351	listing
36352	listing
36353	listing
36354	listing
36355	listing
36356	listing
36357	listing
36358	listing
36359	listing
36360	listing
36361	listing
36362	listing
36363	listing
36364	listing
36365	listing
36366	listing
36367	listing
36368	listing
36369	listing
36370	listing
36371	listing
36372	listing
36373	listing
36374	listing
36375	listing
36376	listing
36377	listing
36378	listing
36379	listing
36380	listing
36381	listing
36382	listing
36383	listing
36384	listing
36385	listing
36386	listing
36387	listing
36388	listing
36389	listing
36390	listing
36391	listing
36392	listing
36393	listing
36394	listing
36395	listing
36396	listing
36397	listing
36398	listing
36399	listing
36400	listing
36401	listing
36402	listing
36403	listing
36404	listing
36405	listing
36406	listing
36407	listing
36408	listing
36409	listing
36410	listing
36411	listing
36412	listing
36413	listing
36414	listing
36415	listing
36416	listing
36417	listing
36418	listing
36419	listing
36420	listing
36421	listing
36422	listing
36423	listing
36424	listing
36425	listing
36426	listing
36427	listing
36428	listing
36429	listing
36430	listing
36431	listing
36432	listing
36433	listing
36434	listing
36435	listing
36436	listing
36437	listing
36438	listing
36439	listing
36440	listing
36441	listing
36442	listing
36443	listing
36444	listing
36445	listing
36446	listing
36447	listing
36448	listing
36449	listing
36450	listing
36451	listing
36452	listing
36453	listing
36454	listing
36455	listing
36456	listing
36457	listing
36458	listing
36459	listing
36460	listing
36461	listing
36462	listing
36463	listing
36464	listing
36465	listing
36466	listing
36467	listing
36468	listing
36469	listing
36470	listing
36471	listing
36472	listing
36473	listing
36474	listing
36475	listing
36476	listing
36477	listing
36478	listing
36479	listing
36480	listing
36481	listing
36482	listing
36483	listing
36484	listing
36485	listing
36486	listing
36487	listing
36488	listing
36489	listing
36490	listing
36491	listing
36492	listing
36493	listing
36494	listing
36495	listing
36496	listing
36497	listing
36498	listing
36499	listing
36500	listing
36501	listing
36502	listing
36503	listing
36504	listing
36505	listing
36506	listing
36507	listing
36508	listing
36509	listing
36510	listing
36511	listing
36512	listing
36513	listing
36514	listing
36515	listing
36516	listing
36517	listing
36518	listing
36519	listing
36520	listing
36521	listing
36522	listing
36523	listing
36524	listing
36525	listing
36526	listing
36527	listing
36528	listing
36529	listing
36530	listing
36531	listing
36532	listing
36533	listing
36534	listing
36535	listing
36536	listing
36537	listing
36538	listing
36539	listing
36540	listing
36541	listing
36542	listing
36543	listing
36544	listing
36545	listing
36546	listing
36547	listing
36548	listing
36549	listing
36550	listing
36551	listing
36552	listing
36553	listing
36554	listing
36555	listing
36556	listing
36557	listing
36558	listing
36559	listing
36560	listing
36561	listing
36562	listing
36563	listing
36564	listing
36565	listing
36566	listing
36567	listing
36568	listing
36569	listing
36570	listing
36571	listing
36572	listing
36573	listing
36574	listing
36575	listing
36576	listing
36577	listing
36578	listing
36579	listing
36580	listing
36581	listing
36582	listing
36583	listing
36584	listing
36585	listing
36586	listing
36587	listing
36588	listing
36589	listing
36590	listing
36591	listing
36592	listing
36593	listing
36594	listing
36595	listing
36596	listing
36597	listing
36598	listing
36599	listing
36600	listing
36601	listing
36602	listing
36603	listing
36604	listing
36605	listing
36606	listing
36607	listing
36608	listing
36609	listing
36610	listing
36611	listing
36612	listing
36613	listing
36614	listing
36615	listing
36616	listing
36617	listing
36618	listing
36619	listing
36620	listing
36621	listing
36622	listing
36623	listing
36624	listing
36625	listing
36626	listing
36627	listing
36628	listing
36629	listing
36630	listing
36631	listing
36632	listing
36633	listing
36634	listing
36635	listing
36636	listing
36637	listing
36638	listing
36639	listing
36640	listing
36641	listing
36642	listing
36643	listing
36644	listing
36645	listing
36646	listing
36647	listing
36648	listing
36649	listing
36650	listing
36651	listing
36652	listing
36653	listing
36654	listing
36655	listing
36656	listing
36657	listing
36658	listing
36659	listing
36660	listing
36661	listing
36662	listing
36663	listing
36664	listing
36665	listing
36666	listing
36667	listing
36668	listing
36669	listing
36670	listing
36671	listing
36672	listing
36673	listing
36674	listing
36675	listing
36676	listing
36677	listing
36678	listing
36679	listing
36680	listing
36681	listing
36682	listing
36683	listing
36684	listing
36685	listing
36686	listing
36687	listing
36688	listing
36689	listing
36690	listing
36691	listing
36692	listing
36693	listing
36694	listing
36695	listing
36696	listing
36697	listing
36698	listing
36699	listing
36700	listing
36701	listing
36702	listing
36703	listing
36704	listing
36705	listing
36706	listing
36707	listing
36708	listing
36709	listing
36710	listing
36711	listing
36712	listing
36713	listing
36714	listing
36715	listing
36716	listing
36717	listing
36718	listing
36719	listing
36720	listing
36721	listing
36722	listing
36723	listing
36724	listing
36725	listing
36726	listing
36727	listing
36728	listing
36729	listing
36730	listing
36731	listing
36732	listing
36733	listing
36734	listing
36735	listing
36736	listing
36737	listing
36738	listing
36739	listing
36740	listing
36741	listing
36742	listing
36743	listing
36744	listing
36745	listing
36746	listing
36747	listing
36748	listing
36749	listing
36750	listing
36751	listing
36752	listing
36753	listing
36754	listing
36755	listing
36756	listing
36757	listing
36758	listing
36759	listing
36760	listing
36761	listing
36762	listing
36763	listing
36764	listing
36765	listing
36766	listing
36767	listing
36768	listing
36769	listing
36770	listing
36771	listing
36772	listing
36773	listing
36774	listing
36775	listing
36776	listing
36777	listing
36778	listing
36779	listing
36780	listing
36781	listing
36782	listing
36783	listing
36784	listing
36785	listing
36786	listing
36787	listing
36788	listing
36789	listing
36790	listing
36791	listing
36792	listing
36793	listing
36794	listing
36795	listing
36796	listing
36797	listing
36798	listing
36799	listing
36800	listing
36801	listing
36802	listing
36803	listing
36804	listing
36805	listing
36806	listing
36807	listing
36808	listing
36809	listing
36810	listing
36811	listing
36812	listing
36813	listing
36814	listing
36815	listing
36816	listing
36817	listing
36818	listing
36819	listing
36820	listing
36821	listing
36822	listing
36823	listing
36824	listing
36825	listing
36826	listing
36827	listing
36828	listing
36829	listing
36830	listing
36831	listing
36832	listing
36833	listing
36834	listing
36835	listing
36836	listing
36837	listing
36838	listing
36839	listing
36840	listing
36841	listing
36842	listing
36843	listing
36844	listing
36845	listing
36846	listing
36847	listing
36848	listing
36849	listing
36850	listing
36851	listing
36852	listing
36853	listing
36854	listing
36855	listing
36856	listing
36857	listing
36858	listing
36859	listing
36860	listing
36861	listing
36862	listing
36863	listing
36864	listing
36865	listing
36866	listing
36867	listing
36868	listing
36869	listing
36870	listing
36871	listing
36872	listing
36873	listing
36874	listing
36875	listing
36876	listing
36877	listing
36878	listing
36879	listing
36880	listing
36881	listing
36882	listing
36883	listing
36884	listing
36885	listing
36886	listing
36887	listing
36888	listing
36889	listing
36890	listing
36891	listing
36892	listing
36893	listing
36894	listing
36895	listing
36896	listing
36897	listing
36898	listing
36899	listing
36900	listing
36901	listing
36902	listing
36903	listing
36904	listing
36905	listing
36906	listing
36907	listing
36908	listing
36909	listing
36910	listing
36911	listing
36912	listing
36913	listing
36914	listing
36915	listing
36916	listing
36917	listing
36918	listing
36919	listing
36920	listing
36921	listing
36922	listing
36923	listing
36924	listing
36925	listing
36926	listing
36927	listing
36928	listing
36929	listing
36930	listing
36931	listing
36932	listing
36933	listing
36934	listing
36935	listing
36936	listing
36937	listing
36938	listing
36939	listing
36940	listing
36941	listing
36942	listing
36943	listing
36944	listing
36945	listing
36946	listing
36947	listing
36948	listing
36949	listing
36950	listing
36951	listing
36952	listing
36953	listing
36954	listing
36955	listing
36956	listing
36957	listing
36958	listing
36959	listing
36960	listing
36961	listing
36962	listing
36963	listing
36964	listing
36965	listing
36966	listing
36967	listing
36968	listing
36969	listing
36970	listing
36971	listing
36972	listing
36973	listing
36974	listing
36975	listing
36976	listing
36977	listing
36978	listing
36979	listing
36980	listing
36981	listing
36982	listing
36983	listing
36984	listing
36985	listing
36986	listing
36987	listing
36988	listing
36989	listing
36990	listing
36991	listing
36992	listing
36993	listing
36994	listing
36995	listing
36996	listing
36997	listing
36998	listing
36999	listing
37000	listing
37001	listing
37002	listing
37003	listing
37004	listing
37005	listing
37006	listing
37007	listing
37008	listing
37009	listing
37010	listing
37011	listing
37012	listing
37013	listing
37014	listing
37015	listing
37016	listing
37017	listing
37018	listing
37019	listing
37020	listing
37021	listing
37022	listing
37023	listing
37024	listing
37025	listing
37026	listing
37027	listing
37028	listing
37029	listing
37030	listing
37031	listing
37032	listing
37033	listing
37034	listing
37035	listing
37036	listing
37037	listing
37038	listing
37039	listing
37040	listing
37041	listing
37042	listing
37043	listing
37044	listing
37045	listing
37046	listing
37047	listing
37048	listing
37049	listing
37050	listing
37051	listing
37052	listing
37053	listing
37054	listing
37055	listing
37056	listing
37057	listing
37058	listing
37059	listing
37060	listing
37061	listing
37062	listing
37063	listing
37064	listing
37065	listing
37066	listing
37067	listing
37068	listing
37069	listing
37070	listing
37071	listing
37072	listing
37073	listing
37074	listing
37075	listing
37076	listing
37077	listing
37078	listing
37079	listing
37080	listing
37081	listing
37082	listing
37083	listing
37084	listing
37085	listing
37086	listing
37087	listing
37088	listing
37089	listing
37090	listing
37091	listing
37092	listing
37093	listing
37094	listing
37095	listing
37096	listing
37097	listing
37098	listing
37099	listing
37100	listing
37101	listing
37102	listing
37103	listing
37104	listing
37105	listing
37106	listing
37107	listing
37108	listing
37109	listing
37110	listing
37111	listing
37112	listing
37113	listing
37114	listing
37115	listing
37116	listing
37117	listing
37118	listing
37119	listing
37120	listing
37121	listing
37122	listing
37123	listing
37124	listing
37125	listing
37126	listing
37127	listing
37128	listing
37129	listing
37130	listing
37131	listing
37132	listing
37133	listing
37134	listing
37135	listing
37136	listing
37137	listing
37138	listing
37139	listing
37140	listing
37141	listing
37142	listing
37143	listing
37144	listing
37145	listing
37146	listing
37147	listing
37148	listing
37149	listing
37150	listing
37151	listing
37152	listing
37153	listing
37154	listing
37155	listing
37156	listing
37157	listing
37158	listing
37159	listing
37160	listing
37161	listing
37162	listing
37163	listing
37164	listing
37165	listing
37166	listing
37167	listing
37168	listing
37169	listing
37170	listing
37171	listing
37172	listing
37173	listing
37174	listing
37175	listing
37176	listing
37177	listing
37178	listing
37179	listing
37180	listing
37181	listing
37182	listing
37183	listing
37184	listing
37185	listing
37186	listing
37187	listing
37188	listing
37189	listing
37190	listing
37191	listing
37192	listing
37193	listing
37194	listing
37195	listing
37196	listing
37197	listing
37198	listing
37199	listing
37200	listing
37201	listing
37202	listing
37203	listing
37204	listing
37205	listing
37206	listing
37207	listing
37208	listing
37209	listing
37210	listing
37211	listing
37212	listing
37213	listing
37214	listing
37215	listing
37216	listing
37217	listing
37218	listing
37219	listing
37220	listing
37221	listing
37222	listing
37223	listing
37224	listing
37225	listing
37226	listing
37227	listing
37228	listing
37229	listing
37230	listing
37231	listing
37232	listing
37233	listing
37234	listing
37235	listing
37236	listing
37237	listing
37238	listing
37239	listing
37240	listing
37241	listing
37242	listing
37243	listing
37244	listing
37245	listing
37246	listing
37247	listing
37248	listing
37249	listing
37250	listing
37251	listing
37252	listing
37253	listing
37254	listing
37255	listing
37256	listing
37257	listing
37258	listing
37259	listing
37260	listing
37261	listing
37262	listing
37263	listing
37264	listing
37265	listing
37266	listing
37267	listing
37268	listing
37269	listing
37270	listing
37271	listing
37272	listing
37273	listing
37274	listing
37275	listing
37276	listing
37277	listing
37278	listing
37279	listing
37280	listing
37281	listing
37282	listing
37283	listing
37284	listing
37285	listing
37286	listing
37287	listing
37288	listing
37289	listing
37290	listing
37291	listing
37292	listing
37293	listing
37294	listing
37295	listing
37296	listing
37297	listing
37298	listing
37299	listing
37300	listing
37301	listing
37302	listing
37303	listing
37304	listing
37305	listing
37306	listing
37307	listing
37308	listing
37309	listing
37310	listing
37311	listing
37312	listing
37313	listing
37314	listing
37315	listing
37316	listing
37317	listing
37318	listing
37319	listing
37320	listing
37321	listing
37322	listing
37323	listing
37324	listing
37325	listing
37326	listing
37327	listing
37328	listing
37329	listing
37330	listing
37331	listing
37332	listing
37333	listing
37334	listing
37335	listing
37336	listing
37337	listing
37338	listing
37339	listing
37340	listing
37341	listing
37342	listing
37343	listing
37344	listing
37345	listing
37346	listing
37347	listing
37348	listing
37349	listing
37350	listing
37351	listing
37352	listing
37353	listing
37354	listing
37355	listing
37356	listing
37357	listing
37358	listing
37359	listing
37360	listing
37361	listing
37362	listing
37363	listing
37364	listing
37365	listing
37366	listing
37367	listing
37368	listing
37369	listing
37370	listing
37371	listing
37372	listing
37373	listing
37374	listing
37375	listing
37376	listing
37377	listing
37378	listing
37379	listing
37380	listing
37381	listing
37382	listing
37383	listing
37384	listing
37385	listing
37386	listing
37387	listing
37388	listing
37389	listing
37390	listing
37391	listing
37392	listing
37393	listing
37394	listing
37395	listing
37396	listing
37397	listing
37398	listing
37399	listing
37400	listing
37401	listing
37402	listing
37403	listing
37404	listing
37405	listing
37406	listing
37407	listing
37408	listing
37409	listing
37410	listing
37411	listing
37412	listing
37413	listing
37414	listing
37415	listing
37416	listing
37417	listing
37418	listing
37419	listing
37420	listing
37421	listing
37422	listing
37423	listing
37424	listing
37425	listing
37426	listing
37427	listing
37428	listing
37429	listing
37430	listing
37431	listing
37432	listing
37433	listing
37434	listing
37435	listing
37436	listing
37437	listing
37438	listing
37439	listing
37440	listing
37441	listing
37442	listing
37443	listing
37444	listing
37445	listing
37446	listing
37447	listing
37448	listing
37449	listing
37450	listing
37451	listing
37452	listing
37453	listing
37454	listing
37455	listing
37456	listing
37457	listing
37458	listing
37459	listing
37460	listing
37461	listing
37462	listing
37463	listing
37464	listing
37465	listing
37466	listing
37467	listing
37468	listing
37469	listing
37470	listing
37471	listing
37472	listing
37473	listing
37474	listing
37475	listing
37476	listing
37477	listing
37478	listing
37479	listing
37480	listing
37481	listing
37482	listing
37483	listing
37484	listing
37485	listing
37486	listing
37487	listing
37488	listing
37489	listing
37490	listing
37491	listing
37492	listing
37493	listing
37494	listing
37495	listing
37496	listing
37497	listing
37498	listing
37499	listing
37500	listing
37501	listing
37502	listing
37503	listing
37504	listing
37505	listing
37506	listing
37507	listing
37508	listing
37509	listing
37510	listing
37511	listing
37512	listing
37513	listing
37514	listing
37515	listing
37516	listing
37517	listing
37518	listing
37519	listing
37520	listing
37521	listing
37522	listing
37523	listing
37524	listing
37525	listing
37526	listing
37527	listing
37528	listing
37529	listing
37530	listing
37531	listing
37532	listing
37533	listing
37534	listing
37535	listing
37536	listing
37537	listing
37538	listing
37539	listing
37540	listing
37541	listing
37542	listing
37543	listing
37544	listing
37545	listing
37546	listing
37547	listing
37548	listing
37549	listing
37550	listing
37551	listing
37552	listing
37553	listing
37554	listing
37555	listing
37556	listing
37557	listing
37558	listing
37559	listing
37560	listing
37561	listing
37562	listing
37563	listing
37564	listing
37565	listing
37566	listing
37567	listing
37568	listing
37569	listing
37570	listing
37571	listing
37572	listing
37573	listing
37574	listing
37575	listing
37576	listing
37577	listing
37578	listing
37579	listing
37580	listing
37581	listing
37582	listing
37583	listing
37584	listing
37585	listing
37586	listing
37587	listing
37588	listing
37589	listing
37590	listing
37591	listing
37592	listing
37593	listing
37594	listing
37595	listing
37596	listing
37597	listing
37598	listing
37599	listing
37600	listing
37601	listing
37602	listing
37603	listing
37604	listing
37605	listing
37606	listing
37607	listing
37608	listing
37609	listing
37610	listing
37611	listing
37612	listing
37613	listing
37614	listing
37615	listing
37616	listing
37617	listing
37618	listing
37619	listing
37620	listing
37621	listing
37622	listing
37623	listing
37624	listing
37625	listing
37626	listing
37627	listing
37628	listing
37629	listing
37630	listing
37631	listing
37632	listing
37633	listing
37634	listing
37635	listing
37636	listing
37637	listing
37638	listing
37639	listing
37640	listing
37641	listing
37642	listing
37643	listing
37644	listing
37645	listing
37646	listing
37647	listing
37648	listing
37649	listing
37650	listing
37651	listing
37652	listing
37653	listing
37654	listing
37655	listing
37656	listing
37657	listing
37658	listing
37659	listing
37660	listing
37661	listing
37662	listing
37663	listing
37664	listing
37665	listing
37666	listing
37667	listing
37668	listing
37669	listing
37670	listing
37671	listing
37672	listing
37673	listing
37674	listing
37675	listing
37676	listing
37677	listing
37678	listing
37679	listing
37680	listing
37681	listing
37682	listing
37683	listing
37684	listing
37685	listing
37686	listing
37687	listing
37688	listing
37689	listing
37690	listing
37691	listing
37692	listing
37693	listing
37694	listing
37695	listing
37696	listing
37697	listing
37698	listing
37699	listing
37700	listing
37701	listing
37702	listing
37703	listing
37704	listing
37705	listing
37706	listing
37707	listing
37708	listing
37709	listing
37710	listing
37711	listing
37712	listing
37713	listing
37714	listing
37715	listing
37716	listing
37717	listing
37718	listing
37719	listing
37720	listing
37721	listing
37722	listing
37723	listing
37724	listing
37725	listing
37726	listing
37727	listing
37728	listing
37729	listing
37730	listing
37731	listing
37732	listing
37733	listing
37734	listing
37735	listing
37736	listing
37737	listing
37738	listing
37739	listing
37740	listing
37741	listing
37742	listing
37743	listing
37744	listing
37745	listing
37746	listing
37747	listing
37748	listing
37749	listing
37750	listing
37751	listing
37752	listing
37753	listing
37754	listing
37755	listing
37756	listing
37757	listing
37758	listing
37759	listing
37760	listing
37761	listing
37762	listing
37763	listing
37764	listing
37765	listing
37766	listing
37767	listing
37768	listing
37769	listing
37770	listing
37771	listing
37772	listing
37773	listing
37774	listing
37775	listing
37776	listing
37777	listing
37778	listing
37779	listing
37780	listing
37781	listing
37782	listing
37783	listing
37784	listing
37785	listing
37786	listing
37787	listing
37788	listing
37789	listing
37790	listing
37791	listing
37792	listing
37793	listing
37794	listing
37795	listing
37796	listing
37797	listing
37798	listing
37799	listing
37800	listing
37801	listing
37802	listing
37803	listing
37804	listing
37805	listing
37806	listing
37807	listing
37808	listing
37809	listing
37810	listing
37811	listing
37812	listing
37813	listing
37814	listing
37815	listing
37816	listing
37817	listing
37818	listing
37819	listing
37820	listing
37821	listing
37822	listing
37823	listing
37824	listing
37825	listing
37826	listing
37827	listing
37828	listing
37829	listing
37830	listing
37831	listing
37832	listing
37833	listing
37834	listing
37835	listing
37836	listing
37837	listing
37838	listing
37839	listing
37840	listing
37841	listing
37842	listing
37843	listing
37844	listing
37845	listing
37846	listing
37847	listing
37848	listing
37849	listing
37850	listing
37851	listing
37852	listing
37853	listing
37854	listing
37855	listing
37856	listing
37857	listing
37858	listing
37859	listing
37860	listing
37861	listing
37862	listing
37863	listing
37864	listing
37865	listing
37866	listing
37867	listing
37868	listing
37869	listing
37870	listing
37871	listing
37872	listing
37873	listing
37874	listing
37875	listing
37876	listing
37877	listing
37878	listing
37879	listing
37880	listing
37881	listing
37882	listing
37883	listing
37884	listing
37885	listing
37886	listing
37887	listing
37888	listing
37889	listing
37890	listing
37891	listing
37892	listing
37893	listing
37894	listing
37895	listing
37896	listing
37897	listing
37898	listing
37899	listing
37900	listing
37901	listing
37902	listing
37903	listing
37904	listing
37905	listing
37906	listing
37907	listing
37908	listing
37909	listing
37910	listing
37911	listing
37912	listing
37913	listing
37914	listing
37915	listing
37916	listing
37917	listing
37918	listing
37919	listing
37920	listing
37921	listing
37922	listing
37923	listing
37924	listing
37925	listing
37926	listing
37927	listing
37928	listing
37929	listing
37930	listing
37931	listing
37932	listing
37933	listing
37934	listing
37935	listing
37936	listing
37937	listing
37938	listing
37939	listing
37940	listing
37941	listing
37942	listing
37943	listing
37944	listing
37945	listing
37946	listing
37947	listing
37948	listing
37949	listing
37950	listing
37951	listing
37952	listing
37953	listing
37954	listing
37955	listing
37956	listing
37957	listing
37958	listing
37959	listing
37960	listing
37961	listing
37962	listing
37963	listing
37964	listing
37965	listing
37966	listing
37967	listing
37968	listing
37969	listing
37970	listing
37971	listing
37972	listing
37973	listing
37974	listing
37975	listing
37976	listing
37977	listing
37978	listing
37979	listing
37980	listing
37981	listing
37982	listing
37983	listing
37984	listing
37985	listing
37986	listing
37987	listing
37988	listing
37989	listing
37990	listing
37991	listing
37992	listing
37993	listing
37994	listing
37995	listing
37996	listing
37997	listing
37998	listing
37999	listing
38000	listing
38001	listing
38002	listing
38003	listing
38004	listing
38005	listing
38006	listing
38007	listing
38008	listing
38009	listing
38010	listing
38011	listing
38012	listing
38013	listing
38014	listing
38015	listing
38016	listing
38017	listing
38018	listing
38019	listing
38020	listing
38021	listing
38022	listing
38023	listing
38024	listing
38025	listing
38026	listing
38027	listing
38028	listing
38029	listing
38030	listing
38031	listing
38032	listing
38033	listing
38034	listing
38035	listing
38036	listing
38037	listing
38038	listing
38039	listing
38040	listing
38041	listing
38042	listing
38043	listing
38044	listing
38045	listing
38046	listing
38047	listing
38048	listing
38049	listing
38050	listing
38051	listing
38052	listing
38053	listing
38054	listing
38055	listing
38056	listing
38057	listing
38058	listing
38059	listing
38060	listing
38061	listing
38062	listing
38063	listing
38064	listing
38065	listing
38066	listing
38067	listing
38068	listing
38069	listing
38070	listing
38071	listing
38072	listing
38073	listing
38074	listing
38075	listing
38076	listing
38077	listing
38078	listing
38079	listing
38080	listing
38081	listing
38082	listing
38083	listing
38084	listing
38085	listing
38086	listing
38087	listing
38088	listing
38089	listing
38090	listing
38091	listing
38092	listing
38093	listing
38094	listing
38095	listing
38096	listing
38097	listing
38098	listing
38099	listing
38100	listing
38101	listing
38102	listing
38103	listing
38104	listing
38105	listing
38106	listing
38107	listing
38108	listing
38109	listing
38110	listing
38111	listing
38112	listing
38113	listing
38114	listing
38115	listing
38116	listing
38117	listing
38118	listing
38119	listing
38120	listing
38121	listing
38122	listing
38123	listing
38124	listing
38125	listing
38126	listing
38127	listing
38128	listing
38129	listing
38130	listing
38131	listing
38132	listing
38133	listing
38134	listing
38135	listing
38136	listing
38137	listing
38138	listing
38139	listing
38140	listing
38141	listing
38142	listing
38143	listing
38144	listing
38145	listing
38146	listing
38147	listing
38148	listing
38149	listing
38150	listing
38151	listing
38152	listing
38153	listing
38154	listing
38155	listing
38156	listing
38157	listing
38158	listing
38159	listing
38160	listing
38161	listing
38162	listing
38163	listing
38164	listing
38165	listing
38166	listing
38167	listing
38168	listing
38169	listing
38170	listing
38171	listing
38172	listing
38173	listing
38174	listing
38175	listing
38176	listing
38177	listing
38178	listing
38179	listing
38180	listing
38181	listing
38182	listing
38183	listing
38184	listing
38185	listing
38186	listing
38187	listing
38188	listing
38189	listing
38190	listing
38191	listing
38192	listing
38193	listing
38194	listing
38195	listing
38196	listing
38197	listing
38198	listing
38199	listing
38200	listing
38201	listing
38202	listing
38203	listing
38204	listing
38205	listing
38206	listing
38207	listing
38208	listing
38209	listing
38210	listing
38211	listing
38212	listing
38213	listing
38214	listing
38215	listing
38216	listing
38217	listing
38218	listing
38219	listing
38220	listing
38221	listing
38222	listing
38223	listing
38224	listing
38225	listing
38226	listing
38227	listing
38228	listing
38229	listing
38230	listing
38231	listing
38233	listing
38234	listing
38235	listing
38236	listing
38237	listing
38238	listing
38239	listing
38240	listing
38241	listing
38242	listing
38243	listing
38244	listing
38245	listing
38246	listing
38247	listing
38248	listing
38249	listing
38250	listing
38251	listing
38252	listing
38253	listing
38254	listing
38255	listing
38256	listing
38257	listing
38258	listing
38259	listing
38260	listing
38261	listing
38262	listing
38263	listing
38264	listing
38265	listing
38266	listing
38267	listing
38268	listing
38269	listing
38270	listing
38271	listing
38272	listing
38273	listing
38274	listing
38275	listing
38276	listing
38277	listing
38278	listing
38279	listing
38280	listing
38281	listing
38282	listing
38283	listing
38284	listing
38285	listing
38286	listing
38287	listing
38288	listing
38289	listing
38290	listing
38291	listing
38292	listing
38293	listing
38294	listing
38295	listing
38296	listing
38297	listing
38298	listing
38299	listing
38300	listing
38301	listing
38302	listing
38303	listing
38304	listing
38305	listing
38306	listing
38307	listing
38308	listing
38309	listing
38310	listing
38311	listing
38312	listing
38313	listing
38314	listing
38315	listing
38316	listing
38317	listing
38318	listing
38319	listing
38320	listing
38321	listing
38322	listing
38323	listing
38324	listing
38325	listing
38326	listing
38327	listing
38328	listing
38329	listing
38330	listing
38331	listing
38332	listing
38333	listing
38334	listing
38335	listing
38336	listing
38337	listing
38338	listing
38339	listing
38340	listing
38341	listing
38342	listing
38343	listing
38344	listing
38345	listing
38346	listing
38347	listing
38348	listing
38349	listing
38350	listing
38351	listing
38352	listing
38353	listing
38354	listing
38355	listing
38356	listing
38357	listing
38358	listing
38359	listing
38360	listing
38361	listing
38362	listing
38363	listing
38364	listing
38365	listing
38366	listing
38367	listing
38368	listing
38369	listing
38370	listing
38371	listing
38372	listing
38373	listing
38374	listing
38375	listing
38376	listing
38377	listing
38378	listing
38379	listing
38380	listing
38381	listing
38382	listing
38383	listing
38384	listing
38385	listing
38386	listing
38387	listing
38388	listing
38389	listing
38390	listing
38391	listing
38392	listing
38393	listing
38394	listing
38395	listing
38396	listing
38397	listing
38398	listing
38399	listing
38400	listing
38401	listing
38402	listing
38403	listing
38404	listing
38405	listing
38406	listing
38407	listing
38408	listing
38409	listing
38410	listing
38411	listing
38412	listing
38413	listing
38414	listing
38415	listing
38416	listing
38417	listing
38418	listing
38419	listing
38420	listing
38421	listing
38422	listing
38423	listing
38424	listing
38425	listing
38426	listing
38427	listing
38428	listing
38429	listing
38430	listing
38431	listing
38432	listing
38433	listing
38434	listing
38435	listing
38436	listing
38437	listing
38438	listing
38439	listing
38440	listing
38441	listing
38442	listing
38443	listing
38444	listing
38445	listing
38446	listing
38447	listing
38448	listing
38449	listing
38450	listing
38451	listing
38452	listing
38453	listing
38454	listing
38455	listing
38456	listing
38457	listing
38458	listing
38459	listing
38460	listing
38461	listing
38462	listing
38463	listing
38464	listing
38465	listing
38466	listing
38467	listing
38468	listing
38469	listing
38470	listing
38471	listing
38472	listing
38473	listing
38474	listing
38475	listing
38476	listing
38477	listing
38478	listing
38479	listing
38480	listing
38481	listing
38482	listing
38483	listing
38484	listing
38485	listing
38486	listing
38487	listing
38488	listing
38489	listing
38490	listing
38491	listing
38492	listing
38493	listing
38494	listing
38495	listing
38496	listing
38497	listing
38498	listing
38499	listing
38500	listing
38501	listing
38502	listing
38503	listing
38504	listing
38505	listing
38506	listing
38507	listing
38508	listing
38509	listing
38510	listing
38511	listing
38512	listing
38513	listing
38514	listing
38515	listing
38516	listing
38517	listing
38518	listing
38519	listing
38520	listing
38521	listing
38522	listing
38523	listing
38524	listing
38525	listing
38526	listing
38527	listing
38528	listing
38529	listing
38530	listing
38531	listing
38532	listing
38533	listing
38534	listing
38535	listing
38536	listing
38537	listing
38538	listing
38539	listing
38540	listing
38541	listing
38542	listing
38543	listing
38544	listing
38545	listing
38546	listing
38547	listing
38548	listing
38549	listing
38550	listing
38551	listing
38552	listing
38553	listing
38554	listing
38555	listing
38556	listing
38557	listing
38558	listing
38559	listing
38560	listing
38561	listing
38562	listing
38563	listing
38564	listing
38565	listing
38566	listing
38567	listing
38568	listing
38569	listing
38570	listing
38571	listing
38572	listing
38573	listing
38574	listing
38575	listing
38576	listing
38577	listing
38578	listing
38579	listing
38580	listing
38581	listing
38582	listing
38583	listing
38584	listing
38585	listing
38586	listing
38587	listing
38588	listing
38589	listing
38590	listing
38591	listing
38592	listing
38593	listing
38594	listing
38595	listing
38596	listing
38597	listing
38598	listing
38599	listing
38600	listing
38601	listing
38602	listing
38603	listing
38604	listing
38605	listing
38606	listing
38607	listing
38608	listing
38609	listing
38610	listing
38611	listing
38612	listing
38613	listing
38614	listing
38615	listing
38616	listing
38617	listing
38618	listing
38619	listing
38620	listing
38621	listing
38622	listing
38623	listing
38624	listing
38625	listing
38626	listing
38627	listing
38628	listing
38629	listing
38630	listing
38631	listing
38632	listing
38633	listing
38634	listing
38635	listing
38636	listing
38637	listing
38638	listing
38639	listing
38640	listing
38641	listing
38642	listing
38643	listing
38644	listing
38645	listing
38646	listing
38647	listing
38648	listing
38649	listing
38650	listing
38651	listing
38652	listing
38653	listing
38654	listing
38655	listing
38656	listing
38657	listing
38658	listing
38659	listing
38660	listing
38661	listing
38662	listing
38663	listing
38664	listing
38665	listing
38666	listing
38667	listing
38668	listing
38669	listing
38670	listing
38671	listing
38672	listing
38673	listing
38674	listing
38675	listing
38676	listing
38677	listing
38678	listing
38679	listing
38680	listing
38681	listing
38682	listing
38683	listing
38684	listing
38685	listing
38686	listing
38687	listing
38688	listing
38689	listing
38690	listing
38691	listing
38692	listing
38693	listing
38694	listing
38695	listing
38696	listing
38697	listing
38698	listing
38699	listing
38700	listing
38701	listing
38702	listing
38703	listing
38704	listing
38705	listing
38706	listing
38707	listing
38708	listing
38709	listing
38710	listing
38711	listing
38712	listing
38713	listing
38714	listing
38715	listing
38716	listing
38717	listing
38718	listing
38719	listing
38720	listing
38721	listing
38722	listing
38723	listing
38724	listing
38725	listing
38726	listing
38727	listing
38728	listing
38729	listing
38730	listing
38731	listing
38732	listing
38733	listing
38734	listing
38735	listing
38736	listing
38737	listing
38738	listing
38739	listing
38740	listing
38741	listing
38742	listing
38743	listing
38744	listing
38745	listing
38746	listing
38747	listing
38748	listing
38749	listing
38750	listing
38751	listing
38752	listing
38753	listing
38754	listing
38755	listing
38756	listing
38757	listing
38758	listing
38759	listing
38760	listing
38761	listing
38762	listing
38763	listing
38764	listing
38765	listing
38766	listing
38767	listing
38768	listing
38769	listing
38770	listing
38771	listing
38772	listing
38773	listing
38774	listing
38775	listing
38776	listing
38777	listing
38778	listing
38779	listing
38780	listing
38781	listing
38782	listing
38783	listing
38784	listing
38785	listing
38786	listing
38787	listing
38788	listing
38789	listing
38790	listing
38791	listing
38792	listing
38793	listing
38794	listing
38795	listing
38796	listing
38797	listing
38798	listing
38799	listing
38800	listing
38801	listing
38802	listing
38803	listing
38804	listing
38805	listing
38806	listing
38807	listing
38808	listing
38809	listing
38810	listing
38811	listing
38812	listing
38813	listing
38814	listing
38815	listing
38816	listing
38817	listing
38818	listing
38819	listing
38820	listing
38821	listing
38822	listing
38823	listing
38824	listing
38825	listing
38826	listing
38827	listing
38828	listing
38829	listing
38830	listing
38831	listing
38832	listing
38833	listing
38834	listing
38835	listing
38836	listing
38837	listing
38838	listing
38839	listing
38840	listing
38841	listing
38842	listing
38843	listing
38844	listing
38845	listing
38846	listing
38847	listing
38848	listing
38849	listing
38850	listing
38851	listing
38852	listing
38853	listing
38854	listing
38855	listing
38856	listing
38857	listing
38858	listing
38859	listing
38860	listing
38861	listing
38862	listing
38863	listing
38864	listing
38865	listing
38866	listing
38867	listing
38868	listing
38869	listing
38870	listing
38871	listing
38872	listing
38873	listing
38874	listing
38875	listing
38876	listing
38877	listing
38878	listing
38879	listing
38880	listing
38881	listing
38882	listing
38883	listing
38884	listing
38885	listing
38886	listing
38887	listing
38888	listing
38889	listing
38890	listing
38891	listing
38892	listing
38893	listing
38894	listing
38895	listing
38896	listing
38897	listing
38898	listing
38899	listing
38900	listing
38901	listing
38902	listing
38903	listing
38904	listing
38905	listing
38906	listing
38907	listing
38908	listing
38909	listing
38910	listing
38911	listing
38912	listing
38913	listing
38914	listing
38915	listing
38916	listing
38917	listing
38918	listing
38919	listing
38920	listing
38921	listing
38922	listing
38923	listing
38924	listing
38925	listing
38926	listing
38927	listing
38928	listing
38929	listing
38930	listing
38931	listing
38932	listing
38933	listing
38934	listing
38935	listing
38936	listing
38937	listing
38938	listing
38939	listing
38940	listing
38941	listing
38942	listing
38943	listing
38944	listing
38945	listing
38946	listing
38947	listing
38948	listing
38949	listing
38950	listing
38951	listing
38952	listing
38953	listing
38954	listing
38955	listing
38956	listing
38957	listing
38958	listing
38959	listing
38960	listing
38961	listing
38962	listing
38963	listing
38964	listing
38965	listing
38966	listing
38967	listing
38968	listing
38969	listing
38970	listing
38971	listing
38972	listing
38973	listing
38974	listing
38975	listing
38976	listing
38977	listing
38978	listing
38979	listing
38980	listing
38981	listing
38982	listing
38983	listing
38984	listing
38985	listing
38986	listing
38987	listing
38988	listing
38989	listing
38990	listing
38991	listing
38992	listing
38993	listing
38994	listing
38995	listing
38996	listing
38997	listing
38998	listing
38999	listing
39000	listing
39001	listing
39002	listing
39003	listing
39004	listing
39005	listing
39006	listing
39007	listing
39008	listing
39009	listing
39010	listing
39011	listing
39012	listing
39013	listing
39014	listing
39015	listing
39016	listing
39017	listing
39018	listing
39019	listing
39020	listing
39021	listing
39022	listing
39023	listing
39024	listing
39025	listing
39026	listing
39027	listing
39028	listing
39029	listing
39030	listing
39031	listing
39032	listing
39033	listing
39034	listing
39035	listing
39036	listing
39037	listing
39038	listing
39039	listing
39040	listing
39041	listing
39042	listing
39043	listing
39044	listing
39045	listing
39046	listing
39047	listing
39048	listing
39049	listing
39050	listing
39051	listing
39052	listing
39053	listing
39054	listing
39055	listing
39056	listing
39057	listing
39058	listing
39059	listing
39060	listing
39061	listing
39062	listing
39063	listing
39064	listing
39065	listing
39066	listing
39067	listing
39068	listing
39069	listing
39070	listing
39071	listing
39072	listing
39073	listing
39074	listing
39075	listing
39076	listing
39077	listing
39078	listing
39079	listing
39080	listing
39081	listing
39082	listing
39083	listing
39084	listing
39085	listing
39086	listing
39087	listing
39088	listing
39089	listing
39090	listing
39091	listing
39092	listing
39093	listing
39094	listing
39095	listing
39096	listing
39097	listing
39098	listing
39099	listing
39100	listing
39101	listing
39102	listing
39103	listing
39104	listing
39105	listing
39106	listing
39107	listing
39108	listing
39109	listing
39110	listing
39111	listing
39112	listing
39113	listing
39114	listing
39115	listing
39116	listing
39117	listing
39118	listing
39119	listing
39120	listing
39121	listing
39122	listing
39123	listing
39124	listing
39125	listing
39126	listing
39127	listing
39128	listing
39129	listing
39130	listing
39131	listing
39132	listing
39133	listing
39134	listing
39135	listing
39136	listing
39137	listing
39138	listing
39139	listing
39140	listing
39141	listing
39142	listing
39143	listing
39144	listing
39145	listing
39146	listing
39147	listing
39148	listing
39149	listing
39150	listing
39151	listing
39152	listing
39153	listing
39154	listing
39155	listing
39156	listing
39157	listing
39158	listing
39159	listing
39160	listing
39161	listing
39162	listing
39163	listing
39164	listing
39165	listing
39166	listing
39167	listing
39168	listing
39169	listing
39170	listing
39171	listing
39172	listing
39173	listing
39174	listing
39175	listing
39176	listing
39177	listing
39178	listing
39179	listing
39180	listing
39181	listing
39182	listing
39183	listing
39184	listing
39185	listing
39186	listing
39187	listing
39188	listing
39189	listing
39190	listing
39191	listing
39192	listing
39193	listing
39194	listing
39195	listing
39196	listing
39197	listing
39198	listing
39199	listing
39200	listing
39201	listing
39202	listing
39203	listing
39204	listing
39205	listing
39206	listing
39207	listing
39208	listing
39209	listing
39210	listing
39211	listing
39212	listing
39213	listing
39214	listing
39215	listing
39216	listing
39217	listing
39218	listing
39219	listing
39220	listing
39221	listing
39222	listing
39223	listing
39224	listing
39225	listing
39226	listing
39227	listing
39228	listing
39229	listing
39230	listing
39231	listing
39232	listing
39233	listing
39234	listing
39398	url-variant
39399	url-variant
39400	url-variant
39401	url-variant
39402	url-variant
39403	url-variant
39404	url-variant
39405	url-variant
39406	url-variant
39412	url-variant
39421	url-variant
39437	url-variant
39472	url-variant
39568	url-variant
39589	url-variant
39831	url-variant
39877	url-variant
39878	url-variant
39879	url-variant
39880	url-variant
39881	url-variant
39882	url-variant
39883	url-variant
39884	url-variant
39885	url-variant
39886	url-variant
39887	url-variant
39888	url-variant
39889	url-variant
39890	url-variant
39891	url-variant
39892	url-variant
39893	url-variant
39894	url-variant
39978	listing
39979	listing
39980	listing
39981	listing
39982	listing
39983	listing
39984	listing
39985	listing
39986	listing
39987	listing
39988	listing
39989	listing
39990	listing
39991	listing
39992	listing
39993	listing
39994	listing
39995	listing
39996	listing
39997	listing
39998	listing
39999	listing
40000	listing
40001	listing
40002	listing
40003	listing
40004	listing
40005	listing
40006	listing
40007	listing
40008	listing
40009	listing
40010	listing
40011	listing
40012	listing
40013	listing
40014	listing
40015	listing
40016	listing
40017	listing
40018	listing
40019	listing
40020	listing
40021	listing
40022	listing
40023	listing
40024	listing
40025	listing
40026	listing
40027	listing
40028	listing
40029	listing
40030	listing
40031	listing
40032	listing
40033	listing
40034	listing
40035	listing
40036	listing
40037	listing
40038	listing
40039	listing
40040	listing
40041	listing
40042	listing
40043	listing
40044	listing
40045	listing
40046	listing
40047	listing
40048	listing
40049	listing
40050	listing
40051	listing
40052	listing
40053	listing
40054	listing
40055	listing
40056	listing
40057	listing
40058	listing
40059	listing
40060	listing
40061	listing
40062	listing
40063	listing
40064	listing
40065	listing
40066	listing
40067	listing
40068	listing
40069	listing
40070	listing
40071	listing
40162	listing
40164	listing
40309	url-variant
40326	url-variant
40589	url-variant
40640	url-variant
40688	url-variant
40735	url-variant
40736	url-variant
40737	url-variant
40738	url-variant
40740	url-variant
40867	url-variant
40904	url-variant
41010	url-variant
41050	url-variant
41169	url-variant
41170	url-variant
41171	url-variant
41172	url-variant
41173	url-variant
41174	url-variant
41175	url-variant
41176	url-variant
41177	url-variant
41275	listing
41276	listing
41277	listing
41278	listing
41288	inventory
41289	inventory
41290	inventory
41291	inventory
41292	inventory
41293	inventory
41294	inventory
41295	inventory
41296	inventory
41297	inventory
41298	inventory
41299	inventory
41300	inventory
41301	inventory
41302	inventory
41303	inventory
41304	inventory
41305	inventory
41306	inventory
41307	inventory
41308	inventory
41309	inventory
41310	inventory
41311	inventory
41312	inventory
41313	inventory
41314	inventory
41315	inventory
41316	inventory
41317	inventory
41318	inventory
41319	inventory
41320	inventory
41321	inventory
41322	inventory
41323	inventory
41324	inventory
41325	inventory
41326	inventory
41327	inventory
41328	inventory
41329	inventory
41330	inventory
41331	inventory
41332	inventory
41333	inventory
41334	inventory
41335	inventory
41336	inventory
41337	inventory
41338	inventory
41339	inventory
41340	inventory
41341	inventory
41342	inventory
41343	inventory
41344	inventory
41345	inventory
41346	inventory
41347	inventory
41348	inventory
41349	inventory
41350	inventory
41351	inventory
41352	inventory
41353	inventory
41354	inventory
41355	inventory
41356	inventory
41357	inventory
41358	inventory
41359	inventory
41360	inventory
41361	inventory
41362	inventory
41363	inventory
41364	inventory
41365	inventory
41366	inventory
41367	inventory
41368	inventory
41369	inventory
41370	inventory
41371	inventory
41372	inventory
41373	inventory
41374	inventory
41375	inventory
41376	inventory
41377	inventory
41378	inventory
41379	inventory
41380	inventory
41381	inventory
41382	inventory
41383	inventory
41384	inventory
41385	inventory
41386	inventory
41387	inventory
41388	inventory
41389	inventory
41390	inventory
41391	inventory
41392	inventory
41393	inventory
41394	inventory
41395	inventory
41396	inventory
41397	inventory
41398	inventory
41399	inventory
41400	inventory
41401	inventory
41402	inventory
41403	inventory
41404	inventory
41405	inventory
41406	inventory
41407	inventory
41408	inventory
41409	inventory
41410	inventory
41411	inventory
41412	inventory
41413	inventory
41414	inventory
41415	inventory
41416	inventory
41417	inventory
41418	inventory
41419	inventory
41420	inventory
41421	inventory
41422	inventory
41423	inventory
41424	inventory
41425	inventory
41426	inventory
41427	inventory
41428	inventory
41429	inventory
41430	inventory
41431	inventory
41432	inventory
41433	inventory
41434	inventory
41435	inventory
41436	inventory
41437	inventory
41438	inventory
41439	inventory
41440	inventory
41441	inventory
41442	inventory
41443	inventory
41444	inventory
41445	inventory
41446	inventory
41447	inventory
41448	inventory
41449	inventory
41450	inventory
41451	inventory
41452	inventory
41453	inventory
41454	inventory
41455	inventory
41456	inventory
41457	inventory
41458	inventory
41459	inventory
41460	inventory
41461	inventory
41462	inventory
41463	inventory
41464	inventory
41465	inventory
41466	inventory
41467	inventory
41468	inventory
41469	inventory
41470	inventory
41471	inventory
41472	inventory
41473	inventory
41474	inventory
41475	inventory
41476	inventory
41477	inventory
41478	inventory
41479	inventory
41480	inventory
41481	inventory
41482	inventory
41483	inventory
41484	inventory
41485	inventory
41486	inventory
41487	inventory
41488	inventory
41489	inventory
41490	inventory
41491	inventory
41492	inventory
41493	inventory
41494	inventory
41495	inventory
41496	inventory
41497	inventory
41498	inventory
41499	inventory
41500	inventory
41501	inventory
41502	inventory
41503	inventory
41504	inventory
41505	inventory
41506	inventory
41507	inventory
41508	inventory
41509	inventory
41510	inventory
41511	inventory
41512	inventory
41513	inventory
41514	inventory
41515	inventory
41516	inventory
41517	inventory
41518	inventory
41519	inventory
41520	inventory
41521	inventory
41522	inventory
41523	inventory
41524	inventory
41525	inventory
41526	inventory
41527	inventory
41528	inventory
41529	inventory
41530	inventory
41531	inventory
41532	inventory
41533	inventory
41534	inventory
41535	inventory
41536	inventory
41537	inventory
41538	inventory
41539	inventory
41540	inventory
41541	inventory
41542	inventory
41543	inventory
41544	inventory
41545	inventory
41546	inventory
41547	inventory
41548	inventory
41549	inventory
41550	inventory
41551	inventory
41552	inventory
41553	inventory
41554	inventory
41555	inventory
41556	inventory
41557	inventory
41558	inventory
41559	inventory
41560	inventory
41561	inventory
41562	inventory
41563	inventory
41564	inventory
41565	inventory
41566	inventory
41567	inventory
41568	inventory
41569	inventory
41570	inventory
41571	inventory
41572	inventory
41573	inventory
41574	inventory
41575	inventory
41576	inventory
41577	inventory
41578	inventory
41579	inventory
41580	inventory
41581	inventory
41582	inventory
41583	inventory
41584	inventory
41585	inventory
41586	inventory
41587	inventory
41588	inventory
41589	inventory
41590	inventory
41591	inventory
41592	inventory
41593	inventory
41594	inventory
41595	inventory
41596	inventory
41597	inventory
41598	inventory
41599	inventory
41600	inventory
41601	inventory
41602	inventory
41603	inventory
41604	inventory
41605	inventory
41606	inventory
41607	inventory
41608	inventory
41609	inventory
41610	inventory
41611	inventory
41612	inventory
41613	inventory
41614	inventory
41615	inventory
41616	inventory
41617	inventory
41618	inventory
41619	inventory
41620	inventory
41621	inventory
41622	inventory
41623	inventory
41624	inventory
41625	inventory
41626	inventory
41627	inventory
41628	inventory
41629	inventory
41630	inventory
41631	inventory
41632	inventory
41633	inventory
41634	inventory
41635	inventory
41636	inventory
41637	inventory
41638	inventory
41639	inventory
41640	inventory
41641	inventory
41642	inventory
41643	inventory
41644	inventory
41645	inventory
41646	inventory
41647	inventory
41648	inventory
41649	inventory
41650	inventory
41651	inventory
41652	inventory
41653	inventory
41654	inventory
41655	inventory
41656	inventory
41657	inventory
41658	inventory
41659	inventory
41660	inventory
41661	inventory
41662	inventory
41663	inventory
41664	inventory
41665	inventory
41666	inventory
41667	inventory
41668	inventory
41669	inventory
41670	inventory
41671	inventory
41672	inventory
41673	inventory
41674	inventory
41675	inventory
41676	inventory
41677	inventory
41678	inventory
41679	inventory
41680	inventory
41681	inventory
41682	inventory
41683	inventory
41684	inventory
41685	inventory
41686	inventory
41687	inventory
41688	inventory
41689	inventory
41690	inventory
41691	inventory
41692	inventory
41693	inventory
41694	inventory
41695	inventory
41696	inventory
41697	inventory
41698	inventory
41699	inventory
41700	inventory
41701	inventory
41702	inventory
41703	inventory
41704	inventory
41705	inventory
41706	inventory
41707	inventory
41708	inventory
41709	inventory
41710	inventory
41711	inventory
41712	inventory
41713	inventory
41714	inventory
41715	inventory
41716	inventory
41717	inventory
41718	inventory
41719	inventory
41720	inventory
41721	inventory
41722	inventory
41723	inventory
41724	inventory
41725	inventory
41726	inventory
41727	inventory
41728	inventory
41729	inventory
41730	inventory
41731	inventory
41732	inventory
41733	inventory
41734	inventory
41735	inventory
41736	inventory
41737	inventory
41738	inventory
41739	inventory
41740	inventory
41741	inventory
41742	inventory
41743	inventory
41744	inventory
41745	inventory
41746	inventory
41747	inventory
41748	inventory
41749	inventory
41750	inventory
41751	inventory
41752	inventory
41753	inventory
41754	inventory
41755	inventory
41756	inventory
41757	inventory
41758	inventory
41759	inventory
41760	inventory
41761	inventory
41762	inventory
41763	inventory
41764	inventory
41765	inventory
41766	inventory
41767	inventory
41768	inventory
41769	inventory
41770	inventory
41771	inventory
41772	inventory
41773	inventory
41774	inventory
41775	inventory
41776	inventory
41777	inventory
41778	inventory
41779	inventory
41780	inventory
41781	inventory
41782	inventory
41783	inventory
41784	inventory
41785	inventory
41786	inventory
41787	inventory
41788	inventory
41789	inventory
41790	inventory
41791	inventory
41792	inventory
41793	inventory
41794	inventory
41795	inventory
41796	inventory
41797	inventory
41798	inventory
41799	inventory
41800	inventory
41801	inventory
41802	inventory
41803	inventory
41804	inventory
41805	inventory
41806	inventory
41807	inventory
41808	inventory
41809	inventory
41810	inventory
41811	inventory
41812	inventory
41813	inventory
41814	inventory
41815	inventory
41816	inventory
41817	inventory
41818	inventory
41819	inventory
41820	inventory
41821	inventory
41822	inventory
41823	inventory
41824	inventory
41825	inventory
41826	inventory
41827	inventory
41828	inventory
41829	inventory
41830	inventory
41831	inventory
41832	inventory
41833	inventory
41834	inventory
41835	inventory
41836	inventory
41837	inventory
41838	inventory
41839	inventory
41840	inventory
41841	inventory
41842	inventory
41843	inventory
41844	inventory
41845	inventory
41846	inventory
41847	inventory
41848	inventory
41849	inventory
41850	inventory
41851	inventory
41852	inventory
41853	inventory
41854	inventory
41855	inventory
41856	inventory
41857	inventory
41858	inventory
41859	inventory
41860	inventory
41861	inventory
41862	inventory
41863	inventory
41864	inventory
41865	inventory
41866	inventory
41867	inventory
41868	inventory
41869	inventory
41870	inventory
41871	inventory
41872	inventory
41873	inventory
41874	inventory
41875	inventory
41876	inventory
41877	inventory
41878	inventory
41879	inventory
41880	inventory
41881	inventory
41882	inventory
41883	inventory
41884	inventory
41885	inventory
41886	inventory
41887	inventory
41888	inventory
41889	inventory
41890	inventory
41891	inventory
41892	inventory
41893	inventory
41894	inventory
41895	inventory
41896	inventory
41897	inventory
41898	inventory
41899	inventory
41900	inventory
41901	inventory
41902	inventory
41903	inventory
41904	inventory
41905	inventory
41906	inventory
41907	inventory
41908	inventory
41909	inventory
41910	inventory
41911	inventory
41912	inventory
41913	inventory
41914	inventory
41915	inventory
41916	inventory
41917	inventory
41918	inventory
41919	inventory
41920	inventory
41921	inventory
41922	inventory
41923	inventory
41924	inventory
41925	inventory
41926	inventory
41927	inventory
41928	inventory
41929	inventory
41930	inventory
41931	inventory
41932	inventory
41933	inventory
41934	inventory
41935	inventory
41936	inventory
41937	inventory
41938	inventory
41939	inventory
41940	inventory
41941	inventory
41942	inventory
41943	inventory
41944	inventory
41945	inventory
41946	inventory
41947	inventory
41948	inventory
41949	inventory
41950	inventory
41951	inventory
41952	inventory
41953	inventory
41954	inventory
41955	inventory
41956	inventory
41957	inventory
41958	inventory
41959	inventory
41960	inventory
41961	inventory
41962	inventory
41963	inventory
41964	inventory
41965	inventory
41966	inventory
41967	inventory
41968	inventory
41969	inventory
41970	inventory
41971	inventory
41972	inventory
41973	inventory
41974	inventory
41975	inventory
41976	inventory
41977	inventory
41978	inventory
41979	inventory
41980	inventory
41981	inventory
41982	inventory
41983	inventory
41984	inventory
41985	inventory
41986	inventory
41987	inventory
41988	inventory
41989	inventory
41990	inventory
41991	inventory
41992	inventory
41993	inventory
41994	inventory
41995	inventory
41996	inventory
41997	inventory
41998	inventory
41999	inventory
42000	inventory
42001	inventory
42002	inventory
42003	inventory
42004	inventory
42005	inventory
42006	inventory
42007	inventory
42008	inventory
42009	inventory
42010	inventory
42011	inventory
42012	inventory
42013	inventory
42014	inventory
42015	inventory
42016	inventory
42017	inventory
42018	inventory
42019	inventory
42020	inventory
42021	inventory
42022	inventory
42023	inventory
42024	inventory
42025	inventory
42026	inventory
42027	inventory
42028	inventory
42029	inventory
42030	inventory
42031	inventory
42032	inventory
42033	inventory
42034	inventory
42035	inventory
42036	inventory
42037	inventory
42038	inventory
42039	inventory
42040	inventory
42041	inventory
42042	inventory
42043	inventory
42044	inventory
42045	inventory
42046	inventory
42047	inventory
42048	inventory
42049	inventory
42050	inventory
42051	inventory
42052	inventory
42053	inventory
42054	inventory
42055	inventory
42056	inventory
42057	inventory
42058	inventory
42059	inventory
42060	inventory
42061	inventory
42062	inventory
42063	inventory
42064	inventory
42065	inventory
42066	inventory
42067	inventory
42068	inventory
42069	inventory
42070	inventory
42071	inventory
42072	inventory
42073	inventory
42074	inventory
42075	inventory
42076	inventory
42077	inventory
42078	inventory
42079	inventory
42080	inventory
42081	inventory
42082	inventory
42083	inventory
42084	inventory
42085	inventory
42086	inventory
42087	inventory
42088	inventory
42089	inventory
42090	inventory
42091	inventory
42092	inventory
42093	inventory
42094	inventory
42095	inventory
42096	inventory
42097	inventory
42098	inventory
42099	inventory
42100	inventory
42101	inventory
42102	inventory
42103	inventory
42104	inventory
42105	inventory
42106	inventory
42107	inventory
42108	inventory
42109	inventory
42110	inventory
42111	inventory
42112	inventory
42113	inventory
42114	inventory
42115	inventory
42116	inventory
42117	inventory
42118	inventory
42119	inventory
42120	inventory
42121	inventory
42122	inventory
42123	inventory
42124	inventory
42125	inventory
42126	inventory
42127	inventory
42128	inventory
42129	inventory
42130	inventory
42131	inventory
42132	inventory
42133	inventory
42134	inventory
42135	inventory
42136	inventory
42137	inventory
42138	inventory
42139	inventory
42140	inventory
42141	inventory
42142	inventory
42143	inventory
42144	inventory
42145	inventory
42146	inventory
42147	inventory
42148	inventory
42149	inventory
42150	inventory
42151	inventory
42152	inventory
42153	inventory
42154	inventory
42155	inventory
42156	inventory
42157	inventory
42158	inventory
42159	inventory
42160	inventory
42161	inventory
42162	inventory
42163	inventory
42164	inventory
42165	inventory
42166	inventory
42167	inventory
42168	inventory
42169	inventory
42170	inventory
42171	inventory
42172	inventory
42173	inventory
42174	inventory
42175	inventory
42176	inventory
42177	inventory
42178	inventory
42179	inventory
42180	inventory
42181	inventory
42182	inventory
42183	inventory
42184	inventory
42185	inventory
42186	inventory
42187	inventory
42188	inventory
42189	inventory
42190	inventory
42191	inventory
42192	inventory
42193	inventory
42194	inventory
42195	inventory
42196	inventory
42197	inventory
42198	inventory
42199	inventory
42200	inventory
42201	inventory
42202	inventory
42203	inventory
42204	inventory
42205	inventory
42206	inventory
42207	inventory
42208	inventory
42209	inventory
42210	inventory
42211	inventory
42212	inventory
42213	inventory
42214	inventory
42215	inventory
42216	inventory
42217	inventory
42218	inventory
42219	inventory
42220	inventory
42221	inventory
42222	inventory
42223	inventory
42224	inventory
42225	inventory
42226	inventory
42227	inventory
42228	inventory
42229	inventory
42230	inventory
42231	inventory
42232	inventory
42233	inventory
42234	inventory
42235	inventory
42236	inventory
42237	inventory
42238	inventory
42239	inventory
42240	inventory
42241	inventory
42242	inventory
42243	inventory
42244	inventory
42245	inventory
42246	inventory
42247	inventory
42248	inventory
42249	inventory
42250	inventory
42251	inventory
42252	inventory
42253	inventory
42254	inventory
42255	inventory
42256	inventory
42257	inventory
42258	inventory
42259	inventory
42260	inventory
42261	inventory
42262	inventory
42263	inventory
42264	inventory
42265	inventory
42266	inventory
42267	inventory
42268	inventory
42269	inventory
42270	inventory
42271	inventory
42272	inventory
42273	inventory
42274	inventory
42275	inventory
42276	inventory
42277	inventory
42278	inventory
42279	inventory
42280	inventory
42281	inventory
42282	inventory
42283	inventory
42284	inventory
42285	inventory
42286	inventory
42287	inventory
42288	inventory
42289	inventory
42290	inventory
42291	inventory
42292	inventory
42294	inventory
42295	inventory
42296	inventory
42297	inventory
42298	inventory
42299	inventory
42300	inventory
42301	inventory
42302	inventory
42303	inventory
42304	inventory
42305	inventory
42306	inventory
42307	inventory
42308	inventory
42309	inventory
42310	inventory
42311	inventory
42312	inventory
42313	inventory
42314	inventory
42315	inventory
42316	inventory
42317	inventory
42318	inventory
42319	inventory
42320	inventory
42321	inventory
42322	inventory
42323	inventory
42324	inventory
42325	inventory
42326	inventory
42327	inventory
42328	inventory
42329	inventory
42330	inventory
42331	inventory
42332	inventory
42333	inventory
42334	inventory
42335	inventory
42336	inventory
42337	inventory
42338	inventory
42339	inventory
42340	inventory
42341	inventory
42342	inventory
42343	inventory
42344	inventory
42345	inventory
42346	inventory
42347	inventory
42348	inventory
42349	inventory
42350	inventory
42351	inventory
42352	inventory
42353	inventory
42354	inventory
42355	inventory
42356	inventory
42357	inventory
42358	inventory
42359	inventory
42360	inventory
42361	inventory
42362	inventory
42363	inventory
42364	inventory
42365	inventory
42366	inventory
42367	inventory
42368	inventory
42369	inventory
42370	inventory
42371	inventory
42372	inventory
42373	inventory
42374	inventory
42375	inventory
42376	inventory
42377	inventory
42378	inventory
42379	inventory
42380	inventory
42381	inventory
42382	inventory
42383	inventory
42384	inventory
42385	inventory
42386	inventory
42387	inventory
42388	inventory
42389	inventory
42390	inventory
42391	inventory
42392	inventory
42393	inventory
42394	inventory
42395	inventory
42396	inventory
42397	inventory
42398	inventory
42399	inventory
42400	inventory
42401	inventory
42402	inventory
42403	inventory
42404	inventory
42405	inventory
42406	inventory
42407	inventory
42408	inventory
42409	inventory
42410	inventory
42411	inventory
42412	inventory
42413	inventory
42414	inventory
42415	inventory
42416	inventory
42417	inventory
42418	inventory
42419	inventory
42420	inventory
42421	inventory
42422	inventory
42423	inventory
42424	inventory
42425	inventory
42426	inventory
42427	inventory
42428	inventory
42429	inventory
42430	inventory
42431	inventory
42432	inventory
42433	inventory
42434	inventory
42435	inventory
42436	inventory
42437	inventory
42438	inventory
42439	inventory
42440	inventory
42441	inventory
42442	inventory
42443	inventory
42444	inventory
42445	inventory
42446	inventory
42447	inventory
42448	inventory
42449	inventory
42450	inventory
42451	inventory
42452	inventory
42453	inventory
42454	inventory
42455	inventory
42456	inventory
42457	inventory
42458	inventory
42459	inventory
42460	inventory
42461	inventory
42462	inventory
42463	inventory
42464	inventory
42465	inventory
42466	inventory
42467	inventory
42468	inventory
42469	inventory
42470	inventory
42471	inventory
42472	inventory
42473	inventory
42474	inventory
42475	inventory
42476	inventory
42477	inventory
42478	inventory
42479	inventory
42480	inventory
42481	inventory
42482	inventory
42483	inventory
42484	inventory
42485	inventory
42486	inventory
42487	inventory
42488	inventory
42489	inventory
42490	inventory
42491	inventory
42492	inventory
42493	inventory
42494	inventory
42495	inventory
42496	inventory
42497	inventory
42498	inventory
42499	inventory
42500	inventory
42501	inventory
42502	inventory
42503	inventory
42504	inventory
42505	inventory
42506	inventory
42507	inventory
42508	inventory
42509	inventory
42510	inventory
42511	inventory
42512	inventory
42513	inventory
42514	inventory
42515	inventory
42516	inventory
42517	inventory
42518	inventory
42519	inventory
42520	inventory
42521	inventory
42522	inventory
42523	inventory
42524	inventory
42525	inventory
42526	inventory
42527	inventory
42528	inventory
42529	inventory
42530	inventory
42531	inventory
42532	inventory
42533	inventory
42534	inventory
42535	inventory
42536	inventory
42537	inventory
42538	inventory
42539	inventory
42540	inventory
42541	inventory
42542	inventory
42543	inventory
42544	inventory
42545	inventory
42546	inventory
42547	inventory
42548	inventory
42549	inventory
42550	inventory
42551	inventory
42552	inventory
42553	inventory
42554	inventory
42555	inventory
42556	inventory
42557	inventory
42558	inventory
42559	inventory
42560	inventory
42561	inventory
42562	inventory
42563	inventory
42564	inventory
42565	inventory
42566	inventory
42567	inventory
42568	inventory
42569	inventory
42570	inventory
42571	inventory
42572	inventory
42573	inventory
42574	inventory
42575	inventory
42576	inventory
42577	inventory
42578	inventory
42579	inventory
42580	inventory
42581	inventory
42582	inventory
42583	inventory
42584	inventory
42585	inventory
42586	inventory
42587	inventory
42588	inventory
42589	inventory
42590	inventory
42591	inventory
42592	inventory
42593	inventory
42594	inventory
42595	inventory
42596	inventory
42597	inventory
42598	inventory
42599	inventory
42600	inventory
42601	inventory
42602	inventory
42603	inventory
42604	inventory
42605	inventory
42606	inventory
42607	inventory
42608	inventory
42609	inventory
42610	inventory
42611	inventory
42612	inventory
42613	inventory
42614	inventory
42615	inventory
42616	inventory
42617	inventory
42618	inventory
42619	inventory
42620	inventory
42621	inventory
42622	inventory
42623	inventory
42624	inventory
42625	inventory
42626	inventory
42627	inventory
42628	inventory
42629	inventory
42630	inventory
42631	inventory
42632	inventory
42633	inventory
42634	inventory
42635	inventory
42636	inventory
42637	inventory
42638	inventory
42639	inventory
42640	inventory
42641	inventory
42642	inventory
42643	inventory
42644	inventory
42645	inventory
42646	inventory
42647	inventory
42648	inventory
42649	inventory
42650	inventory
42651	inventory
42652	inventory
42653	inventory
42654	inventory
42655	inventory
42656	inventory
42657	inventory
42658	inventory
42659	inventory
42660	inventory
42661	inventory
42662	inventory
42663	inventory
42664	inventory
42665	inventory
42666	inventory
42667	inventory
42668	inventory
42669	inventory
42670	inventory
42671	inventory
42672	inventory
42673	inventory
42674	inventory
42675	inventory
42676	inventory
42677	inventory
42678	inventory
42679	inventory
42680	inventory
42681	inventory
42682	inventory
42683	inventory
42684	inventory
42685	inventory
42686	inventory
42687	inventory
42688	inventory
42689	inventory
42690	inventory
42691	inventory
42692	inventory
42693	inventory
42694	inventory
42695	inventory
42696	inventory
42697	inventory
42698	inventory
42699	inventory
42700	inventory
42701	inventory
42702	inventory
42703	inventory
42704	inventory
42705	inventory
42706	inventory
42707	inventory
42708	inventory
42709	inventory
42710	inventory
42711	inventory
42712	inventory
42713	inventory
42714	inventory
42715	inventory
42716	inventory
42717	inventory
42718	inventory
42719	inventory
42720	inventory
42721	inventory
42722	inventory
42723	inventory
42724	inventory
42725	inventory
42726	inventory
42727	inventory
42728	inventory
42729	inventory
42730	inventory
42731	inventory
42732	inventory
42733	inventory
42734	inventory
42735	inventory
42736	inventory
42737	inventory
42738	inventory
42739	inventory
42740	inventory
42741	inventory
42742	inventory
42743	inventory
42744	inventory
42745	inventory
42747	inventory
42748	inventory
42749	inventory
42750	inventory
42751	inventory
42752	inventory
42753	inventory
42754	inventory
42755	inventory
42756	inventory
42757	inventory
42758	inventory
42759	inventory
42760	inventory
42761	inventory
42762	inventory
42763	inventory
42764	inventory
42765	inventory
42766	inventory
42767	inventory
42768	inventory
42769	inventory
42770	inventory
42771	inventory
42772	inventory
42773	inventory
42774	inventory
42775	inventory
42776	inventory
42777	inventory
42778	inventory
42779	inventory
42780	inventory
42781	inventory
42782	inventory
42783	inventory
42784	inventory
42785	inventory
42786	inventory
42787	inventory
42788	inventory
42789	inventory
42790	inventory
42791	inventory
42792	inventory
42793	inventory
42794	inventory
42795	inventory
42796	inventory
42797	inventory
42798	inventory
42799	inventory
42800	inventory
42801	inventory
42802	inventory
42803	inventory
42804	inventory
42805	inventory
42806	inventory
42807	inventory
42808	inventory
42809	inventory
42810	inventory
42811	inventory
42812	inventory
42813	inventory
42814	inventory
42815	inventory
42816	inventory
42817	inventory
42818	inventory
42820	inventory
42821	inventory
42822	inventory
42823	inventory
42824	inventory
42825	inventory
42826	inventory
42827	inventory
42828	inventory
42829	inventory
42830	inventory
42831	inventory
42832	inventory
42833	inventory
42834	inventory
42835	inventory
42836	inventory
42837	inventory
42838	inventory
42839	inventory
42840	inventory
42841	inventory
42842	inventory
42843	inventory
42844	inventory
42845	inventory
42846	inventory
42847	inventory
42848	inventory
42849	inventory
42850	inventory
42851	inventory
42852	inventory
42853	inventory
42854	inventory
42855	inventory
42856	inventory
42857	inventory
42858	inventory
42859	inventory
42860	inventory
42861	inventory
42862	inventory
42863	inventory
42864	inventory
42865	inventory
42866	inventory
42867	inventory
42868	inventory
42869	inventory
42870	inventory
42871	inventory
42872	inventory
42873	inventory
42874	inventory
42875	inventory
42876	inventory
42877	inventory
42878	inventory
42879	inventory
42880	inventory
42881	inventory
42882	inventory
42883	inventory
42884	inventory
42885	inventory
42886	inventory
42887	inventory
42888	inventory
42889	inventory
42890	inventory
42891	inventory
42892	inventory
42893	inventory
42894	inventory
42895	inventory
42896	inventory
42897	inventory
42898	inventory
42899	inventory
42900	inventory
42901	inventory
42902	inventory
42903	inventory
42904	inventory
42905	inventory
42906	inventory
42907	inventory
42908	inventory
42909	inventory
42910	inventory
42911	inventory
42912	inventory
42913	inventory
42914	inventory
42915	inventory
42916	inventory
42917	inventory
42918	inventory
42919	inventory
42920	inventory
42921	inventory
42922	inventory
42923	inventory
42924	inventory
42925	inventory
42926	inventory
42927	inventory
42928	inventory
42929	inventory
42930	inventory
42931	inventory
42932	inventory
42933	inventory
42934	inventory
42935	inventory
42936	inventory
42937	inventory
42938	inventory
42939	inventory
42940	inventory
42941	inventory
42942	inventory
42943	inventory
42944	inventory
42945	inventory
42946	inventory
42947	inventory
42948	inventory
42949	inventory
42950	inventory
42951	inventory
42952	inventory
42953	inventory
42954	inventory
42955	inventory
42956	inventory
42957	inventory
42958	inventory
42959	inventory
42960	inventory
42961	inventory
42962	inventory
42963	inventory
42964	inventory
42965	inventory
42966	inventory
42967	inventory
42968	inventory
42969	inventory
42971	inventory
42972	inventory
42973	inventory
42974	inventory
42975	inventory
42976	inventory
42977	inventory
42978	inventory
42979	inventory
42980	inventory
42981	inventory
42982	inventory
42983	inventory
42984	inventory
42985	inventory
42986	inventory
42987	inventory
42988	inventory
42989	inventory
42990	inventory
42991	inventory
42992	inventory
42993	inventory
42994	inventory
42995	inventory
42996	inventory
42997	inventory
42998	inventory
42999	inventory
43000	inventory
43001	inventory
43002	inventory
43004	inventory
43005	inventory
43006	inventory
43007	inventory
43008	inventory
43009	inventory
43010	inventory
43011	inventory
43013	inventory
43014	inventory
43015	inventory
43016	inventory
43017	inventory
43018	inventory
43019	inventory
43020	inventory
43021	inventory
43022	inventory
43023	inventory
43024	inventory
43025	inventory
43026	inventory
43028	inventory
43029	inventory
43030	inventory
43031	inventory
43032	inventory
43033	inventory
43034	inventory
43035	inventory
43036	inventory
43037	inventory
43038	inventory
43039	inventory
43040	inventory
43041	inventory
43042	inventory
43043	inventory
43044	inventory
43045	inventory
43046	inventory
43047	inventory
43048	inventory
43049	inventory
43050	inventory
43051	inventory
43052	inventory
43053	inventory
43054	inventory
43055	inventory
43056	inventory
43057	inventory
43058	inventory
43059	inventory
43060	inventory
43061	inventory
43062	inventory
43063	inventory
43064	inventory
43065	inventory
43066	inventory
43067	inventory
43068	inventory
43069	inventory
43070	inventory
43071	inventory
43072	inventory
43073	inventory
43074	inventory
43075	inventory
43076	inventory
43077	inventory
43078	inventory
43079	inventory
43080	inventory
43081	inventory
43082	inventory
43083	inventory
43084	inventory
43085	inventory
43086	inventory
43087	inventory
43088	inventory
43089	inventory
43090	inventory
43091	inventory
43092	inventory
43093	inventory
43094	inventory
43095	inventory
43096	inventory
43097	inventory
43098	inventory
43099	inventory
43100	inventory
43101	inventory
43102	inventory
43103	inventory
43104	inventory
43105	inventory
43106	inventory
43107	inventory
43108	inventory
43109	inventory
43110	inventory
43111	inventory
43112	inventory
43113	inventory
43114	inventory
43115	inventory
43116	inventory
43117	inventory
43118	inventory
43119	inventory
43120	inventory
43121	inventory
43123	inventory
43124	inventory
43125	inventory
43126	inventory
43127	inventory
43128	inventory
43129	inventory
43130	inventory
43131	inventory
43132	inventory
43133	inventory
43134	inventory
43135	inventory
43136	inventory
43137	inventory
43138	inventory
43139	inventory
43140	inventory
43141	inventory
43142	inventory
43143	inventory
43144	inventory
43145	inventory
43146	inventory
43147	inventory
43148	inventory
43149	inventory
43150	inventory
43151	inventory
43152	inventory
43153	inventory
43154	inventory
43155	inventory
43156	inventory
43157	inventory
43158	inventory
43159	inventory
43160	inventory
43161	inventory
43162	inventory
43163	inventory
43164	inventory
43165	inventory
43166	inventory
43167	inventory
43168	inventory
43169	inventory
43170	inventory
43171	inventory
43172	inventory
43173	inventory
43174	inventory
43175	inventory
43176	inventory
43177	inventory
43178	inventory
43179	inventory
43180	inventory
43181	inventory
43182	inventory
43183	inventory
43184	inventory
43185	inventory
43186	inventory
43187	inventory
43188	inventory
43189	inventory
43190	inventory
43191	inventory
43192	inventory
43193	inventory
43194	inventory
43195	inventory
43196	inventory
43197	inventory
43198	inventory
43199	inventory
43200	inventory
43201	inventory
43202	inventory
43203	inventory
43204	inventory
43205	inventory
43206	inventory
43207	inventory
43208	inventory
43209	inventory
43210	inventory
43211	inventory
43212	inventory
43213	inventory
43214	inventory
43215	inventory
43216	inventory
43217	inventory
43218	inventory
43219	inventory
43220	inventory
43221	inventory
43222	inventory
43223	inventory
43224	inventory
43225	inventory
43226	inventory
43227	inventory
43228	inventory
43229	inventory
43230	inventory
43231	inventory
43232	inventory
43233	inventory
43234	inventory
43235	inventory
43236	inventory
43237	inventory
43238	inventory
43239	inventory
43240	inventory
43241	inventory
43242	inventory
43243	inventory
43244	inventory
43245	inventory
43246	inventory
43247	inventory
43248	inventory
43250	inventory
43251	inventory
43252	inventory
43253	inventory
43254	inventory
43255	inventory
43256	inventory
43257	inventory
43258	inventory
43259	inventory
43260	inventory
43261	inventory
43262	inventory
43263	inventory
43264	inventory
43265	inventory
43266	inventory
43267	inventory
43268	inventory
43269	inventory
43270	inventory
43271	inventory
43272	inventory
43273	inventory
43274	inventory
43275	inventory
43276	inventory
43277	inventory
43278	inventory
43279	inventory
43280	inventory
43281	inventory
43282	inventory
43283	inventory
43284	inventory
43285	inventory
43286	inventory
43287	inventory
43288	inventory
43289	inventory
43290	inventory
43291	inventory
43292	inventory
43293	inventory
43294	inventory
43295	inventory
43296	inventory
43297	inventory
43298	inventory
43299	inventory
43301	inventory
43302	inventory
43303	inventory
43304	inventory
43305	inventory
43306	inventory
43307	inventory
43308	inventory
43309	inventory
43310	inventory
43311	inventory
43312	inventory
43313	inventory
43314	inventory
43315	inventory
43316	inventory
43317	inventory
43318	inventory
43319	inventory
43320	inventory
43321	inventory
43322	inventory
43323	inventory
43324	inventory
43325	inventory
43326	inventory
43327	inventory
43328	inventory
43329	inventory
43330	inventory
43331	inventory
43332	inventory
43333	inventory
43334	inventory
43335	inventory
43336	inventory
43337	inventory
43338	inventory
43339	inventory
43340	inventory
43341	inventory
43342	inventory
43343	inventory
43344	inventory
43345	inventory
43346	inventory
43347	inventory
43348	inventory
43349	inventory
43350	inventory
43351	inventory
43352	inventory
43353	inventory
43354	inventory
43355	inventory
43356	inventory
43357	inventory
43358	inventory
43359	inventory
43360	inventory
43361	inventory
43362	inventory
43363	inventory
43364	inventory
43365	inventory
43366	inventory
43367	inventory
43368	inventory
43369	inventory
43370	inventory
43371	inventory
43372	inventory
43373	inventory
43374	inventory
43375	inventory
43376	inventory
43377	inventory
43378	inventory
43379	inventory
43380	inventory
43381	inventory
43382	inventory
43383	inventory
43384	inventory
43385	inventory
43386	inventory
43387	inventory
43388	inventory
43389	inventory
43390	inventory
43391	inventory
43392	inventory
43393	inventory
43394	inventory
43395	inventory
43396	inventory
43397	inventory
43398	inventory
43399	inventory
43400	inventory
43401	inventory
43402	inventory
43403	inventory
43404	inventory
43405	inventory
43406	inventory
43407	inventory
43408	inventory
43409	inventory
43410	inventory
43412	inventory
43413	inventory
43414	inventory
43415	inventory
43416	inventory
43417	inventory
43418	inventory
43419	inventory
43420	inventory
43421	inventory
43422	inventory
43423	inventory
43424	inventory
43425	inventory
43426	inventory
43427	inventory
43428	inventory
43429	inventory
43430	inventory
43431	inventory
43432	inventory
43433	inventory
43434	inventory
43435	inventory
43436	inventory
43437	inventory
43438	inventory
43439	inventory
43440	inventory
43441	inventory
43442	inventory
43443	inventory
43444	inventory
43445	inventory
43446	inventory
43447	inventory
43448	inventory
43449	inventory
43450	inventory
43451	inventory
43452	inventory
43453	inventory
43455	inventory
43456	inventory
43457	inventory
43458	inventory
43459	inventory
43460	inventory
43462	inventory
43463	inventory
43464	inventory
43465	inventory
43466	inventory
43467	inventory
43468	inventory
43469	inventory
43470	inventory
43471	inventory
43472	inventory
43473	inventory
43474	inventory
43475	inventory
43476	inventory
43477	inventory
43478	inventory
43479	inventory
43481	inventory
43482	inventory
43483	inventory
43484	inventory
43485	inventory
43486	inventory
43487	inventory
43488	inventory
43489	inventory
43490	inventory
43491	inventory
43492	inventory
43493	inventory
43494	inventory
43495	inventory
43496	inventory
43497	inventory
43498	inventory
43499	inventory
43500	inventory
43501	inventory
43502	inventory
43503	inventory
43504	inventory
43505	inventory
43506	inventory
43507	inventory
43508	inventory
43509	inventory
43510	inventory
43511	inventory
43512	inventory
43513	inventory
43514	inventory
43515	inventory
43516	inventory
43517	inventory
43518	inventory
43519	inventory
43520	inventory
43521	inventory
43522	inventory
43524	inventory
43525	inventory
43526	inventory
43527	inventory
43528	inventory
43529	inventory
43530	inventory
43531	inventory
43533	inventory
43534	inventory
43535	inventory
43536	inventory
43537	inventory
43538	inventory
43539	inventory
43540	inventory
43541	inventory
43542	inventory
43543	inventory
43544	inventory
43545	inventory
43546	inventory
43547	inventory
43548	inventory
43549	inventory
43550	inventory
43552	inventory
43553	inventory
43554	inventory
43555	inventory
43556	inventory
43557	inventory
43558	inventory
43559	inventory
43561	inventory
43562	inventory
43563	inventory
43564	inventory
43565	inventory
43566	inventory
43567	inventory
43568	inventory
43569	inventory
43570	inventory
43571	inventory
43572	inventory
43573	inventory
43574	inventory
43575	inventory
43576	inventory
43577	inventory
43578	inventory
43579	inventory
43580	inventory
43581	inventory
43582	inventory
43583	inventory
43584	inventory
43585	inventory
43586	inventory
43587	inventory
43588	inventory
43589	inventory
43590	inventory
43591	inventory
43592	inventory
43593	inventory
43594	inventory
43595	inventory
43596	inventory
43597	inventory
43598	inventory
43599	inventory
43600	inventory
43601	inventory
43602	inventory
43603	inventory
43604	inventory
43605	inventory
43606	inventory
43607	inventory
43608	inventory
43609	inventory
43610	inventory
43611	inventory
43612	inventory
43613	inventory
43614	inventory
43615	inventory
43616	inventory
43617	inventory
43618	inventory
43619	inventory
43620	inventory
43621	inventory
43622	inventory
43623	inventory
43624	inventory
43625	inventory
43626	inventory
43627	inventory
43628	inventory
43629	inventory
43630	inventory
43631	inventory
43632	inventory
43633	inventory
43634	inventory
43635	inventory
43636	inventory
43637	inventory
43638	inventory
43639	inventory
43640	inventory
43641	inventory
43642	inventory
43643	inventory
43644	inventory
43645	inventory
43646	inventory
43647	inventory
43648	inventory
43649	inventory
43650	inventory
43651	inventory
43652	inventory
43653	inventory
43654	inventory
43655	inventory
43656	inventory
43657	inventory
43658	inventory
43659	inventory
43660	inventory
43661	inventory
43662	inventory
43663	inventory
43664	inventory
43665	inventory
43666	inventory
43667	inventory
43668	inventory
43669	inventory
43670	inventory
43671	inventory
43672	inventory
43673	inventory
43674	inventory
43675	inventory
43676	inventory
43677	inventory
43678	inventory
43679	inventory
43680	inventory
43681	inventory
43682	inventory
43683	inventory
43684	inventory
43685	inventory
43686	inventory
43687	inventory
43688	inventory
43689	inventory
43690	inventory
43691	inventory
43692	inventory
43693	inventory
43694	inventory
43695	inventory
43696	inventory
43697	inventory
43698	inventory
43699	inventory
43700	inventory
43701	inventory
43702	inventory
43703	inventory
43704	inventory
43705	inventory
43706	inventory
43707	inventory
43708	inventory
43709	inventory
43710	inventory
43711	inventory
43712	inventory
43713	inventory
43714	inventory
43715	inventory
43716	inventory
43717	inventory
43718	inventory
43719	inventory
43720	inventory
43721	inventory
43722	inventory
43723	inventory
43724	inventory
43725	inventory
43726	inventory
43727	inventory
43728	inventory
43729	inventory
43730	inventory
43731	inventory
43732	inventory
43733	inventory
43734	inventory
43735	inventory
43736	inventory
43737	inventory
43738	inventory
43739	inventory
43740	inventory
43741	inventory
43742	inventory
43743	inventory
43744	inventory
43745	inventory
43746	inventory
43747	inventory
43748	inventory
43749	inventory
43750	inventory
43751	inventory
43752	inventory
43753	inventory
43754	inventory
43755	inventory
43756	inventory
43757	inventory
43758	inventory
43759	inventory
43760	inventory
43761	inventory
43762	inventory
43763	inventory
43764	inventory
43765	inventory
43766	inventory
43767	inventory
43768	inventory
43769	inventory
43770	inventory
43771	inventory
43772	inventory
43773	inventory
43774	inventory
43775	inventory
43776	inventory
43777	inventory
43778	inventory
43779	inventory
43780	inventory
43781	inventory
43782	inventory
43783	inventory
43784	inventory
43785	inventory
43786	inventory
43787	inventory
43788	inventory
43789	inventory
43790	inventory
43791	inventory
43792	inventory
43793	inventory
43794	inventory
43795	inventory
43796	inventory
43797	inventory
43798	inventory
43799	inventory
43800	inventory
43801	inventory
43802	inventory
43803	inventory
43804	inventory
43805	inventory
43806	inventory
43807	inventory
43808	inventory
43809	inventory
43810	inventory
43811	inventory
43812	inventory
43813	inventory
43814	inventory
43815	inventory
43816	inventory
43817	inventory
43818	inventory
43819	inventory
43820	inventory
43821	inventory
43822	inventory
43823	inventory
43824	inventory
43825	inventory
43826	inventory
43827	inventory
43828	inventory
43829	inventory
43830	inventory
43831	inventory
43832	inventory
43833	inventory
43834	inventory
43835	inventory
43836	inventory
43837	inventory
43839	inventory
43840	inventory
43841	inventory
43842	inventory
43843	inventory
43844	inventory
43845	inventory
43846	inventory
43847	inventory
43848	inventory
43849	inventory
43850	inventory
43851	inventory
43852	inventory
43853	inventory
43854	inventory
43856	inventory
43857	inventory
43858	inventory
43859	inventory
43860	inventory
43861	inventory
43862	inventory
43863	inventory
43864	inventory
43865	inventory
43866	inventory
43867	inventory
43868	inventory
43869	inventory
43870	inventory
43871	inventory
43872	inventory
43873	inventory
43874	inventory
43875	inventory
43876	inventory
43877	inventory
43878	inventory
43879	inventory
43880	inventory
43881	inventory
43883	inventory
43884	inventory
43885	inventory
43886	inventory
43887	inventory
43888	inventory
43889	inventory
43890	inventory
43891	inventory
43892	inventory
43893	inventory
43894	inventory
43895	inventory
43896	inventory
43897	inventory
43898	inventory
43899	inventory
43900	inventory
43901	inventory
43902	inventory
43903	inventory
43904	inventory
43905	inventory
43906	inventory
43907	inventory
43908	inventory
43909	inventory
43910	inventory
43911	inventory
43912	inventory
43913	inventory
43914	inventory
43915	inventory
43916	inventory
43917	inventory
43918	inventory
43919	inventory
43920	inventory
43921	inventory
43922	inventory
43923	inventory
43924	inventory
43925	inventory
43926	inventory
43927	inventory
43928	inventory
43929	inventory
43930	inventory
43931	inventory
43932	inventory
43933	inventory
43934	inventory
43935	inventory
43936	inventory
43937	inventory
43938	inventory
43939	inventory
43940	inventory
43941	inventory
43942	inventory
43943	inventory
43944	inventory
43945	inventory
43946	inventory
43947	inventory
43948	inventory
43949	inventory
43950	inventory
43951	inventory
43952	inventory
43953	inventory
43954	inventory
43955	inventory
43956	inventory
43957	inventory
43958	inventory
43959	inventory
43960	inventory
43961	inventory
43962	inventory
43963	inventory
43964	inventory
43965	inventory
43966	inventory
43967	inventory
43968	inventory
43969	inventory
43970	inventory
43971	inventory
43972	inventory
43973	inventory
43974	inventory
43975	inventory
43976	inventory
43977	inventory
43978	inventory
43979	inventory
43980	inventory
43981	inventory
43982	inventory
43983	inventory
43984	inventory
43985	inventory
43986	inventory
43987	inventory
43988	inventory
43989	inventory
43990	inventory
43991	inventory
43992	inventory
43993	inventory
43994	inventory
43995	inventory
43996	inventory
43997	inventory
43998	inventory
43999	inventory
44000	inventory
44001	inventory
44002	inventory
44003	inventory
44004	inventory
44005	inventory
44006	inventory
44007	inventory
44008	inventory
44009	inventory
44010	inventory
44011	inventory
44012	inventory
44013	inventory
44014	inventory
44015	inventory
44016	inventory
44017	inventory
44018	inventory
44019	inventory
44020	inventory
44021	inventory
44022	inventory
44023	inventory
44024	inventory
44025	inventory
44026	inventory
44027	inventory
44028	inventory
44029	inventory
44030	inventory
44031	inventory
44032	inventory
44033	inventory
44034	inventory
44035	inventory
44036	inventory
44037	inventory
44038	inventory
44039	inventory
44040	inventory
44041	inventory
44042	inventory
44043	inventory
44044	inventory
44045	inventory
44046	inventory
44047	inventory
44048	inventory
44049	inventory
44050	inventory
44051	inventory
44052	inventory
44053	inventory
44054	inventory
44055	inventory
44056	inventory
44057	inventory
44058	inventory
44059	inventory
44060	inventory
44061	inventory
44062	inventory
44063	inventory
44064	inventory
44065	inventory
44066	inventory
44067	inventory
44068	inventory
44069	inventory
44070	inventory
44071	inventory
44072	inventory
44073	inventory
44074	inventory
44075	inventory
44076	inventory
44077	inventory
44078	inventory
44079	inventory
44080	inventory
44081	inventory
44082	inventory
44083	inventory
44084	inventory
44085	inventory
44086	inventory
44087	inventory
44088	inventory
44089	inventory
44090	inventory
44091	inventory
44092	inventory
44093	inventory
44094	inventory
44095	inventory
44096	inventory
44097	inventory
44098	inventory
44099	inventory
44100	inventory
44101	inventory
44102	inventory
44103	inventory
44104	inventory
44105	inventory
44106	inventory
44107	inventory
44108	inventory
44109	inventory
44110	inventory
44111	inventory
44112	inventory
44113	inventory
44114	inventory
44115	inventory
44116	inventory
44117	inventory
44118	inventory
44119	inventory
44120	inventory
44121	inventory
44122	inventory
44123	inventory
44124	inventory
44125	inventory
44126	inventory
44127	inventory
44128	inventory
44129	inventory
44130	inventory
44131	inventory
44132	inventory
44133	inventory
44134	inventory
44135	inventory
44136	inventory
44137	inventory
44138	inventory
44139	inventory
44140	inventory
44141	inventory
44142	inventory
44143	inventory
44144	inventory
44145	inventory
44146	inventory
44147	inventory
44148	inventory
44149	inventory
44150	inventory
44151	inventory
44152	inventory
44153	inventory
44154	inventory
44155	inventory
44156	inventory
44157	inventory
44158	inventory
44159	inventory
44160	inventory
44161	inventory
44162	inventory
44163	inventory
44164	inventory
44165	inventory
44166	inventory
44167	inventory
44168	inventory
44169	inventory
44170	inventory
44171	inventory
44172	inventory
44173	inventory
44174	inventory
44175	inventory
44176	inventory
44177	inventory
44178	inventory
44179	inventory
44180	inventory
44181	inventory
44182	inventory
44183	inventory
44184	inventory
44185	inventory
44186	inventory
44187	inventory
44188	inventory
44189	inventory
44190	inventory
44191	inventory
44192	inventory
44193	inventory
44194	inventory
44195	inventory
44196	inventory
44197	inventory
44198	inventory
44199	inventory
44200	inventory
44201	inventory
44202	inventory
44203	inventory
44204	inventory
44205	inventory
44206	inventory
44207	inventory
44208	inventory
44209	inventory
44210	inventory
44211	inventory
44212	inventory
44213	inventory
44214	inventory
44215	inventory
44216	inventory
44217	inventory
44218	inventory
44219	inventory
44220	inventory
44221	inventory
44222	inventory
44223	inventory
44224	inventory
44225	inventory
44226	inventory
44227	inventory
44228	inventory
44229	inventory
44230	inventory
44231	inventory
44232	inventory
44233	inventory
44234	inventory
44235	inventory
44236	inventory
44237	inventory
44238	inventory
44239	inventory
44240	inventory
44241	inventory
44242	inventory
44243	inventory
44244	inventory
44245	inventory
44246	inventory
44247	inventory
44248	inventory
44249	inventory
44250	inventory
44251	inventory
44252	inventory
44253	inventory
44254	inventory
44255	inventory
44256	inventory
44257	inventory
44258	inventory
44259	inventory
44260	inventory
44261	inventory
44262	inventory
44263	inventory
44264	inventory
44265	inventory
44266	inventory
44267	inventory
44268	inventory
44269	inventory
44270	inventory
44271	inventory
44272	inventory
44273	inventory
44274	inventory
44275	inventory
44276	inventory
44277	inventory
44278	inventory
44279	inventory
44280	inventory
44281	inventory
44282	inventory
44283	inventory
44284	inventory
44285	inventory
44286	inventory
44287	inventory
44288	inventory
44289	inventory
44290	inventory
44291	inventory
44292	inventory
44293	inventory
44294	inventory
44295	inventory
44296	inventory
44297	inventory
44298	inventory
44299	inventory
44300	inventory
44301	inventory
44302	inventory
44303	inventory
44304	inventory
44305	inventory
44306	inventory
44307	inventory
44308	inventory
44309	inventory
44310	inventory
44311	inventory
44312	inventory
44313	inventory
44314	inventory
44315	inventory
44316	inventory
44317	inventory
44318	inventory
44319	inventory
44320	inventory
44321	inventory
44322	inventory
44323	inventory
44324	inventory
44325	inventory
44326	inventory
44327	inventory
44329	inventory
44330	inventory
44331	inventory
44332	inventory
44333	inventory
44334	inventory
44335	inventory
44336	inventory
44337	inventory
44338	inventory
44339	inventory
44340	inventory
44341	inventory
44342	inventory
44343	inventory
44345	inventory
44346	inventory
44347	inventory
44348	inventory
44349	inventory
44350	inventory
44351	inventory
44352	inventory
44353	inventory
44354	inventory
44355	inventory
44356	inventory
44357	inventory
44358	inventory
44359	inventory
44360	inventory
44361	inventory
44362	inventory
44363	inventory
44364	inventory
44365	inventory
44366	inventory
44367	inventory
44368	inventory
44369	inventory
44370	inventory
44371	inventory
44372	inventory
44373	inventory
44374	inventory
44375	inventory
44376	inventory
44377	inventory
44378	inventory
44379	inventory
44380	inventory
44381	inventory
44382	inventory
44383	inventory
44384	inventory
44385	inventory
44386	inventory
44387	inventory
44388	inventory
44389	inventory
44390	inventory
44391	inventory
44392	inventory
44393	inventory
44394	inventory
44395	inventory
44396	inventory
44397	inventory
44398	inventory
44399	inventory
44400	inventory
44401	inventory
44402	inventory
44403	inventory
44404	inventory
44405	inventory
44406	inventory
44407	inventory
44408	inventory
44410	inventory
44411	inventory
44412	inventory
44413	inventory
44414	inventory
44415	inventory
44416	inventory
44417	inventory
44418	inventory
44419	inventory
44420	inventory
44421	inventory
44422	inventory
44423	inventory
44424	inventory
44425	inventory
44426	inventory
44427	inventory
44428	inventory
44429	inventory
44430	inventory
44431	inventory
44432	inventory
44433	inventory
44434	inventory
44435	inventory
44436	inventory
44437	inventory
44438	inventory
44439	inventory
44440	inventory
44441	inventory
44442	inventory
44443	inventory
44445	inventory
44446	inventory
44447	inventory
44448	inventory
44449	inventory
44450	inventory
44451	inventory
44452	inventory
44453	inventory
44454	inventory
44455	inventory
44456	inventory
44457	inventory
44458	inventory
44459	inventory
44460	inventory
44461	inventory
44462	inventory
44463	inventory
44464	inventory
44465	inventory
44466	inventory
44467	inventory
44468	inventory
44469	inventory
44470	inventory
44471	inventory
44472	inventory
44473	inventory
44474	inventory
44475	inventory
44476	inventory
44477	inventory
44478	inventory
44479	inventory
44480	inventory
44481	inventory
44482	inventory
44483	inventory
44484	inventory
44485	inventory
44486	inventory
44487	inventory
44488	inventory
44489	inventory
44490	inventory
44491	inventory
44492	inventory
44493	inventory
44494	inventory
44495	inventory
44496	inventory
44497	inventory
44498	inventory
44499	inventory
44500	inventory
44501	inventory
44502	inventory
44503	inventory
44504	inventory
44505	inventory
44506	inventory
44507	inventory
44508	inventory
44509	inventory
44510	inventory
44511	inventory
44512	inventory
44513	inventory
44514	inventory
44515	inventory
44517	inventory
44518	inventory
44519	inventory
44520	inventory
44521	inventory
44522	inventory
44523	inventory
44524	inventory
44525	inventory
44526	inventory
44527	inventory
44528	inventory
44529	inventory
44530	inventory
44531	inventory
44532	inventory
44533	inventory
44534	inventory
44536	inventory
44537	inventory
44538	inventory
44539	inventory
44540	inventory
44541	inventory
44542	inventory
44544	inventory
44545	inventory
44546	inventory
44547	inventory
44548	inventory
44549	inventory
44550	inventory
44551	inventory
44552	inventory
44553	inventory
44554	inventory
44555	inventory
44556	inventory
44557	inventory
44558	inventory
44559	inventory
44561	inventory
44562	inventory
44563	inventory
44564	inventory
44565	inventory
44566	inventory
44567	inventory
44568	inventory
44569	inventory
44570	inventory
44571	inventory
44572	inventory
44573	inventory
44574	inventory
44575	inventory
44576	inventory
44577	inventory
44578	inventory
44579	inventory
44580	inventory
44581	inventory
44582	inventory
44583	inventory
44584	inventory
44585	inventory
44586	inventory
44588	inventory
44589	inventory
44590	inventory
44591	inventory
44592	inventory
44593	inventory
44594	inventory
44595	inventory
44596	inventory
44597	inventory
44598	inventory
44599	inventory
44600	inventory
44601	inventory
44602	inventory
44603	inventory
44604	inventory
44605	inventory
44606	inventory
44607	inventory
44608	inventory
44609	inventory
44610	inventory
44611	inventory
44612	inventory
44613	inventory
44614	inventory
44615	inventory
44616	inventory
44617	inventory
44618	inventory
44619	inventory
44620	inventory
44621	inventory
44622	inventory
44623	inventory
44624	inventory
44625	inventory
44626	inventory
44627	inventory
44628	inventory
44629	inventory
44630	inventory
44631	inventory
44632	inventory
44633	inventory
44634	inventory
44635	inventory
44636	inventory
44637	inventory
44638	inventory
44639	inventory
44640	inventory
44641	inventory
44642	inventory
44643	inventory
44644	inventory
44645	inventory
44646	inventory
44647	inventory
44648	inventory
44649	inventory
44650	inventory
44653	inventory
44654	inventory
44655	inventory
44656	inventory
44657	inventory
44658	inventory
44659	inventory
44660	inventory
44661	inventory
44662	inventory
44663	inventory
44664	inventory
44665	inventory
44666	inventory
44667	inventory
44668	inventory
44669	inventory
44670	inventory
44671	inventory
44672	inventory
44673	inventory
44674	inventory
44675	inventory
44676	inventory
44677	inventory
44678	inventory
44679	inventory
44680	inventory
44681	inventory
44682	inventory
44683	inventory
44684	inventory
44685	inventory
44686	inventory
44687	inventory
44688	inventory
44689	inventory
44690	inventory
44691	inventory
44692	inventory
44693	inventory
44694	inventory
44695	inventory
44696	inventory
44697	inventory
44698	inventory
44699	inventory
44700	inventory
44701	inventory
44702	inventory
44703	inventory
44704	inventory
44705	inventory
44706	inventory
44707	inventory
44708	inventory
44709	inventory
44710	inventory
44711	inventory
44712	inventory
44713	inventory
44714	inventory
44715	inventory
44716	inventory
44717	inventory
44718	inventory
44719	inventory
44720	inventory
44721	inventory
44722	inventory
44723	inventory
44724	inventory
44725	inventory
44726	inventory
44727	inventory
44728	inventory
44729	inventory
44730	inventory
44731	inventory
44732	inventory
44733	inventory
44734	inventory
44735	inventory
44736	inventory
44737	inventory
44739	inventory
44740	inventory
44741	inventory
44742	inventory
44743	inventory
44744	inventory
44745	inventory
44746	inventory
44747	inventory
44748	inventory
44749	inventory
44750	inventory
44751	inventory
44752	inventory
44753	inventory
44754	inventory
44755	inventory
44756	inventory
44757	inventory
44758	inventory
44759	inventory
44760	inventory
44761	inventory
44762	inventory
44763	inventory
44764	inventory
44765	inventory
44766	inventory
44767	inventory
44768	inventory
44769	inventory
44770	inventory
44771	inventory
44772	inventory
44773	inventory
44774	inventory
44776	inventory
44777	inventory
44778	inventory
44779	inventory
44780	inventory
44781	inventory
44782	inventory
44783	inventory
44784	inventory
44785	inventory
44786	inventory
44787	inventory
44788	inventory
44789	inventory
44790	inventory
44791	inventory
44792	inventory
44793	inventory
44794	inventory
44795	inventory
44796	inventory
44797	inventory
44798	inventory
44799	inventory
44800	inventory
44801	inventory
44802	inventory
44803	inventory
44804	inventory
44805	inventory
44806	inventory
44807	inventory
44808	inventory
44809	inventory
44810	inventory
44811	inventory
44813	inventory
44814	inventory
44815	inventory
44816	inventory
44817	inventory
44818	inventory
44819	inventory
44820	inventory
44821	inventory
44822	inventory
44823	inventory
44824	inventory
44825	inventory
44826	inventory
44827	inventory
44828	inventory
44829	inventory
44830	inventory
44831	inventory
44832	inventory
44833	inventory
44834	inventory
44835	inventory
44836	inventory
44837	inventory
44838	inventory
44839	inventory
44840	inventory
44841	inventory
44842	inventory
44843	inventory
44844	inventory
44845	inventory
44846	inventory
44847	inventory
44848	inventory
44849	inventory
44850	inventory
44851	inventory
44852	inventory
44853	inventory
44854	inventory
44855	inventory
44856	inventory
44857	inventory
44858	inventory
44859	inventory
44860	inventory
44861	inventory
44862	inventory
44863	inventory
44864	inventory
44865	inventory
44866	inventory
44867	inventory
44868	inventory
44869	inventory
44870	inventory
44871	inventory
44872	inventory
44873	inventory
44874	inventory
44875	inventory
44876	inventory
44877	inventory
44878	inventory
44879	inventory
44880	inventory
44881	inventory
44882	inventory
44883	inventory
44884	inventory
44885	inventory
44886	inventory
44887	inventory
44888	inventory
44889	inventory
44890	inventory
44891	inventory
44892	inventory
44893	inventory
44894	inventory
44895	inventory
44896	inventory
44897	inventory
44898	inventory
44899	inventory
44900	inventory
44901	inventory
44902	inventory
44903	inventory
44904	inventory
44905	inventory
44906	inventory
44908	inventory
44909	inventory
44910	inventory
44911	inventory
44912	inventory
44913	inventory
44914	inventory
44915	inventory
44916	inventory
44917	inventory
44918	inventory
44919	inventory
44920	inventory
44921	inventory
44922	inventory
44923	inventory
44924	inventory
44925	inventory
44926	inventory
44927	inventory
44928	inventory
44929	inventory
44930	inventory
44931	inventory
44932	inventory
44933	inventory
44934	inventory
44935	inventory
44936	inventory
44937	inventory
44938	inventory
44939	inventory
44940	inventory
44941	inventory
44942	inventory
44943	inventory
44944	inventory
44945	inventory
44946	inventory
44947	inventory
44948	inventory
44949	inventory
44950	inventory
44951	inventory
44952	inventory
44953	inventory
44954	inventory
44955	inventory
44956	inventory
44957	inventory
44958	inventory
44959	inventory
44960	inventory
44961	inventory
44962	inventory
44963	inventory
44964	inventory
44965	inventory
44966	inventory
44967	inventory
44968	inventory
44969	inventory
44970	inventory
44971	inventory
44972	inventory
44973	inventory
44974	inventory
44975	inventory
44976	inventory
44977	inventory
44978	inventory
44979	inventory
44980	inventory
44981	inventory
44982	inventory
44983	inventory
44984	inventory
44985	inventory
44986	inventory
44987	inventory
44988	inventory
44989	inventory
44990	inventory
44991	inventory
44992	inventory
44993	inventory
44994	inventory
44995	inventory
44996	inventory
44997	inventory
44998	inventory
44999	inventory
45000	inventory
45001	inventory
45002	inventory
45003	inventory
45004	inventory
45005	inventory
45006	inventory
45007	inventory
45008	inventory
45009	inventory
45010	inventory
45011	inventory
45012	inventory
45013	inventory
45014	inventory
45015	inventory
45016	inventory
45017	inventory
45018	inventory
45019	inventory
45020	inventory
45021	inventory
45022	inventory
45023	inventory
45024	inventory
45025	inventory
45026	inventory
45027	inventory
45028	inventory
45029	inventory
45030	inventory
45031	inventory
45032	inventory
45033	inventory
45034	inventory
45035	inventory
45036	inventory
45037	inventory
45038	inventory
45039	inventory
45040	inventory
45041	inventory
45042	inventory
45043	inventory
45044	inventory
45045	inventory
45046	inventory
45047	inventory
45048	inventory
45049	inventory
45050	inventory
45051	inventory
45052	inventory
45053	inventory
45054	inventory
45055	inventory
45056	inventory
45057	inventory
45058	inventory
45059	inventory
45060	inventory
45061	inventory
45062	inventory
45063	inventory
45064	inventory
45065	inventory
45066	inventory
45067	inventory
45068	inventory
45069	inventory
45070	inventory
45071	inventory
45072	inventory
45073	inventory
45074	inventory
45075	inventory
45076	inventory
45077	inventory
45078	inventory
45079	inventory
45080	inventory
45081	inventory
45082	inventory
45083	inventory
45084	inventory
45085	inventory
45086	inventory
45087	inventory
45088	inventory
45089	inventory
45090	inventory
45091	inventory
45092	inventory
45093	inventory
45094	inventory
45095	inventory
45096	inventory
45097	inventory
45098	inventory
45099	inventory
45100	inventory
45101	inventory
45102	inventory
45103	inventory
45104	inventory
45105	inventory
45106	inventory
45107	inventory
45108	inventory
45109	inventory
45110	inventory
45111	inventory
45112	inventory
45113	inventory
45114	inventory
45115	inventory
45116	inventory
45117	inventory
45118	inventory
45119	inventory
45120	inventory
45121	inventory
45122	inventory
45123	inventory
45124	inventory
45125	inventory
45126	inventory
45127	inventory
45128	inventory
45129	inventory
45130	inventory
45131	inventory
45132	inventory
45133	inventory
45134	inventory
45135	inventory
45136	inventory
45137	inventory
45138	inventory
45139	inventory
45140	inventory
45141	inventory
45142	inventory
45143	inventory
45144	inventory
45145	inventory
45146	inventory
45147	inventory
45148	inventory
45149	inventory
45150	inventory
45151	inventory
45152	inventory
45153	inventory
45154	inventory
45155	inventory
45156	inventory
45157	inventory
45158	inventory
45159	inventory
45160	inventory
45161	inventory
45162	inventory
45163	inventory
45164	inventory
45165	inventory
45166	inventory
45167	inventory
45168	inventory
45169	inventory
45170	inventory
45171	inventory
45172	inventory
45173	inventory
45175	inventory
45176	inventory
45177	inventory
45178	inventory
45179	inventory
45180	inventory
45181	inventory
45182	inventory
45183	inventory
45184	inventory
45185	inventory
45186	inventory
45187	inventory
45188	inventory
45189	inventory
45190	inventory
45191	inventory
45192	inventory
45193	inventory
45194	inventory
45195	inventory
45196	inventory
45197	inventory
45198	inventory
45199	inventory
45200	inventory
45201	inventory
45202	inventory
45203	inventory
45204	inventory
45205	inventory
45206	inventory
45207	inventory
45208	inventory
45209	inventory
45210	inventory
45211	inventory
45212	inventory
45213	inventory
45214	inventory
45215	inventory
45216	inventory
45217	inventory
45218	inventory
45219	inventory
45220	inventory
45221	inventory
45222	inventory
45223	inventory
45224	inventory
45225	inventory
45226	inventory
45227	inventory
45228	inventory
45229	inventory
45230	inventory
45231	inventory
45232	inventory
45233	inventory
45234	inventory
45235	inventory
45236	inventory
45237	inventory
45238	inventory
45239	inventory
45240	inventory
45241	inventory
45242	inventory
45243	inventory
45244	inventory
45245	inventory
45246	inventory
45247	inventory
45248	inventory
45249	inventory
45250	inventory
45251	inventory
45252	inventory
45253	inventory
45254	inventory
45255	inventory
45256	inventory
45257	inventory
45258	inventory
45259	inventory
45260	inventory
45261	inventory
45262	inventory
45263	inventory
45264	inventory
45265	inventory
45266	inventory
45267	inventory
45268	inventory
45269	inventory
45270	inventory
45271	inventory
45272	inventory
45273	inventory
45274	inventory
45275	inventory
45276	inventory
45277	inventory
45278	inventory
45279	inventory
45280	inventory
45281	inventory
45282	inventory
45283	inventory
45284	inventory
45285	inventory
45286	inventory
45288	inventory
45289	inventory
45290	inventory
45291	inventory
45292	inventory
45293	inventory
45294	inventory
45295	inventory
45296	inventory
45297	inventory
45298	inventory
45299	inventory
45300	inventory
45301	inventory
45302	inventory
45303	inventory
45304	inventory
45305	inventory
45306	inventory
45307	inventory
45308	inventory
45309	inventory
45310	inventory
45311	inventory
45312	inventory
45313	inventory
45314	inventory
45315	inventory
45316	inventory
45317	inventory
45318	inventory
45319	inventory
45320	inventory
45321	inventory
45322	inventory
45323	inventory
45324	inventory
45325	inventory
45326	inventory
45327	inventory
45328	inventory
45329	inventory
45330	inventory
45331	inventory
45332	inventory
45333	inventory
45334	inventory
45335	inventory
45336	inventory
45337	inventory
45338	inventory
45339	inventory
45340	inventory
45341	inventory
45342	inventory
45343	inventory
45344	inventory
45345	inventory
45346	inventory
45347	inventory
45348	inventory
45349	inventory
45350	inventory
45351	inventory
45352	inventory
45353	inventory
45354	inventory
45355	inventory
45356	inventory
45357	inventory
45358	inventory
45359	inventory
45360	inventory
45361	inventory
45362	inventory
45363	inventory
45364	inventory
45365	inventory
45366	inventory
45367	inventory
45368	inventory
45369	inventory
45370	inventory
45371	inventory
45372	inventory
45373	inventory
45374	inventory
45375	inventory
45376	inventory
45377	inventory
45378	inventory
45379	inventory
45380	inventory
45381	inventory
45382	inventory
45383	inventory
45384	inventory
45385	inventory
45386	inventory
45387	inventory
45388	inventory
45389	inventory
45390	inventory
45391	inventory
45392	inventory
45393	inventory
45394	inventory
45395	inventory
45396	inventory
45397	inventory
45398	inventory
45399	inventory
45400	inventory
45401	inventory
45402	inventory
45403	inventory
45404	inventory
45405	inventory
45406	inventory
45407	inventory
45408	inventory
45409	inventory
45410	inventory
45411	inventory
45412	inventory
45413	inventory
45414	inventory
45415	inventory
45416	inventory
45417	inventory
45418	inventory
45419	inventory
45420	inventory
45421	inventory
45422	inventory
45423	inventory
45424	inventory
45425	inventory
45426	inventory
45427	inventory
45428	inventory
45429	inventory
45430	inventory
45431	inventory
45432	inventory
45433	inventory
45434	inventory
45435	inventory
45436	inventory
45437	inventory
45438	inventory
45439	inventory
45440	inventory
45441	inventory
45442	inventory
45443	inventory
45444	inventory
45445	inventory
45446	inventory
45447	inventory
45448	inventory
45449	inventory
45450	inventory
45451	inventory
45452	inventory
45453	inventory
45454	inventory
45455	inventory
45456	inventory
45457	inventory
45458	inventory
45459	inventory
45460	inventory
45461	inventory
45462	inventory
45463	inventory
45464	inventory
45465	inventory
45466	inventory
45467	inventory
45468	inventory
45469	inventory
45470	inventory
45471	inventory
45472	inventory
45473	inventory
45474	inventory
45475	inventory
45476	inventory
45477	inventory
45478	inventory
45479	inventory
45480	inventory
45481	inventory
45482	inventory
45483	inventory
45484	inventory
45485	inventory
45486	inventory
45487	inventory
45488	inventory
45489	inventory
45490	inventory
45491	inventory
45492	inventory
45493	inventory
45494	inventory
45495	inventory
45496	inventory
45497	inventory
45498	inventory
45499	inventory
45500	inventory
45501	inventory
45502	inventory
45503	inventory
45504	inventory
45505	inventory
45506	inventory
45507	inventory
45508	inventory
45509	inventory
45510	inventory
45511	inventory
45512	inventory
45513	inventory
45514	inventory
45515	inventory
45516	inventory
45517	inventory
45518	inventory
45519	inventory
45520	inventory
45521	inventory
45522	inventory
45523	inventory
45524	inventory
45525	inventory
45526	inventory
45527	inventory
45528	inventory
45529	inventory
45530	inventory
45531	inventory
45532	inventory
45533	inventory
45534	inventory
45535	inventory
45536	inventory
45537	inventory
45538	inventory
45539	inventory
45540	inventory
45541	inventory
45542	inventory
45543	inventory
45544	inventory
45545	inventory
45546	inventory
45547	inventory
45548	inventory
45549	inventory
45550	inventory
45551	inventory
45552	inventory
45553	inventory
45554	inventory
45555	inventory
45556	inventory
45557	inventory
45558	inventory
45559	inventory
45560	inventory
45561	inventory
45562	inventory
45563	inventory
45564	inventory
45565	inventory
45566	inventory
45567	inventory
45568	inventory
45569	inventory
45570	inventory
45571	inventory
45572	inventory
45573	inventory
45574	inventory
45575	inventory
45576	inventory
45577	inventory
45578	inventory
45579	inventory
45580	inventory
45581	inventory
45582	inventory
45583	inventory
45584	inventory
45585	inventory
45586	inventory
45587	inventory
45588	inventory
45589	inventory
45590	inventory
45591	inventory
45592	inventory
45593	inventory
45594	inventory
45595	inventory
45596	inventory
45597	inventory
45598	inventory
45599	inventory
45600	inventory
45601	inventory
45602	inventory
45603	inventory
45604	inventory
45605	inventory
45606	inventory
45607	inventory
45608	inventory
45609	inventory
45610	inventory
45611	inventory
45612	inventory
45613	inventory
45614	inventory
45615	inventory
45616	inventory
45617	inventory
45618	inventory
45619	inventory
45620	inventory
45621	inventory
45622	inventory
45623	inventory
45624	inventory
45625	inventory
45626	inventory
45627	inventory
45628	inventory
45629	inventory
45630	inventory
45631	inventory
45632	inventory
45633	inventory
45634	inventory
45635	inventory
45636	inventory
45637	inventory
45638	inventory
45639	inventory
45640	inventory
45641	inventory
45642	inventory
45643	inventory
45644	inventory
45645	inventory
45646	inventory
45647	inventory
45648	inventory
45649	inventory
45650	inventory
45651	inventory
45652	inventory
45653	inventory
45654	inventory
45655	inventory
45656	inventory
45657	inventory
45658	inventory
45659	inventory
45660	inventory
45661	inventory
45662	inventory
45663	inventory
45664	inventory
45665	inventory
45666	inventory
45667	inventory
45668	inventory
45669	inventory
45670	inventory
45671	inventory
45672	inventory
45673	inventory
45674	inventory
45675	inventory
45676	inventory
45677	inventory
45678	inventory
45679	inventory
45680	inventory
45681	inventory
45682	inventory
45683	inventory
45684	inventory
45685	inventory
45686	inventory
45687	inventory
45688	inventory
45689	inventory
45690	inventory
45691	inventory
45692	inventory
45693	inventory
45694	inventory
45695	inventory
45696	inventory
45697	inventory
45698	inventory
45699	inventory
45700	inventory
45701	inventory
45702	inventory
45703	inventory
45704	inventory
45705	inventory
45706	inventory
45707	inventory
45708	inventory
45709	inventory
45710	inventory
45711	inventory
45712	inventory
45713	inventory
45714	inventory
45715	inventory
45716	inventory
45717	inventory
45718	inventory
45719	inventory
45720	inventory
45721	inventory
45722	inventory
45723	inventory
45724	inventory
45725	inventory
45726	inventory
45727	inventory
45728	inventory
45729	inventory
45730	inventory
45731	inventory
45732	inventory
45733	inventory
45734	inventory
45735	inventory
45736	inventory
45737	inventory
45738	inventory
45739	inventory
45740	inventory
45741	inventory
45742	inventory
45743	inventory
45744	inventory
45745	inventory
45746	inventory
45747	inventory
45748	inventory
45749	inventory
45750	inventory
45751	inventory
45752	inventory
45753	inventory
45754	inventory
45755	inventory
45756	inventory
45757	inventory
45758	inventory
45759	inventory
45760	inventory
45761	inventory
45762	inventory
45763	inventory
45764	inventory
45765	inventory
45766	inventory
45767	inventory
45768	inventory
45769	inventory
45770	inventory
45771	inventory
45772	inventory
45773	inventory
45774	inventory
45775	inventory
45776	inventory
45777	inventory
45778	inventory
45779	inventory
45780	inventory
45781	inventory
45782	inventory
45783	inventory
45784	inventory
45785	inventory
45786	inventory
45787	inventory
45788	inventory
45789	inventory
45790	inventory
45791	inventory
45792	inventory
45793	inventory
45794	inventory
45795	inventory
45796	inventory
45797	inventory
45798	inventory
45799	inventory
45800	inventory
45801	inventory
45802	inventory
45803	inventory
45804	inventory
45805	inventory
45806	inventory
45807	inventory
45808	inventory
45809	inventory
45810	inventory
45811	inventory
45812	inventory
45813	inventory
45814	inventory
45815	inventory
45816	inventory
45817	inventory
45818	inventory
45819	inventory
45820	inventory
45821	inventory
45822	inventory
45823	inventory
45824	inventory
45825	inventory
45826	inventory
45827	inventory
45828	inventory
45829	inventory
45830	inventory
45831	inventory
45832	inventory
45833	inventory
45834	inventory
45835	inventory
45836	inventory
45837	inventory
45838	inventory
45839	inventory
45840	inventory
45841	inventory
45842	inventory
45843	inventory
45844	inventory
45845	inventory
45846	inventory
45847	inventory
45848	inventory
45849	inventory
45850	inventory
45851	inventory
45852	inventory
45853	inventory
45854	inventory
45855	inventory
45856	inventory
45857	inventory
45858	inventory
45859	inventory
45860	inventory
45861	inventory
45862	inventory
45863	inventory
45864	inventory
45865	inventory
45866	inventory
45867	inventory
45868	inventory
45869	inventory
45870	inventory
45871	inventory
45872	inventory
45873	inventory
45874	inventory
45875	inventory
45876	inventory
45877	inventory
45878	inventory
45879	inventory
45880	inventory
45881	inventory
45882	inventory
45883	inventory
45884	inventory
45885	inventory
45886	inventory
45887	inventory
45888	inventory
45889	inventory
45890	inventory
45891	inventory
45892	inventory
45893	inventory
45894	inventory
45895	inventory
45896	inventory
45897	inventory
45898	inventory
45899	inventory
45900	inventory
45901	inventory
45902	inventory
45903	inventory
45904	inventory
45905	inventory
45906	inventory
45907	inventory
45908	inventory
45909	inventory
45910	inventory
45911	inventory
45912	inventory
45913	inventory
45914	inventory
45915	inventory
45916	inventory
45917	inventory
45918	inventory
45919	inventory
45920	inventory
45921	inventory
45922	inventory
45923	inventory
45924	inventory
45925	inventory
45926	inventory
45927	inventory
45928	inventory
45929	inventory
45930	inventory
45931	inventory
45932	inventory
45933	inventory
45934	inventory
45935	inventory
45936	inventory
45937	inventory
45938	inventory
45939	inventory
45940	inventory
45941	inventory
45942	inventory
45943	inventory
45944	inventory
45945	inventory
45946	inventory
45947	inventory
45948	inventory
45949	inventory
45950	inventory
45951	inventory
45952	inventory
45953	inventory
45954	inventory
45955	inventory
45956	inventory
45957	inventory
45958	inventory
45959	inventory
45960	inventory
45961	inventory
45962	inventory
45963	inventory
45964	inventory
45965	inventory
45966	inventory
45967	inventory
45968	inventory
45969	inventory
45970	inventory
45971	inventory
45972	inventory
45973	inventory
45974	inventory
45975	inventory
45976	inventory
45977	inventory
45978	inventory
45979	inventory
45980	inventory
45981	inventory
45982	inventory
45983	inventory
45984	inventory
45985	inventory
45986	inventory
45987	inventory
45988	inventory
45989	inventory
45990	inventory
45991	inventory
45992	inventory
45993	inventory
45994	inventory
45995	inventory
45996	inventory
45997	inventory
45998	inventory
45999	inventory
46000	inventory
46001	inventory
46002	inventory
46003	inventory
46004	inventory
46005	inventory
46006	inventory
46007	inventory
46008	inventory
46009	inventory
46010	inventory
46011	inventory
46012	inventory
46013	inventory
46014	inventory
46015	inventory
46016	inventory
46017	inventory
46018	inventory
46019	inventory
46020	inventory
46021	inventory
46022	inventory
46023	inventory
46024	inventory
46025	inventory
46026	inventory
46027	inventory
46028	inventory
46029	inventory
46030	inventory
46031	inventory
46032	inventory
46033	inventory
46034	inventory
46035	inventory
46036	inventory
46037	inventory
46038	inventory
46039	inventory
46040	inventory
46041	inventory
46042	inventory
46043	inventory
46044	inventory
46045	inventory
46046	inventory
46047	inventory
46048	inventory
46049	inventory
46050	inventory
46051	inventory
46052	inventory
46053	inventory
46054	inventory
46055	inventory
46056	inventory
46057	inventory
46058	inventory
46059	inventory
46060	inventory
46061	inventory
46062	inventory
46063	inventory
46064	inventory
46065	inventory
46066	inventory
46067	inventory
46068	inventory
46069	inventory
46070	inventory
46071	inventory
46072	inventory
46073	inventory
46074	inventory
46075	inventory
46076	inventory
46077	inventory
46078	inventory
46079	inventory
46080	inventory
46081	inventory
46082	inventory
46083	inventory
46084	inventory
46085	inventory
46086	inventory
46087	inventory
46088	inventory
46089	inventory
46090	inventory
46091	inventory
46092	inventory
46093	inventory
46094	inventory
46095	inventory
46096	inventory
46097	inventory
46098	inventory
46099	inventory
46100	inventory
46101	inventory
46102	inventory
46103	inventory
46104	inventory
46105	inventory
46106	inventory
46107	inventory
46108	inventory
46109	inventory
46110	inventory
46111	inventory
46112	inventory
46113	inventory
46114	inventory
46115	inventory
46116	inventory
46117	inventory
46118	inventory
46119	inventory
46120	inventory
46121	inventory
46122	inventory
46123	inventory
46124	inventory
46125	inventory
46126	inventory
46127	inventory
46128	inventory
46129	inventory
46130	inventory
46131	inventory
46132	inventory
46133	inventory
46134	inventory
46135	inventory
46136	inventory
46137	inventory
46138	inventory
46139	inventory
46140	inventory
46141	inventory
46142	inventory
46143	inventory
46144	inventory
46145	inventory
46146	inventory
46147	inventory
46148	inventory
46149	inventory
46150	inventory
46151	inventory
46152	inventory
46153	inventory
46154	inventory
46155	inventory
46156	inventory
46157	inventory
46158	inventory
46159	inventory
46160	inventory
46161	inventory
46162	inventory
46163	inventory
46164	inventory
46165	inventory
46166	inventory
46167	inventory
46168	inventory
46169	inventory
46170	inventory
46171	inventory
46172	inventory
46173	inventory
46174	inventory
46175	inventory
46176	inventory
46177	inventory
46178	inventory
46179	inventory
46180	inventory
46181	inventory
46182	inventory
46183	inventory
46184	inventory
46185	inventory
46186	inventory
46187	inventory
46188	inventory
46189	inventory
46190	inventory
46191	inventory
46192	inventory
46193	inventory
46194	inventory
46195	inventory
46196	inventory
46197	inventory
46198	inventory
46199	inventory
46200	inventory
46201	inventory
46202	inventory
46203	inventory
46204	inventory
46205	inventory
46206	inventory
46207	inventory
46208	inventory
46209	inventory
46210	inventory
46211	inventory
46212	inventory
46213	inventory
46214	inventory
46215	inventory
46216	inventory
46217	inventory
46218	inventory
46219	inventory
46220	inventory
46221	inventory
46222	inventory
46223	inventory
46224	inventory
46225	inventory
46226	inventory
46227	inventory
46228	inventory
46229	inventory
46230	inventory
46231	inventory
46232	inventory
46233	inventory
46234	inventory
46235	inventory
46236	inventory
46237	inventory
46238	inventory
46239	inventory
46240	inventory
46241	inventory
46242	inventory
46243	inventory
46244	inventory
46245	inventory
46246	inventory
46247	inventory
46248	inventory
46249	inventory
46250	inventory
46251	inventory
46252	inventory
46253	inventory
46254	inventory
46255	inventory
46256	inventory
46257	inventory
46258	inventory
46259	inventory
46260	inventory
46261	inventory
46262	inventory
46263	inventory
46264	inventory
46265	inventory
46266	inventory
46267	inventory
46268	inventory
46269	inventory
46270	inventory
46271	inventory
46272	inventory
46273	inventory
46274	inventory
46275	inventory
46276	inventory
46277	inventory
46279	inventory
46280	inventory
46281	inventory
46282	inventory
46283	inventory
46284	inventory
46285	inventory
46286	inventory
46287	inventory
46288	inventory
46289	inventory
46290	inventory
46291	inventory
46292	inventory
46293	inventory
46294	inventory
46295	inventory
46296	inventory
46297	inventory
46298	inventory
46299	inventory
46300	inventory
46301	inventory
46302	inventory
46303	inventory
46304	inventory
46305	inventory
46306	inventory
46307	inventory
46308	inventory
46309	inventory
46310	inventory
46311	inventory
46312	inventory
46313	inventory
46314	inventory
46315	inventory
46316	inventory
46317	inventory
46318	inventory
46319	inventory
46320	inventory
46321	inventory
46322	inventory
46324	inventory
46325	inventory
46326	inventory
46327	inventory
46328	inventory
46329	inventory
46330	inventory
46331	inventory
46332	inventory
46333	inventory
46334	inventory
46335	inventory
46336	inventory
46337	inventory
46338	inventory
46339	inventory
46340	inventory
46341	inventory
46342	inventory
46343	inventory
46344	inventory
46345	inventory
46346	inventory
46347	inventory
46348	inventory
46349	inventory
46350	inventory
46351	inventory
46352	inventory
46353	inventory
46354	inventory
46355	inventory
46356	inventory
46357	inventory
46358	inventory
46359	inventory
46360	inventory
46361	inventory
46362	inventory
46363	inventory
46364	inventory
46365	inventory
46366	inventory
46367	inventory
46368	inventory
46369	inventory
46370	inventory
46371	inventory
46372	inventory
46373	inventory
46374	inventory
46375	inventory
46376	inventory
46377	inventory
46378	inventory
46379	inventory
46380	inventory
46381	inventory
46382	inventory
46383	inventory
46384	inventory
46385	inventory
46386	inventory
46387	inventory
46388	inventory
46389	inventory
46390	inventory
46391	inventory
46392	inventory
46393	inventory
46394	inventory
46395	inventory
46396	inventory
46397	inventory
46398	inventory
46399	inventory
46400	inventory
46401	inventory
46402	inventory
46403	inventory
46404	inventory
46405	inventory
46406	inventory
46407	inventory
46408	inventory
46409	inventory
46410	inventory
46411	inventory
46412	inventory
46413	inventory
46414	inventory
46415	inventory
46416	inventory
46417	inventory
46418	inventory
46419	inventory
46420	inventory
46421	inventory
46422	inventory
46423	inventory
46424	inventory
46425	inventory
46426	inventory
46427	inventory
46428	inventory
46429	inventory
46430	inventory
46431	inventory
46432	inventory
46433	inventory
46434	inventory
46435	inventory
46436	inventory
46437	inventory
46438	inventory
46439	inventory
46440	inventory
46441	inventory
46442	inventory
46443	inventory
46444	inventory
46445	inventory
46446	inventory
46447	inventory
46448	inventory
46449	inventory
46450	inventory
46451	inventory
46452	inventory
46453	inventory
46454	inventory
46455	inventory
46456	inventory
46457	inventory
46458	inventory
46459	inventory
46460	inventory
46461	inventory
46462	inventory
46463	inventory
46464	inventory
46465	inventory
46466	inventory
46467	inventory
46468	inventory
46469	inventory
46470	inventory
46471	inventory
46472	inventory
46473	inventory
46474	inventory
46475	inventory
46476	inventory
46477	inventory
46478	inventory
46479	inventory
46480	inventory
46481	inventory
46482	inventory
46483	inventory
46484	inventory
46485	inventory
46486	inventory
46487	inventory
46488	inventory
46489	inventory
46490	inventory
46491	inventory
46493	inventory
46494	inventory
46495	inventory
46496	inventory
46497	inventory
46498	inventory
46499	inventory
46500	inventory
46501	inventory
46502	inventory
46503	inventory
46504	inventory
46505	inventory
46506	inventory
46507	inventory
46508	inventory
46509	inventory
46510	inventory
46511	inventory
46512	inventory
46513	inventory
46514	inventory
46515	inventory
46516	inventory
46517	inventory
46518	inventory
46519	inventory
46520	inventory
46521	inventory
46522	inventory
46523	inventory
46524	inventory
46525	inventory
46526	inventory
46527	inventory
46528	inventory
46529	inventory
46530	inventory
46531	inventory
46532	inventory
46533	inventory
46534	inventory
46535	inventory
46536	inventory
46537	inventory
46538	inventory
46539	inventory
46540	inventory
46541	inventory
46542	inventory
46543	inventory
46544	inventory
46545	inventory
46546	inventory
46547	inventory
46548	inventory
46549	inventory
46550	inventory
46551	inventory
46552	inventory
46553	inventory
46554	inventory
46555	inventory
46556	inventory
46557	inventory
46558	inventory
46559	inventory
46560	inventory
46561	inventory
46562	inventory
46563	inventory
46564	inventory
46565	inventory
46566	inventory
46567	inventory
46568	inventory
46569	inventory
46570	inventory
46571	inventory
46572	inventory
46573	inventory
46574	inventory
46575	inventory
46576	inventory
46577	inventory
46578	inventory
46579	inventory
46580	inventory
46581	inventory
46582	inventory
46583	inventory
46584	inventory
46585	inventory
46586	inventory
46587	inventory
46588	inventory
46589	inventory
46590	inventory
46591	inventory
46592	inventory
46593	inventory
46594	inventory
46595	inventory
46596	inventory
46597	inventory
46598	inventory
46599	inventory
46600	inventory
46601	inventory
46602	inventory
46603	inventory
46604	inventory
46605	inventory
46606	inventory
46607	inventory
46608	inventory
46609	inventory
46610	inventory
46611	inventory
46612	inventory
46613	inventory
46614	inventory
46615	inventory
46616	inventory
46617	inventory
46618	inventory
46619	inventory
46620	inventory
46621	inventory
46622	inventory
46623	inventory
46624	inventory
46625	inventory
46626	inventory
46627	inventory
46628	inventory
46629	inventory
46630	inventory
46631	inventory
46632	inventory
46633	inventory
46634	inventory
46635	inventory
46636	inventory
46637	inventory
46638	inventory
46639	inventory
46640	inventory
46641	inventory
46642	inventory
46643	inventory
46644	inventory
46645	inventory
46646	inventory
46647	inventory
46648	inventory
46649	inventory
46650	inventory
46651	inventory
46652	inventory
46653	inventory
46654	inventory
46655	inventory
46656	inventory
46657	inventory
46658	inventory
46659	inventory
46660	inventory
46661	inventory
46662	inventory
46663	inventory
46664	inventory
46665	inventory
46666	inventory
46667	inventory
46668	inventory
46669	inventory
46670	inventory
46671	inventory
46672	inventory
46673	inventory
46674	inventory
46675	inventory
46676	inventory
46677	inventory
46678	inventory
46679	inventory
46680	inventory
46681	inventory
46682	inventory
46683	inventory
46684	inventory
46685	inventory
46686	inventory
46687	inventory
46688	inventory
46689	inventory
46690	inventory
46691	inventory
46692	inventory
46693	inventory
46694	inventory
46695	inventory
46696	inventory
46697	inventory
46698	inventory
46699	inventory
46700	inventory
46701	inventory
46702	inventory
46703	inventory
46704	inventory
46705	inventory
46706	inventory
46707	inventory
46708	inventory
46709	inventory
46710	inventory
46711	inventory
46712	inventory
46713	inventory
46715	inventory
46716	inventory
46717	inventory
46718	inventory
46719	inventory
46720	inventory
46721	inventory
46722	inventory
46723	inventory
46724	inventory
46725	inventory
46726	inventory
46727	inventory
46728	inventory
46729	inventory
46730	inventory
46731	inventory
46732	inventory
46733	inventory
46734	inventory
46735	inventory
46736	inventory
46737	inventory
46738	inventory
46739	inventory
46740	inventory
46741	inventory
46742	inventory
46743	inventory
46744	inventory
46745	inventory
46746	inventory
46747	inventory
46748	inventory
46749	inventory
46750	inventory
46751	inventory
46752	inventory
46753	inventory
46754	inventory
46755	inventory
46756	inventory
46757	inventory
46758	inventory
46759	inventory
46760	inventory
46761	inventory
46762	inventory
46763	inventory
46764	inventory
46765	inventory
46766	inventory
46767	inventory
46768	inventory
46769	inventory
46770	inventory
46771	inventory
46772	inventory
46773	inventory
46774	inventory
46775	inventory
46776	inventory
46777	inventory
46778	inventory
46779	inventory
46780	inventory
46781	inventory
46782	inventory
46783	inventory
46784	inventory
46785	inventory
46786	inventory
46787	inventory
46788	inventory
46789	inventory
46790	inventory
46791	inventory
46792	inventory
46793	inventory
46794	inventory
46795	inventory
46796	inventory
46797	inventory
46798	inventory
46799	inventory
46800	inventory
46801	inventory
46802	inventory
46803	inventory
46804	inventory
46805	inventory
46806	inventory
46807	inventory
46808	inventory
46809	inventory
46810	inventory
46811	inventory
46812	inventory
46813	inventory
46814	inventory
46815	inventory
46816	inventory
46817	inventory
46818	inventory
46819	inventory
46820	inventory
46821	inventory
46822	inventory
46823	inventory
46824	inventory
46825	inventory
46826	inventory
46827	inventory
46828	inventory
46829	inventory
46830	inventory
46831	inventory
46832	inventory
46833	inventory
46834	inventory
46835	inventory
46836	inventory
46837	inventory
46838	inventory
46839	inventory
46840	inventory
46841	inventory
46842	inventory
46843	inventory
46844	inventory
46845	inventory
46846	inventory
46847	inventory
46848	inventory
46849	inventory
46850	inventory
46851	inventory
46852	inventory
46853	inventory
46854	inventory
46855	inventory
46856	inventory
46857	inventory
46858	inventory
46859	inventory
46860	inventory
46861	inventory
46862	inventory
46863	inventory
46864	inventory
46865	inventory
46866	inventory
46867	inventory
46868	inventory
46869	inventory
46870	inventory
46871	inventory
46872	inventory
46873	inventory
46874	inventory
46875	inventory
46876	inventory
46877	inventory
46878	inventory
46879	inventory
46880	inventory
46881	inventory
46882	inventory
46883	inventory
46884	inventory
46885	inventory
46886	inventory
46887	inventory
46888	inventory
46889	inventory
46890	inventory
46891	inventory
46892	inventory
46893	inventory
46894	inventory
46895	inventory
46896	inventory
46897	inventory
46898	inventory
46899	inventory
46900	inventory
46901	inventory
46902	inventory
46903	inventory
46904	inventory
46905	inventory
46907	inventory
46908	inventory
46909	inventory
46910	inventory
46911	inventory
46912	inventory
46913	inventory
46914	inventory
46915	inventory
46916	inventory
46917	inventory
46918	inventory
46919	inventory
46920	inventory
46921	inventory
46922	inventory
46923	inventory
46924	inventory
46925	inventory
46926	inventory
46927	inventory
46928	inventory
46929	inventory
46930	inventory
46931	inventory
46932	inventory
46933	inventory
46934	inventory
46935	inventory
46936	inventory
46937	inventory
46938	inventory
46939	inventory
46940	inventory
46941	inventory
46942	inventory
46943	inventory
46944	inventory
46945	inventory
46946	inventory
46947	inventory
46948	inventory
46950	inventory
46951	inventory
46952	inventory
46953	inventory
46954	inventory
46955	inventory
46956	inventory
46957	inventory
46958	inventory
46959	inventory
46960	inventory
46961	inventory
46962	inventory
46963	inventory
46964	inventory
46965	inventory
46966	inventory
46967	inventory
46968	inventory
46969	inventory
46970	inventory
46971	inventory
46972	inventory
46973	inventory
46974	inventory
46975	inventory
46976	inventory
46977	inventory
46978	inventory
46979	inventory
46980	inventory
46981	inventory
46982	inventory
46983	inventory
46984	inventory
46985	inventory
46986	inventory
46987	inventory
46988	inventory
46989	inventory
46990	inventory
46991	inventory
46992	inventory
46993	inventory
46994	inventory
46995	inventory
46996	inventory
46997	inventory
46998	inventory
46999	inventory
47000	inventory
47001	inventory
47002	inventory
47003	inventory
47004	inventory
47005	inventory
47006	inventory
47007	inventory
47008	inventory
47009	inventory
47010	inventory
47011	inventory
47012	inventory
47013	inventory
47014	inventory
47015	inventory
47016	inventory
47017	inventory
47018	inventory
47019	inventory
47020	inventory
47021	inventory
47022	inventory
47023	inventory
47024	inventory
47025	inventory
47026	inventory
47027	inventory
47028	inventory
47029	inventory
47030	inventory
47031	inventory
47032	inventory
47033	inventory
47034	inventory
47035	inventory
47036	inventory
47037	inventory
47038	inventory
47039	inventory
47040	inventory
47041	inventory
47042	inventory
47043	inventory
47044	inventory
47045	inventory
47046	inventory
47047	inventory
47048	inventory
47049	inventory
47050	inventory
47051	inventory
47052	inventory
47054	inventory
47055	inventory
47056	inventory
47058	inventory
47059	inventory
47060	inventory
47061	inventory
47062	inventory
47063	inventory
47064	inventory
47065	inventory
47066	inventory
47067	inventory
47068	inventory
47069	inventory
47070	inventory
47071	inventory
47072	inventory
47073	inventory
47074	inventory
47075	inventory
47076	inventory
47077	inventory
47078	inventory
47079	inventory
47080	inventory
47081	inventory
47082	inventory
47083	inventory
47084	inventory
47085	inventory
47086	inventory
47087	inventory
47088	inventory
47089	inventory
47090	inventory
47091	inventory
47092	inventory
47093	inventory
47094	inventory
47095	inventory
47096	inventory
47097	inventory
47098	inventory
47099	inventory
47100	inventory
47101	inventory
47102	inventory
47103	inventory
47104	inventory
47105	inventory
47106	inventory
47107	inventory
47108	inventory
47109	inventory
47110	inventory
47111	inventory
47112	inventory
47113	inventory
47114	inventory
47115	inventory
47116	inventory
47117	inventory
47118	inventory
47119	inventory
47120	inventory
47121	inventory
47122	inventory
47123	inventory
47124	inventory
47125	inventory
47126	inventory
47127	inventory
47128	inventory
47129	inventory
47130	inventory
47131	inventory
47132	inventory
47133	inventory
47134	inventory
47135	inventory
47136	inventory
47137	inventory
47138	inventory
47139	inventory
47140	inventory
47141	inventory
47142	inventory
47143	inventory
47144	inventory
47145	inventory
47146	inventory
47147	inventory
47148	inventory
47149	inventory
47150	inventory
47151	inventory
47152	inventory
47153	inventory
47154	inventory
47155	inventory
47156	inventory
47157	inventory
47158	inventory
47159	inventory
47160	inventory
47161	inventory
47162	inventory
47163	inventory
47164	inventory
47165	inventory
47166	inventory
47167	inventory
47168	inventory
47169	inventory
47170	inventory
47171	inventory
47172	inventory
47173	inventory
47174	inventory
47175	inventory
47176	inventory
47177	inventory
47178	inventory
47179	inventory
47180	inventory
47181	inventory
47182	inventory
47183	inventory
47184	inventory
47185	inventory
47186	inventory
47187	inventory
47188	inventory
47189	inventory
47190	inventory
47191	inventory
47192	inventory
47193	inventory
47194	inventory
47195	inventory
47196	inventory
47197	inventory
47198	inventory
47199	inventory
47200	inventory
47201	inventory
47202	inventory
47203	inventory
47204	inventory
47205	inventory
47206	inventory
47207	inventory
47208	inventory
47209	inventory
47210	inventory
47211	inventory
47212	inventory
47213	inventory
47214	inventory
47215	inventory
47216	inventory
47217	inventory
47218	inventory
47219	inventory
47220	inventory
47221	inventory
47222	inventory
47223	inventory
47224	inventory
47225	inventory
47226	inventory
47227	inventory
47228	inventory
47229	inventory
47230	inventory
47231	inventory
47232	inventory
47233	inventory
47234	inventory
47235	inventory
47236	inventory
47238	inventory
47239	inventory
47240	inventory
47241	inventory
47242	inventory
47243	inventory
47245	inventory
47246	inventory
47247	inventory
47248	inventory
47249	inventory
47250	inventory
47251	inventory
47252	inventory
47253	inventory
47254	inventory
47255	inventory
47256	inventory
47257	inventory
47258	inventory
47259	inventory
47260	inventory
47261	inventory
47262	inventory
47263	inventory
47264	inventory
47265	inventory
47266	inventory
47267	inventory
47268	inventory
47269	inventory
47270	inventory
47271	inventory
47272	inventory
47273	inventory
47274	inventory
47275	inventory
47276	inventory
47277	inventory
47278	inventory
47279	inventory
47280	inventory
47281	inventory
47282	inventory
47283	inventory
47284	inventory
47285	inventory
47286	inventory
47287	inventory
47288	inventory
47289	inventory
47290	inventory
47291	inventory
47292	inventory
47293	inventory
47294	inventory
47295	inventory
47296	inventory
47297	inventory
47298	inventory
47299	inventory
47300	inventory
47301	inventory
47302	inventory
47303	inventory
47304	inventory
47305	inventory
47306	inventory
47307	inventory
47308	inventory
47309	inventory
47310	inventory
47311	inventory
47312	inventory
47313	inventory
47314	inventory
47315	inventory
47316	inventory
47317	inventory
47318	inventory
47319	inventory
47320	inventory
47321	inventory
47322	inventory
47323	inventory
47324	inventory
47325	inventory
47326	inventory
47327	inventory
47328	inventory
47329	inventory
47330	inventory
47331	inventory
47332	inventory
47333	inventory
47334	inventory
47335	inventory
47336	inventory
47337	inventory
47338	inventory
47339	inventory
47340	inventory
47341	inventory
47342	inventory
47343	inventory
47344	inventory
47345	inventory
47346	inventory
47347	inventory
47348	inventory
47349	inventory
47350	inventory
47351	inventory
47352	inventory
47353	inventory
47354	inventory
47355	inventory
47356	inventory
47357	inventory
47358	inventory
47359	inventory
47360	inventory
47361	inventory
47362	inventory
47363	inventory
47364	inventory
47365	inventory
47366	inventory
47367	inventory
47368	inventory
47369	inventory
47370	inventory
47371	inventory
47372	inventory
47373	inventory
47374	inventory
47375	inventory
47376	inventory
47377	inventory
47378	inventory
47379	inventory
47380	inventory
47381	inventory
47382	inventory
47383	inventory
47384	inventory
47385	inventory
47386	inventory
47387	inventory
47388	inventory
47390	inventory
47391	inventory
47392	inventory
47393	inventory
47394	inventory
47395	inventory
47396	inventory
47397	inventory
47398	inventory
47399	inventory
47400	inventory
47401	inventory
47402	inventory
47403	inventory
47404	inventory
47405	inventory
47406	inventory
47407	inventory
47408	inventory
47409	inventory
47410	inventory
47411	inventory
47412	inventory
47413	inventory
47414	inventory
47415	inventory
47416	inventory
47417	inventory
47418	inventory
47419	inventory
47420	inventory
47421	inventory
47422	inventory
47423	inventory
47424	inventory
47425	inventory
47426	inventory
47427	inventory
47428	inventory
47429	inventory
47430	inventory
47431	inventory
47432	inventory
47433	inventory
47434	inventory
47435	inventory
47436	inventory
47437	inventory
47438	inventory
47439	inventory
47440	inventory
47441	inventory
47442	inventory
47443	inventory
47444	inventory
47445	inventory
47446	inventory
47447	inventory
47448	inventory
47449	inventory
47450	inventory
47451	inventory
47452	inventory
47453	inventory
47454	inventory
47455	inventory
47456	inventory
47457	inventory
47458	inventory
47459	inventory
47460	inventory
47461	inventory
47462	inventory
47463	inventory
47464	inventory
47465	inventory
47466	inventory
47467	inventory
47468	inventory
47469	inventory
47470	inventory
47471	inventory
47472	inventory
47473	inventory
47474	inventory
47475	inventory
47476	inventory
47477	inventory
47478	inventory
47479	inventory
47480	inventory
47481	inventory
47482	inventory
47483	inventory
47484	inventory
47485	inventory
47486	inventory
47487	inventory
47488	inventory
47489	inventory
47490	inventory
47491	inventory
47492	inventory
47493	inventory
47494	inventory
47495	inventory
47496	inventory
47497	inventory
47498	inventory
47499	inventory
47500	inventory
47501	inventory
47502	inventory
47503	inventory
47504	inventory
47505	inventory
47506	inventory
47507	inventory
47508	inventory
47509	inventory
47510	inventory
47511	inventory
47512	inventory
47513	inventory
47514	inventory
47515	inventory
47516	inventory
47517	inventory
47518	inventory
47519	inventory
47520	inventory
47521	inventory
47522	inventory
47523	inventory
47524	inventory
47525	inventory
47526	inventory
47527	inventory
47528	inventory
47529	inventory
47530	inventory
47531	inventory
47532	inventory
47533	inventory
47534	inventory
47535	inventory
47536	inventory
47537	inventory
47538	inventory
47539	inventory
47540	inventory
47541	inventory
47542	inventory
47543	inventory
47544	inventory
47545	inventory
47546	inventory
47547	inventory
47548	inventory
47549	inventory
47550	inventory
47551	inventory
47552	inventory
47553	inventory
47554	inventory
47555	inventory
47556	inventory
47557	inventory
47558	inventory
47559	inventory
47560	inventory
47561	inventory
47562	inventory
47563	inventory
47564	inventory
47565	inventory
47567	inventory
47568	inventory
47569	inventory
47570	inventory
47571	inventory
47572	inventory
47573	inventory
47574	inventory
47575	inventory
47576	inventory
47577	inventory
47578	inventory
47579	inventory
47580	inventory
47581	inventory
47582	inventory
47583	inventory
47584	inventory
47585	inventory
47586	inventory
47587	inventory
47588	inventory
47589	inventory
47590	inventory
47591	inventory
47592	inventory
47593	inventory
47594	inventory
47595	inventory
47596	inventory
47597	inventory
47598	inventory
47599	inventory
47600	inventory
47601	inventory
47602	inventory
47603	inventory
47604	inventory
47605	inventory
47606	inventory
47607	inventory
47608	inventory
47609	inventory
47610	inventory
47611	inventory
47612	inventory
47613	inventory
47614	inventory
47615	inventory
47616	inventory
47617	inventory
47618	inventory
47619	inventory
47620	inventory
47621	inventory
47622	inventory
47623	inventory
47624	inventory
47625	inventory
47626	inventory
47627	inventory
47628	inventory
47629	inventory
47630	inventory
47631	inventory
47632	inventory
47633	inventory
47634	inventory
47635	inventory
47636	inventory
47637	inventory
47638	inventory
47639	inventory
47640	inventory
47641	inventory
47642	inventory
47643	inventory
47644	inventory
47645	inventory
47646	inventory
47647	inventory
47648	inventory
47649	inventory
47650	inventory
47651	inventory
47652	inventory
47653	inventory
47654	inventory
47655	inventory
47656	inventory
47657	inventory
47658	inventory
47659	inventory
47660	inventory
47661	inventory
47662	inventory
47663	inventory
47664	inventory
47665	inventory
47666	inventory
47667	inventory
47668	inventory
47669	inventory
47670	inventory
47671	inventory
47672	inventory
47673	inventory
47674	inventory
47675	inventory
47676	inventory
47677	inventory
47678	inventory
47679	inventory
47680	inventory
47681	inventory
47682	inventory
47683	inventory
47684	inventory
47685	inventory
47686	inventory
47687	inventory
47688	inventory
47689	inventory
47690	inventory
47691	inventory
47692	inventory
47693	inventory
47694	inventory
47695	inventory
47696	inventory
47697	inventory
47698	inventory
47699	inventory
47700	inventory
47701	inventory
47702	inventory
47703	inventory
47704	inventory
47705	inventory
47706	inventory
47707	inventory
47708	inventory
47709	inventory
47710	inventory
47711	inventory
47712	inventory
47713	inventory
47714	inventory
47715	inventory
47716	inventory
47717	inventory
47718	inventory
47719	inventory
47720	inventory
47721	inventory
47722	inventory
47723	inventory
47724	inventory
47725	inventory
47726	inventory
47727	inventory
47728	inventory
47729	inventory
47730	inventory
47731	inventory
47732	inventory
47733	inventory
47734	inventory
47735	inventory
47736	inventory
47737	inventory
47738	inventory
47739	inventory
47740	inventory
47741	inventory
47742	inventory
47743	inventory
47744	inventory
47745	inventory
47746	inventory
47747	inventory
47748	inventory
47749	inventory
47750	inventory
47751	inventory
47752	inventory
47753	inventory
47754	inventory
47755	inventory
47756	inventory
47757	inventory
47758	inventory
47759	inventory
47760	inventory
47761	inventory
47762	inventory
47763	inventory
47764	inventory
47765	inventory
47766	inventory
47767	inventory
47768	inventory
47769	inventory
47770	inventory
47771	inventory
47772	inventory
47773	inventory
47774	inventory
47775	inventory
47776	inventory
47777	inventory
47778	inventory
47779	inventory
47780	inventory
47781	inventory
47782	inventory
47783	inventory
47784	inventory
47785	inventory
47786	inventory
47787	inventory
47788	inventory
47789	inventory
47790	inventory
47791	inventory
47792	inventory
47793	inventory
47794	inventory
47795	inventory
47796	inventory
47797	inventory
47798	inventory
47799	inventory
47800	inventory
47801	inventory
47802	inventory
47803	inventory
47804	inventory
47805	inventory
47806	inventory
47807	inventory
47808	inventory
47809	inventory
47810	inventory
47811	inventory
47812	inventory
47813	inventory
47814	inventory
47815	inventory
47816	inventory
47817	inventory
47818	inventory
47819	inventory
47820	inventory
47821	inventory
47822	inventory
47823	inventory
47824	inventory
47825	inventory
47826	inventory
47827	inventory
47828	inventory
47829	inventory
47830	inventory
47831	inventory
47832	inventory
47833	inventory
47834	inventory
47835	inventory
47836	inventory
47837	inventory
47838	inventory
47839	inventory
47840	inventory
47841	inventory
47842	inventory
47843	inventory
47844	inventory
47845	inventory
47846	inventory
47847	inventory
47848	inventory
47849	inventory
47850	inventory
47851	inventory
47852	inventory
47853	inventory
47854	inventory
47855	inventory
47856	inventory
47857	inventory
47859	inventory
47860	inventory
47861	inventory
47862	inventory
47863	inventory
47864	inventory
47865	inventory
47866	inventory
47867	inventory
47868	inventory
47869	inventory
47870	inventory
47871	inventory
47872	inventory
47873	inventory
47874	inventory
47875	inventory
47876	inventory
47877	inventory
47878	inventory
47879	inventory
47880	inventory
47881	inventory
47882	inventory
47883	inventory
47884	inventory
47885	inventory
47886	inventory
47887	inventory
47888	inventory
47889	inventory
47890	inventory
47891	inventory
47892	inventory
47893	inventory
47894	inventory
47895	inventory
47896	inventory
47897	inventory
47898	inventory
47899	inventory
47900	inventory
47901	inventory
47902	inventory
47903	inventory
47904	inventory
47905	inventory
47906	inventory
47907	inventory
47908	inventory
47909	inventory
47910	inventory
47911	inventory
47912	inventory
47913	inventory
47914	inventory
47915	inventory
47916	inventory
47917	inventory
47918	inventory
47919	inventory
47920	inventory
47921	inventory
47922	inventory
47923	inventory
47924	inventory
47925	inventory
47926	inventory
47927	inventory
47928	inventory
47929	inventory
47930	inventory
47931	inventory
47932	inventory
47933	inventory
47934	inventory
47935	inventory
47936	inventory
47937	inventory
47938	inventory
47939	inventory
47940	inventory
47941	inventory
47942	inventory
47943	inventory
47944	inventory
47945	inventory
47946	inventory
47947	inventory
47948	inventory
47949	inventory
47950	inventory
47951	inventory
47952	inventory
47953	inventory
47954	inventory
47955	inventory
47956	inventory
47957	inventory
47958	inventory
47959	inventory
47960	inventory
47961	inventory
47962	inventory
47963	inventory
47964	inventory
47965	inventory
47966	inventory
47967	inventory
47968	inventory
47969	inventory
47970	inventory
47971	inventory
47972	inventory
47973	inventory
47974	inventory
47975	inventory
47976	inventory
47977	inventory
47978	inventory
47979	inventory
47980	inventory
47981	inventory
47982	inventory
47983	inventory
47984	inventory
47985	inventory
47986	inventory
47987	inventory
47988	inventory
47989	inventory
47990	inventory
47991	inventory
47992	inventory
47993	inventory
47994	inventory
47995	inventory
47996	inventory
47997	inventory
47998	inventory
47999	inventory
48000	inventory
48001	inventory
48002	inventory
48003	inventory
48004	inventory
48005	inventory
48006	inventory
48007	inventory
48008	inventory
48009	inventory
48010	inventory
48011	inventory
48012	inventory
48013	inventory
48014	inventory
48015	inventory
48016	inventory
48017	inventory
48018	inventory
48019	inventory
48020	inventory
48021	inventory
48022	inventory
48023	inventory
48024	inventory
48025	inventory
48026	inventory
48027	inventory
48028	inventory
48029	inventory
48030	inventory
48031	inventory
48032	inventory
48033	inventory
48034	inventory
48035	inventory
48036	inventory
48037	inventory
48038	inventory
48039	inventory
48040	inventory
48041	inventory
48042	inventory
48043	inventory
48044	inventory
48045	inventory
48046	inventory
48047	inventory
48048	inventory
48049	inventory
48050	inventory
48051	inventory
48052	inventory
48053	inventory
48054	inventory
48055	inventory
48056	inventory
48057	inventory
48058	inventory
48059	inventory
48060	inventory
48061	inventory
48062	inventory
48063	inventory
48064	inventory
48065	inventory
48066	inventory
48067	inventory
48068	inventory
48069	inventory
48070	inventory
48071	inventory
48072	inventory
48073	inventory
48074	inventory
48075	inventory
48076	inventory
48077	inventory
48078	inventory
48079	inventory
48080	inventory
48081	inventory
48082	inventory
48083	inventory
48084	inventory
48085	inventory
48086	inventory
48087	inventory
48088	inventory
48089	inventory
48090	inventory
48091	inventory
48092	inventory
48093	inventory
48094	inventory
48095	inventory
48096	inventory
48097	inventory
48098	inventory
48099	inventory
48100	inventory
48101	inventory
48102	inventory
48103	inventory
48104	inventory
48105	inventory
48106	inventory
48107	inventory
48108	inventory
48109	inventory
48110	inventory
48111	inventory
48112	inventory
48113	inventory
48114	inventory
48115	inventory
48116	inventory
48117	inventory
48118	inventory
48119	inventory
48120	inventory
48121	inventory
48122	inventory
48123	inventory
48124	inventory
48125	inventory
48126	inventory
48127	inventory
48128	inventory
48129	inventory
48130	inventory
48131	inventory
48132	inventory
48133	inventory
48134	inventory
48135	inventory
48136	inventory
48137	inventory
48138	inventory
48139	inventory
48140	inventory
48141	inventory
48142	inventory
48143	inventory
48144	inventory
48145	inventory
48146	inventory
48147	inventory
48148	inventory
48149	inventory
48150	inventory
48151	inventory
48152	inventory
48153	inventory
48154	inventory
48155	inventory
48156	inventory
48157	inventory
48158	inventory
48159	inventory
48160	inventory
48161	inventory
48162	inventory
48163	inventory
48164	inventory
48165	inventory
48166	inventory
48167	inventory
48168	inventory
48169	inventory
48170	inventory
48171	inventory
48172	inventory
48173	inventory
48174	inventory
48175	inventory
48176	inventory
48177	inventory
48178	inventory
48179	inventory
48180	inventory
48181	inventory
48182	inventory
48183	inventory
48184	inventory
48185	inventory
48186	inventory
48187	inventory
48188	inventory
48189	inventory
48190	inventory
48191	inventory
48192	inventory
48193	inventory
48194	inventory
48195	inventory
48196	inventory
48197	inventory
48198	inventory
48199	inventory
48200	inventory
48201	inventory
48202	inventory
48203	inventory
48204	inventory
48205	inventory
48206	inventory
48207	inventory
48208	inventory
48209	inventory
48210	inventory
48211	inventory
48212	inventory
48213	inventory
48214	inventory
48215	inventory
48216	inventory
48217	inventory
48218	inventory
48219	inventory
48220	inventory
48221	inventory
48222	inventory
48224	inventory
48225	inventory
48226	inventory
48227	inventory
48228	inventory
48229	inventory
48230	inventory
48231	inventory
48232	inventory
48233	inventory
48235	inventory
48236	inventory
48237	inventory
48238	inventory
48239	inventory
48240	inventory
48241	inventory
48242	inventory
48243	inventory
48244	inventory
48245	inventory
48246	inventory
48247	inventory
48248	inventory
48249	inventory
48250	inventory
48251	inventory
48252	inventory
48253	inventory
48254	inventory
48255	inventory
48256	inventory
48257	inventory
48258	inventory
48259	inventory
48260	inventory
48261	inventory
48262	inventory
48263	inventory
48264	inventory
48265	inventory
48266	inventory
48267	inventory
48268	inventory
48269	inventory
48270	inventory
48271	inventory
48272	inventory
48273	inventory
48274	inventory
48275	inventory
48276	inventory
48277	inventory
48278	inventory
48279	inventory
48280	inventory
48281	inventory
48282	inventory
48283	inventory
48284	inventory
48285	inventory
48286	inventory
48287	inventory
48288	inventory
48289	inventory
48290	inventory
48291	inventory
48292	inventory
48293	inventory
48294	inventory
48295	inventory
48296	inventory
48297	inventory
48298	inventory
48299	inventory
48300	inventory
48301	inventory
48302	inventory
48303	inventory
48304	inventory
48305	inventory
48306	inventory
48307	inventory
48308	inventory
48309	inventory
48310	inventory
48311	inventory
48312	inventory
48313	inventory
48314	inventory
48315	inventory
48316	inventory
48317	inventory
48318	inventory
48319	inventory
48320	inventory
48321	inventory
48322	inventory
48323	inventory
48324	inventory
48325	inventory
48326	inventory
48327	inventory
48328	inventory
48329	inventory
48330	inventory
48331	inventory
48332	inventory
48333	inventory
48334	inventory
48335	inventory
48336	inventory
48337	inventory
48338	inventory
48339	inventory
48340	inventory
48341	inventory
48342	inventory
48343	inventory
48344	inventory
48345	inventory
48346	inventory
48347	inventory
48348	inventory
48349	inventory
48350	inventory
48351	inventory
48352	inventory
48353	inventory
48354	inventory
48355	inventory
48356	inventory
48357	inventory
48358	inventory
48359	inventory
48360	inventory
48361	inventory
48362	inventory
48363	inventory
48364	inventory
48365	inventory
48366	inventory
48367	inventory
48368	inventory
48369	inventory
48370	inventory
48371	inventory
48372	inventory
48373	inventory
48374	inventory
48375	inventory
48376	inventory
48377	inventory
48378	inventory
48379	inventory
48380	inventory
48381	inventory
48382	inventory
48383	inventory
48384	inventory
48385	inventory
48386	inventory
48387	inventory
48388	inventory
48389	inventory
48390	inventory
48391	inventory
48392	inventory
48393	inventory
48394	inventory
48395	inventory
48396	inventory
48397	inventory
48398	inventory
48399	inventory
48400	inventory
48401	inventory
48402	inventory
48403	inventory
48404	inventory
48405	inventory
48406	inventory
48407	inventory
48408	inventory
48409	inventory
48410	inventory
48411	inventory
48412	inventory
48413	inventory
48414	inventory
48415	inventory
48416	inventory
48417	inventory
48418	inventory
48419	inventory
48420	inventory
48421	inventory
48422	inventory
48423	inventory
48424	inventory
48425	inventory
48427	inventory
48428	inventory
48429	inventory
48430	inventory
48431	inventory
48432	inventory
48433	inventory
48434	inventory
48435	inventory
48436	inventory
48437	inventory
48438	inventory
48439	inventory
48440	inventory
48441	inventory
48442	inventory
48443	inventory
48444	inventory
48445	inventory
48446	inventory
48447	inventory
48448	inventory
48449	inventory
48450	inventory
48451	inventory
48452	inventory
48453	inventory
48454	inventory
48455	inventory
48456	inventory
48457	inventory
48458	inventory
48459	inventory
48460	inventory
48461	inventory
48462	inventory
48463	inventory
48464	inventory
48465	inventory
48466	inventory
48467	inventory
48468	inventory
48469	inventory
48470	inventory
48471	inventory
48472	inventory
48473	inventory
48474	inventory
48475	inventory
48476	inventory
48477	inventory
48478	inventory
48479	inventory
48480	inventory
48481	inventory
48482	inventory
48483	inventory
48484	inventory
48485	inventory
48486	inventory
48487	inventory
48488	inventory
48489	inventory
48490	inventory
48491	inventory
48492	inventory
48493	inventory
48494	inventory
48495	inventory
48496	inventory
48497	inventory
48498	inventory
48499	inventory
48500	inventory
48501	inventory
48502	inventory
48503	inventory
48504	inventory
48505	inventory
48506	inventory
48507	inventory
48508	inventory
48509	inventory
48510	inventory
48511	inventory
48512	inventory
48513	inventory
48514	inventory
48515	inventory
48516	inventory
48517	inventory
48518	inventory
48519	inventory
48520	inventory
48521	inventory
48522	inventory
48523	inventory
48524	inventory
48525	inventory
48526	inventory
48527	inventory
48528	inventory
48529	inventory
48530	inventory
48531	inventory
48532	inventory
48533	inventory
48534	inventory
48535	inventory
48536	inventory
48537	inventory
48538	inventory
48539	inventory
48540	inventory
48541	inventory
48542	inventory
48543	inventory
48544	inventory
48545	inventory
48546	inventory
48547	inventory
48548	inventory
48549	inventory
48550	inventory
48551	inventory
48552	inventory
48553	inventory
48554	inventory
48555	inventory
48556	inventory
48557	inventory
48558	inventory
48559	inventory
48560	inventory
48561	inventory
48562	inventory
48563	inventory
48564	inventory
48565	inventory
48566	inventory
48567	inventory
48568	inventory
48569	inventory
48570	inventory
48571	inventory
48572	inventory
48573	inventory
48574	inventory
48575	inventory
48576	inventory
48577	inventory
48578	inventory
48579	inventory
48580	inventory
48581	inventory
48582	inventory
48583	inventory
48584	inventory
48585	inventory
48586	inventory
48587	inventory
48588	inventory
48589	inventory
48590	inventory
48591	inventory
48592	inventory
48593	inventory
48594	inventory
48595	inventory
48596	inventory
48597	inventory
48598	inventory
48599	inventory
48600	inventory
48601	inventory
48602	inventory
48603	inventory
48604	inventory
48605	inventory
48606	inventory
48607	inventory
48608	inventory
48609	inventory
48610	inventory
48611	inventory
48612	inventory
48613	inventory
48614	inventory
48615	inventory
48616	inventory
48617	inventory
48618	inventory
48619	inventory
48620	inventory
48621	inventory
48622	inventory
48623	inventory
48624	inventory
48625	inventory
48626	inventory
48627	inventory
48628	inventory
48629	inventory
48630	inventory
48631	inventory
48632	inventory
48633	inventory
48634	inventory
48635	inventory
48636	inventory
48637	inventory
48638	inventory
48639	inventory
48640	inventory
48641	inventory
48642	inventory
48643	inventory
48644	inventory
48645	inventory
48646	inventory
48647	inventory
48648	inventory
48649	inventory
48650	inventory
48651	inventory
48652	inventory
48653	inventory
48654	inventory
48655	inventory
48656	inventory
48657	inventory
48658	inventory
48659	inventory
48660	inventory
48661	inventory
48662	inventory
48663	inventory
48664	inventory
48665	inventory
48666	inventory
48667	inventory
48668	inventory
48669	inventory
48670	inventory
48671	inventory
48672	inventory
48673	inventory
48674	inventory
48675	inventory
48676	inventory
48677	inventory
48678	inventory
48679	inventory
48680	inventory
48681	inventory
48682	inventory
48683	inventory
48684	inventory
48685	inventory
48686	inventory
48687	inventory
48688	inventory
48689	inventory
48690	inventory
48691	inventory
48692	inventory
48693	inventory
48694	inventory
48695	inventory
48696	inventory
48697	inventory
48698	inventory
48699	inventory
48700	inventory
48701	inventory
48702	inventory
48703	inventory
48704	inventory
48705	inventory
48706	inventory
48707	inventory
48708	inventory
48709	inventory
48710	inventory
48711	inventory
48712	inventory
48713	inventory
48714	inventory
48715	inventory
48716	inventory
48717	inventory
48718	inventory
48719	inventory
48720	inventory
48721	inventory
48722	inventory
48723	inventory
48724	inventory
48725	inventory
48726	inventory
48727	inventory
48728	inventory
48729	inventory
48730	inventory
48731	inventory
48732	inventory
48733	inventory
48734	inventory
48735	inventory
48736	inventory
48737	inventory
48738	inventory
48739	inventory
48740	inventory
48741	inventory
48742	inventory
48743	inventory
48744	inventory
48745	inventory
48746	inventory
48747	inventory
48748	inventory
48749	inventory
48750	inventory
48751	inventory
48752	inventory
48753	inventory
48754	inventory
48755	inventory
48756	inventory
48757	inventory
48758	inventory
48759	inventory
48760	inventory
48761	inventory
48762	inventory
48763	inventory
48764	inventory
48765	inventory
48766	inventory
48767	inventory
48768	inventory
48769	inventory
48770	inventory
48771	inventory
48772	inventory
48773	inventory
48774	inventory
48775	inventory
48776	inventory
48777	inventory
48778	inventory
48779	inventory
48780	inventory
48781	inventory
48782	inventory
48783	inventory
48784	inventory
48785	inventory
48786	inventory
48787	inventory
48788	inventory
48789	inventory
48790	inventory
48791	inventory
48792	inventory
48793	inventory
48794	inventory
48795	inventory
48796	inventory
48797	inventory
48798	inventory
48799	inventory
48800	inventory
48801	inventory
48802	inventory
48803	inventory
48804	inventory
48805	inventory
48806	inventory
48807	inventory
48808	inventory
48809	inventory
48810	inventory
48811	inventory
48812	inventory
48813	inventory
48814	inventory
48815	inventory
48816	inventory
48817	inventory
48818	inventory
48819	inventory
48820	inventory
48821	inventory
48822	inventory
48823	inventory
48824	inventory
48825	inventory
48826	inventory
48827	inventory
48828	inventory
48829	inventory
48830	inventory
48831	inventory
48832	inventory
48833	inventory
48834	inventory
48835	inventory
48836	inventory
48837	inventory
48838	inventory
48839	inventory
48840	inventory
48841	inventory
48842	inventory
48843	inventory
48844	inventory
48845	inventory
48846	inventory
48847	inventory
48848	inventory
48849	inventory
48850	inventory
48851	inventory
48852	inventory
48853	inventory
48854	inventory
48855	inventory
48856	inventory
48857	inventory
48858	inventory
48859	inventory
48860	inventory
48861	inventory
48862	inventory
48863	inventory
48864	inventory
48865	inventory
48866	inventory
48867	inventory
48868	inventory
48869	inventory
48870	inventory
48871	inventory
48872	inventory
48873	inventory
48874	inventory
48875	inventory
48876	inventory
48877	inventory
48878	inventory
48879	inventory
48880	inventory
48881	inventory
48882	inventory
48883	inventory
48884	inventory
48885	inventory
48886	inventory
48887	inventory
48888	inventory
48889	inventory
48890	inventory
48891	inventory
48892	inventory
48893	inventory
48894	inventory
48895	inventory
48896	inventory
48897	inventory
48898	inventory
48899	inventory
48900	inventory
48901	inventory
48902	inventory
48903	inventory
48904	inventory
48905	inventory
48906	inventory
48907	inventory
48908	inventory
48909	inventory
48910	inventory
48911	inventory
48912	inventory
48913	inventory
48914	inventory
48915	inventory
48916	inventory
48917	inventory
48918	inventory
48919	inventory
48920	inventory
48921	inventory
48922	inventory
48923	inventory
48924	inventory
48925	inventory
48926	inventory
48927	inventory
48928	inventory
48929	inventory
48930	inventory
48931	inventory
48932	inventory
48933	inventory
48934	inventory
48935	inventory
48936	inventory
48937	inventory
48938	inventory
48939	inventory
48940	inventory
48941	inventory
48942	inventory
48943	inventory
48944	inventory
48945	inventory
48946	inventory
48947	inventory
48948	inventory
48949	inventory
48950	inventory
48951	inventory
48952	inventory
48953	inventory
48954	inventory
48955	inventory
48956	inventory
48957	inventory
48958	inventory
48959	inventory
48960	inventory
48961	inventory
48962	inventory
48963	inventory
48964	inventory
48965	inventory
48966	inventory
48967	inventory
48968	inventory
48969	inventory
48970	inventory
48971	inventory
48972	inventory
48973	inventory
48974	inventory
48975	inventory
48976	inventory
48977	inventory
48978	inventory
48979	inventory
48980	inventory
48981	inventory
48982	inventory
48983	inventory
48984	inventory
48985	inventory
48986	inventory
48987	inventory
48988	inventory
48989	inventory
48990	inventory
48991	inventory
48992	inventory
48993	inventory
48994	inventory
48995	inventory
48996	inventory
48997	inventory
48998	inventory
48999	inventory
49000	inventory
49001	inventory
49002	inventory
49003	inventory
49004	inventory
49005	inventory
49006	inventory
49007	inventory
49008	inventory
49009	inventory
49010	inventory
49011	inventory
49012	inventory
49013	inventory
49014	inventory
49015	inventory
49016	inventory
49017	inventory
49018	inventory
49019	inventory
49020	inventory
49021	inventory
49022	inventory
49023	inventory
49024	inventory
49025	inventory
49026	inventory
49027	inventory
49028	inventory
49029	inventory
49030	inventory
49031	inventory
49032	inventory
49033	inventory
49034	inventory
49035	inventory
49036	inventory
49037	inventory
49038	inventory
49039	inventory
49040	inventory
49041	inventory
49042	inventory
49043	inventory
49044	inventory
49045	inventory
49046	inventory
49047	inventory
49048	inventory
49049	inventory
49050	inventory
49051	inventory
49052	inventory
49053	inventory
49054	inventory
49055	inventory
49056	inventory
49057	inventory
49058	inventory
49059	inventory
49060	inventory
49061	inventory
49062	inventory
49063	inventory
49064	inventory
49065	inventory
49066	inventory
49067	inventory
49068	inventory
49069	inventory
49070	inventory
49071	inventory
49072	inventory
49073	inventory
49074	inventory
49075	inventory
49076	inventory
49077	inventory
49078	inventory
49079	inventory
49080	inventory
49081	inventory
49082	inventory
49083	inventory
49085	inventory
49086	inventory
49087	inventory
49088	inventory
49089	inventory
49091	inventory
49092	inventory
49093	inventory
49094	inventory
49095	inventory
49096	inventory
49097	inventory
49098	inventory
49099	inventory
49100	inventory
49101	inventory
49102	inventory
49103	inventory
49104	inventory
49105	inventory
49106	inventory
49107	inventory
49108	inventory
49109	inventory
49110	inventory
49111	inventory
49112	inventory
49113	inventory
49114	inventory
49115	inventory
49116	inventory
49117	inventory
49118	inventory
49119	inventory
49120	inventory
49121	inventory
49122	inventory
49123	inventory
49124	inventory
49125	inventory
49126	inventory
49127	inventory
49128	inventory
49129	inventory
49130	inventory
49131	inventory
49132	inventory
49133	inventory
49134	inventory
49135	inventory
49136	inventory
49137	inventory
49138	inventory
49139	inventory
49140	inventory
49141	inventory
49142	inventory
49143	inventory
49144	inventory
49145	inventory
49146	inventory
49147	inventory
49148	inventory
49149	inventory
49150	inventory
49151	inventory
49152	inventory
49153	inventory
49154	inventory
49155	inventory
49156	inventory
49157	inventory
49158	inventory
49159	inventory
49160	inventory
49161	inventory
49162	inventory
49163	inventory
49164	inventory
49165	inventory
49166	inventory
49167	inventory
49168	inventory
49169	inventory
49170	inventory
49171	inventory
49172	inventory
49173	inventory
49174	inventory
49175	inventory
49176	inventory
49177	inventory
49178	inventory
49179	inventory
49180	inventory
49181	inventory
49182	inventory
49183	inventory
49184	inventory
49185	inventory
49186	inventory
49187	inventory
49188	inventory
49189	inventory
49190	inventory
49191	inventory
49192	inventory
49193	inventory
49194	inventory
49195	inventory
49196	inventory
49197	inventory
49198	inventory
49199	inventory
49200	inventory
49201	inventory
49202	inventory
49203	inventory
49204	inventory
49205	inventory
49206	inventory
49207	inventory
49208	inventory
49209	inventory
49210	inventory
49211	inventory
49212	inventory
49213	inventory
49214	inventory
49215	inventory
49216	inventory
49217	inventory
49218	inventory
49219	inventory
49220	inventory
49221	inventory
49222	inventory
49223	inventory
49224	inventory
49225	inventory
49226	inventory
49227	inventory
49228	inventory
49229	inventory
49230	inventory
49231	inventory
49232	inventory
49233	inventory
49234	inventory
49236	inventory
49237	inventory
49238	inventory
49239	inventory
49240	inventory
49241	inventory
49242	inventory
49243	inventory
49245	inventory
49246	inventory
49247	inventory
49248	inventory
49250	inventory
49251	inventory
49252	inventory
49253	inventory
49254	inventory
49255	inventory
49256	inventory
49257	inventory
49258	inventory
49259	inventory
49260	inventory
49261	inventory
49262	inventory
49263	inventory
49264	inventory
49265	inventory
49266	inventory
49267	inventory
49268	inventory
49269	inventory
49270	inventory
49271	inventory
49272	inventory
49273	inventory
49274	inventory
49275	inventory
49276	inventory
49277	inventory
49278	inventory
49279	inventory
49280	inventory
49281	inventory
49282	inventory
49283	inventory
49284	inventory
49285	inventory
49286	inventory
49287	inventory
49288	inventory
49289	inventory
49290	inventory
49291	inventory
49292	inventory
49294	inventory
49295	inventory
49296	inventory
49297	inventory
49298	inventory
49299	inventory
49300	inventory
49301	inventory
49302	inventory
49303	inventory
49304	inventory
49305	inventory
49306	inventory
49307	inventory
49308	inventory
49309	inventory
49311	inventory
49312	inventory
49313	inventory
49314	inventory
49315	inventory
49316	inventory
49317	inventory
49318	inventory
49319	inventory
49320	inventory
49321	inventory
49322	inventory
49323	inventory
49324	inventory
49325	inventory
49326	inventory
49327	inventory
49328	inventory
49329	inventory
49330	inventory
49331	inventory
49332	inventory
49333	inventory
49334	inventory
49335	inventory
49336	inventory
49337	inventory
49338	inventory
49339	inventory
49340	inventory
49341	inventory
49342	inventory
49343	inventory
49344	inventory
49345	inventory
49346	inventory
49347	inventory
49348	inventory
49349	inventory
49350	inventory
49351	inventory
49352	inventory
49353	inventory
49354	inventory
49355	inventory
49356	inventory
49357	inventory
49358	inventory
49359	inventory
49360	inventory
49361	inventory
49362	inventory
49363	inventory
49364	inventory
49365	inventory
49366	inventory
49367	inventory
49368	inventory
49369	inventory
49370	inventory
49371	inventory
49372	inventory
49373	inventory
49374	inventory
49375	inventory
49376	inventory
49377	inventory
49378	inventory
49379	inventory
49380	inventory
49381	inventory
49382	inventory
49383	inventory
49384	inventory
49385	inventory
49387	inventory
49388	inventory
49390	inventory
49391	inventory
49392	inventory
49393	inventory
49394	inventory
49395	inventory
49396	inventory
49397	inventory
49398	inventory
49399	inventory
49400	inventory
49401	inventory
49402	inventory
49403	inventory
49404	inventory
49405	inventory
49406	inventory
49407	inventory
49408	inventory
49409	inventory
49411	inventory
49412	inventory
49413	inventory
49414	inventory
49415	inventory
49416	inventory
49417	inventory
49418	inventory
49419	inventory
49420	inventory
49421	inventory
49422	inventory
49423	inventory
49424	inventory
49425	inventory
49426	inventory
49427	inventory
49428	inventory
49429	inventory
49431	inventory
49432	inventory
49433	inventory
49434	inventory
49435	inventory
49436	inventory
49437	inventory
49438	inventory
49439	inventory
49440	inventory
49441	inventory
49442	inventory
49443	inventory
49444	inventory
49445	inventory
49446	inventory
49447	inventory
49448	inventory
49449	inventory
49450	inventory
49451	inventory
49452	inventory
49453	inventory
49454	inventory
49455	inventory
49456	inventory
49457	inventory
49458	inventory
49459	inventory
49460	inventory
49461	inventory
49462	inventory
49463	inventory
49464	inventory
49465	inventory
49466	inventory
49467	inventory
49468	inventory
49469	inventory
49470	inventory
49471	inventory
49472	inventory
49473	inventory
49474	inventory
49475	inventory
49476	inventory
49477	inventory
49478	inventory
49479	inventory
49480	inventory
49481	inventory
49482	inventory
49483	inventory
49484	inventory
49485	inventory
49486	inventory
49487	inventory
49488	inventory
49489	inventory
49490	inventory
49491	inventory
49492	inventory
49493	inventory
49494	inventory
49495	inventory
49496	inventory
49497	inventory
49498	inventory
49499	inventory
49500	inventory
49501	inventory
49502	inventory
49503	inventory
49504	inventory
49505	inventory
49506	inventory
49507	inventory
49508	inventory
49509	inventory
49510	inventory
49511	inventory
49512	inventory
49513	inventory
49514	inventory
49515	inventory
49516	inventory
49517	inventory
49518	inventory
49519	inventory
49520	inventory
49521	inventory
49522	inventory
49523	inventory
49524	inventory
49525	inventory
49526	inventory
49527	inventory
49528	inventory
49529	inventory
49530	inventory
49531	inventory
49532	inventory
49533	inventory
49535	inventory
49536	inventory
49537	inventory
49538	inventory
49539	inventory
49540	inventory
49541	inventory
49542	inventory
49544	inventory
49545	inventory
49546	inventory
49547	inventory
49548	inventory
49549	inventory
49550	inventory
49551	inventory
49552	inventory
49553	inventory
49554	inventory
49555	inventory
49556	inventory
49557	inventory
49558	inventory
49559	inventory
49560	inventory
49561	inventory
49562	inventory
49563	inventory
49564	inventory
49565	inventory
49566	inventory
49567	inventory
49568	inventory
49569	inventory
49570	inventory
49571	inventory
49572	inventory
49573	inventory
49574	inventory
49575	inventory
49576	inventory
49577	inventory
49578	inventory
49579	inventory
49580	inventory
49581	inventory
49582	inventory
49583	inventory
49584	inventory
49585	inventory
49586	inventory
49587	inventory
49588	inventory
49589	inventory
49590	inventory
49591	inventory
49592	inventory
49593	inventory
49594	inventory
49595	inventory
49596	inventory
49597	inventory
49598	inventory
49599	inventory
49600	inventory
49601	inventory
49602	inventory
49603	inventory
49604	inventory
49605	inventory
49606	inventory
49607	inventory
49608	inventory
49609	inventory
49610	inventory
49611	inventory
49612	inventory
49613	inventory
49614	inventory
49615	inventory
49616	inventory
49617	inventory
49618	inventory
49619	inventory
49620	inventory
49621	inventory
49622	inventory
49623	inventory
49624	inventory
49625	inventory
49626	inventory
49627	inventory
49628	inventory
49629	inventory
49630	inventory
49631	inventory
49632	inventory
49633	inventory
49634	inventory
49635	inventory
49636	inventory
49637	inventory
49638	inventory
49639	inventory
49640	inventory
49641	inventory
49642	inventory
49643	inventory
49644	inventory
49645	inventory
49646	inventory
49647	inventory
49648	inventory
49649	inventory
49650	inventory
49651	inventory
49652	inventory
49653	inventory
49654	inventory
49655	inventory
49656	inventory
49657	inventory
49658	inventory
49659	inventory
49660	inventory
49661	inventory
49662	inventory
49663	inventory
49664	inventory
49665	inventory
49666	inventory
49667	inventory
49668	inventory
49669	inventory
49670	inventory
49671	inventory
49672	inventory
49673	inventory
49674	inventory
49675	inventory
49676	inventory
49677	inventory
49678	inventory
49679	inventory
49680	inventory
49681	inventory
49682	inventory
49683	inventory
49684	inventory
49685	inventory
49686	inventory
49687	inventory
49688	inventory
49689	inventory
49690	inventory
49691	inventory
49692	inventory
49693	inventory
49694	inventory
49695	inventory
49696	inventory
49697	inventory
49698	inventory
49699	inventory
49700	inventory
49701	inventory
49702	inventory
49703	inventory
49704	inventory
49705	inventory
49706	inventory
49707	inventory
49708	inventory
49709	inventory
49710	inventory
49711	inventory
49712	inventory
49713	inventory
49714	inventory
49715	inventory
49716	inventory
49717	inventory
49718	inventory
49719	inventory
49720	inventory
49721	inventory
49722	inventory
49723	inventory
49724	inventory
49725	inventory
49726	inventory
49727	inventory
49728	inventory
49729	inventory
49730	inventory
49731	inventory
49732	inventory
49733	inventory
49734	inventory
49735	inventory
49736	inventory
49737	inventory
49738	inventory
49739	inventory
49740	inventory
49741	inventory
49742	inventory
49743	inventory
49744	inventory
49745	inventory
49746	inventory
49747	inventory
49748	inventory
49749	inventory
49750	inventory
49751	inventory
49752	inventory
49753	inventory
49754	inventory
49755	inventory
49756	inventory
49757	inventory
49758	inventory
49759	inventory
49760	inventory
49761	inventory
49762	inventory
49763	inventory
49764	inventory
49765	inventory
49766	inventory
49767	inventory
49768	inventory
49769	inventory
49770	inventory
49771	inventory
49772	inventory
49773	inventory
49774	inventory
49775	inventory
49776	inventory
49777	inventory
49778	inventory
49779	inventory
49780	inventory
49781	inventory
49782	inventory
49783	inventory
49784	inventory
49785	inventory
49786	inventory
49787	inventory
49788	inventory
49789	inventory
49790	inventory
49791	inventory
49792	inventory
49793	inventory
49794	inventory
49795	inventory
49796	inventory
49797	inventory
49798	inventory
49799	inventory
49800	inventory
49801	inventory
49802	inventory
49803	inventory
49804	inventory
49805	inventory
49806	inventory
49807	inventory
49808	inventory
49809	inventory
49810	inventory
49811	inventory
49812	inventory
49813	inventory
49814	inventory
49815	inventory
49816	inventory
49817	inventory
49818	inventory
49819	inventory
49820	inventory
49821	inventory
49822	inventory
49823	inventory
49824	inventory
49825	inventory
49826	inventory
49827	inventory
49828	inventory
49829	inventory
49830	inventory
49831	inventory
49832	inventory
49833	inventory
49834	inventory
49835	inventory
49836	inventory
49837	inventory
49838	inventory
49839	inventory
49840	inventory
49841	inventory
49842	inventory
49843	inventory
49844	inventory
49845	inventory
49846	inventory
49847	inventory
49848	inventory
49849	inventory
49850	inventory
49851	inventory
49852	inventory
49853	inventory
49854	inventory
49855	inventory
49856	inventory
49857	inventory
49858	inventory
49859	inventory
49860	inventory
49861	inventory
49862	inventory
49863	inventory
49864	inventory
49865	inventory
49866	inventory
49867	inventory
49868	inventory
49869	inventory
49870	inventory
49871	inventory
49872	inventory
49873	inventory
49874	inventory
49875	inventory
49876	inventory
49877	inventory
49878	inventory
49879	inventory
49880	inventory
49881	inventory
49882	inventory
49883	inventory
49884	inventory
49885	inventory
49886	inventory
49887	inventory
49888	inventory
49889	inventory
49890	inventory
49891	inventory
49892	inventory
49893	inventory
49894	inventory
49895	inventory
49896	inventory
49897	inventory
49898	inventory
49899	inventory
49900	inventory
49901	inventory
49902	inventory
49903	inventory
49904	inventory
49905	inventory
49906	inventory
49907	inventory
49908	inventory
49909	inventory
49910	inventory
49911	inventory
49912	inventory
49913	inventory
49914	inventory
49915	inventory
49916	inventory
49917	inventory
49918	inventory
49919	inventory
49920	inventory
49921	inventory
49922	inventory
49923	inventory
49924	inventory
49925	inventory
49926	inventory
49927	inventory
49928	inventory
49929	inventory
49930	inventory
49931	inventory
49932	inventory
49933	inventory
49934	inventory
49935	inventory
49936	inventory
49937	inventory
49938	inventory
49939	inventory
49940	inventory
49941	inventory
49942	inventory
49943	inventory
49944	inventory
49945	inventory
49946	inventory
49947	inventory
49948	inventory
49949	inventory
49950	inventory
49951	inventory
49952	inventory
49953	inventory
49954	inventory
49955	inventory
49956	inventory
49957	inventory
49958	inventory
49959	inventory
49960	inventory
49961	inventory
49962	inventory
49963	inventory
49964	inventory
49965	inventory
49966	inventory
49967	inventory
49968	inventory
49969	inventory
49970	inventory
49971	inventory
49972	inventory
49973	inventory
49974	inventory
49975	inventory
49976	inventory
49977	inventory
49978	inventory
49979	inventory
49980	inventory
49981	inventory
49982	inventory
49983	inventory
49984	inventory
49985	inventory
49986	inventory
49987	inventory
49988	inventory
49989	inventory
49990	inventory
49991	inventory
49992	inventory
49993	inventory
49994	inventory
49995	inventory
49996	inventory
49997	inventory
49998	inventory
49999	inventory
50000	inventory
50001	inventory
50002	inventory
50003	inventory
50004	inventory
50005	inventory
50006	inventory
50007	inventory
50008	inventory
50009	inventory
50010	inventory
50011	inventory
50012	inventory
50013	inventory
50014	inventory
50015	inventory
50016	inventory
50017	inventory
50018	inventory
50019	inventory
50020	inventory
50021	inventory
50022	inventory
50023	inventory
50024	inventory
50025	inventory
50026	inventory
50027	inventory
50028	inventory
50029	inventory
50030	inventory
50031	inventory
50032	inventory
50033	inventory
50034	inventory
50035	inventory
50036	inventory
50037	inventory
50038	inventory
50039	inventory
50040	inventory
50041	inventory
50042	inventory
50043	inventory
50044	inventory
50045	inventory
50046	inventory
50047	inventory
50048	inventory
50049	inventory
50050	inventory
50051	inventory
50052	inventory
50053	inventory
50054	inventory
50055	inventory
50056	inventory
50057	inventory
50058	inventory
50059	inventory
50060	inventory
50061	inventory
50062	inventory
50063	inventory
50064	inventory
50065	inventory
50066	inventory
50067	inventory
50068	inventory
50069	inventory
50070	inventory
50071	inventory
50072	inventory
50073	inventory
50074	inventory
50075	inventory
50076	inventory
50077	inventory
50078	inventory
50079	inventory
50080	inventory
50081	inventory
50082	inventory
50083	inventory
50084	inventory
50085	inventory
50086	inventory
50087	inventory
50088	inventory
50089	inventory
50090	inventory
50091	inventory
50092	inventory
50093	inventory
50094	inventory
50095	inventory
50096	inventory
50097	inventory
50098	inventory
50099	inventory
50100	inventory
50101	inventory
50102	inventory
50103	inventory
50104	inventory
50105	inventory
50106	inventory
50107	inventory
50108	inventory
50109	inventory
50110	inventory
50111	inventory
50112	inventory
50113	inventory
50114	inventory
50115	inventory
50116	inventory
50117	inventory
50118	inventory
50119	inventory
50120	inventory
50121	inventory
50122	inventory
50123	inventory
50124	inventory
50125	inventory
50126	inventory
50127	inventory
50128	inventory
50129	inventory
50130	inventory
50131	inventory
50132	inventory
50133	inventory
50134	inventory
50135	inventory
50136	inventory
50137	inventory
50138	inventory
50139	inventory
50140	inventory
50141	inventory
50142	inventory
50143	inventory
50144	inventory
50145	inventory
50146	inventory
50147	inventory
50148	inventory
50149	inventory
50150	inventory
50151	inventory
50152	inventory
50153	inventory
50154	inventory
50155	inventory
50156	inventory
50157	inventory
50158	inventory
50159	inventory
50160	inventory
50161	inventory
50162	inventory
50163	inventory
50164	inventory
50165	inventory
50166	inventory
50167	inventory
50168	inventory
50169	inventory
50170	inventory
50171	inventory
50172	inventory
50173	inventory
50174	inventory
50175	inventory
50176	inventory
50177	inventory
50178	inventory
50179	inventory
50180	inventory
50181	inventory
50182	inventory
50183	inventory
50184	inventory
50185	inventory
50186	inventory
50187	inventory
50188	inventory
50189	inventory
50190	inventory
50191	inventory
50192	inventory
50193	inventory
50194	inventory
50195	inventory
50196	inventory
50197	inventory
50198	inventory
50199	inventory
50200	inventory
50201	inventory
50202	inventory
50203	inventory
50204	inventory
50205	inventory
50206	inventory
50207	inventory
50208	inventory
50209	inventory
50210	inventory
50211	inventory
50212	inventory
50213	inventory
50214	inventory
50215	inventory
50216	inventory
50217	inventory
50218	inventory
50219	inventory
50220	inventory
50221	inventory
50222	inventory
50223	inventory
50224	inventory
50225	inventory
50226	inventory
50227	inventory
50228	inventory
50229	inventory
50230	inventory
50231	inventory
50232	inventory
50233	inventory
50234	inventory
50235	inventory
50236	inventory
50237	inventory
50238	inventory
50239	inventory
50240	inventory
50241	inventory
50242	inventory
50243	inventory
50244	inventory
50245	inventory
50246	inventory
50247	inventory
50248	inventory
50249	inventory
50250	inventory
50251	inventory
50252	inventory
50253	inventory
50254	inventory
50255	inventory
50256	inventory
50257	inventory
50258	inventory
50259	inventory
50260	inventory
50261	inventory
50262	inventory
50263	inventory
50264	inventory
50265	inventory
50266	inventory
50267	inventory
50268	inventory
50269	inventory
50270	inventory
50271	inventory
50272	inventory
50273	inventory
50274	inventory
50275	inventory
50276	inventory
50277	inventory
50278	inventory
50279	inventory
50280	inventory
50281	inventory
50282	inventory
50283	inventory
50284	inventory
50285	inventory
50286	inventory
50287	inventory
50288	inventory
50289	inventory
50290	inventory
50291	inventory
50292	inventory
50293	inventory
50294	inventory
50295	inventory
50296	inventory
50297	inventory
50298	inventory
50299	inventory
50300	inventory
50301	inventory
50303	inventory
50304	inventory
50305	inventory
50306	inventory
50307	inventory
50308	inventory
50309	inventory
50310	inventory
50311	inventory
50312	inventory
50313	inventory
50314	inventory
50315	inventory
50316	inventory
50317	inventory
50318	inventory
50319	inventory
50320	inventory
50321	inventory
50322	inventory
50323	inventory
50324	inventory
50325	inventory
50326	inventory
50327	inventory
50328	inventory
50329	inventory
50330	inventory
50331	inventory
50332	inventory
50333	inventory
50334	inventory
50335	inventory
50336	inventory
50337	inventory
50338	inventory
50339	inventory
50340	inventory
50341	inventory
50342	inventory
50343	inventory
50345	inventory
50346	inventory
50347	inventory
50348	inventory
50349	inventory
50350	inventory
50351	inventory
50352	inventory
50353	inventory
50354	inventory
50355	inventory
50356	inventory
50357	inventory
50358	inventory
50359	inventory
50360	inventory
50361	inventory
50362	inventory
50363	inventory
50364	inventory
50365	inventory
50366	inventory
50367	inventory
50368	inventory
50369	inventory
50370	inventory
50371	inventory
50372	inventory
50373	inventory
50374	inventory
50375	inventory
50376	inventory
50377	inventory
50378	inventory
50379	inventory
50380	inventory
50381	inventory
50382	inventory
50383	inventory
50384	inventory
50385	inventory
50386	inventory
50387	inventory
50388	inventory
50389	inventory
50390	inventory
50391	inventory
50392	inventory
50393	inventory
50394	inventory
50395	inventory
50396	inventory
50397	inventory
50398	inventory
50399	inventory
50400	inventory
50401	inventory
50402	inventory
50403	inventory
50404	inventory
50405	inventory
50406	inventory
50407	inventory
50408	inventory
50409	inventory
50410	inventory
50411	inventory
50412	inventory
50413	inventory
50414	inventory
50415	inventory
50416	inventory
50417	inventory
50418	inventory
50419	inventory
50420	inventory
50421	inventory
50422	inventory
50423	inventory
50424	inventory
50425	inventory
50426	inventory
50427	inventory
50428	inventory
50429	inventory
50430	inventory
50431	inventory
50432	inventory
50433	inventory
50434	inventory
50435	inventory
50436	inventory
50437	inventory
50438	inventory
50439	inventory
50440	inventory
50441	inventory
50442	inventory
50443	inventory
50444	inventory
50445	inventory
50446	inventory
50447	inventory
50448	inventory
50449	inventory
50450	inventory
50451	inventory
50452	inventory
50453	inventory
50454	inventory
50455	inventory
50456	inventory
50457	inventory
50458	inventory
50459	inventory
50460	inventory
50461	inventory
50462	inventory
50463	inventory
50464	inventory
50465	inventory
50466	inventory
50467	inventory
50468	inventory
50469	inventory
50470	inventory
50471	inventory
50473	inventory
50474	inventory
50475	inventory
50476	inventory
50477	inventory
50478	inventory
50479	inventory
50480	inventory
50481	inventory
50482	inventory
50483	inventory
50484	inventory
50485	inventory
50486	inventory
50487	inventory
50488	inventory
50489	inventory
50490	inventory
50491	inventory
50492	inventory
50493	inventory
50494	inventory
50495	inventory
50496	inventory
50497	inventory
50498	inventory
50499	inventory
50500	inventory
50501	inventory
50502	inventory
50503	inventory
50504	inventory
50505	inventory
50506	inventory
50507	inventory
50508	inventory
50509	inventory
50510	inventory
50511	inventory
50512	inventory
50513	inventory
50514	inventory
50515	inventory
50516	inventory
50517	inventory
50518	inventory
50519	inventory
50520	inventory
50521	inventory
50522	inventory
50523	inventory
50524	inventory
50525	inventory
50526	inventory
50527	inventory
50528	inventory
50529	inventory
50530	inventory
50531	inventory
50532	inventory
50533	inventory
50534	inventory
50535	inventory
50536	inventory
50537	inventory
50538	inventory
50539	inventory
50540	inventory
50541	inventory
50542	inventory
50543	inventory
50544	inventory
50545	inventory
50546	inventory
50547	inventory
50548	inventory
50549	inventory
50550	inventory
50551	inventory
50552	inventory
50553	inventory
50555	inventory
50556	inventory
50557	inventory
50558	inventory
50559	inventory
50560	inventory
50561	inventory
50563	inventory
50564	inventory
50565	inventory
50566	inventory
50567	inventory
50568	inventory
50569	inventory
50571	inventory
50572	inventory
50573	inventory
50574	inventory
50575	inventory
50576	inventory
50577	inventory
50578	inventory
50579	inventory
50580	inventory
50581	inventory
50582	inventory
50583	inventory
50584	inventory
50585	inventory
50586	inventory
50587	inventory
50588	inventory
50589	inventory
50590	inventory
50591	inventory
50592	inventory
50593	inventory
50594	inventory
50595	inventory
50596	inventory
50597	inventory
50598	inventory
50599	inventory
50600	inventory
50601	inventory
50602	inventory
50603	inventory
50604	inventory
50605	inventory
50606	inventory
50607	inventory
50608	inventory
50609	inventory
50610	inventory
50611	inventory
50612	inventory
50613	inventory
50614	inventory
50615	inventory
50616	inventory
50617	inventory
50618	inventory
50619	inventory
50620	inventory
50621	inventory
50622	inventory
50623	inventory
50624	inventory
50625	inventory
50626	inventory
50627	inventory
50628	inventory
50629	inventory
50630	inventory
50631	inventory
50632	inventory
50633	inventory
50634	inventory
50635	inventory
50636	inventory
50637	inventory
50638	inventory
50639	inventory
50640	inventory
50641	inventory
50642	inventory
50643	inventory
50644	inventory
50645	inventory
50646	inventory
50647	inventory
50648	inventory
50649	inventory
50650	inventory
50651	inventory
50652	inventory
50653	inventory
50654	inventory
50655	inventory
50656	inventory
50657	inventory
50658	inventory
50659	inventory
50660	inventory
50661	inventory
50662	inventory
50663	inventory
50664	inventory
50665	inventory
50666	inventory
50667	inventory
50668	inventory
50669	inventory
50671	inventory
50672	inventory
50673	inventory
50674	inventory
50675	inventory
50676	inventory
50677	inventory
50678	inventory
50679	inventory
50680	inventory
50681	inventory
50682	inventory
50683	inventory
50684	inventory
50685	inventory
50686	inventory
50687	inventory
50688	inventory
50689	inventory
50691	inventory
50692	inventory
50693	inventory
50694	inventory
50695	inventory
50696	inventory
50697	inventory
50698	inventory
50699	inventory
50700	inventory
50701	inventory
50702	inventory
50703	inventory
50704	inventory
50705	inventory
50706	inventory
50707	inventory
50708	inventory
50709	inventory
50710	inventory
50711	inventory
50712	inventory
50713	inventory
50714	inventory
50715	inventory
50716	inventory
50717	inventory
50718	inventory
50719	inventory
50720	inventory
50721	inventory
50722	inventory
50723	inventory
50724	inventory
50725	inventory
50726	inventory
50727	inventory
50728	inventory
50729	inventory
50730	inventory
50731	inventory
50732	inventory
50733	inventory
50734	inventory
50735	inventory
50737	inventory
50738	inventory
50739	inventory
50740	inventory
50741	inventory
50742	inventory
50743	inventory
50744	inventory
50745	inventory
50746	inventory
50747	inventory
50748	inventory
50749	inventory
50750	inventory
50751	inventory
50752	inventory
50753	inventory
50754	inventory
50755	inventory
50756	inventory
50757	inventory
50758	inventory
50759	inventory
50760	inventory
50761	inventory
50762	inventory
50763	inventory
50764	inventory
50765	inventory
50766	inventory
50767	inventory
50768	inventory
50769	inventory
50770	inventory
50771	inventory
50772	inventory
50773	inventory
50774	inventory
50775	inventory
50776	inventory
50777	inventory
50778	inventory
50779	inventory
50780	inventory
50781	inventory
50782	inventory
50783	inventory
50784	inventory
50785	inventory
50786	inventory
50787	inventory
50788	inventory
50789	inventory
50790	inventory
50791	inventory
50792	inventory
50793	inventory
50794	inventory
50795	inventory
50797	inventory
50798	inventory
50799	inventory
50800	inventory
50801	inventory
50802	inventory
50803	inventory
50804	inventory
50805	inventory
50806	inventory
50807	inventory
50808	inventory
50809	inventory
50810	inventory
50811	inventory
50812	inventory
50813	inventory
50814	inventory
50815	inventory
50816	inventory
50817	inventory
50818	inventory
50819	inventory
50820	inventory
50821	inventory
50822	inventory
50823	inventory
50824	inventory
50825	inventory
50826	inventory
50827	inventory
50828	inventory
50829	inventory
50830	inventory
50831	inventory
50832	inventory
50833	inventory
50834	inventory
50835	inventory
50836	inventory
50837	inventory
50838	inventory
50839	inventory
50840	inventory
50841	inventory
50842	inventory
50843	inventory
50844	inventory
50845	inventory
50846	inventory
50847	inventory
50848	inventory
50849	inventory
50850	inventory
50851	inventory
50852	inventory
50853	inventory
50854	inventory
50855	inventory
50856	inventory
50857	inventory
50858	inventory
50859	inventory
50860	inventory
50861	inventory
50862	inventory
50863	inventory
50864	inventory
50865	inventory
50866	inventory
50867	inventory
50868	inventory
50869	inventory
50870	inventory
50871	inventory
50872	inventory
50873	inventory
50874	inventory
50875	inventory
50877	inventory
50878	inventory
50879	inventory
50880	inventory
50881	inventory
50882	inventory
50883	inventory
50884	inventory
50885	inventory
50886	inventory
50887	inventory
50888	inventory
50889	inventory
50890	inventory
50891	inventory
50892	inventory
50893	inventory
50894	inventory
50895	inventory
50896	inventory
50897	inventory
50898	inventory
50899	inventory
50900	inventory
50901	inventory
50902	inventory
50903	inventory
50904	inventory
50905	inventory
50906	inventory
50907	inventory
50908	inventory
50909	inventory
50910	inventory
50911	inventory
50912	inventory
50913	inventory
50914	inventory
50915	inventory
50916	inventory
50917	inventory
50918	inventory
50919	inventory
50920	inventory
50921	inventory
50922	inventory
50923	inventory
50924	inventory
50925	inventory
50926	inventory
50927	inventory
50928	inventory
50929	inventory
50930	inventory
50931	inventory
50933	inventory
50934	inventory
50935	inventory
50936	inventory
50937	inventory
50938	inventory
50939	inventory
50940	inventory
50941	inventory
50942	inventory
50943	inventory
50944	inventory
50945	inventory
50946	inventory
50947	inventory
50948	inventory
50949	inventory
50950	inventory
50951	inventory
50952	inventory
50953	inventory
50954	inventory
50955	inventory
50956	inventory
50957	inventory
50958	inventory
50959	inventory
50960	inventory
50961	inventory
50962	inventory
50963	inventory
50964	inventory
50965	inventory
50966	inventory
50967	inventory
50968	inventory
50969	inventory
50970	inventory
50972	inventory
50973	inventory
50974	inventory
50975	inventory
50976	inventory
50977	inventory
50978	inventory
50979	inventory
50980	inventory
50981	inventory
50982	inventory
50983	inventory
50984	inventory
50985	inventory
50986	inventory
50987	inventory
50988	inventory
50989	inventory
50990	inventory
50991	inventory
50992	inventory
50993	inventory
50994	inventory
50995	inventory
50996	inventory
50997	inventory
50998	inventory
50999	inventory
51000	inventory
51001	inventory
51002	inventory
51003	inventory
51005	inventory
51006	inventory
51007	inventory
51009	inventory
51010	inventory
51011	inventory
51012	inventory
51013	inventory
51014	inventory
51015	inventory
51016	inventory
51017	inventory
51018	inventory
51019	inventory
51020	inventory
51021	inventory
51022	inventory
51023	inventory
51024	inventory
51025	inventory
51026	inventory
51027	inventory
51028	inventory
51029	inventory
51030	inventory
51031	inventory
51032	inventory
51033	inventory
51034	inventory
51035	inventory
51036	inventory
51037	inventory
51038	inventory
51039	inventory
51040	inventory
51041	inventory
51042	inventory
51043	inventory
51044	inventory
51045	inventory
51046	inventory
51047	inventory
51049	inventory
51050	inventory
51051	inventory
51052	inventory
51053	inventory
51054	inventory
51055	inventory
51056	inventory
51057	inventory
51058	inventory
51059	inventory
51060	inventory
51061	inventory
51062	inventory
51063	inventory
51064	inventory
51065	inventory
51066	inventory
51067	inventory
51068	inventory
51069	inventory
51070	inventory
51072	inventory
51073	inventory
51074	inventory
51075	inventory
51076	inventory
51077	inventory
51078	inventory
51079	inventory
51080	inventory
51081	inventory
51082	inventory
51083	inventory
51084	inventory
51086	inventory
51087	inventory
51088	inventory
51089	inventory
51090	inventory
51091	inventory
51092	inventory
51093	inventory
51094	inventory
51095	inventory
51096	inventory
51097	inventory
51098	inventory
51099	inventory
51100	inventory
51101	inventory
51102	inventory
51103	inventory
51105	inventory
51106	inventory
51107	inventory
51108	inventory
51109	inventory
51110	inventory
51111	inventory
51112	inventory
51113	inventory
51114	inventory
51115	inventory
51116	inventory
51117	inventory
51118	inventory
51119	inventory
51120	inventory
51121	inventory
51122	inventory
51123	inventory
51125	inventory
51126	inventory
51127	inventory
51128	inventory
51129	inventory
51130	inventory
51131	inventory
51132	inventory
51133	inventory
51134	inventory
51135	inventory
51137	inventory
51138	inventory
51139	inventory
51140	inventory
51141	inventory
51142	inventory
51143	inventory
51144	inventory
51145	inventory
51146	inventory
51147	inventory
51148	inventory
51149	inventory
51150	inventory
51151	inventory
51152	inventory
51153	inventory
51154	inventory
51155	inventory
51156	inventory
51157	inventory
51158	inventory
51159	inventory
51160	inventory
51161	inventory
51162	inventory
51163	inventory
51164	inventory
51165	inventory
51166	inventory
51167	inventory
51168	inventory
51169	inventory
51170	inventory
51171	inventory
51172	inventory
51173	inventory
51174	inventory
51175	inventory
51176	inventory
51177	inventory
51178	inventory
51179	inventory
51180	inventory
51181	inventory
51182	inventory
51183	inventory
51184	inventory
51185	inventory
51186	inventory
51187	inventory
51188	inventory
51189	inventory
51190	inventory
51191	inventory
51192	inventory
51193	inventory
51194	inventory
51195	inventory
51196	inventory
51197	inventory
51198	inventory
51199	inventory
51201	inventory
51202	inventory
51203	inventory
51204	inventory
51205	inventory
51206	inventory
51207	inventory
51208	inventory
51209	inventory
51210	inventory
51211	inventory
51212	inventory
51213	inventory
51214	inventory
51215	inventory
51216	inventory
51217	inventory
51218	inventory
51219	inventory
51220	inventory
51221	inventory
51222	inventory
51223	inventory
51224	inventory
51225	inventory
51226	inventory
51227	inventory
51228	inventory
51229	inventory
51230	inventory
51231	inventory
51232	inventory
51233	inventory
51234	inventory
51235	inventory
51236	inventory
51237	inventory
51238	inventory
51240	inventory
51241	inventory
51242	inventory
51243	inventory
51244	inventory
51245	inventory
51246	inventory
51247	inventory
51248	inventory
51249	inventory
51250	inventory
51251	inventory
51252	inventory
51253	inventory
51254	inventory
51255	inventory
51256	inventory
51257	inventory
51258	inventory
51259	inventory
51260	inventory
51261	inventory
51262	inventory
51263	inventory
51264	inventory
51265	inventory
51266	inventory
51267	inventory
51268	inventory
51269	inventory
51270	inventory
51271	inventory
51272	inventory
51273	inventory
51274	inventory
51275	inventory
51276	inventory
51277	inventory
51278	inventory
51279	inventory
51280	inventory
51281	inventory
51282	inventory
51283	inventory
51284	inventory
51285	inventory
51286	inventory
51287	inventory
51288	inventory
51289	inventory
51290	inventory
51291	inventory
51292	inventory
51293	inventory
51294	inventory
51295	inventory
51296	inventory
51297	inventory
51298	inventory
51299	inventory
51300	inventory
51301	inventory
51302	inventory
51303	inventory
51304	inventory
51305	inventory
51306	inventory
51307	inventory
51308	inventory
51309	inventory
51310	inventory
51311	inventory
51312	inventory
51313	inventory
51314	inventory
51315	inventory
51316	inventory
51317	inventory
51318	inventory
51319	inventory
51320	inventory
51321	inventory
51322	inventory
51323	inventory
51324	inventory
51325	inventory
51326	inventory
51327	inventory
51328	inventory
51329	inventory
51330	inventory
51331	inventory
51332	inventory
51333	inventory
51334	inventory
51335	inventory
51336	inventory
51337	inventory
51338	inventory
51339	inventory
51340	inventory
51341	inventory
51342	inventory
51343	inventory
51344	inventory
51345	inventory
51346	inventory
51347	inventory
51348	inventory
51349	inventory
51350	inventory
51351	inventory
51352	inventory
51353	inventory
51354	inventory
51355	inventory
51356	inventory
51358	inventory
51359	inventory
51360	inventory
51361	inventory
51362	inventory
51363	inventory
51364	inventory
51365	inventory
51367	inventory
51368	inventory
51369	inventory
51370	inventory
51371	inventory
51373	inventory
51374	inventory
51375	inventory
51376	inventory
51377	inventory
51378	inventory
51379	inventory
51380	inventory
51381	inventory
51382	inventory
51383	inventory
51384	inventory
51385	inventory
51386	inventory
51387	inventory
51388	inventory
51389	inventory
51390	inventory
51391	inventory
51392	inventory
51393	inventory
51394	inventory
51395	inventory
51396	inventory
51397	inventory
51398	inventory
51399	inventory
51400	inventory
51401	inventory
51402	inventory
51403	inventory
51404	inventory
51405	inventory
51406	inventory
51407	inventory
51408	inventory
51409	inventory
51410	inventory
51411	inventory
51412	inventory
51413	inventory
51414	inventory
51415	inventory
51416	inventory
51417	inventory
51418	inventory
51419	inventory
51420	inventory
51421	inventory
51422	inventory
51423	inventory
51424	inventory
51425	inventory
51426	inventory
51427	inventory
51428	inventory
51429	inventory
51430	inventory
51431	inventory
51432	inventory
51433	inventory
51434	inventory
51435	inventory
51436	inventory
51437	inventory
51438	inventory
51439	inventory
51440	inventory
51441	inventory
51442	inventory
51443	inventory
51444	inventory
51445	inventory
51446	inventory
51447	inventory
51448	inventory
51449	inventory
51450	inventory
51451	inventory
51452	inventory
51453	inventory
51454	inventory
51455	inventory
51456	inventory
51457	inventory
51458	inventory
51459	inventory
51460	inventory
51461	inventory
51462	inventory
51463	inventory
51464	inventory
51465	inventory
51466	inventory
51467	inventory
51468	inventory
51469	inventory
51470	inventory
51471	inventory
51472	inventory
51473	inventory
51474	inventory
51475	inventory
51476	inventory
51477	inventory
51478	inventory
51479	inventory
51480	inventory
51481	inventory
51482	inventory
51483	inventory
51484	inventory
51485	inventory
51486	inventory
51487	inventory
51488	inventory
51489	inventory
51490	inventory
51491	inventory
51492	inventory
51493	inventory
51494	inventory
51495	inventory
51496	inventory
51497	inventory
51498	inventory
51499	inventory
51500	inventory
51502	inventory
51503	inventory
51504	inventory
51506	inventory
51507	inventory
51508	inventory
51509	inventory
51510	inventory
51511	inventory
51512	inventory
51513	inventory
51514	inventory
51515	inventory
51516	inventory
51517	inventory
51518	inventory
51519	inventory
51520	inventory
51521	inventory
51522	inventory
51523	inventory
51524	inventory
51525	inventory
51526	inventory
51527	inventory
51528	inventory
51529	inventory
51530	inventory
51531	inventory
51532	inventory
51533	inventory
51534	inventory
51535	inventory
51536	inventory
51537	inventory
51538	inventory
51539	inventory
51540	inventory
51541	inventory
51542	inventory
51543	inventory
51544	inventory
51545	inventory
51546	inventory
51547	inventory
51548	inventory
51549	inventory
51550	inventory
51551	inventory
51552	inventory
51553	inventory
51554	inventory
51555	inventory
51556	inventory
51557	inventory
51558	inventory
51559	inventory
51560	inventory
51561	inventory
51562	inventory
51563	inventory
51564	inventory
51565	inventory
51566	inventory
51567	inventory
51568	inventory
51569	inventory
51570	inventory
51571	inventory
51572	inventory
51573	inventory
51574	inventory
51575	inventory
51576	inventory
51577	inventory
51578	inventory
51579	inventory
51580	inventory
51581	inventory
51582	inventory
51583	inventory
51584	inventory
51585	inventory
51586	inventory
51587	inventory
51588	inventory
51589	inventory
51590	inventory
51591	inventory
51592	inventory
51593	inventory
51594	inventory
51595	inventory
51596	inventory
51597	inventory
51598	inventory
51599	inventory
51600	inventory
51601	inventory
51602	inventory
51603	inventory
51604	inventory
51605	inventory
51606	inventory
51607	inventory
51608	inventory
51609	inventory
51610	inventory
51611	inventory
51612	inventory
51613	inventory
51614	inventory
51615	inventory
51616	inventory
51617	inventory
51618	inventory
51619	inventory
51620	inventory
51621	inventory
51622	inventory
51623	inventory
51624	inventory
51625	inventory
51626	inventory
51627	inventory
51628	inventory
51629	inventory
51630	inventory
51631	inventory
51632	inventory
51633	inventory
51634	inventory
51635	inventory
51636	inventory
51637	inventory
51638	inventory
51639	inventory
51640	inventory
51641	inventory
51642	inventory
51643	inventory
51644	inventory
51645	inventory
51646	inventory
51647	inventory
51648	inventory
51649	inventory
51650	inventory
51651	inventory
51652	inventory
51653	inventory
51654	inventory
51655	inventory
51656	inventory
51657	inventory
51658	inventory
51659	inventory
51660	inventory
51661	inventory
51662	inventory
51663	inventory
51664	inventory
51665	inventory
51666	inventory
51667	inventory
51668	inventory
51669	inventory
51670	inventory
51671	inventory
51672	inventory
51673	inventory
51674	inventory
51675	inventory
51676	inventory
51677	inventory
51678	inventory
51679	inventory
51680	inventory
51681	inventory
51682	inventory
51683	inventory
51684	inventory
51685	inventory
51686	inventory
51687	inventory
51688	inventory
51689	inventory
51690	inventory
51691	inventory
51692	inventory
51693	inventory
51694	inventory
51695	inventory
51696	inventory
51697	inventory
51698	inventory
51699	inventory
51700	inventory
51701	inventory
51702	inventory
51703	inventory
51704	inventory
51705	inventory
51706	inventory
51707	inventory
51708	inventory
51709	inventory
51710	inventory
51711	inventory
51712	inventory
51713	inventory
51714	inventory
51715	inventory
51716	inventory
51717	inventory
51718	inventory
51719	inventory
51720	inventory
51721	inventory
51722	inventory
51723	inventory
51724	inventory
51725	inventory
51726	inventory
51727	inventory
51728	inventory
51729	inventory
51730	inventory
51731	inventory
51732	inventory
51733	inventory
51734	inventory
51735	inventory
51736	inventory
51737	inventory
51738	inventory
51739	inventory
51740	inventory
51741	inventory
51742	inventory
51743	inventory
51744	inventory
51745	inventory
51746	inventory
51747	inventory
51748	inventory
51749	inventory
51750	inventory
51751	inventory
51752	inventory
51753	inventory
51754	inventory
51755	inventory
51756	inventory
51757	inventory
51758	inventory
51760	inventory
51761	inventory
51762	inventory
51763	inventory
51764	inventory
51765	inventory
51766	inventory
51767	inventory
51768	inventory
51769	inventory
51770	inventory
51771	inventory
51772	inventory
51773	inventory
51774	inventory
51775	inventory
51776	inventory
51777	inventory
51778	inventory
51779	inventory
51780	inventory
51781	inventory
51782	inventory
51783	inventory
51784	inventory
51785	inventory
51786	inventory
51787	inventory
51788	inventory
51789	inventory
51790	inventory
51791	inventory
51792	inventory
51793	inventory
51794	inventory
51795	inventory
51796	inventory
51797	inventory
51798	inventory
51799	inventory
51800	inventory
51801	inventory
51802	inventory
51803	inventory
51804	inventory
51805	inventory
51806	inventory
51807	inventory
51808	inventory
51809	inventory
51810	inventory
51811	inventory
51812	inventory
51813	inventory
51814	inventory
51815	inventory
51816	inventory
51817	inventory
51818	inventory
51819	inventory
51820	inventory
51821	inventory
51822	inventory
51823	inventory
51824	inventory
51825	inventory
51826	inventory
51827	inventory
51828	inventory
51829	inventory
51830	inventory
51831	inventory
51832	inventory
51833	inventory
51834	inventory
51835	inventory
51836	inventory
51837	inventory
51838	inventory
51839	inventory
51840	inventory
51841	inventory
51842	inventory
51843	inventory
51844	inventory
51845	inventory
51847	inventory
51848	inventory
51849	inventory
51850	inventory
51851	inventory
51852	inventory
51853	inventory
51854	inventory
51855	inventory
51856	inventory
51857	inventory
51858	inventory
51859	inventory
51860	inventory
51861	inventory
51862	inventory
51863	inventory
51864	inventory
51865	inventory
51866	inventory
51867	inventory
51868	inventory
51869	inventory
51870	inventory
51871	inventory
51872	inventory
51873	inventory
51874	inventory
51875	inventory
51876	inventory
51877	inventory
51878	inventory
51879	inventory
51880	inventory
51881	inventory
51882	inventory
51883	inventory
51884	inventory
51885	inventory
51886	inventory
51888	inventory
51889	inventory
51890	inventory
51891	inventory
51892	inventory
51893	inventory
51894	inventory
51895	inventory
51896	inventory
51897	inventory
51898	inventory
51899	inventory
51900	inventory
51901	inventory
51902	inventory
51903	inventory
51904	inventory
51905	inventory
51906	inventory
51907	inventory
51908	inventory
51909	inventory
51910	inventory
51911	inventory
51912	inventory
51913	inventory
51914	inventory
51915	inventory
51916	inventory
51917	inventory
51918	inventory
51920	inventory
51921	inventory
51922	inventory
51923	inventory
51924	inventory
51925	inventory
51926	inventory
51927	inventory
51928	inventory
51929	inventory
51930	inventory
51931	inventory
51932	inventory
51933	inventory
51934	inventory
51935	inventory
51936	inventory
51937	inventory
51938	inventory
51939	inventory
51940	inventory
51941	inventory
51942	inventory
51943	inventory
51944	inventory
51945	inventory
51946	inventory
51947	inventory
51948	inventory
51949	inventory
51950	inventory
51951	inventory
51952	inventory
51953	inventory
51954	inventory
51955	inventory
51956	inventory
51957	inventory
51958	inventory
51959	inventory
51960	inventory
51961	inventory
51962	inventory
51963	inventory
51964	inventory
51965	inventory
51966	inventory
51967	inventory
51968	inventory
51969	inventory
51970	inventory
51971	inventory
51972	inventory
51973	inventory
51974	inventory
51975	inventory
51976	inventory
51977	inventory
51978	inventory
51979	inventory
51980	inventory
51981	inventory
51982	inventory
51983	inventory
51984	inventory
51985	inventory
51986	inventory
51987	inventory
51988	inventory
51989	inventory
51990	inventory
51991	inventory
51992	inventory
51993	inventory
51994	inventory
51995	inventory
51996	inventory
51997	inventory
51998	inventory
51999	inventory
52000	inventory
52001	inventory
52002	inventory
52003	inventory
52004	inventory
52005	inventory
52006	inventory
52007	inventory
52008	inventory
52009	inventory
52010	inventory
52011	inventory
52012	inventory
52013	inventory
52014	inventory
52015	inventory
52016	inventory
52017	inventory
52018	inventory
52019	inventory
52020	inventory
52021	inventory
52022	inventory
52023	inventory
52024	inventory
52025	inventory
52026	inventory
52027	inventory
52028	inventory
52029	inventory
52030	inventory
52031	inventory
52032	inventory
52033	inventory
52034	inventory
52035	inventory
52036	inventory
52037	inventory
52038	inventory
52039	inventory
52040	inventory
52041	inventory
52042	inventory
52043	inventory
52044	inventory
52045	inventory
52046	inventory
52047	inventory
52048	inventory
52049	inventory
52050	inventory
52051	inventory
52052	inventory
52053	inventory
52054	inventory
52055	inventory
52056	inventory
52057	inventory
52058	inventory
52059	inventory
52060	inventory
52061	inventory
52062	inventory
52063	inventory
52064	inventory
52065	inventory
52066	inventory
52067	inventory
52068	inventory
52069	inventory
52070	inventory
52071	inventory
52072	inventory
52074	inventory
52075	inventory
52076	inventory
52078	inventory
52079	inventory
52080	inventory
52081	inventory
52082	inventory
52083	inventory
52084	inventory
52085	inventory
52086	inventory
52087	inventory
52088	inventory
52089	inventory
52090	inventory
52091	inventory
52092	inventory
52093	inventory
52094	inventory
52095	inventory
52096	inventory
52097	inventory
52098	inventory
52099	inventory
52100	inventory
52101	inventory
52102	inventory
52103	inventory
52104	inventory
52105	inventory
52106	inventory
52107	inventory
52108	inventory
52109	inventory
52110	inventory
52111	inventory
52112	inventory
52113	inventory
52115	inventory
52116	inventory
52117	inventory
52118	inventory
52119	inventory
52120	inventory
52121	inventory
52122	inventory
52124	inventory
52125	inventory
52126	inventory
52127	inventory
52128	inventory
52129	inventory
52130	inventory
52131	inventory
52132	inventory
52133	inventory
52134	inventory
52135	inventory
52136	inventory
52137	inventory
52138	inventory
52139	inventory
52140	inventory
52142	inventory
52143	inventory
52144	inventory
52146	inventory
52147	inventory
52148	inventory
52149	inventory
52150	inventory
52151	inventory
52152	inventory
52153	inventory
52154	inventory
52155	inventory
52156	inventory
52157	inventory
52158	inventory
52159	inventory
52160	inventory
52161	inventory
52162	inventory
52163	inventory
52164	inventory
52165	inventory
52167	inventory
52168	inventory
52169	inventory
52170	inventory
52171	inventory
52172	inventory
52173	inventory
52174	inventory
52175	inventory
52176	inventory
52177	inventory
52178	inventory
52179	inventory
52180	inventory
52181	inventory
52182	inventory
52183	inventory
52184	inventory
52185	inventory
52186	inventory
52187	inventory
52188	inventory
52189	inventory
52190	inventory
52191	inventory
52192	inventory
52193	inventory
52194	inventory
52195	inventory
52196	inventory
52197	inventory
52198	inventory
52199	inventory
52200	inventory
52201	inventory
52202	inventory
52203	inventory
52204	inventory
52205	inventory
52206	inventory
52207	inventory
52208	inventory
52209	inventory
52210	inventory
52211	inventory
52212	inventory
52213	inventory
52214	inventory
52215	inventory
52216	inventory
52217	inventory
52218	inventory
52219	inventory
52220	inventory
52221	inventory
52222	inventory
52223	inventory
52225	inventory
52226	inventory
52227	inventory
52228	inventory
52229	inventory
52230	inventory
52231	inventory
52232	inventory
52233	inventory
52234	inventory
52235	inventory
52236	inventory
52237	inventory
52238	inventory
52239	inventory
52240	inventory
52241	inventory
52242	inventory
52243	inventory
52244	inventory
52245	inventory
52246	inventory
52247	inventory
52248	inventory
52249	inventory
52250	inventory
52251	inventory
52252	inventory
52253	inventory
52254	inventory
52255	inventory
52256	inventory
52257	inventory
52258	inventory
52259	inventory
52260	inventory
52261	inventory
52262	inventory
52263	inventory
52264	inventory
52265	inventory
52266	inventory
52267	inventory
52268	inventory
52269	inventory
52270	inventory
52271	inventory
52272	inventory
52273	inventory
52274	inventory
52275	inventory
52276	inventory
52277	inventory
52278	inventory
52279	inventory
52280	inventory
52281	inventory
52282	inventory
52283	inventory
52284	inventory
52285	inventory
52286	inventory
52287	inventory
52288	inventory
52289	inventory
52290	inventory
52291	inventory
52292	inventory
52293	inventory
52294	inventory
52295	inventory
52296	inventory
52297	inventory
52298	inventory
52299	inventory
52300	inventory
52301	inventory
52302	inventory
52303	inventory
52304	inventory
52305	inventory
52306	inventory
52307	inventory
52308	inventory
52309	inventory
52310	inventory
52311	inventory
52312	inventory
52313	inventory
52314	inventory
52315	inventory
52316	inventory
52317	inventory
52318	inventory
52319	inventory
52321	inventory
52322	inventory
52323	inventory
52324	inventory
52325	inventory
52326	inventory
52327	inventory
52328	inventory
52329	inventory
52330	inventory
52331	inventory
52332	inventory
52333	inventory
52334	inventory
52335	inventory
52336	inventory
52337	inventory
52338	inventory
52339	inventory
52340	inventory
52341	inventory
52342	inventory
52343	inventory
52344	inventory
52345	inventory
52346	inventory
52347	inventory
52348	inventory
52349	inventory
52350	inventory
52351	inventory
52352	inventory
52353	inventory
52354	inventory
52355	inventory
52356	inventory
52357	inventory
52358	inventory
52359	inventory
52360	inventory
52361	inventory
52362	inventory
52363	inventory
52364	inventory
52365	inventory
52366	inventory
52367	inventory
52368	inventory
52369	inventory
52370	inventory
52371	inventory
52372	inventory
52373	inventory
52374	inventory
52375	inventory
52376	inventory
52377	inventory
52378	inventory
52379	inventory
52380	inventory
52381	inventory
52382	inventory
52383	inventory
52384	inventory
52385	inventory
52386	inventory
52387	inventory
52388	inventory
52389	inventory
52390	inventory
52391	inventory
52392	inventory
52393	inventory
52394	inventory
52395	inventory
52396	inventory
52397	inventory
52398	inventory
52399	inventory
52400	inventory
52401	inventory
52402	inventory
52403	inventory
52404	inventory
52405	inventory
52406	inventory
52407	inventory
52409	inventory
52410	inventory
52411	inventory
52413	inventory
52414	inventory
52415	inventory
52416	inventory
52418	inventory
52419	inventory
52420	inventory
52421	inventory
52422	inventory
52423	inventory
52424	inventory
52425	inventory
52426	inventory
52427	inventory
52428	inventory
52429	inventory
52430	inventory
52431	inventory
52432	inventory
52433	inventory
52434	inventory
52435	inventory
52436	inventory
52437	inventory
52438	inventory
52439	inventory
52440	inventory
52441	inventory
52442	inventory
52443	inventory
52444	inventory
52445	inventory
52446	inventory
52447	inventory
52448	inventory
52449	inventory
52450	inventory
52451	inventory
52452	inventory
52453	inventory
52454	inventory
52455	inventory
52456	inventory
52457	inventory
52458	inventory
52459	inventory
52460	inventory
52461	inventory
52462	inventory
52463	inventory
52465	inventory
52466	inventory
52467	inventory
52468	inventory
52469	inventory
52470	inventory
52471	inventory
52472	inventory
52473	inventory
52474	inventory
52475	inventory
52476	inventory
52477	inventory
52478	inventory
52479	inventory
52480	inventory
52481	inventory
52482	inventory
52483	inventory
52484	inventory
52485	inventory
52486	inventory
52487	inventory
52488	inventory
52489	inventory
52490	inventory
52491	inventory
52492	inventory
52493	inventory
52494	inventory
52495	inventory
52496	inventory
52497	inventory
52498	inventory
52499	inventory
52500	inventory
52501	inventory
52502	inventory
52503	inventory
52504	inventory
52505	inventory
52506	inventory
52507	inventory
52508	inventory
52509	inventory
52510	inventory
52511	inventory
52512	inventory
52513	inventory
52514	inventory
52515	inventory
52516	inventory
52517	inventory
52518	inventory
52519	inventory
52520	inventory
52521	inventory
52522	inventory
52523	inventory
52524	inventory
52525	inventory
52526	inventory
52527	inventory
52528	inventory
52529	inventory
52530	inventory
52531	inventory
52532	inventory
52533	inventory
52534	inventory
52535	inventory
52536	inventory
52537	inventory
52538	inventory
52539	inventory
52540	inventory
52541	inventory
52542	inventory
52543	inventory
52544	inventory
52545	inventory
52546	inventory
52547	inventory
52548	inventory
52549	inventory
52550	inventory
52551	inventory
52552	inventory
52553	inventory
52554	inventory
52555	inventory
52556	inventory
52557	inventory
52558	inventory
52559	inventory
52560	inventory
52561	inventory
52562	inventory
52563	inventory
52564	inventory
52565	inventory
52566	inventory
52567	inventory
52568	inventory
52569	inventory
52570	inventory
52571	inventory
52572	inventory
52573	inventory
52574	inventory
52575	inventory
52576	inventory
52577	inventory
52578	inventory
52579	inventory
52580	inventory
52581	inventory
52582	inventory
52583	inventory
52584	inventory
52585	inventory
52587	inventory
52588	inventory
52589	inventory
52590	inventory
52591	inventory
52593	inventory
52594	inventory
52595	inventory
52597	inventory
52598	inventory
52599	inventory
52600	inventory
52601	inventory
52602	inventory
52603	inventory
52604	inventory
52605	inventory
52606	inventory
52607	inventory
52608	inventory
52609	inventory
52610	inventory
52611	inventory
52612	inventory
52613	inventory
52614	inventory
52615	inventory
52616	inventory
52617	inventory
52618	inventory
52619	inventory
52620	inventory
52621	inventory
52622	inventory
52623	inventory
52624	inventory
52626	inventory
52627	inventory
52628	inventory
52629	inventory
52630	inventory
52632	inventory
52633	inventory
52634	inventory
52635	inventory
52636	inventory
52637	inventory
52638	inventory
52639	inventory
52640	inventory
52641	inventory
52642	inventory
52643	inventory
52644	inventory
52645	inventory
52646	inventory
52647	inventory
52648	inventory
52649	inventory
52650	inventory
52651	inventory
52652	inventory
52653	inventory
52654	inventory
52655	inventory
52656	inventory
52657	inventory
52658	inventory
52659	inventory
52660	inventory
52661	inventory
52662	inventory
52663	inventory
52664	inventory
52665	inventory
52666	inventory
52667	inventory
52668	inventory
52669	inventory
52670	inventory
52671	inventory
52672	inventory
52673	inventory
52674	inventory
52675	inventory
52676	inventory
52677	inventory
52678	inventory
52679	inventory
52680	inventory
52681	inventory
52682	inventory
52683	inventory
52684	inventory
52685	inventory
52686	inventory
52687	inventory
52688	inventory
52689	inventory
52690	inventory
52691	inventory
52692	inventory
52693	inventory
52694	inventory
52695	inventory
52696	inventory
52698	inventory
52699	inventory
52700	inventory
52701	inventory
52702	inventory
52703	inventory
52704	inventory
52706	inventory
52707	inventory
52708	inventory
52709	inventory
52710	inventory
52711	inventory
52712	inventory
52713	inventory
52714	inventory
52715	inventory
52716	inventory
52717	inventory
52718	inventory
52719	inventory
52720	inventory
52721	inventory
52722	inventory
52723	inventory
52724	inventory
52725	inventory
52726	inventory
52727	inventory
52728	inventory
52729	inventory
52730	inventory
52731	inventory
52732	inventory
52733	inventory
52734	inventory
52735	inventory
52736	inventory
52737	inventory
52738	inventory
52739	inventory
52740	inventory
52741	inventory
52742	inventory
52743	inventory
52744	inventory
52745	inventory
52746	inventory
52747	inventory
52748	inventory
52749	inventory
52750	inventory
52751	inventory
52752	inventory
52753	inventory
52754	inventory
52755	inventory
52756	inventory
52757	inventory
52758	inventory
52759	inventory
52760	inventory
52761	inventory
52762	inventory
52763	inventory
52764	inventory
52765	inventory
52766	inventory
52767	inventory
52768	inventory
52769	inventory
52770	inventory
52771	inventory
52772	inventory
52773	inventory
52774	inventory
52775	inventory
52776	inventory
52777	inventory
52778	inventory
52779	inventory
52780	inventory
52781	inventory
52782	inventory
52783	inventory
52784	inventory
52785	inventory
52786	inventory
52787	inventory
52788	inventory
52789	inventory
52790	inventory
52791	inventory
52792	inventory
52793	inventory
52794	inventory
52795	inventory
52796	inventory
52797	inventory
52798	inventory
52799	inventory
52800	inventory
52801	inventory
52802	inventory
52803	inventory
52804	inventory
52805	inventory
52806	inventory
52807	inventory
52808	inventory
52809	inventory
52810	inventory
52811	inventory
52812	inventory
52813	inventory
52814	inventory
52815	inventory
52816	inventory
52817	inventory
52818	inventory
52819	inventory
52820	inventory
52821	inventory
52822	inventory
52823	inventory
52824	inventory
52825	inventory
52826	inventory
52827	inventory
52828	inventory
52829	inventory
52830	inventory
52831	inventory
52832	inventory
52833	inventory
52834	inventory
52835	inventory
52836	inventory
52837	inventory
52838	inventory
52839	inventory
52840	inventory
52841	inventory
52842	inventory
52843	inventory
52844	inventory
52845	inventory
52846	inventory
52847	inventory
52848	inventory
52849	inventory
52850	inventory
52851	inventory
52852	inventory
52853	inventory
52854	inventory
52855	inventory
52857	inventory
52858	inventory
52859	inventory
52860	inventory
52861	inventory
52862	inventory
52863	inventory
52864	inventory
52865	inventory
52866	inventory
52867	inventory
52868	inventory
52869	inventory
52870	inventory
52872	inventory
52873	inventory
52874	inventory
52875	inventory
52876	inventory
52877	inventory
52878	inventory
52879	inventory
52880	inventory
52881	inventory
52882	inventory
52883	inventory
52884	inventory
52885	inventory
52886	inventory
52887	inventory
52888	inventory
52889	inventory
52890	inventory
52891	inventory
52892	inventory
52893	inventory
52894	inventory
52895	inventory
52896	inventory
52897	inventory
52898	inventory
52899	inventory
52900	inventory
52901	inventory
52902	inventory
52903	inventory
52904	inventory
52905	inventory
52906	inventory
52907	inventory
52908	inventory
52909	inventory
52910	inventory
52911	inventory
52912	inventory
52913	inventory
52914	inventory
52915	inventory
52916	inventory
52917	inventory
52918	inventory
52919	inventory
52920	inventory
52921	inventory
52922	inventory
52923	inventory
52924	inventory
52925	inventory
52926	inventory
52927	inventory
52928	inventory
52929	inventory
52930	inventory
52931	inventory
52932	inventory
52933	inventory
52934	inventory
52935	inventory
52936	inventory
52937	inventory
52938	inventory
52939	inventory
52940	inventory
52941	inventory
52942	inventory
52943	inventory
52944	inventory
52945	inventory
52946	inventory
52947	inventory
52948	inventory
52949	inventory
52950	inventory
52951	inventory
52952	inventory
52953	inventory
52954	inventory
52955	inventory
52956	inventory
52957	inventory
52958	inventory
52959	inventory
52960	inventory
52961	inventory
52962	inventory
52963	inventory
52964	inventory
52965	inventory
52966	inventory
52967	inventory
52968	inventory
52969	inventory
52970	inventory
52971	inventory
52972	inventory
52973	inventory
52974	inventory
52975	inventory
52976	inventory
52977	inventory
52978	inventory
52979	inventory
52980	inventory
52981	inventory
52982	inventory
52983	inventory
52984	inventory
52985	inventory
52986	inventory
52987	inventory
52988	inventory
52989	inventory
52990	inventory
52991	inventory
52992	inventory
52993	inventory
52994	inventory
52995	inventory
52996	inventory
52997	inventory
52998	inventory
52999	inventory
53000	inventory
53001	inventory
53002	inventory
53003	inventory
53004	inventory
53005	inventory
53006	inventory
53007	inventory
53008	inventory
53009	inventory
53010	inventory
53011	inventory
53012	inventory
53013	inventory
53014	inventory
53015	inventory
53016	inventory
53017	inventory
53018	inventory
53019	inventory
53020	inventory
53021	inventory
53022	inventory
53023	inventory
53024	inventory
53025	inventory
53026	inventory
53027	inventory
53028	inventory
53029	inventory
53030	inventory
53031	inventory
53032	inventory
53033	inventory
53034	inventory
53035	inventory
53036	inventory
53037	inventory
53038	inventory
53039	inventory
53040	inventory
53041	inventory
53042	inventory
53043	inventory
53044	inventory
53045	inventory
53046	inventory
53047	inventory
53048	inventory
53049	inventory
53050	inventory
53051	inventory
53052	inventory
53053	inventory
53054	inventory
53055	inventory
53056	inventory
53057	inventory
53058	inventory
53059	inventory
53060	inventory
53061	inventory
53062	inventory
53063	inventory
53064	inventory
53065	inventory
53066	inventory
53067	inventory
53068	inventory
53069	inventory
53070	inventory
53071	inventory
53072	inventory
53073	inventory
53074	inventory
53075	inventory
53076	inventory
53077	inventory
53078	inventory
53079	inventory
53080	inventory
53081	inventory
53082	inventory
53083	inventory
53084	inventory
53085	inventory
53086	inventory
53087	inventory
53088	inventory
53089	inventory
53090	inventory
53091	inventory
53092	inventory
53093	inventory
53094	inventory
53095	inventory
53096	inventory
53097	inventory
53098	inventory
53099	inventory
53100	inventory
53101	inventory
53102	inventory
53103	inventory
53104	inventory
53105	inventory
53106	inventory
53107	inventory
53108	inventory
53109	inventory
53110	inventory
53111	inventory
53112	inventory
53113	inventory
53114	inventory
53115	inventory
53116	inventory
53117	inventory
53118	inventory
53119	inventory
53120	inventory
53121	inventory
53122	inventory
53123	inventory
53124	inventory
53125	inventory
53126	inventory
53127	inventory
53128	inventory
53129	inventory
53130	inventory
53131	inventory
53132	inventory
53133	inventory
53134	inventory
53135	inventory
53136	inventory
53137	inventory
53138	inventory
53139	inventory
53140	inventory
53141	inventory
53142	inventory
53143	inventory
53144	inventory
53145	inventory
53146	inventory
53147	inventory
53148	inventory
53149	inventory
53150	inventory
53151	inventory
53152	inventory
53153	inventory
53154	inventory
53155	inventory
53156	inventory
53157	inventory
53158	inventory
53159	inventory
53160	inventory
53161	inventory
53162	inventory
53163	inventory
53164	inventory
53165	inventory
53166	inventory
53167	inventory
53168	inventory
53169	inventory
53170	inventory
53171	inventory
53172	inventory
53173	inventory
53174	inventory
53175	inventory
53176	inventory
53177	inventory
53178	inventory
53179	inventory
53180	inventory
53181	inventory
53182	inventory
53183	inventory
53184	inventory
53185	inventory
53186	inventory
53187	inventory
53188	inventory
53189	inventory
53190	inventory
53191	inventory
53192	inventory
53193	inventory
53194	inventory
53195	inventory
53196	inventory
53197	inventory
53198	inventory
53199	inventory
53200	inventory
53201	inventory
53202	inventory
53203	inventory
53204	inventory
53205	inventory
53206	inventory
53207	inventory
53208	inventory
53209	inventory
53210	inventory
53211	inventory
53212	inventory
53213	inventory
53214	inventory
53215	inventory
53216	inventory
53217	inventory
53218	inventory
53219	inventory
53220	inventory
53221	inventory
53222	inventory
53223	inventory
53224	inventory
53225	inventory
53226	inventory
53227	inventory
53228	inventory
53229	inventory
53230	inventory
53231	inventory
53232	inventory
53233	inventory
53234	inventory
53235	inventory
53236	inventory
53237	inventory
53238	inventory
53239	inventory
53240	inventory
53241	inventory
53242	inventory
53243	inventory
53244	inventory
53245	inventory
53246	inventory
53247	inventory
53248	inventory
53249	inventory
53250	inventory
53251	inventory
53252	inventory
53253	inventory
53254	inventory
53255	inventory
53256	inventory
53257	inventory
53258	inventory
53259	inventory
53260	inventory
53261	inventory
53262	inventory
53263	inventory
53264	inventory
53265	inventory
53266	inventory
53267	inventory
53268	inventory
53269	inventory
53270	inventory
53271	inventory
53272	inventory
53273	inventory
53274	inventory
53275	inventory
53276	inventory
53277	inventory
53278	inventory
53279	inventory
53280	inventory
53281	inventory
53282	inventory
53283	inventory
53284	inventory
53285	inventory
53286	inventory
53287	inventory
53288	inventory
53289	inventory
53291	inventory
53292	inventory
53293	inventory
53294	inventory
53295	inventory
53296	inventory
53297	inventory
53298	inventory
53299	inventory
53300	inventory
53301	inventory
53302	inventory
53303	inventory
53304	inventory
53305	inventory
53306	inventory
53307	inventory
53308	inventory
53309	inventory
53310	inventory
53311	inventory
53312	inventory
53313	inventory
53314	inventory
53315	inventory
53316	inventory
53317	inventory
53318	inventory
53319	inventory
53320	inventory
53321	inventory
53322	inventory
53323	inventory
53324	inventory
53325	inventory
53326	inventory
53327	inventory
53328	inventory
53329	inventory
53330	inventory
53331	inventory
53332	inventory
53333	inventory
53334	inventory
53335	inventory
53336	inventory
53337	inventory
53338	inventory
53339	inventory
53340	inventory
53341	inventory
53342	inventory
53343	inventory
53344	inventory
53345	inventory
53346	inventory
53347	inventory
53348	inventory
53349	inventory
53350	inventory
53351	inventory
53352	inventory
53353	inventory
53354	inventory
53355	inventory
53356	inventory
53357	inventory
53358	inventory
53359	inventory
53360	inventory
53361	inventory
53362	inventory
53363	inventory
53364	inventory
53365	inventory
53366	inventory
53367	inventory
53368	inventory
53369	inventory
53370	inventory
53371	inventory
53372	inventory
53373	inventory
53374	inventory
53375	inventory
53376	inventory
53377	inventory
53378	inventory
53379	inventory
53380	inventory
53381	inventory
53382	inventory
53383	inventory
53384	inventory
53385	inventory
53386	inventory
53387	inventory
53388	inventory
53389	inventory
53390	inventory
53391	inventory
53392	inventory
53393	inventory
53394	inventory
53395	inventory
53396	inventory
53397	inventory
53398	inventory
53399	inventory
53400	inventory
53401	inventory
53402	inventory
53403	inventory
53404	inventory
53405	inventory
53406	inventory
53407	inventory
53408	inventory
53409	inventory
53410	inventory
53411	inventory
53412	inventory
53413	inventory
53414	inventory
53415	inventory
53416	inventory
53417	inventory
53418	inventory
53419	inventory
53420	inventory
53421	inventory
53422	inventory
53423	inventory
53424	inventory
53425	inventory
53426	inventory
53427	inventory
53428	inventory
53429	inventory
53430	inventory
53431	inventory
53432	inventory
53433	inventory
53434	inventory
53435	inventory
53436	inventory
53437	inventory
53438	inventory
53439	inventory
53440	inventory
53441	inventory
53442	inventory
53443	inventory
53444	inventory
53445	inventory
53446	inventory
53447	inventory
53448	inventory
53449	inventory
53450	inventory
53451	inventory
53452	inventory
53453	inventory
53454	inventory
53455	inventory
53456	inventory
53457	inventory
53458	inventory
53459	inventory
53460	inventory
53461	inventory
53462	inventory
53463	inventory
53464	inventory
53465	inventory
53466	inventory
53467	inventory
53468	inventory
53469	inventory
53470	inventory
53471	inventory
53472	inventory
53473	inventory
53474	inventory
53475	inventory
53476	inventory
53477	inventory
53478	inventory
53479	inventory
53480	inventory
53481	inventory
53482	inventory
53483	inventory
53484	inventory
53485	inventory
53486	inventory
53487	inventory
53488	inventory
53489	inventory
53490	inventory
53491	inventory
53492	inventory
53493	inventory
53494	inventory
53495	inventory
53496	inventory
53497	inventory
53498	inventory
53499	inventory
53500	inventory
53501	inventory
53502	inventory
53503	inventory
53504	inventory
53505	inventory
53506	inventory
53507	inventory
53508	inventory
53509	inventory
53510	inventory
53511	inventory
53512	inventory
53513	inventory
53514	inventory
53515	inventory
53516	inventory
53517	inventory
53518	inventory
53519	inventory
53520	inventory
53521	inventory
53522	inventory
53523	inventory
53524	inventory
53525	inventory
53526	inventory
53527	inventory
53528	inventory
53529	inventory
53530	inventory
53531	inventory
53532	inventory
53533	inventory
53534	inventory
53535	inventory
53536	inventory
53537	inventory
53538	inventory
53539	inventory
53540	inventory
53541	inventory
53542	inventory
53543	inventory
53544	inventory
53545	inventory
53546	inventory
53547	inventory
53548	inventory
53549	inventory
53550	inventory
53551	inventory
53552	inventory
53553	inventory
53554	inventory
53555	inventory
53556	inventory
53557	inventory
53558	inventory
53559	inventory
53560	inventory
53561	inventory
53562	inventory
53563	inventory
53564	inventory
53565	inventory
53566	inventory
53567	inventory
53568	inventory
53569	inventory
53570	inventory
53571	inventory
53572	inventory
53573	inventory
53574	inventory
53575	inventory
53576	inventory
53577	inventory
53578	inventory
53579	inventory
53580	inventory
53581	inventory
53582	inventory
53583	inventory
53584	inventory
53585	inventory
53586	inventory
53587	inventory
53588	inventory
53589	inventory
53590	inventory
53591	inventory
53592	inventory
53593	inventory
53594	inventory
53595	inventory
53596	inventory
53597	inventory
53598	inventory
53599	inventory
53600	inventory
53601	inventory
53602	inventory
53603	inventory
53604	inventory
53605	inventory
53606	inventory
53607	inventory
53608	inventory
53609	inventory
53610	inventory
53611	inventory
53612	inventory
53613	inventory
53614	inventory
53615	inventory
53616	inventory
53617	inventory
53618	inventory
53619	inventory
53620	inventory
53621	inventory
53622	inventory
53623	inventory
53624	inventory
53625	inventory
53626	inventory
53627	inventory
53628	inventory
53629	inventory
53630	inventory
53631	inventory
53632	inventory
53633	inventory
53634	inventory
53635	inventory
53636	inventory
53637	inventory
53638	inventory
53639	inventory
53640	inventory
53641	inventory
53642	inventory
53643	inventory
53644	inventory
53645	inventory
53646	inventory
53647	inventory
53648	inventory
53649	inventory
53650	inventory
53651	inventory
53652	inventory
53653	inventory
53654	inventory
53655	inventory
53656	inventory
53657	inventory
53658	inventory
53659	inventory
53660	inventory
53661	inventory
53662	inventory
53663	inventory
53664	inventory
53665	inventory
53666	inventory
53667	inventory
53668	inventory
53669	inventory
53670	inventory
53671	inventory
53672	inventory
53673	inventory
53674	inventory
53675	inventory
53676	inventory
53677	inventory
53678	inventory
53679	inventory
53680	inventory
53681	inventory
53682	inventory
53683	inventory
53684	inventory
53685	inventory
53686	inventory
53687	inventory
53688	inventory
53689	inventory
53690	inventory
53691	inventory
53692	inventory
53693	inventory
53694	inventory
53695	inventory
53696	inventory
53697	inventory
53698	inventory
53699	inventory
53700	inventory
53701	inventory
53702	inventory
53703	inventory
53704	inventory
53705	inventory
53706	inventory
53707	inventory
53708	inventory
53709	inventory
53710	inventory
53711	inventory
53712	inventory
53713	inventory
53714	inventory
53715	inventory
53716	inventory
53717	inventory
53718	inventory
53719	inventory
53720	inventory
53721	inventory
53722	inventory
53723	inventory
53724	inventory
53725	inventory
53726	inventory
53727	inventory
53728	inventory
53729	inventory
53730	inventory
53731	inventory
53732	inventory
53733	inventory
53734	inventory
53735	inventory
53736	inventory
53737	inventory
53738	inventory
53739	inventory
53740	inventory
53741	inventory
53742	inventory
53743	inventory
53744	inventory
53745	inventory
53746	inventory
53747	inventory
53748	inventory
53749	inventory
53750	inventory
53751	inventory
53752	inventory
53753	inventory
53754	inventory
53755	inventory
53756	inventory
53757	inventory
53758	inventory
53759	inventory
53760	inventory
53761	inventory
53762	inventory
53763	inventory
53764	inventory
53765	inventory
53766	inventory
53767	inventory
53768	inventory
53769	inventory
53770	inventory
53771	inventory
53772	inventory
53773	inventory
53774	inventory
53775	inventory
53776	inventory
53777	inventory
53778	inventory
53779	inventory
53780	inventory
53781	inventory
53782	inventory
53783	inventory
53784	inventory
53785	inventory
53786	inventory
53787	inventory
53788	inventory
53789	inventory
53790	inventory
53791	inventory
53792	inventory
53793	inventory
53794	inventory
53795	inventory
53796	inventory
53797	inventory
53798	inventory
53799	inventory
53800	inventory
53801	inventory
53802	inventory
53803	inventory
53804	inventory
53805	inventory
53806	inventory
53807	inventory
53808	inventory
53809	inventory
53810	inventory
53811	inventory
53812	inventory
53813	inventory
53814	inventory
53815	inventory
53816	inventory
53817	inventory
53818	inventory
53819	inventory
53820	inventory
53821	inventory
53822	inventory
53823	inventory
53824	inventory
53825	inventory
53826	inventory
53827	inventory
53828	inventory
53829	inventory
53830	inventory
53831	inventory
53832	inventory
53833	inventory
53834	inventory
53835	inventory
53836	inventory
53837	inventory
53838	inventory
53839	inventory
53840	inventory
53841	inventory
53842	inventory
53843	inventory
53844	inventory
53845	inventory
53846	inventory
53847	inventory
53848	inventory
53849	inventory
53850	inventory
53851	inventory
53852	inventory
53853	inventory
53854	inventory
53855	inventory
53856	inventory
53857	inventory
53858	inventory
53859	inventory
53860	inventory
53861	inventory
53862	inventory
53863	inventory
53864	inventory
53865	inventory
53866	inventory
53867	inventory
53868	inventory
53869	inventory
53870	inventory
53871	inventory
53872	inventory
53873	inventory
53874	inventory
53875	inventory
53876	inventory
53877	inventory
53878	inventory
53879	inventory
53880	inventory
53881	inventory
53882	inventory
53883	inventory
53884	inventory
53885	inventory
53886	inventory
53887	inventory
53888	inventory
53889	inventory
53890	inventory
53891	inventory
53892	inventory
53893	inventory
53894	inventory
53895	inventory
53896	inventory
53897	inventory
53898	inventory
53899	inventory
53900	inventory
53901	inventory
53902	inventory
53903	inventory
53904	inventory
53905	inventory
53906	inventory
53907	inventory
53908	inventory
53909	inventory
53910	inventory
53911	inventory
53912	inventory
53913	inventory
53914	inventory
53915	inventory
53916	inventory
53917	inventory
53918	inventory
53919	inventory
53920	inventory
53921	inventory
53922	inventory
53923	inventory
53924	inventory
53925	inventory
53926	inventory
53927	inventory
53928	inventory
53929	inventory
53930	inventory
53931	inventory
53932	inventory
53933	inventory
53934	inventory
53935	inventory
53936	inventory
53937	inventory
53938	inventory
53939	inventory
53940	inventory
53941	inventory
53942	inventory
53943	inventory
53944	inventory
53945	inventory
53946	inventory
53947	inventory
53948	inventory
53949	inventory
53950	inventory
53951	inventory
53952	inventory
53953	inventory
53954	inventory
53955	inventory
53956	inventory
53957	inventory
53958	inventory
53959	inventory
53960	inventory
53961	inventory
53962	inventory
53963	inventory
53964	inventory
53965	inventory
53966	inventory
53967	inventory
53968	inventory
53969	inventory
53970	inventory
53971	inventory
53972	inventory
53973	inventory
53974	inventory
53975	inventory
53976	inventory
53977	inventory
53978	inventory
53979	inventory
53980	inventory
53981	inventory
53982	inventory
53983	inventory
53984	inventory
53985	inventory
53986	inventory
53987	inventory
53988	inventory
53989	inventory
53990	inventory
53991	inventory
53992	inventory
53993	inventory
53994	inventory
53995	inventory
53996	inventory
53997	inventory
53998	inventory
53999	inventory
54000	inventory
54001	inventory
54002	inventory
54003	inventory
54004	inventory
54005	inventory
54006	inventory
54007	inventory
54008	inventory
54009	inventory
54010	inventory
54011	inventory
54012	inventory
54013	inventory
54014	inventory
54015	inventory
54016	inventory
54017	inventory
54018	inventory
54019	inventory
54020	inventory
54021	inventory
54022	inventory
54023	inventory
54024	inventory
54025	inventory
54026	inventory
54027	inventory
54028	inventory
54029	inventory
54030	inventory
54031	inventory
54032	inventory
54033	inventory
54034	inventory
54035	inventory
54036	inventory
54037	inventory
54038	inventory
54039	inventory
54040	inventory
54041	inventory
54042	inventory
54043	inventory
54044	inventory
54045	inventory
54046	inventory
54047	inventory
54048	inventory
54049	inventory
54050	inventory
54051	inventory
54052	inventory
54053	inventory
54054	inventory
54055	inventory
54056	inventory
54057	inventory
54058	inventory
54059	inventory
54060	inventory
54061	inventory
54062	inventory
54063	inventory
54064	inventory
54065	inventory
54066	inventory
54067	inventory
54068	inventory
54069	inventory
54070	inventory
54071	inventory
54072	inventory
54073	inventory
54074	inventory
54075	inventory
54076	inventory
54077	inventory
54078	inventory
54079	inventory
54080	inventory
54081	inventory
54082	inventory
54083	inventory
54084	inventory
54085	inventory
54086	inventory
54087	inventory
54088	inventory
54089	inventory
54090	inventory
54091	inventory
54092	inventory
54093	inventory
54094	inventory
54095	inventory
54096	inventory
54097	inventory
54098	inventory
54099	inventory
54100	inventory
54101	inventory
54102	inventory
54103	inventory
54104	inventory
54105	inventory
54106	inventory
54107	inventory
54108	inventory
54109	inventory
54110	inventory
54111	inventory
54112	inventory
54113	inventory
54114	inventory
54115	inventory
54116	inventory
54117	inventory
54118	inventory
54119	inventory
54120	inventory
54121	inventory
54122	inventory
54123	inventory
54124	inventory
54125	inventory
54126	inventory
54127	inventory
54128	inventory
54129	inventory
54130	inventory
54131	inventory
54132	inventory
54133	inventory
54134	inventory
54135	inventory
54136	inventory
54137	inventory
54138	inventory
54139	inventory
54140	inventory
54141	inventory
54142	inventory
54143	inventory
54144	inventory
54145	inventory
54146	inventory
54147	inventory
54148	inventory
54149	inventory
54150	inventory
54151	inventory
54152	inventory
54153	inventory
54154	inventory
54155	inventory
54156	inventory
54157	inventory
54158	inventory
54159	inventory
54160	inventory
54161	inventory
54162	inventory
54163	inventory
54164	inventory
54165	inventory
54166	inventory
54167	inventory
54168	inventory
54169	inventory
54170	inventory
54171	inventory
54172	inventory
54173	inventory
54174	inventory
54175	inventory
54176	inventory
54177	inventory
54178	inventory
54179	inventory
54180	inventory
54181	inventory
54182	inventory
54183	inventory
54184	inventory
54185	inventory
54186	inventory
54187	inventory
54188	inventory
54189	inventory
54190	inventory
54191	inventory
54192	inventory
54193	inventory
54194	inventory
54195	inventory
54196	inventory
54197	inventory
54198	inventory
54199	inventory
54200	inventory
54201	inventory
54202	inventory
54203	inventory
54204	inventory
54205	inventory
54206	inventory
54207	inventory
54208	inventory
54209	inventory
54210	inventory
54211	inventory
54212	inventory
54213	inventory
54214	inventory
54215	inventory
54216	inventory
54217	inventory
54218	inventory
54219	inventory
54220	inventory
54221	inventory
54222	inventory
54223	inventory
54224	inventory
54225	inventory
54226	inventory
54227	inventory
54228	inventory
54229	inventory
54230	inventory
54231	inventory
54232	inventory
54233	inventory
54234	inventory
54235	inventory
54236	inventory
54237	inventory
54238	inventory
54239	inventory
54240	inventory
54241	inventory
54242	inventory
54243	inventory
54244	inventory
54245	inventory
54246	inventory
54247	inventory
54248	inventory
54249	inventory
54250	inventory
54251	inventory
54252	inventory
54253	inventory
54254	inventory
54255	inventory
54256	inventory
54257	inventory
54258	inventory
54259	inventory
54260	inventory
54261	inventory
54262	inventory
54263	inventory
54264	inventory
54265	inventory
54266	inventory
54267	inventory
54268	inventory
54269	inventory
54270	inventory
54271	inventory
54272	inventory
54273	inventory
54274	inventory
54275	inventory
54276	inventory
54277	inventory
54278	inventory
54279	inventory
54280	inventory
54281	inventory
54282	inventory
54283	inventory
54284	inventory
54285	inventory
54286	inventory
54287	inventory
54288	inventory
54289	inventory
54290	inventory
54291	inventory
54292	inventory
54293	inventory
54294	inventory
54295	inventory
54296	inventory
54297	inventory
54298	inventory
54299	inventory
54300	inventory
54301	inventory
54302	inventory
54303	inventory
54304	inventory
54305	inventory
54306	inventory
54307	inventory
54308	inventory
54309	inventory
54310	inventory
54311	inventory
54312	inventory
54313	inventory
54314	inventory
54315	inventory
54316	inventory
54317	inventory
54318	inventory
54319	inventory
54320	inventory
54321	inventory
54322	inventory
54323	inventory
54324	inventory
54325	inventory
54326	inventory
54327	inventory
54328	inventory
54329	inventory
54330	inventory
54331	inventory
54332	inventory
54333	inventory
54334	inventory
54335	inventory
54336	inventory
54337	inventory
54338	inventory
54339	inventory
54340	inventory
54341	inventory
54342	inventory
54343	inventory
54344	inventory
54345	inventory
54346	inventory
54347	inventory
54348	inventory
54349	inventory
54350	inventory
54351	inventory
54352	inventory
54353	inventory
54354	inventory
54355	inventory
54356	inventory
54357	inventory
54358	inventory
54359	inventory
54360	inventory
54361	inventory
54362	inventory
54363	inventory
54364	inventory
54365	inventory
54366	inventory
54367	inventory
54368	inventory
54369	inventory
54370	inventory
54371	inventory
54372	inventory
54373	inventory
54374	inventory
54375	inventory
54376	inventory
54377	inventory
54378	inventory
54379	inventory
54380	inventory
54381	inventory
54382	inventory
54383	inventory
54384	inventory
54385	inventory
54386	inventory
54387	inventory
54388	inventory
54389	inventory
54390	inventory
54391	inventory
54392	inventory
54393	inventory
54394	inventory
54395	inventory
54396	inventory
54397	inventory
54398	inventory
54399	inventory
54400	inventory
54401	inventory
54402	inventory
54403	inventory
54404	inventory
54405	inventory
54406	inventory
54407	inventory
54408	inventory
54409	inventory
54410	inventory
54411	inventory
54412	inventory
54413	inventory
54414	inventory
54415	inventory
54416	inventory
54417	inventory
54418	inventory
54419	inventory
54420	inventory
54421	inventory
54422	inventory
54423	inventory
54424	inventory
54425	inventory
54426	inventory
54427	inventory
54428	inventory
54429	inventory
54430	inventory
54431	inventory
54432	inventory
54433	inventory
54434	inventory
54435	inventory
54436	inventory
54437	inventory
54438	inventory
54439	inventory
54440	inventory
54441	inventory
54442	inventory
54443	inventory
54444	inventory
54445	inventory
54446	inventory
54447	inventory
54448	inventory
54449	inventory
54450	inventory
54451	inventory
54452	inventory
54453	inventory
54454	inventory
54455	inventory
54456	inventory
54457	inventory
54458	inventory
54459	inventory
54460	inventory
54461	inventory
54462	inventory
54463	inventory
54464	inventory
54465	inventory
54466	inventory
54467	inventory
54468	inventory
54469	inventory
54470	inventory
54471	inventory
54472	inventory
54473	inventory
54474	inventory
54475	inventory
54476	inventory
54477	inventory
54478	inventory
54479	inventory
54480	inventory
54481	inventory
54482	inventory
54483	inventory
54484	inventory
54485	inventory
54486	inventory
54487	inventory
54488	inventory
54489	inventory
54490	inventory
54491	inventory
54492	inventory
54493	inventory
54494	inventory
54495	inventory
54496	inventory
54497	inventory
54498	inventory
54499	inventory
54500	inventory
54501	inventory
54502	inventory
54503	inventory
54504	inventory
54505	inventory
54506	inventory
54507	inventory
54508	inventory
54509	inventory
54510	inventory
54511	inventory
54512	inventory
54513	inventory
54514	inventory
54515	inventory
54516	inventory
54517	inventory
54518	inventory
54519	inventory
54520	inventory
54521	inventory
54522	inventory
54523	inventory
54524	inventory
54525	inventory
54526	inventory
54527	inventory
54528	inventory
54529	inventory
54530	inventory
54531	inventory
54532	inventory
54533	inventory
54534	inventory
54535	inventory
54536	inventory
54537	inventory
54538	inventory
54539	inventory
54540	inventory
54541	inventory
54542	inventory
54543	inventory
54544	inventory
54545	inventory
54546	inventory
54547	inventory
54548	inventory
54549	inventory
54550	inventory
54551	inventory
54552	inventory
54553	inventory
54554	inventory
54555	inventory
54556	inventory
54557	inventory
54558	inventory
54559	inventory
54560	inventory
54561	inventory
54562	inventory
54563	inventory
54564	inventory
54565	inventory
54566	inventory
54567	inventory
54568	inventory
54569	inventory
54570	inventory
54571	inventory
54572	inventory
54573	inventory
54574	inventory
54575	inventory
54576	inventory
54577	inventory
54578	inventory
54579	inventory
54580	inventory
54581	inventory
54582	inventory
54583	inventory
54584	inventory
54585	inventory
54586	inventory
54587	inventory
54588	inventory
54589	inventory
54590	inventory
54591	inventory
54592	inventory
54593	inventory
54594	inventory
54595	inventory
54596	inventory
54597	inventory
54598	inventory
54599	inventory
54600	inventory
54601	inventory
54602	inventory
54603	inventory
54604	inventory
54605	inventory
54606	inventory
54607	inventory
54608	inventory
54609	inventory
54610	inventory
54611	inventory
54612	inventory
54613	inventory
54614	inventory
54615	inventory
54616	inventory
54617	inventory
54618	inventory
54619	inventory
54620	inventory
54621	inventory
54622	inventory
54623	inventory
54624	inventory
54625	inventory
54626	inventory
54627	inventory
54628	inventory
54629	inventory
54630	inventory
54631	inventory
54632	inventory
54633	inventory
54634	inventory
54635	inventory
54636	inventory
54637	inventory
54638	inventory
54639	inventory
54640	inventory
54641	inventory
54642	inventory
54643	inventory
54644	inventory
54645	inventory
54646	inventory
54647	inventory
54648	inventory
54649	inventory
54650	inventory
54651	inventory
54652	inventory
54653	inventory
54654	inventory
54655	inventory
54656	inventory
54657	inventory
54658	inventory
54659	inventory
54660	inventory
54661	inventory
54662	inventory
54663	inventory
54664	inventory
54665	inventory
54666	inventory
54667	inventory
54668	inventory
54669	inventory
54670	inventory
54671	inventory
54672	inventory
54673	inventory
54674	inventory
54675	inventory
54676	inventory
54677	inventory
54678	inventory
54679	inventory
54680	inventory
54681	inventory
54682	inventory
54683	inventory
54684	inventory
54685	inventory
54686	inventory
54687	inventory
54688	inventory
54689	inventory
54690	inventory
54691	inventory
54692	inventory
54693	inventory
54694	inventory
54695	inventory
54696	inventory
54697	inventory
54698	inventory
54699	inventory
54700	inventory
54701	inventory
54702	inventory
54703	inventory
54704	inventory
54705	inventory
54706	inventory
54707	inventory
54708	inventory
54709	inventory
54710	inventory
54711	inventory
54712	inventory
54713	inventory
54714	inventory
54715	inventory
54716	inventory
54717	inventory
54718	inventory
54719	inventory
54720	inventory
54721	inventory
54722	inventory
54723	inventory
54724	inventory
54725	inventory
54726	inventory
54727	inventory
54728	inventory
54729	inventory
54730	inventory
54731	inventory
54732	inventory
54733	inventory
54734	inventory
54735	inventory
54736	inventory
54737	inventory
54738	inventory
54739	inventory
54740	inventory
54741	inventory
54742	inventory
54743	inventory
54744	inventory
54745	inventory
54746	inventory
54747	inventory
54748	inventory
54749	inventory
54750	inventory
54751	inventory
54752	inventory
54753	inventory
54754	inventory
54755	inventory
54756	inventory
54757	inventory
54758	inventory
54759	inventory
54760	inventory
54761	inventory
54762	inventory
54763	inventory
54764	inventory
54765	inventory
54766	inventory
54767	inventory
54768	inventory
54769	inventory
54770	inventory
54771	inventory
54772	inventory
54773	inventory
54774	inventory
54775	inventory
54776	inventory
54777	inventory
54778	inventory
54779	inventory
54780	inventory
54781	inventory
54782	inventory
54783	inventory
54784	inventory
54785	inventory
54786	inventory
54787	inventory
54788	inventory
54789	inventory
54790	inventory
54791	inventory
54792	inventory
54793	inventory
54794	inventory
54795	inventory
54796	inventory
54797	inventory
54798	inventory
54799	inventory
54800	inventory
54801	inventory
54802	inventory
54803	inventory
54804	inventory
54805	inventory
54806	inventory
54807	inventory
54808	inventory
54809	inventory
54810	inventory
54811	inventory
54812	inventory
54813	inventory
54814	inventory
54815	inventory
54816	inventory
54817	inventory
54818	inventory
54819	inventory
54820	inventory
54821	inventory
54822	inventory
54823	inventory
54824	inventory
54825	inventory
54826	inventory
54827	inventory
54828	inventory
54829	inventory
54830	inventory
54831	inventory
54832	inventory
54833	inventory
54834	inventory
54835	inventory
54836	inventory
54837	inventory
54838	inventory
54839	inventory
54840	inventory
54841	inventory
54842	inventory
54843	inventory
54844	inventory
54845	inventory
54846	inventory
54847	inventory
54848	inventory
54849	inventory
54850	inventory
54851	inventory
54852	inventory
54853	inventory
54854	inventory
54855	inventory
54856	inventory
54857	inventory
54858	inventory
54859	inventory
54860	inventory
54861	inventory
54862	inventory
54863	inventory
54864	inventory
54865	inventory
54866	inventory
54867	inventory
54868	inventory
54869	inventory
54870	inventory
54871	inventory
54872	inventory
54873	inventory
54874	inventory
54875	inventory
54876	inventory
54877	inventory
54878	inventory
54879	inventory
54880	inventory
54881	inventory
54882	inventory
54883	inventory
54884	inventory
54885	inventory
54886	inventory
54887	inventory
54888	inventory
54889	inventory
54890	inventory
54891	inventory
54892	inventory
54893	inventory
54894	inventory
54895	inventory
54896	inventory
54897	inventory
54898	inventory
54899	inventory
54900	inventory
54901	inventory
54902	inventory
54903	inventory
54904	inventory
54905	inventory
54906	inventory
54907	inventory
54908	inventory
54909	inventory
54910	inventory
54911	inventory
54912	inventory
54913	inventory
54914	inventory
54915	inventory
54916	inventory
54917	inventory
54918	inventory
54919	inventory
54920	inventory
54921	inventory
54922	inventory
54923	inventory
54924	inventory
54925	inventory
54926	inventory
54927	inventory
54928	inventory
54929	inventory
54930	inventory
54931	inventory
54932	inventory
54933	inventory
54934	inventory
54935	inventory
54936	inventory
54937	inventory
54938	inventory
54939	inventory
54940	inventory
54941	inventory
54942	inventory
54943	inventory
54944	inventory
54945	inventory
54946	inventory
54947	inventory
54948	inventory
54949	inventory
54950	inventory
54951	inventory
54952	inventory
54953	inventory
54954	inventory
54955	inventory
54956	inventory
54957	inventory
54958	inventory
54959	inventory
54960	inventory
54961	inventory
54962	inventory
54963	inventory
54964	inventory
54965	inventory
54966	inventory
54967	inventory
54968	inventory
54969	inventory
54970	inventory
54971	inventory
54972	inventory
54973	inventory
54974	inventory
54975	inventory
54976	inventory
54977	inventory
54978	inventory
54979	inventory
54980	inventory
54981	inventory
54982	inventory
54983	inventory
54984	inventory
54985	inventory
54986	inventory
54987	inventory
54988	inventory
54989	inventory
54990	inventory
54991	inventory
54992	inventory
54993	inventory
54994	inventory
54995	inventory
54996	inventory
54997	inventory
54998	inventory
54999	inventory
55000	inventory
55001	inventory
55002	inventory
55003	inventory
55004	inventory
55005	inventory
55006	inventory
55007	inventory
55008	inventory
55009	inventory
55010	inventory
55011	inventory
55012	inventory
55013	inventory
55014	inventory
55015	inventory
55016	inventory
55017	inventory
55018	inventory
55019	inventory
55020	inventory
55021	inventory
55022	inventory
55023	inventory
55024	inventory
55025	inventory
55026	inventory
55027	inventory
55028	inventory
55029	inventory
55030	inventory
55031	inventory
55032	inventory
55033	inventory
55034	inventory
55035	inventory
55036	inventory
55037	inventory
55038	inventory
55039	inventory
55040	inventory
55041	inventory
55042	inventory
55043	inventory
55044	inventory
55045	inventory
55046	inventory
55047	inventory
55048	inventory
55049	inventory
55050	inventory
55051	inventory
55052	inventory
55053	inventory
55054	inventory
55055	inventory
55056	inventory
55057	inventory
55058	inventory
55059	inventory
55060	inventory
55061	inventory
55062	inventory
55063	inventory
55064	inventory
55065	inventory
55066	inventory
55067	inventory
55068	inventory
55069	inventory
55070	inventory
55071	inventory
55072	inventory
55073	inventory
55074	inventory
55075	inventory
55076	inventory
55077	inventory
55078	inventory
55079	inventory
55080	inventory
55081	inventory
55082	inventory
55083	inventory
55084	inventory
55085	inventory
55086	inventory
55087	inventory
55088	inventory
55089	inventory
55090	inventory
55091	inventory
55092	inventory
55093	inventory
55094	inventory
55095	inventory
55096	inventory
55097	inventory
55098	inventory
55099	inventory
55100	inventory
55101	inventory
55102	inventory
55103	inventory
55104	inventory
55105	inventory
55106	inventory
55107	inventory
55108	inventory
55109	inventory
55110	inventory
55111	inventory
55112	inventory
55113	inventory
55114	inventory
55115	inventory
55116	inventory
55117	inventory
55118	inventory
55119	inventory
55120	inventory
55121	inventory
55122	inventory
55123	inventory
55124	inventory
55125	inventory
55126	inventory
55127	inventory
55128	inventory
55129	inventory
55130	inventory
55131	inventory
55132	inventory
55133	inventory
55134	inventory
55135	inventory
55136	inventory
55137	inventory
55138	inventory
55139	inventory
55140	inventory
55141	inventory
55142	inventory
55143	inventory
55144	inventory
55145	inventory
55146	inventory
55147	inventory
55148	inventory
55149	inventory
55150	inventory
55151	inventory
55152	inventory
55153	inventory
55154	inventory
55155	inventory
55156	inventory
55157	inventory
55158	inventory
55159	inventory
55160	inventory
55161	inventory
55162	inventory
55163	inventory
55164	inventory
55165	inventory
55166	inventory
55167	inventory
55168	inventory
55169	inventory
55170	inventory
55171	inventory
55172	inventory
55173	inventory
55174	inventory
55175	inventory
55176	inventory
55177	inventory
55178	inventory
55179	inventory
55180	inventory
55181	inventory
55182	inventory
55183	inventory
55184	inventory
55185	inventory
55186	inventory
55187	inventory
55188	inventory
55189	inventory
55190	inventory
55191	inventory
55192	inventory
55193	inventory
55194	inventory
55195	inventory
55196	inventory
55197	inventory
55198	inventory
55199	inventory
55200	inventory
55201	inventory
55202	inventory
55203	inventory
55204	inventory
55205	inventory
55206	inventory
55207	inventory
55208	inventory
55209	inventory
55210	inventory
55211	inventory
55212	inventory
55213	inventory
55214	inventory
55215	inventory
55216	inventory
55217	inventory
55218	inventory
55219	inventory
55220	inventory
55221	inventory
55222	inventory
55223	inventory
55224	inventory
55225	inventory
55226	inventory
55227	inventory
55228	inventory
55229	inventory
55230	inventory
55231	inventory
55232	inventory
55233	inventory
55234	inventory
55235	inventory
55236	inventory
55237	inventory
55238	inventory
55239	inventory
55240	inventory
55241	inventory
55242	inventory
55243	inventory
55244	inventory
55245	inventory
55246	inventory
55247	inventory
55248	inventory
55249	inventory
55250	inventory
55251	inventory
55252	inventory
55253	inventory
55254	inventory
55255	inventory
55256	inventory
55257	inventory
55258	inventory
55259	inventory
55260	inventory
55261	inventory
55262	inventory
55263	inventory
55264	inventory
55265	inventory
55266	inventory
55267	inventory
55268	inventory
55269	inventory
55270	inventory
55271	inventory
55272	inventory
55273	inventory
55274	inventory
55275	inventory
55276	inventory
55277	inventory
55278	inventory
55279	inventory
55280	inventory
55281	inventory
55282	inventory
55283	inventory
55284	inventory
55285	inventory
55286	inventory
55287	inventory
55288	inventory
55289	inventory
55290	inventory
55291	inventory
55292	inventory
55293	inventory
55294	inventory
55295	inventory
55296	inventory
55297	inventory
55298	inventory
55299	inventory
55300	inventory
55301	inventory
55302	inventory
55303	inventory
55304	inventory
55305	inventory
55306	inventory
55307	inventory
55308	inventory
55309	inventory
55310	inventory
55311	inventory
55312	inventory
55313	inventory
55314	inventory
55315	inventory
55316	inventory
55317	inventory
55318	inventory
55319	inventory
55320	inventory
55321	inventory
55322	inventory
55323	inventory
55324	inventory
55325	inventory
55326	inventory
55327	inventory
55328	inventory
55329	inventory
55330	inventory
55331	inventory
55332	inventory
55333	inventory
55334	inventory
55335	inventory
55336	inventory
55337	inventory
55338	inventory
55339	inventory
55340	inventory
55341	inventory
55342	inventory
55343	inventory
55344	inventory
55345	inventory
55346	inventory
55347	inventory
55348	inventory
55349	inventory
55350	inventory
55351	inventory
55352	inventory
55353	inventory
55354	inventory
55355	inventory
55356	inventory
55357	inventory
55358	inventory
55359	inventory
55360	inventory
55361	inventory
55362	inventory
55363	inventory
55364	inventory
55365	inventory
55366	inventory
55367	inventory
55368	inventory
55369	inventory
55370	inventory
55371	inventory
55372	inventory
55373	inventory
55374	inventory
55375	inventory
55376	inventory
55377	inventory
55378	inventory
55379	inventory
55380	inventory
55381	inventory
55382	inventory
55383	inventory
55384	inventory
55385	inventory
55386	inventory
55387	inventory
55388	inventory
55389	inventory
55390	inventory
55391	inventory
55392	inventory
55393	inventory
55394	inventory
55395	inventory
55396	inventory
55397	inventory
55398	inventory
55399	inventory
55400	inventory
55401	inventory
55402	inventory
55403	inventory
55404	inventory
55405	inventory
55406	inventory
55407	inventory
55408	inventory
55409	inventory
55410	inventory
55411	inventory
55412	inventory
55413	inventory
55414	inventory
55415	inventory
55416	inventory
55417	inventory
55418	inventory
55419	inventory
55420	inventory
55421	inventory
55422	inventory
55423	inventory
55424	inventory
55425	inventory
55426	inventory
55427	inventory
55428	inventory
55429	inventory
55430	inventory
55431	inventory
55432	inventory
55433	inventory
55434	inventory
55435	inventory
55436	inventory
55437	inventory
55438	inventory
55439	inventory
55440	inventory
55441	inventory
55442	inventory
55443	inventory
55444	inventory
55445	inventory
55446	inventory
55447	inventory
55448	inventory
55449	inventory
55450	inventory
55451	inventory
55452	inventory
55453	inventory
55454	inventory
55455	inventory
55456	inventory
55457	inventory
55458	inventory
55459	inventory
55460	inventory
55461	inventory
55462	inventory
55463	inventory
55464	inventory
55465	inventory
55466	inventory
55467	inventory
55468	inventory
55469	inventory
55470	inventory
55471	inventory
55472	inventory
55473	inventory
55474	inventory
55475	inventory
55476	inventory
55477	inventory
55478	inventory
55479	inventory
55480	inventory
55481	inventory
55482	inventory
55483	inventory
55484	inventory
55485	inventory
55486	inventory
55487	inventory
55488	inventory
55489	inventory
55490	inventory
55491	inventory
55492	inventory
55493	inventory
55494	inventory
55495	inventory
55496	inventory
55497	inventory
55498	inventory
55499	inventory
55500	inventory
55501	inventory
55502	inventory
55503	inventory
55504	inventory
55505	inventory
55506	inventory
55507	inventory
55508	inventory
55509	inventory
55510	inventory
55511	inventory
55512	inventory
55513	inventory
55514	inventory
55515	inventory
55516	inventory
55517	inventory
55518	inventory
55519	inventory
55520	inventory
55521	inventory
55522	inventory
55523	inventory
55524	inventory
55525	inventory
55526	inventory
55527	inventory
55528	inventory
55529	inventory
55530	inventory
55531	inventory
55532	inventory
55533	inventory
55534	inventory
55535	inventory
55536	inventory
55537	inventory
55538	inventory
55539	inventory
55540	inventory
55541	inventory
55542	inventory
55543	inventory
55544	inventory
55545	inventory
55546	inventory
55547	inventory
55548	inventory
55549	inventory
55550	inventory
55551	inventory
55552	inventory
55553	inventory
55554	inventory
55555	inventory
55556	inventory
55557	inventory
55558	inventory
55559	inventory
55560	inventory
55561	inventory
55562	inventory
55563	inventory
55564	inventory
55565	inventory
55566	inventory
55567	inventory
55568	inventory
55569	inventory
55570	inventory
55571	inventory
55572	inventory
55573	inventory
55574	inventory
55575	inventory
55576	inventory
55577	inventory
55578	inventory
55579	inventory
55580	inventory
55581	inventory
55582	inventory
55583	inventory
55584	inventory
55585	inventory
55586	inventory
55587	inventory
55588	inventory
55589	inventory
55590	inventory
55591	inventory
55592	inventory
55593	inventory
55594	inventory
55595	inventory
55596	inventory
55597	inventory
55598	inventory
55599	inventory
55600	inventory
55601	inventory
55602	inventory
55603	inventory
55604	inventory
55605	inventory
55606	inventory
55607	inventory
55608	inventory
55609	inventory
55610	inventory
55611	inventory
55612	inventory
55613	inventory
55614	inventory
55615	inventory
55616	inventory
55617	inventory
55618	inventory
55619	inventory
55620	inventory
55621	inventory
55622	inventory
55623	inventory
55624	inventory
55625	inventory
55626	inventory
55627	inventory
55628	inventory
55629	inventory
55630	inventory
55631	inventory
55632	inventory
55633	inventory
55634	inventory
55635	inventory
55636	inventory
55637	inventory
55638	inventory
55639	inventory
55640	inventory
55641	inventory
55642	inventory
55643	inventory
55644	inventory
55645	inventory
55646	inventory
55647	inventory
55648	inventory
55649	inventory
55650	inventory
55651	inventory
55652	inventory
55653	inventory
55654	inventory
55655	inventory
55656	inventory
55657	inventory
55658	inventory
55659	inventory
55660	inventory
55661	inventory
55662	inventory
55663	inventory
55664	inventory
55665	inventory
55666	inventory
55667	inventory
55668	inventory
55669	inventory
55670	inventory
55671	inventory
55672	inventory
55673	inventory
55674	inventory
55675	inventory
55676	inventory
55677	inventory
55678	inventory
55679	inventory
55680	inventory
55681	inventory
55682	inventory
55683	inventory
55684	inventory
55685	inventory
55686	inventory
55687	inventory
55688	inventory
55689	inventory
55690	inventory
55691	inventory
55692	inventory
55693	inventory
55694	inventory
55695	inventory
55696	inventory
55697	inventory
55698	inventory
55699	inventory
55700	inventory
55701	inventory
55702	inventory
55703	inventory
55704	inventory
55705	inventory
55706	inventory
55707	inventory
55708	inventory
55709	inventory
55710	inventory
55711	inventory
55712	inventory
55713	inventory
55714	inventory
55715	inventory
55716	inventory
55717	inventory
55718	inventory
55719	inventory
55720	inventory
55721	inventory
55722	inventory
55723	inventory
55724	inventory
55725	inventory
55726	inventory
55727	inventory
55728	inventory
55729	inventory
55730	inventory
55731	inventory
55732	inventory
55733	inventory
55734	inventory
55735	inventory
55736	inventory
55737	inventory
55738	inventory
55739	inventory
55740	inventory
55741	inventory
55742	inventory
55743	inventory
55744	inventory
55745	inventory
55746	inventory
55747	inventory
55748	inventory
55749	inventory
55750	inventory
55751	inventory
55752	inventory
55753	inventory
55754	inventory
55755	inventory
55756	inventory
55757	inventory
55758	inventory
55759	inventory
55760	inventory
55761	inventory
55762	inventory
55763	inventory
55764	inventory
55765	inventory
55766	inventory
55767	inventory
55768	inventory
55769	inventory
55770	inventory
55771	inventory
55772	inventory
55773	inventory
55774	inventory
55775	inventory
55776	inventory
55777	inventory
55778	inventory
55779	inventory
55780	inventory
55781	inventory
55782	inventory
55783	inventory
55784	inventory
55785	inventory
55786	inventory
55787	inventory
55788	inventory
55789	inventory
55790	inventory
55791	inventory
55792	inventory
55793	inventory
55794	inventory
55795	inventory
55796	inventory
55797	inventory
55798	inventory
55799	inventory
55800	inventory
55801	inventory
55802	inventory
55803	inventory
55804	inventory
55805	inventory
55806	inventory
55807	inventory
55808	inventory
55809	inventory
55810	inventory
55811	inventory
55812	inventory
55813	inventory
55814	inventory
55815	inventory
55816	inventory
55817	inventory
55818	inventory
55819	inventory
55820	inventory
55821	inventory
55822	inventory
55823	inventory
55824	inventory
55825	inventory
55826	inventory
55827	inventory
55828	inventory
55829	inventory
55830	inventory
55831	inventory
55832	inventory
55833	inventory
55834	inventory
55835	inventory
55836	inventory
55837	inventory
55838	inventory
55839	inventory
55840	inventory
55841	inventory
55842	inventory
55843	inventory
55844	inventory
55845	inventory
55846	inventory
55847	inventory
55848	inventory
55849	inventory
55850	inventory
55851	inventory
55852	inventory
55853	inventory
55854	inventory
55855	inventory
55856	inventory
55857	inventory
55858	inventory
55859	inventory
55860	inventory
55861	inventory
55862	inventory
55863	inventory
55864	inventory
55865	inventory
55866	inventory
55867	inventory
55868	inventory
55869	inventory
55870	inventory
55871	inventory
55872	inventory
55873	inventory
55874	inventory
55875	inventory
55876	inventory
55877	inventory
55878	inventory
55879	inventory
55880	inventory
55881	inventory
55882	inventory
55883	inventory
55884	inventory
55885	inventory
55886	inventory
55887	inventory
55888	inventory
55889	inventory
55890	inventory
55891	inventory
55892	inventory
55893	inventory
55894	inventory
55895	inventory
55896	inventory
55897	inventory
55898	inventory
55899	inventory
55900	inventory
55901	inventory
55902	inventory
55903	inventory
55904	inventory
55905	inventory
55906	inventory
55907	inventory
55908	inventory
55909	inventory
55910	inventory
55911	inventory
55912	inventory
55913	inventory
55914	inventory
55915	inventory
55916	inventory
55917	inventory
55918	inventory
55919	inventory
55920	inventory
55921	inventory
55922	inventory
55923	inventory
55924	inventory
55925	inventory
55926	inventory
55927	inventory
55928	inventory
55929	inventory
55930	inventory
55931	inventory
55932	inventory
55933	inventory
55934	inventory
55935	inventory
55936	inventory
55937	inventory
55938	inventory
55939	inventory
55940	inventory
55941	inventory
55942	inventory
55943	inventory
55944	inventory
55945	inventory
55946	inventory
55947	inventory
55948	inventory
55949	inventory
55950	inventory
55951	inventory
55952	inventory
55953	inventory
55954	inventory
55955	inventory
55956	inventory
55957	inventory
55958	inventory
55959	inventory
55960	inventory
55961	inventory
55962	inventory
55963	inventory
55964	inventory
55965	inventory
55966	inventory
55967	inventory
55968	inventory
55969	inventory
55970	inventory
55971	inventory
55972	inventory
55973	inventory
55974	inventory
55975	inventory
55976	inventory
55977	inventory
55978	inventory
55979	inventory
55980	inventory
55981	inventory
55982	inventory
55983	inventory
55984	inventory
55985	inventory
55986	inventory
55987	inventory
55988	inventory
55989	inventory
55990	inventory
55991	inventory
55992	inventory
55993	inventory
55994	inventory
55995	inventory
55996	inventory
55997	inventory
55998	inventory
55999	inventory
56000	inventory
56001	inventory
56002	inventory
56003	inventory
56004	inventory
56005	inventory
56006	inventory
56007	inventory
56008	inventory
56009	inventory
56010	inventory
56011	inventory
56012	inventory
56013	inventory
56014	inventory
56015	inventory
56016	inventory
56017	inventory
56018	inventory
56019	inventory
56020	inventory
56021	inventory
56022	inventory
56023	inventory
56024	inventory
56025	inventory
56026	inventory
56027	inventory
56028	inventory
56029	inventory
56030	inventory
56031	inventory
56032	inventory
56033	inventory
56034	inventory
56035	inventory
56036	inventory
56037	inventory
56038	inventory
56039	inventory
56040	inventory
56041	inventory
56042	inventory
56043	inventory
56044	inventory
56045	inventory
56046	inventory
56047	inventory
56048	inventory
56049	inventory
56050	inventory
56051	inventory
56052	inventory
56053	inventory
56054	inventory
56055	inventory
56056	inventory
56057	inventory
56058	inventory
56059	inventory
56060	inventory
56061	inventory
56062	inventory
56063	inventory
56064	inventory
56065	inventory
56066	inventory
56067	inventory
56068	inventory
56069	inventory
56070	inventory
56071	inventory
56072	inventory
56073	inventory
56074	inventory
56075	inventory
56076	inventory
56077	inventory
56078	inventory
56079	inventory
56080	inventory
56081	inventory
56082	inventory
56083	inventory
56084	inventory
56085	inventory
56086	inventory
56087	inventory
56088	inventory
56089	inventory
56090	inventory
56091	inventory
56092	inventory
56093	inventory
56094	inventory
56095	inventory
56096	inventory
56097	inventory
56098	inventory
56099	inventory
56100	inventory
56101	inventory
56102	inventory
56103	inventory
56104	inventory
56105	inventory
56106	inventory
56107	inventory
56108	inventory
56109	inventory
56110	inventory
56111	inventory
56112	inventory
56113	inventory
56114	inventory
56115	inventory
56116	inventory
56117	inventory
56118	inventory
56119	inventory
56120	inventory
56121	inventory
56122	inventory
56123	inventory
56124	inventory
56125	inventory
56126	inventory
56127	inventory
56128	inventory
56129	inventory
56130	inventory
56131	inventory
56132	inventory
56133	inventory
56134	inventory
56135	inventory
56136	inventory
56137	inventory
56138	inventory
56139	inventory
56140	inventory
56141	inventory
56142	inventory
56143	inventory
56144	inventory
56145	inventory
56146	inventory
56147	inventory
56148	inventory
56149	inventory
56150	inventory
56151	inventory
56152	inventory
56153	inventory
56154	inventory
56155	inventory
56156	inventory
56157	inventory
56158	inventory
56159	inventory
56160	inventory
56161	inventory
56162	inventory
56163	inventory
56164	inventory
56165	inventory
56166	inventory
56167	inventory
56168	inventory
56169	inventory
56170	inventory
56171	inventory
56172	inventory
56173	inventory
56174	inventory
56175	inventory
56176	inventory
56177	inventory
56178	inventory
56179	inventory
56180	inventory
56181	inventory
56182	inventory
56183	inventory
56184	inventory
56185	inventory
56186	inventory
56187	inventory
56188	inventory
56189	inventory
56190	inventory
56191	inventory
56192	inventory
56193	inventory
56194	inventory
56195	inventory
56196	inventory
56197	inventory
56198	inventory
56199	inventory
56200	inventory
56201	inventory
56202	inventory
56203	inventory
56204	inventory
56205	inventory
56206	inventory
56207	inventory
56208	inventory
56209	inventory
56210	inventory
56211	inventory
56212	inventory
56213	inventory
56214	inventory
56215	inventory
56216	inventory
56217	inventory
56218	inventory
56219	inventory
56220	inventory
56221	inventory
56222	inventory
56223	inventory
56224	inventory
56225	inventory
56226	inventory
56227	inventory
56228	inventory
56229	inventory
56230	inventory
56231	inventory
56232	inventory
56233	inventory
56234	inventory
56235	inventory
56236	inventory
56237	inventory
56238	inventory
56239	inventory
56240	inventory
56241	inventory
56242	inventory
56243	inventory
56244	inventory
56245	inventory
56246	inventory
56247	inventory
56248	inventory
56249	inventory
56250	inventory
56251	inventory
56252	inventory
56253	inventory
56254	inventory
56255	inventory
56256	inventory
56257	inventory
56258	inventory
56259	inventory
56260	inventory
56261	inventory
56262	inventory
56263	inventory
56264	inventory
56265	inventory
56266	inventory
56267	inventory
56268	inventory
56269	inventory
56270	inventory
56271	inventory
56272	inventory
56273	inventory
56274	inventory
56275	inventory
56276	inventory
56277	inventory
56278	inventory
56279	inventory
56280	inventory
56281	inventory
56282	inventory
56283	inventory
56284	inventory
56285	inventory
56286	inventory
56287	inventory
56288	inventory
56289	inventory
56290	inventory
56291	inventory
56292	inventory
56293	inventory
56294	inventory
56295	inventory
56296	inventory
56297	inventory
56298	inventory
56299	inventory
56300	inventory
56301	inventory
56302	inventory
56303	inventory
56304	inventory
56305	inventory
56306	inventory
56307	inventory
56308	inventory
56309	inventory
56310	inventory
56311	inventory
56312	inventory
56313	inventory
56314	inventory
56315	inventory
56316	inventory
56317	inventory
56318	inventory
56319	inventory
56320	inventory
56321	inventory
56322	inventory
56323	inventory
56324	inventory
56325	inventory
56326	inventory
56327	inventory
56328	inventory
56329	inventory
56330	inventory
56331	inventory
56332	inventory
56333	inventory
56334	inventory
56335	inventory
56336	inventory
56337	inventory
56338	inventory
56339	inventory
56340	inventory
56341	inventory
56342	inventory
56343	inventory
56344	inventory
56345	inventory
56346	inventory
56347	inventory
56348	inventory
56349	inventory
56350	inventory
56351	inventory
56352	inventory
56353	inventory
56354	inventory
56355	inventory
56356	inventory
56357	inventory
56358	inventory
56359	inventory
56360	inventory
56361	inventory
56362	inventory
56363	inventory
56364	inventory
56365	inventory
56366	inventory
56367	inventory
56368	inventory
56369	inventory
56370	inventory
56371	inventory
56372	inventory
56373	inventory
56374	inventory
56375	inventory
56376	inventory
56377	inventory
56378	inventory
56379	inventory
56380	inventory
56381	inventory
56382	inventory
56383	inventory
56384	inventory
56385	inventory
56386	inventory
56387	inventory
56388	inventory
56389	inventory
56390	inventory
56391	inventory
56392	inventory
56393	inventory
56394	inventory
56395	inventory
56396	inventory
56397	inventory
56398	inventory
56399	inventory
56400	inventory
56401	inventory
56402	inventory
56403	inventory
56404	inventory
56405	inventory
56406	inventory
56407	inventory
56408	inventory
56409	inventory
56410	inventory
56411	inventory
56412	inventory
56413	inventory
56414	inventory
56415	inventory
56416	inventory
56417	inventory
56418	inventory
56419	inventory
56420	inventory
56421	inventory
56422	inventory
56423	inventory
56424	inventory
56425	inventory
56426	inventory
56427	inventory
56428	inventory
56429	inventory
56430	inventory
56431	inventory
56432	inventory
56433	inventory
56434	inventory
56435	inventory
56436	inventory
56437	inventory
56438	inventory
56439	inventory
56440	inventory
56441	inventory
56442	inventory
56443	inventory
56444	inventory
56445	inventory
56446	inventory
56447	inventory
56448	inventory
56449	inventory
56450	inventory
56451	inventory
56452	inventory
56453	inventory
56454	inventory
56455	inventory
56456	inventory
56457	inventory
56458	inventory
56459	inventory
56460	inventory
56461	inventory
56462	inventory
56463	inventory
56464	inventory
56465	inventory
56466	inventory
56467	inventory
56468	inventory
56469	inventory
56470	inventory
56471	inventory
56472	inventory
56473	inventory
56474	inventory
56475	inventory
56476	inventory
56477	inventory
56478	inventory
56479	inventory
56480	inventory
56481	inventory
56482	inventory
56483	inventory
56484	inventory
56485	inventory
56486	inventory
56487	inventory
56488	inventory
56489	inventory
56490	inventory
56491	inventory
56492	inventory
56493	inventory
56494	inventory
56495	inventory
56496	inventory
56497	inventory
56498	inventory
56499	inventory
56500	inventory
56501	inventory
56502	inventory
56503	inventory
56504	inventory
56505	inventory
56506	inventory
56507	inventory
56508	inventory
56509	inventory
56510	inventory
56511	inventory
56512	inventory
56513	inventory
56514	inventory
56515	inventory
56516	inventory
56517	inventory
56518	inventory
56519	inventory
56520	inventory
56521	inventory
56522	inventory
56523	inventory
56524	inventory
56525	inventory
56526	inventory
56527	inventory
56528	inventory
56529	inventory
56530	inventory
56531	inventory
56532	inventory
56533	inventory
56534	inventory
56535	inventory
56536	inventory
56537	inventory
56538	inventory
56539	inventory
56540	inventory
56541	inventory
56542	inventory
56543	inventory
56544	inventory
56545	inventory
56546	inventory
56547	inventory
56548	inventory
56549	inventory
56550	inventory
56551	inventory
56552	inventory
56553	inventory
56554	inventory
56555	inventory
56556	inventory
56557	inventory
56558	inventory
56559	inventory
56560	inventory
56561	inventory
56562	inventory
56563	inventory
56564	inventory
56565	inventory
56566	inventory
56567	inventory
56568	inventory
56569	inventory
56570	inventory
56571	inventory
56572	inventory
56573	inventory
56574	inventory
56575	inventory
56576	inventory
56577	inventory
56578	inventory
56579	inventory
56580	inventory
56581	inventory
56582	inventory
56583	inventory
56584	inventory
56585	inventory
56586	inventory
56587	inventory
56588	inventory
56589	inventory
56590	inventory
56591	inventory
56592	inventory
56593	inventory
56594	inventory
56595	inventory
56596	inventory
56597	inventory
56598	inventory
56599	inventory
56600	inventory
56601	inventory
56602	inventory
56603	inventory
56604	inventory
56605	inventory
56606	inventory
56607	inventory
56608	inventory
56609	inventory
56610	inventory
56611	inventory
56612	inventory
56613	inventory
56614	inventory
56615	inventory
56616	inventory
56617	inventory
56618	inventory
56619	inventory
56620	inventory
56621	inventory
56622	inventory
56623	inventory
56624	inventory
56625	inventory
56626	inventory
56627	inventory
56628	inventory
56629	inventory
56630	inventory
56631	inventory
56632	inventory
56633	inventory
56634	inventory
56635	inventory
56636	inventory
56637	inventory
56638	inventory
56639	inventory
56640	inventory
56641	inventory
56642	inventory
56643	inventory
56644	inventory
56645	inventory
56646	inventory
56647	inventory
56648	inventory
56649	inventory
56650	inventory
56651	inventory
56652	inventory
56653	inventory
56654	inventory
56655	inventory
56656	inventory
56657	inventory
56658	inventory
56659	inventory
56660	inventory
56661	inventory
56662	inventory
56663	inventory
56664	inventory
56665	inventory
56666	inventory
56667	inventory
56668	inventory
56669	inventory
56670	inventory
56671	inventory
56672	inventory
56673	inventory
56674	inventory
56675	inventory
56676	inventory
56677	inventory
56678	inventory
56679	inventory
56680	inventory
56681	inventory
56682	inventory
56683	inventory
56684	inventory
56685	inventory
56686	inventory
56687	inventory
56688	inventory
56689	inventory
56690	inventory
56691	inventory
56692	inventory
56693	inventory
56694	inventory
56695	inventory
56696	inventory
56697	inventory
56698	inventory
56699	inventory
56700	inventory
56701	inventory
56702	inventory
56703	inventory
56704	inventory
56705	inventory
56706	inventory
56707	inventory
56708	inventory
56709	inventory
56710	inventory
56711	inventory
56712	inventory
56713	inventory
56714	inventory
56715	inventory
56716	inventory
56717	inventory
56718	inventory
56719	inventory
56720	inventory
56721	inventory
56722	inventory
56723	inventory
56724	inventory
56725	inventory
56726	inventory
56727	inventory
56728	inventory
56729	inventory
56730	inventory
56731	inventory
56732	inventory
56733	inventory
56734	inventory
56735	inventory
56736	inventory
56737	inventory
56738	inventory
56739	inventory
56740	inventory
56741	inventory
56742	inventory
56743	inventory
56744	inventory
56745	inventory
56746	inventory
56747	inventory
56748	inventory
56749	inventory
56750	inventory
56751	inventory
56752	inventory
56753	inventory
56754	inventory
56755	inventory
56756	inventory
56757	inventory
56758	inventory
56759	inventory
56760	inventory
56761	inventory
56762	inventory
56763	inventory
56764	inventory
56765	inventory
56766	inventory
56767	inventory
56768	inventory
56769	inventory
56770	inventory
56771	inventory
56772	inventory
56773	inventory
56774	inventory
56775	inventory
56776	inventory
56777	inventory
56778	inventory
56779	inventory
56780	inventory
56781	inventory
56782	inventory
56783	inventory
56784	inventory
56785	inventory
56786	inventory
56787	inventory
56788	inventory
56789	inventory
56790	inventory
56791	inventory
56792	inventory
56793	inventory
56794	inventory
56795	inventory
56796	inventory
56797	inventory
56798	inventory
56799	inventory
56800	inventory
56801	inventory
56802	inventory
56803	inventory
56804	inventory
56805	inventory
56806	inventory
56807	inventory
56808	inventory
56809	inventory
56810	inventory
56811	inventory
56812	inventory
56813	inventory
56814	inventory
56815	inventory
56816	inventory
56817	inventory
56818	inventory
56819	inventory
56820	inventory
56821	inventory
56822	inventory
56823	inventory
56824	inventory
56825	inventory
56826	inventory
56827	inventory
56828	inventory
56829	inventory
56830	inventory
56831	inventory
56832	inventory
56833	inventory
56834	inventory
56835	inventory
56836	inventory
56837	inventory
56838	inventory
56839	inventory
56840	inventory
56841	inventory
56842	inventory
56843	inventory
56844	inventory
56845	inventory
56846	inventory
56847	inventory
56848	inventory
56849	inventory
56850	inventory
56851	inventory
56852	inventory
56853	inventory
56854	inventory
56855	inventory
56856	inventory
56857	inventory
56858	inventory
56859	inventory
56860	inventory
56861	inventory
56862	inventory
56863	inventory
56864	inventory
56865	inventory
56866	inventory
56867	inventory
56868	inventory
56869	inventory
56870	inventory
56871	inventory
56872	inventory
56873	inventory
56874	inventory
56875	inventory
56876	inventory
56877	inventory
56878	inventory
56879	inventory
56880	inventory
56881	inventory
56882	inventory
56883	inventory
56884	inventory
56885	inventory
56886	inventory
56887	inventory
56888	inventory
56889	inventory
56890	inventory
56891	inventory
56892	inventory
56893	inventory
56894	inventory
56895	inventory
56896	inventory
56897	inventory
56898	inventory
56899	inventory
56900	inventory
56901	inventory
56902	inventory
56903	inventory
56904	inventory
56905	inventory
56906	inventory
56907	inventory
56908	inventory
56909	inventory
56910	inventory
56911	inventory
56912	inventory
56913	inventory
56914	inventory
56915	inventory
56916	inventory
56917	inventory
56918	inventory
56919	inventory
56920	inventory
56921	inventory
56922	inventory
56923	inventory
56924	inventory
56925	inventory
56926	inventory
56927	inventory
56928	inventory
56929	inventory
56930	inventory
56931	inventory
56932	inventory
56933	inventory
56934	inventory
56935	inventory
56936	inventory
56937	inventory
56938	inventory
56939	inventory
56940	inventory
56941	inventory
56942	inventory
56943	inventory
56944	inventory
56945	inventory
56946	inventory
56947	inventory
56948	inventory
56949	inventory
56950	inventory
56951	inventory
56952	inventory
56953	inventory
56954	inventory
56955	inventory
56956	inventory
56957	inventory
56958	inventory
56959	inventory
56960	inventory
56961	inventory
56962	inventory
56963	inventory
56964	inventory
56965	inventory
56966	inventory
56967	inventory
56968	inventory
56969	inventory
56970	inventory
56971	inventory
56972	inventory
56973	inventory
56974	inventory
56975	inventory
56976	inventory
56977	inventory
56978	inventory
56979	inventory
56980	inventory
56981	inventory
56982	inventory
56983	inventory
56984	inventory
56985	inventory
56986	inventory
56987	inventory
56988	inventory
56989	inventory
56990	inventory
56991	inventory
56992	inventory
56993	inventory
56994	inventory
56995	inventory
56996	inventory
56997	inventory
56998	inventory
56999	inventory
57000	inventory
57001	inventory
57002	inventory
57003	inventory
57004	inventory
57005	inventory
57006	inventory
57007	inventory
57008	inventory
57009	inventory
57010	inventory
57011	inventory
57012	inventory
57013	inventory
57014	inventory
57015	inventory
57016	inventory
57017	inventory
57018	inventory
57019	inventory
57020	inventory
57021	inventory
57022	inventory
57023	inventory
57024	inventory
57025	inventory
57026	inventory
57027	inventory
57028	inventory
57029	inventory
57030	inventory
57031	inventory
57032	inventory
57033	inventory
57034	inventory
57035	inventory
57036	inventory
57037	inventory
57038	inventory
57039	inventory
57040	inventory
57041	inventory
57042	inventory
57043	inventory
57044	inventory
57045	inventory
57046	inventory
57047	inventory
57048	inventory
57049	inventory
57050	inventory
57051	inventory
57052	inventory
57053	inventory
57054	inventory
57055	inventory
57056	inventory
57057	inventory
57058	inventory
57059	inventory
57060	inventory
57061	inventory
57062	inventory
57063	inventory
57064	inventory
57065	inventory
57066	inventory
57067	inventory
57068	inventory
57069	inventory
57070	inventory
57071	inventory
57072	inventory
57073	inventory
57074	inventory
57075	inventory
57076	inventory
57077	inventory
57078	inventory
57079	inventory
57080	inventory
57081	inventory
57082	inventory
57083	inventory
57084	inventory
57085	inventory
57086	inventory
57087	inventory
57088	inventory
57089	inventory
57090	inventory
57091	inventory
57092	inventory
57093	inventory
57094	inventory
57095	inventory
57096	inventory
57097	inventory
57098	inventory
57099	inventory
57100	inventory
57101	inventory
57102	inventory
57103	inventory
57104	inventory
57105	inventory
57106	inventory
57107	inventory
57108	inventory
57109	inventory
57110	inventory
57111	inventory
57112	inventory
57113	inventory
57114	inventory
57115	inventory
57116	inventory
57117	inventory
57118	inventory
57119	inventory
57120	inventory
57121	inventory
57122	inventory
57123	inventory
57124	inventory
57125	inventory
57126	inventory
57127	inventory
57128	inventory
57129	inventory
57130	inventory
57131	inventory
57132	inventory
57133	inventory
57134	inventory
57135	inventory
57136	inventory
57137	inventory
57138	inventory
57139	inventory
57140	inventory
57141	inventory
57142	inventory
57143	inventory
57144	inventory
57145	inventory
57146	inventory
57147	inventory
57148	inventory
57149	inventory
57150	inventory
57151	inventory
57152	inventory
57153	inventory
57154	inventory
57155	inventory
57156	inventory
57157	inventory
57158	inventory
57159	inventory
57160	inventory
57161	inventory
57162	inventory
57163	inventory
57164	inventory
57165	inventory
57166	inventory
57167	inventory
57168	inventory
57169	inventory
57170	inventory
57171	inventory
57172	inventory
57173	inventory
57174	inventory
57175	inventory
57176	inventory
57177	inventory
57178	inventory
57179	inventory
57180	inventory
57181	inventory
57182	inventory
57183	inventory
57184	inventory
57185	inventory
57186	inventory
57187	inventory
57188	inventory
57189	inventory
57190	inventory
57191	inventory
57192	inventory
57193	inventory
57194	inventory
57195	inventory
57196	inventory
57197	inventory
57198	inventory
57199	inventory
57200	inventory
57201	inventory
57202	inventory
57203	inventory
57204	inventory
57205	inventory
57206	inventory
57207	inventory
57208	inventory
57209	inventory
57210	inventory
57211	inventory
57212	inventory
57213	inventory
57214	inventory
57215	inventory
57216	inventory
57217	inventory
57218	inventory
57219	inventory
57220	inventory
57221	inventory
57222	inventory
57223	inventory
57224	inventory
57225	inventory
57226	inventory
57227	inventory
57228	inventory
57229	inventory
57230	inventory
57231	inventory
57232	inventory
57233	inventory
57234	inventory
57235	inventory
57236	inventory
57237	inventory
57238	inventory
57239	inventory
57240	inventory
57241	inventory
57242	inventory
57243	inventory
57244	inventory
57245	inventory
57246	inventory
57247	inventory
57248	inventory
57249	inventory
57250	inventory
57251	inventory
57252	inventory
57253	inventory
57254	inventory
57255	inventory
57256	inventory
57257	inventory
57258	inventory
57259	inventory
57260	inventory
57261	inventory
57262	inventory
57263	inventory
57264	inventory
57265	inventory
57266	inventory
57267	inventory
57268	inventory
57269	inventory
57270	inventory
57271	inventory
57272	inventory
57273	inventory
57274	inventory
57275	inventory
57276	inventory
57277	inventory
57278	inventory
57279	inventory
57280	inventory
57281	inventory
57282	inventory
57283	inventory
57284	inventory
57285	inventory
57286	inventory
57287	inventory
57288	inventory
57289	inventory
57290	inventory
57291	inventory
57292	inventory
57293	inventory
57294	inventory
57295	inventory
57296	inventory
57297	inventory
57298	inventory
57299	inventory
57300	inventory
57301	inventory
57302	inventory
57303	inventory
57304	inventory
57305	inventory
57306	inventory
57307	inventory
57308	inventory
57309	inventory
57310	inventory
57311	inventory
57312	inventory
57313	inventory
57314	inventory
57315	inventory
57316	inventory
57317	inventory
57318	inventory
57319	inventory
57320	inventory
57321	inventory
57322	inventory
57323	inventory
57324	inventory
57325	inventory
57326	inventory
57327	inventory
57328	inventory
57329	inventory
57330	inventory
57331	inventory
57340	numeric-alias
57342	numeric-alias
57348	numeric-alias
57350	numeric-alias
57351	numeric-alias
57353	numeric-alias
57355	numeric-alias
57367	numeric-alias
57368	numeric-alias
57369	numeric-alias
57370	numeric-alias
57371	numeric-alias
57372	numeric-alias
57373	numeric-alias
57374	numeric-alias
57375	numeric-alias
57376	numeric-alias
57380	url-variant
57382	listing
57383	listing
57384	listing
57385	listing
57415	listing
57420	listing
57421	listing
57422	listing
57423	listing
57429	url-variant
57486	inventory
57487	inventory
57488	inventory
57489	inventory
57490	inventory
57491	inventory
57492	inventory
57493	inventory
58297	inventory
58298	inventory
58299	inventory
58300	inventory
58301	inventory
58302	inventory
58303	inventory
58304	inventory
58305	inventory
58306	inventory
58307	inventory
58308	inventory
58309	inventory
58310	inventory
58311	inventory
58312	inventory
58313	inventory
58314	inventory
58315	inventory
58316	inventory
58317	inventory
58318	inventory
58319	inventory
58320	inventory
58321	inventory
58322	inventory
58323	inventory
58324	inventory
58325	inventory
58326	inventory
58327	inventory
58328	inventory
58329	inventory
58330	inventory
58331	inventory
58335	inventory
58343	inventory
58347	inventory
58351	inventory
58353	inventory
58357	inventory
58360	inventory
58365	inventory
58384	inventory
58388	inventory
58395	inventory
58400	inventory
58403	inventory
58406	inventory
58411	inventory
58415	inventory
58419	inventory
58423	inventory
58426	inventory
58430	inventory
58432	inventory
58433	inventory
58434	inventory
58435	inventory
58436	inventory
58437	inventory
58438	inventory
58439	inventory
58440	inventory
58441	inventory
58442	inventory
58443	inventory
58444	inventory
58445	inventory
58446	inventory
58447	inventory
58448	inventory
58449	inventory
58450	inventory
58451	inventory
58452	inventory
58453	inventory
58454	inventory
58455	inventory
58456	inventory
58457	inventory
58458	inventory
58459	inventory
58460	inventory
58461	inventory
58462	inventory
58463	inventory
58464	inventory
58465	inventory
58466	inventory
58467	inventory
58468	inventory
58469	inventory
58470	inventory
58471	inventory
58472	inventory
58473	inventory
58474	inventory
58475	inventory
58476	inventory
58477	inventory
58478	inventory
58479	inventory
58480	inventory
58481	inventory
58482	inventory
58483	inventory
58484	inventory
58485	inventory
58486	inventory
58487	inventory
58488	inventory
58489	inventory
58490	inventory
58491	inventory
58492	inventory
58493	inventory
58494	inventory
58495	inventory
58496	inventory
58497	inventory
58498	inventory
58499	inventory
58500	inventory
58501	inventory
58502	inventory
58503	inventory
58504	inventory
58505	inventory
58506	inventory
58507	inventory
58508	inventory
58509	inventory
58510	inventory
58511	inventory
58512	inventory
58513	inventory
58514	inventory
58515	inventory
58516	inventory
58518	inventory
58521	inventory
58526	inventory
58531	inventory
58536	inventory
58550	inventory
58554	inventory
58561	inventory
58570	inventory
58585	inventory
58588	inventory
58591	inventory
58594	inventory
58603	inventory
58607	inventory
58611	inventory
58613	inventory
58615	inventory
58618	inventory
58623	inventory
58627	inventory
58631	inventory
58637	inventory
58642	inventory
58646	inventory
58653	inventory
58660	inventory
58664	inventory
58673	inventory
58678	inventory
58682	inventory
58685	inventory
58687	inventory
58693	inventory
58697	inventory
58701	inventory
58712	inventory
58718	inventory
58724	inventory
58729	inventory
58736	inventory
58740	inventory
58748	inventory
58757	inventory
58765	inventory
58773	inventory
59546	numeric-alias
59547	numeric-alias
59548	numeric-alias
59550	numeric-alias
59552	numeric-alias
59554	numeric-alias
59555	numeric-alias
59557	numeric-alias
59559	numeric-alias
59561	numeric-alias
59563	numeric-alias
59564	numeric-alias
59566	numeric-alias
59568	numeric-alias
59570	numeric-alias
59572	numeric-alias
59574	numeric-alias
59575	numeric-alias
59576	numeric-alias
59577	numeric-alias
59579	numeric-alias
59581	numeric-alias
59582	numeric-alias
59584	numeric-alias
59586	numeric-alias
59587	numeric-alias
59591	numeric-alias
59601	numeric-alias
59609	numeric-alias
59614	numeric-alias
59618	numeric-alias
59623	numeric-alias
59626	numeric-alias
59637	numeric-alias
59639	numeric-alias
59642	numeric-alias
59654	numeric-alias
59663	numeric-alias
59666	numeric-alias
59669	numeric-alias
59672	numeric-alias
59674	numeric-alias
59675	numeric-alias
59678	numeric-alias
59679	numeric-alias
59690	numeric-alias
59692	numeric-alias
59693	numeric-alias
59697	numeric-alias
59701	numeric-alias
59707	numeric-alias
59712	numeric-alias
59713	numeric-alias
59715	numeric-alias
59719	numeric-alias
59720	numeric-alias
59725	numeric-alias
59737	numeric-alias
59739	numeric-alias
59740	numeric-alias
59744	numeric-alias
59745	numeric-alias
59747	numeric-alias
59749	numeric-alias
59751	numeric-alias
59753	numeric-alias
59754	numeric-alias
59779	numeric-alias
59798	numeric-alias
59802	numeric-alias
59804	numeric-alias
59808	numeric-alias
59810	numeric-alias
59811	numeric-alias
59814	numeric-alias
59816	numeric-alias
59818	numeric-alias
59822	numeric-alias
59825	numeric-alias
59828	numeric-alias
59830	numeric-alias
59832	numeric-alias
59834	numeric-alias
59835	numeric-alias
59839	numeric-alias
59841	numeric-alias
59843	numeric-alias
59847	numeric-alias
59849	numeric-alias
59851	numeric-alias
59853	numeric-alias
59855	numeric-alias
59857	numeric-alias
59866	numeric-alias
59868	numeric-alias
59870	numeric-alias
59872	numeric-alias
59873	numeric-alias
59875	numeric-alias
59879	numeric-alias
59880	numeric-alias
59881	numeric-alias
59883	numeric-alias
59889	numeric-alias
59896	numeric-alias
59901	numeric-alias
59918	numeric-alias
59937	numeric-alias
59942	numeric-alias
59948	numeric-alias
59953	numeric-alias
59958	numeric-alias
59962	numeric-alias
59986	numeric-alias
59991	numeric-alias
59992	numeric-alias
59997	numeric-alias
60007	numeric-alias
60010	numeric-alias
60024	numeric-alias
60027	numeric-alias
60028	numeric-alias
60029	numeric-alias
60034	numeric-alias
60041	numeric-alias
60043	numeric-alias
60050	numeric-alias
60053	numeric-alias
60058	numeric-alias
60062	numeric-alias
60065	numeric-alias
60070	numeric-alias
60076	numeric-alias
60077	numeric-alias
60084	numeric-alias
60095	numeric-alias
60103	numeric-alias
60120	numeric-alias
60124	numeric-alias
60126	numeric-alias
60129	numeric-alias
60131	numeric-alias
60134	numeric-alias
60135	numeric-alias
60138	numeric-alias
60140	numeric-alias
60142	numeric-alias
60144	numeric-alias
60146	numeric-alias
60148	numeric-alias
60150	numeric-alias
60153	numeric-alias
60156	numeric-alias
60159	numeric-alias
60161	numeric-alias
60165	numeric-alias
60168	numeric-alias
60172	numeric-alias
60176	numeric-alias
60179	numeric-alias
60182	numeric-alias
60185	numeric-alias
60188	numeric-alias
60189	numeric-alias
60192	numeric-alias
60195	numeric-alias
60197	numeric-alias
60205	numeric-alias
60218	numeric-alias
60220	numeric-alias
60235	numeric-alias
60237	numeric-alias
60240	numeric-alias
60241	numeric-alias
60244	numeric-alias
60263	numeric-alias
60270	numeric-alias
60274	numeric-alias
60288	numeric-alias
60295	numeric-alias
60302	numeric-alias
60307	numeric-alias
60317	numeric-alias
60322	numeric-alias
60336	numeric-alias
60342	numeric-alias
60347	numeric-alias
60370	numeric-alias
60386	numeric-alias
60394	numeric-alias
60410	numeric-alias
60419	numeric-alias
60428	numeric-alias
60433	numeric-alias
60435	numeric-alias
60443	numeric-alias
60447	numeric-alias
60449	numeric-alias
60461	numeric-alias
60490	numeric-alias
60525	numeric-alias
60533	numeric-alias
60567	numeric-alias
60569	numeric-alias
60573	numeric-alias
60592	numeric-alias
60656	numeric-alias
60658	numeric-alias
60659	numeric-alias
60661	numeric-alias
60663	numeric-alias
60664	numeric-alias
60665	numeric-alias
60666	numeric-alias
60670	numeric-alias
60672	numeric-alias
60674	numeric-alias
60675	numeric-alias
60676	numeric-alias
60679	numeric-alias
60680	numeric-alias
60681	numeric-alias
60682	numeric-alias
60683	numeric-alias
60685	numeric-alias
60687	numeric-alias
60689	numeric-alias
60691	numeric-alias
60692	numeric-alias
60693	numeric-alias
60694	numeric-alias
60695	numeric-alias
60696	numeric-alias
60697	numeric-alias
60699	numeric-alias
60700	numeric-alias
60701	numeric-alias
60703	numeric-alias
60706	numeric-alias
60708	numeric-alias
60709	numeric-alias
60710	numeric-alias
60713	numeric-alias
60716	numeric-alias
60717	numeric-alias
60719	numeric-alias
60720	numeric-alias
60725	numeric-alias
60727	numeric-alias
60730	numeric-alias
60731	numeric-alias
60735	numeric-alias
60737	numeric-alias
60738	numeric-alias
60743	numeric-alias
60747	numeric-alias
60748	numeric-alias
60751	numeric-alias
60754	numeric-alias
60756	numeric-alias
60760	numeric-alias
60761	numeric-alias
60762	numeric-alias
60763	numeric-alias
60764	numeric-alias
60765	numeric-alias
60766	numeric-alias
60773	numeric-alias
60777	numeric-alias
60779	numeric-alias
60788	numeric-alias
60803	numeric-alias
60807	numeric-alias
60812	numeric-alias
60842	numeric-alias
60844	numeric-alias
60845	numeric-alias
60847	numeric-alias
60848	numeric-alias
60849	numeric-alias
60850	numeric-alias
60851	numeric-alias
60852	numeric-alias
60853	numeric-alias
60854	numeric-alias
60855	numeric-alias
60860	numeric-alias
60861	numeric-alias
60865	numeric-alias
60866	numeric-alias
60869	numeric-alias
60871	numeric-alias
60875	numeric-alias
60876	numeric-alias
60878	numeric-alias
60880	numeric-alias
60884	numeric-alias
60911	numeric-alias
60915	numeric-alias
60940	numeric-alias
60944	numeric-alias
60951	numeric-alias
60961	numeric-alias
60967	numeric-alias
60999	numeric-alias
61002	numeric-alias
61024	numeric-alias
61031	numeric-alias
61032	numeric-alias
61033	numeric-alias
61035	numeric-alias
61037	numeric-alias
61043	numeric-alias
61045	numeric-alias
61046	numeric-alias
61047	numeric-alias
61048	numeric-alias
61049	numeric-alias
61050	numeric-alias
61051	numeric-alias
61052	numeric-alias
61053	numeric-alias
61054	numeric-alias
61056	numeric-alias
61057	numeric-alias
61059	numeric-alias
61061	numeric-alias
61066	numeric-alias
61071	numeric-alias
61076	numeric-alias
61077	numeric-alias
61078	numeric-alias
61081	numeric-alias
61082	numeric-alias
61083	numeric-alias
61084	numeric-alias
61085	numeric-alias
61090	numeric-alias
61094	numeric-alias
61096	numeric-alias
61125	numeric-alias
61133	numeric-alias
61136	numeric-alias
61151	numeric-alias
61154	numeric-alias
61156	numeric-alias
61157	numeric-alias
61160	numeric-alias
61169	numeric-alias
61201	numeric-alias
61225	numeric-alias
61345	numeric-alias
61347	numeric-alias
61348	numeric-alias
61349	numeric-alias
61350	numeric-alias
61352	numeric-alias
61353	numeric-alias
61354	numeric-alias
61360	numeric-alias
61369	numeric-alias
61370	numeric-alias
61371	numeric-alias
61372	numeric-alias
61373	numeric-alias
61374	numeric-alias
61376	numeric-alias
61377	numeric-alias
61378	numeric-alias
61379	numeric-alias
61380	numeric-alias
61384	numeric-alias
61387	numeric-alias
61390	numeric-alias
61392	numeric-alias
61393	numeric-alias
61396	numeric-alias
61397	numeric-alias
61398	numeric-alias
61401	numeric-alias
61404	numeric-alias
61405	numeric-alias
61408	numeric-alias
61409	numeric-alias
61410	numeric-alias
61411	numeric-alias
61412	numeric-alias
62215	listing
70442	listing
70445	listing
70446	listing
70454	listing
70455	listing
70457	listing
70458	listing
70461	listing
70462	listing
70468	listing
70471	listing
70473	listing
70476	listing
70479	listing
70481	listing
70483	listing
70491	listing
70494	listing
70497	listing
70504	listing
70513	listing
70515	listing
70524	listing
70532	listing
70539	listing
70545	listing
70550	listing
70552	listing
70563	listing
70565	listing
70570	listing
70572	listing
70576	listing
70578	listing
70588	listing
70589	listing
70596	listing
70603	listing
70606	listing
70613	listing
70618	listing
70627	listing
70631	listing
70633	listing
70637	listing
70643	listing
70649	listing
70653	listing
70654	listing
70660	listing
70665	listing
70670	listing
70678	listing
70688	listing
70690	listing
70694	listing
70700	listing
70706	listing
70711	listing
70721	listing
70724	listing
70731	listing
70733	listing
70735	listing
70736	listing
70750	listing
70757	listing
70763	listing
70771	listing
70774	listing
70780	listing
70796	listing
70804	listing
70807	listing
70809	listing
70822	listing
70824	listing
70829	listing
70835	listing
70839	listing
70844	listing
70852	listing
70860	listing
70866	listing
70877	listing
70878	listing
70894	listing
70901	listing
70902	listing
70903	listing
70913	listing
70926	listing
70933	listing
70951	listing
70953	listing
70969	listing
70972	listing
70973	listing
70975	listing
70981	listing
70992	listing
70996	listing
71001	listing
71010	listing
71011	listing
71017	listing
71026	listing
71034	listing
71039	listing
71044	listing
71052	listing
71058	listing
71069	listing
71076	listing
71082	listing
71087	listing
71091	listing
71096	listing
71099	listing
71106	listing
71111	listing
71123	listing
71125	listing
71131	listing
71144	listing
71153	listing
71158	listing
71163	listing
71172	listing
71177	listing
71192	listing
71208	listing
71214	listing
71219	listing
71221	listing
71228	listing
71246	listing
71258	listing
71273	listing
71281	listing
71290	listing
71297	listing
71312	listing
71313	listing
71315	listing
71329	listing
71340	listing
71344	listing
71364	listing
71370	listing
71373	listing
71387	listing
71394	listing
71402	listing
71416	listing
71418	listing
71420	listing
71423	listing
71425	listing
71429	listing
71434	listing
71437	listing
71441	listing
71445	listing
71448	listing
71451	listing
71458	listing
71462	listing
71472	listing
71479	listing
71486	listing
71503	listing
71504	listing
71507	listing
71512	listing
71517	listing
71520	listing
71523	listing
71533	listing
71543	listing
71545	listing
71562	listing
71567	listing
71577	listing
71590	listing
71601	listing
71606	listing
71607	listing
71613	listing
71620	listing
71624	listing
71629	listing
71638	listing
71643	listing
71647	listing
71653	listing
71658	listing
71663	listing
71666	listing
71667	listing
71671	listing
71673	listing
71675	listing
71677	listing
71682	listing
71683	listing
71692	listing
71694	listing
71699	listing
71706	listing
71711	listing
71722	listing
71729	listing
71730	listing
71742	listing
71743	listing
71753	listing
71761	listing
71764	listing
71766	listing
71767	listing
71774	listing
71778	listing
71782	listing
71792	listing
71797	listing
71810	listing
71811	listing
71818	listing
71824	listing
71830	listing
71836	listing
71840	listing
71852	listing
71855	listing
71872	listing
71875	listing
71880	listing
71894	listing
71910	listing
71918	listing
71923	listing
71932	listing
71938	listing
71948	listing
71963	listing
71977	listing
71983	listing
71988	listing
71991	listing
71994	listing
72007	listing
72022	listing
72023	listing
72041	listing
72042	listing
72046	listing
72061	listing
72063	listing
72068	listing
72070	listing
72071	listing
72074	listing
72076	listing
72079	listing
72083	listing
72087	listing
72091	listing
72093	listing
72096	listing
72099	listing
72103	listing
72107	listing
72113	listing
72114	listing
72116	listing
72124	listing
72139	listing
72143	listing
72158	listing
72161	listing
72174	listing
72192	listing
72194	listing
72198	listing
72209	listing
72216	listing
72221	listing
72223	listing
72227	listing
72232	listing
72257	listing
72263	listing
72267	listing
72271	listing
72285	listing
72288	listing
72292	listing
72295	listing
72301	listing
72310	listing
72318	listing
72331	listing
72340	listing
72345	listing
72352	listing
72359	listing
72379	listing
72380	listing
72382	listing
72384	listing
72388	listing
72390	listing
72392	listing
72397	listing
72403	listing
72406	listing
72412	listing
72416	listing
72417	listing
72424	listing
72427	listing
72433	listing
72438	listing
72449	listing
72450	listing
72462	listing
72468	listing
72472	listing
72474	listing
72476	listing
72483	listing
72489	listing
72495	listing
72497	listing
72500	listing
72504	listing
72507	listing
72510	listing
72511	listing
72515	listing
72523	listing
72534	listing
72538	listing
72542	listing
72544	listing
72550	listing
72553	listing
72557	listing
72558	listing
72563	listing
72567	listing
72573	listing
72577	listing
72582	listing
72593	listing
72600	listing
72620	listing
72621	listing
72624	listing
72631	listing
72646	listing
72664	listing
72673	listing
72685	listing
72691	listing
72705	listing
72717	listing
72724	listing
72730	listing
72733	listing
72739	listing
72744	listing
72748	listing
72751	listing
72757	listing
72760	listing
72764	listing
72779	listing
72783	listing
72787	listing
72793	listing
72798	listing
72802	listing
72812	listing
72814	listing
72825	listing
72833	listing
72841	listing
72849	listing
72852	listing
72858	listing
72861	listing
72870	listing
72876	listing
72887	listing
72894	listing
72896	listing
72915	listing
72928	listing
72935	listing
72943	listing
72960	listing
72979	listing
72994	listing
72997	listing
73002	listing
73006	listing
73008	listing
73012	listing
73020	listing
73031	listing
73045	listing
73054	listing
73065	listing
73070	listing
73076	listing
73078	listing
73083	listing
73097	listing
73102	listing
73103	listing
73108	listing
73111	listing
73118	listing
73126	listing
73130	listing
73134	listing
73143	listing
73153	listing
73163	listing
73168	listing
73178	listing
73187	listing
73194	listing
73200	listing
73208	listing
73220	listing
73228	listing
73231	listing
73236	listing
73239	listing
73247	listing
73257	listing
73263	listing
73273	listing
73275	listing
73290	listing
73303	listing
73307	listing
73311	listing
73324	listing
73336	listing
73345	listing
73349	listing
73351	listing
73353	listing
73359	listing
73363	listing
73376	listing
73378	listing
73392	listing
73396	listing
73406	listing
73421	listing
73432	listing
73440	listing
73447	listing
73449	listing
73458	listing
73472	listing
73477	listing
73484	listing
73491	listing
73504	listing
73506	listing
73509	listing
73513	listing
73519	listing
73526	listing
73529	listing
73534	listing
73544	listing
73546	listing
73556	listing
73570	listing
73573	listing
73574	listing
73575	listing
73580	listing
73583	listing
73585	listing
73586	listing
73589	listing
73595	listing
73603	listing
73611	listing
73617	listing
73621	listing
73625	listing
73628	listing
73631	listing
73645	listing
73647	listing
73651	listing
73655	listing
73657	listing
73660	listing
73677	listing
73689	listing
73703	listing
73704	listing
73711	listing
73714	listing
73717	listing
73722	listing
73723	listing
73728	listing
73730	listing
73736	listing
73741	listing
73746	listing
73753	listing
73756	listing
73758	listing
73768	listing
73776	listing
73786	listing
73792	listing
73794	listing
73807	listing
73813	listing
73819	listing
73829	listing
73849	listing
73852	listing
73855	listing
73859	listing
73866	listing
73873	listing
73880	listing
73884	listing
73895	listing
73897	listing
73900	listing
73902	listing
73906	listing
73907	listing
73913	listing
73927	listing
73929	listing
73933	listing
73937	listing
73940	listing
73945	listing
73949	listing
73954	listing
73959	listing
73964	listing
73968	listing
73970	listing
73977	listing
73987	listing
73994	listing
73995	listing
74000	listing
74003	listing
74006	listing
74009	listing
74015	listing
74017	listing
74022	listing
74024	listing
74028	listing
74031	listing
74044	listing
74047	listing
74056	listing
74065	listing
74077	listing
74080	listing
74089	listing
74100	listing
74101	listing
74102	listing
74106	listing
74109	listing
74123	listing
74135	listing
74139	listing
74150	listing
74156	listing
74177	listing
74193	listing
74205	listing
74211	listing
74217	listing
74220	listing
74231	listing
74237	listing
74247	listing
74254	listing
74261	listing
74264	listing
74274	listing
74285	listing
74301	listing
74313	listing
74319	listing
74321	listing
74326	listing
74329	listing
74333	listing
74343	listing
74347	listing
74349	listing
74352	listing
74363	listing
74370	listing
74378	listing
74387	listing
74394	listing
74397	listing
74411	listing
74414	listing
74416	listing
74421	listing
74427	listing
74435	listing
74439	listing
74444	listing
74450	listing
74454	listing
74458	listing
74462	listing
74464	listing
74467	listing
74470	listing
74474	listing
74479	listing
74485	listing
74486	listing
74491	listing
74493	listing
74496	listing
74499	listing
74503	listing
74509	listing
74517	listing
74521	listing
74532	listing
74541	listing
74546	listing
74549	listing
74551	listing
74556	listing
74560	listing
74563	listing
74564	listing
74566	listing
74568	listing
74573	listing
74576	listing
74581	listing
74583	listing
74590	listing
74595	listing
74600	listing
74606	listing
74618	listing
74619	listing
74628	listing
74637	listing
74646	listing
74653	listing
74660	listing
74669	listing
74687	listing
74699	listing
74712	listing
74717	listing
74721	listing
74725	listing
74728	listing
74731	listing
74737	listing
74741	listing
74747	listing
74756	listing
74758	listing
74768	listing
74783	listing
74788	listing
74795	listing
74803	listing
74810	listing
74816	listing
74825	listing
74830	listing
74832	listing
74838	listing
74852	listing
74860	listing
74864	listing
74872	listing
74880	listing
74888	listing
74896	listing
74903	listing
74912	listing
74919	listing
74921	listing
74924	listing
74929	listing
74938	listing
74942	listing
74944	listing
74951	listing
74962	listing
74966	listing
74982	listing
74993	listing
74997	listing
75001	listing
75005	listing
75008	listing
75010	listing
75013	listing
75016	listing
75018	listing
75024	listing
75029	listing
75036	listing
75042	listing
75057	listing
75064	listing
75074	listing
75077	listing
75080	listing
75086	listing
75090	listing
75099	listing
75106	listing
75111	listing
75120	listing
75134	listing
75147	listing
75155	listing
75158	listing
75162	listing
75169	listing
75181	listing
75194	listing
75199	listing
75201	listing
75204	listing
75205	listing
75206	listing
75208	listing
75212	listing
75214	listing
75223	listing
75227	listing
75231	listing
75236	listing
75246	listing
75251	listing
75255	listing
75261	listing
75266	listing
75275	listing
75276	listing
75296	listing
75297	listing
75298	listing
75304	listing
75306	listing
75310	listing
75312	listing
75314	listing
75317	listing
75319	listing
75327	listing
75330	listing
75335	listing
75342	listing
75346	listing
75356	listing
75369	listing
75370	listing
75376	listing
75386	listing
75397	listing
75401	listing
75403	listing
75406	listing
75407	listing
75410	listing
75411	listing
75414	listing
75424	listing
75434	listing
75437	listing
75443	listing
75461	listing
75467	listing
75469	listing
75470	listing
75483	listing
75485	listing
75498	listing
75514	listing
75535	listing
75537	listing
75550	listing
75552	listing
75567	listing
75568	listing
75588	listing
75600	listing
75606	listing
75611	listing
75619	listing
75623	listing
75629	listing
75640	listing
75648	listing
75660	listing
75666	listing
75670	listing
75674	listing
75681	listing
75686	listing
75688	listing
75691	listing
75695	listing
75698	listing
75701	listing
75704	listing
75707	listing
75710	listing
75713	listing
75717	listing
75721	listing
75729	listing
75731	listing
75738	listing
75739	listing
75744	listing
75747	listing
75750	listing
75752	listing
75755	listing
75760	listing
75765	listing
75769	listing
75772	listing
75784	listing
75790	listing
75797	listing
75800	listing
75806	listing
75812	listing
75817	listing
75830	listing
75837	listing
75846	listing
75851	listing
75861	listing
75874	listing
75886	listing
75889	listing
75912	listing
75924	listing
75940	listing
75950	listing
75958	listing
75966	listing
75981	listing
75986	listing
75987	listing
75997	listing
76002	listing
76004	listing
76015	listing
76020	listing
76026	listing
76029	listing
76036	listing
76040	listing
76047	listing
76058	listing
76059	listing
76079	listing
76099	listing
76106	listing
76117	listing
76119	listing
76122	listing
76136	listing
76137	listing
76142	listing
76144	listing
76152	listing
76157	listing
76170	listing
76189	listing
76194	listing
76200	listing
76208	listing
76218	listing
76237	listing
76243	listing
76258	listing
76272	listing
76278	listing
76295	listing
76307	listing
76325	listing
76334	listing
76347	listing
76384	listing
76396	listing
76404	listing
76417	listing
76429	listing
76442	listing
76457	listing
76462	listing
76470	listing
76477	listing
76481	listing
76489	listing
76494	listing
76497	listing
76508	listing
76512	listing
76518	listing
76528	listing
76536	listing
76541	listing
76553	listing
76555	listing
76559	listing
76566	listing
76573	listing
76580	listing
76587	listing
76595	listing
76605	listing
76619	listing
76622	listing
76627	listing
76638	listing
76640	listing
76653	listing
76665	listing
76678	listing
76688	listing
76702	listing
76707	listing
76719	listing
76728	listing
76736	listing
76750	listing
76764	listing
76769	listing
76773	listing
76779	listing
76784	listing
76795	listing
76801	listing
76802	listing
76803	listing
76814	listing
76822	listing
76827	listing
76832	listing
76833	listing
76840	listing
76852	listing
76856	listing
76866	listing
76877	listing
76888	listing
76894	listing
76902	listing
76915	listing
76922	listing
76927	listing
76938	listing
76946	listing
76950	listing
76956	listing
76958	listing
76965	listing
76980	listing
76991	listing
76997	listing
77002	listing
77004	listing
77007	listing
77015	listing
77024	listing
77032	listing
77038	listing
77044	listing
77055	listing
77063	listing
77068	listing
77072	listing
77081	listing
77084	listing
77094	listing
77097	listing
77103	listing
77109	listing
77112	listing
77120	listing
77125	listing
77137	listing
77151	listing
77164	listing
77170	listing
77174	listing
77177	listing
77181	listing
77187	listing
77190	listing
77193	listing
77197	listing
77207	listing
77210	listing
77217	listing
77221	listing
77225	listing
77228	listing
77242	listing
77252	listing
77253	listing
77258	listing
77259	listing
77260	listing
77263	listing
77267	listing
77273	listing
77281	listing
77286	listing
77302	listing
77303	listing
77307	listing
77309	listing
77312	listing
77316	listing
77321	listing
77323	listing
77332	listing
77339	listing
77341	listing
77343	listing
77344	listing
77351	listing
77357	listing
77359	listing
77366	listing
77373	listing
77378	listing
77380	listing
77384	listing
77389	listing
77392	listing
77395	listing
77397	listing
77409	listing
77413	listing
77423	listing
77434	listing
77440	listing
77448	listing
77452	listing
77456	listing
77476	listing
77490	listing
77494	listing
77497	listing
77507	listing
77516	listing
77519	listing
77529	listing
77533	listing
77538	listing
77541	listing
77548	listing
77556	listing
77566	listing
77571	listing
77580	listing
77595	listing
77602	listing
77609	listing
77612	listing
77615	listing
77617	listing
77621	listing
77625	listing
77628	listing
77637	listing
77649	listing
77657	listing
77661	listing
77663	listing
77664	listing
77666	listing
77671	listing
77676	listing
77684	listing
77689	listing
77693	listing
77702	listing
77711	listing
77713	listing
77730	listing
77735	listing
77739	listing
77743	listing
77754	listing
77764	listing
77769	listing
77774	listing
77779	listing
77782	listing
77791	listing
77798	listing
77807	listing
77815	listing
77821	listing
77832	listing
77834	listing
77842	listing
77854	listing
77860	listing
77865	listing
77870	listing
77876	listing
77883	listing
77889	listing
77896	listing
77901	listing
77907	listing
77911	listing
77917	listing
77922	listing
77925	listing
77931	listing
77934	listing
77936	listing
77946	listing
77949	listing
77952	listing
77955	listing
77959	listing
77961	listing
77971	listing
77974	listing
77977	listing
77983	listing
77984	listing
77988	listing
78005	listing
78007	listing
78008	listing
78014	listing
78020	listing
78025	listing
78029	listing
78035	listing
78037	listing
78038	listing
78046	listing
78053	listing
78064	listing
78076	listing
78080	listing
78086	listing
78094	listing
78116	listing
78136	listing
78144	listing
78167	listing
78188	listing
78203	listing
78204	listing
78205	listing
78208	listing
78228	listing
78238	listing
78240	listing
78258	listing
78261	listing
78263	listing
78265	listing
78268	listing
78271	listing
78273	listing
78275	listing
78277	listing
78280	listing
78283	listing
78297	listing
78311	listing
78321	listing
78325	listing
78334	listing
78335	listing
78336	listing
78347	listing
78356	listing
78361	listing
78372	listing
78382	listing
78394	listing
78404	listing
78425	listing
78429	listing
80405	url-variant
80974	listing
83156	url-variant
85115	inventory
85122	inventory
85135	inventory
85152	inventory
85168	inventory
85172	inventory
85184	inventory
85193	inventory
85199	inventory
85211	inventory
85220	inventory
85233	inventory
85241	inventory
85249	inventory
85266	inventory
85277	inventory
85303	inventory
85304	inventory
85309	inventory
85328	inventory
85343	inventory
85373	inventory
85400	inventory
85433	inventory
85436	inventory
85461	inventory
85492	inventory
85509	inventory
85524	inventory
85525	inventory
85548	inventory
85563	inventory
85582	inventory
85613	inventory
85616	inventory
85621	inventory
85629	inventory
85647	inventory
85655	inventory
85675	inventory
85688	inventory
85716	inventory
85747	inventory
85751	inventory
85769	inventory
85801	inventory
85806	inventory
85835	inventory
85846	inventory
85876	inventory
85883	inventory
85888	inventory
85914	inventory
85926	inventory
85934	inventory
85964	inventory
85992	inventory
86030	inventory
86057	inventory
86072	inventory
86085	inventory
86094	inventory
86102	inventory
86115	inventory
86129	inventory
86137	inventory
86148	inventory
86160	inventory
86185	inventory
86191	inventory
86206	inventory
86227	inventory
86239	inventory
86256	inventory
86262	inventory
86284	inventory
86301	inventory
86318	inventory
86326	inventory
86345	inventory
86356	inventory
86366	inventory
86382	inventory
86392	inventory
86396	inventory
86408	inventory
86418	inventory
86426	inventory
86432	inventory
86442	inventory
86471	inventory
86480	inventory
86515	inventory
86523	inventory
86538	inventory
86552	inventory
86562	inventory
86582	inventory
86594	inventory
86625	inventory
86641	inventory
86666	inventory
86677	inventory
86686	inventory
86714	inventory
86721	inventory
86729	inventory
86760	inventory
86775	inventory
86800	inventory
86802	inventory
86844	inventory
86867	inventory
86888	inventory
86919	inventory
86926	inventory
86944	inventory
86954	inventory
86969	inventory
86994	inventory
87012	inventory
87022	inventory
87032	inventory
87037	inventory
87043	inventory
87059	inventory
87069	inventory
87081	inventory
87086	inventory
87118	inventory
87127	inventory
87135	inventory
87155	inventory
87163	inventory
87185	inventory
87209	inventory
87243	inventory
87261	inventory
87262	inventory
87298	inventory
87311	inventory
87337	inventory
87347	inventory
87360	inventory
87374	inventory
87389	inventory
87404	inventory
87427	inventory
87434	inventory
87448	inventory
87454	inventory
87471	inventory
87475	inventory
87480	inventory
87485	inventory
87496	inventory
87500	inventory
87519	inventory
87535	inventory
87538	inventory
87554	inventory
87565	inventory
87577	inventory
87592	inventory
87621	inventory
87637	inventory
87646	inventory
87664	inventory
87676	inventory
87715	inventory
87739	inventory
87749	inventory
87751	inventory
87772	inventory
87783	inventory
87796	inventory
87832	inventory
87835	inventory
87865	inventory
87874	inventory
87876	inventory
87891	inventory
87898	inventory
87912	inventory
87928	inventory
87944	inventory
87950	inventory
87986	inventory
87989	inventory
88014	inventory
88031	inventory
88042	inventory
88055	inventory
88066	inventory
88083	inventory
88090	inventory
88108	inventory
88120	inventory
88134	inventory
88172	inventory
88185	inventory
88204	inventory
88212	inventory
88225	inventory
88230	inventory
88248	inventory
88269	inventory
88306	inventory
88341	inventory
88374	inventory
88396	inventory
88411	inventory
88420	inventory
88430	inventory
88449	inventory
88457	inventory
88491	inventory
88494	inventory
88523	inventory
88551	inventory
88592	inventory
88617	inventory
88622	inventory
88644	inventory
88663	inventory
88686	inventory
88725	inventory
88736	inventory
88765	inventory
88773	inventory
88786	inventory
88818	inventory
88827	inventory
88836	inventory
88863	inventory
88875	inventory
88898	inventory
88935	inventory
88946	inventory
88970	inventory
88979	inventory
88992	inventory
89001	inventory
89006	inventory
89020	inventory
89029	inventory
89039	inventory
89075	inventory
89081	inventory
89083	inventory
89089	inventory
89116	inventory
89121	inventory
89130	inventory
89143	inventory
89174	inventory
89175	inventory
89183	inventory
89193	inventory
89221	inventory
89231	inventory
89239	inventory
89246	inventory
89263	inventory
89267	inventory
89294	inventory
89312	inventory
89335	inventory
89354	inventory
89374	inventory
89398	inventory
89422	inventory
89429	inventory
89460	inventory
89470	inventory
89516	inventory
89517	inventory
89537	inventory
89548	inventory
89556	inventory
89589	inventory
89605	inventory
89636	inventory
89638	inventory
89667	inventory
89671	inventory
89710	inventory
89713	inventory
89732	inventory
89756	inventory
89797	inventory
89826	inventory
89850	inventory
89864	inventory
89867	inventory
89897	inventory
89910	inventory
89925	inventory
89947	inventory
89965	inventory
89970	inventory
89993	inventory
89998	inventory
90001	inventory
90004	inventory
90040	inventory
90056	inventory
90083	inventory
90111	inventory
90155	inventory
90178	inventory
90180	inventory
90191	inventory
90193	inventory
90231	inventory
90267	inventory
90308	inventory
90348	inventory
90389	inventory
90402	inventory
90427	inventory
90464	inventory
90507	inventory
90553	inventory
90586	inventory
90593	inventory
90606	inventory
90615	inventory
90631	inventory
90661	inventory
90679	inventory
90705	inventory
90710	inventory
90727	inventory
90739	inventory
90748	inventory
90761	inventory
90773	inventory
90817	inventory
90842	inventory
90864	inventory
90874	inventory
90893	inventory
90929	inventory
90974	inventory
91016	inventory
91018	inventory
91030	inventory
91056	inventory
91098	inventory
91130	inventory
91145	inventory
91152	inventory
91178	inventory
91216	inventory
91259	inventory
91292	inventory
91327	inventory
91366	inventory
91407	inventory
91443	inventory
91487	inventory
91489	inventory
91509	inventory
91545	inventory
91576	inventory
91591	inventory
91599	inventory
91618	inventory
91640	inventory
91672	inventory
91688	inventory
91717	inventory
91726	inventory
91754	inventory
91787	inventory
91797	inventory
91820	inventory
91844	inventory
91852	inventory
91885	inventory
91901	inventory
91928	inventory
91948	inventory
91968	inventory
91986	inventory
91999	inventory
92019	inventory
92031	inventory
92049	inventory
92064	inventory
92098	inventory
92112	inventory
92137	inventory
92156	inventory
92190	inventory
92196	inventory
92209	inventory
92222	inventory
92240	inventory
92265	inventory
92287	inventory
92307	inventory
92328	inventory
92371	inventory
92418	inventory
92434	inventory
92467	inventory
92477	inventory
92515	inventory
92558	inventory
92607	inventory
92634	inventory
92654	inventory
92682	inventory
92689	inventory
92709	inventory
92730	inventory
92761	inventory
92768	inventory
92808	inventory
92827	inventory
92868	inventory
92872	inventory
92918	inventory
92961	inventory
93008	inventory
93049	inventory
93059	inventory
93074	inventory
93111	inventory
93130	inventory
93139	inventory
93176	inventory
93185	inventory
93206	inventory
93234	inventory
93269	inventory
93302	inventory
93326	inventory
93333	inventory
93354	inventory
93365	inventory
93392	inventory
93424	inventory
93467	inventory
93514	inventory
93563	inventory
93586	inventory
93614	inventory
93625	inventory
93637	inventory
93678	inventory
93681	inventory
93725	inventory
93778	inventory
93794	inventory
93805	inventory
93813	inventory
93818	inventory
93837	inventory
93872	inventory
93889	inventory
93916	inventory
93956	inventory
93980	inventory
93993	inventory
94027	inventory
94069	inventory
94089	inventory
94100	inventory
94146	inventory
94182	inventory
94183	inventory
94198	inventory
94226	inventory
94241	inventory
94282	inventory
94290	inventory
94310	inventory
94329	inventory
94342	inventory
94364	inventory
94405	inventory
94452	inventory
94505	inventory
94516	inventory
94559	inventory
94565	inventory
94608	inventory
94650	inventory
94669	inventory
94700	inventory
94728	inventory
94742	inventory
94782	inventory
94791	inventory
94802	inventory
94830	inventory
94836	inventory
94857	inventory
94872	inventory
94906	inventory
94911	inventory
94923	inventory
94949	inventory
94984	inventory
94985	inventory
94996	inventory
95005	inventory
95026	inventory
95060	inventory
95102	inventory
95147	inventory
95176	inventory
95188	inventory
95212	inventory
95219	inventory
95262	inventory
95309	inventory
95359	inventory
95365	inventory
95423	inventory
95436	inventory
95447	inventory
95473	inventory
95494	inventory
95507	inventory
95519	inventory
95566	inventory
95611	inventory
95630	inventory
95640	inventory
95644	inventory
95687	inventory
95690	inventory
95706	inventory
95725	inventory
95758	inventory
95789	inventory
95824	inventory
95828	inventory
95850	inventory
95879	inventory
95888	inventory
95911	inventory
95924	inventory
95933	inventory
95965	inventory
96000	inventory
96006	inventory
96016	inventory
96026	inventory
96038	inventory
96056	inventory
96098	inventory
96127	inventory
96159	inventory
96178	inventory
96179	inventory
96191	inventory
96207	inventory
96214	inventory
96225	inventory
96259	inventory
96261	inventory
96298	inventory
96317	inventory
96355	inventory
96358	inventory
96402	inventory
96460	inventory
96500	inventory
96505	inventory
96531	inventory
96581	inventory
96632	inventory
96676	inventory
96714	inventory
96766	inventory
96767	inventory
96800	inventory
96826	inventory
96828	inventory
96854	inventory
96892	inventory
96913	inventory
96964	inventory
96966	inventory
96975	inventory
96987	inventory
96992	inventory
97013	inventory
97044	inventory
97055	inventory
97068	inventory
97100	inventory
97107	inventory
97116	inventory
97138	inventory
97156	inventory
97172	inventory
97197	inventory
97207	inventory
97260	inventory
97316	inventory
97353	inventory
97384	inventory
97427	inventory
97457	inventory
97472	inventory
97486	inventory
97529	inventory
97552	inventory
97571	inventory
97602	inventory
97611	inventory
97623	inventory
97628	inventory
97655	inventory
97676	inventory
97700	inventory
97735	inventory
97750	inventory
97769	inventory
97787	inventory
97796	inventory
97803	inventory
97828	inventory
97837	inventory
97891	inventory
97924	inventory
97956	inventory
97964	inventory
97976	inventory
97999	inventory
98058	inventory
98101	inventory
98151	inventory
98200	inventory
98255	inventory
98299	inventory
98343	inventory
98354	inventory
98395	inventory
98406	inventory
98408	inventory
98452	inventory
98483	inventory
98510	inventory
98521	inventory
98573	inventory
98580	inventory
98603	inventory
98667	inventory
98692	inventory
98719	inventory
98734	inventory
98759	inventory
98768	inventory
98778	inventory
98786	inventory
98800	inventory
98809	inventory
98821	inventory
98868	inventory
98881	inventory
98899	inventory
98916	inventory
98930	inventory
98971	inventory
98977	inventory
98985	inventory
98999	inventory
99031	inventory
99062	inventory
99087	inventory
99142	inventory
99146	inventory
99180	inventory
99204	inventory
99223	inventory
99231	inventory
99246	inventory
99286	inventory
99312	inventory
99352	inventory
99369	inventory
99375	inventory
99392	inventory
99399	inventory
99410	inventory
99462	inventory
99474	inventory
99498	inventory
99535	inventory
99548	inventory
99562	inventory
99602	inventory
99612	inventory
99632	inventory
99646	inventory
99666	inventory
99682	inventory
99698	inventory
99727	inventory
99744	inventory
99801	inventory
99819	inventory
99838	inventory
99853	inventory
99863	inventory
99884	inventory
99892	inventory
99896	inventory
99927	inventory
99968	inventory
100027	inventory
100086	inventory
100112	inventory
100152	inventory
100193	inventory
100234	inventory
100236	inventory
100257	inventory
100262	inventory
100265	inventory
100279	inventory
100296	inventory
100309	inventory
100312	inventory
100342	inventory
100368	inventory
100380	inventory
100436	inventory
100450	inventory
100499	inventory
100516	inventory
100524	inventory
100567	inventory
100596	inventory
100640	inventory
100653	inventory
100670	inventory
100688	inventory
100705	inventory
100727	inventory
100740	inventory
100784	inventory
100793	inventory
100817	inventory
100827	inventory
100842	inventory
100894	inventory
100897	inventory
100967	inventory
101031	inventory
101096	inventory
101149	inventory
101198	inventory
101215	inventory
101237	inventory
101276	inventory
101295	inventory
101307	inventory
101322	inventory
101331	inventory
101342	inventory
101358	inventory
101398	inventory
101424	inventory
101437	inventory
101490	inventory
101527	inventory
101554	inventory
101593	inventory
101598	inventory
101665	inventory
101674	inventory
101682	inventory
101694	inventory
101721	inventory
101756	inventory
101775	inventory
101795	inventory
101816	inventory
101839	inventory
101860	inventory
101870	inventory
101880	inventory
101913	inventory
101963	inventory
102027	inventory
102039	inventory
102042	inventory
102093	inventory
102101	inventory
102153	inventory
102217	inventory
102235	inventory
102275	inventory
102315	inventory
102367	inventory
102393	inventory
102424	inventory
102429	inventory
102455	inventory
102507	inventory
102540	inventory
102578	inventory
102641	inventory
102687	inventory
102688	inventory
102722	inventory
102775	inventory
102787	inventory
102791	inventory
102845	inventory
102872	inventory
102918	inventory
102943	inventory
102949	inventory
102972	inventory
102982	inventory
103003	inventory
103016	inventory
103035	inventory
103051	inventory
103054	inventory
103062	inventory
103080	inventory
103084	inventory
103096	inventory
103105	inventory
103115	inventory
103127	inventory
103137	inventory
103165	inventory
103174	inventory
103226	inventory
103285	inventory
103343	inventory
103375	inventory
103388	inventory
103400	inventory
103408	inventory
103466	inventory
103495	inventory
103557	inventory
103607	inventory
103625	inventory
103635	inventory
103655	inventory
103692	inventory
103756	inventory
103772	inventory
103790	inventory
103806	inventory
103838	inventory
103855	inventory
103885	inventory
103946	inventory
103988	inventory
103990	inventory
104019	inventory
104029	inventory
104046	inventory
104063	inventory
104122	inventory
104145	inventory
104213	inventory
104254	inventory
104274	inventory
104317	inventory
104340	inventory
104366	inventory
104385	inventory
104394	inventory
104447	inventory
104456	inventory
104488	inventory
104496	inventory
104572	inventory
104620	inventory
104687	inventory
104707	inventory
104772	inventory
104797	inventory
104805	inventory
104875	inventory
104896	inventory
104920	inventory
104933	inventory
104965	inventory
104978	inventory
105001	inventory
105075	inventory
105126	inventory
105128	inventory
105147	inventory
105163	inventory
105177	inventory
105194	inventory
105228	inventory
105240	inventory
105249	inventory
105272	inventory
105291	inventory
105299	inventory
105324	inventory
105350	inventory
105383	inventory
105439	inventory
105490	inventory
105560	inventory
105591	inventory
105642	inventory
105667	inventory
105721	inventory
105796	inventory
105861	inventory
105895	inventory
105945	inventory
105968	inventory
106024	inventory
106028	inventory
106045	inventory
106083	inventory
106116	inventory
106130	inventory
106160	inventory
106173	inventory
106206	inventory
106221	inventory
106226	inventory
106244	inventory
106297	inventory
106314	inventory
106318	inventory
106341	inventory
106362	inventory
106387	inventory
106406	inventory
106461	inventory
106478	inventory
106542	inventory
106595	inventory
106596	inventory
106599	inventory
106664	inventory
106709	inventory
106719	inventory
106738	inventory
106771	inventory
106798	inventory
106830	inventory
106865	inventory
106880	inventory
106882	inventory
106914	inventory
106937	inventory
107006	inventory
107026	inventory
107062	inventory
107075	inventory
107110	inventory
107167	inventory
107174	inventory
107195	inventory
107232	inventory
107261	inventory
107332	inventory
107356	inventory
107370	inventory
107396	inventory
107407	inventory
107417	inventory
107462	inventory
107480	inventory
107497	inventory
107536	inventory
107547	inventory
107553	inventory
107582	inventory
107603	inventory
107628	inventory
107683	inventory
107729	inventory
107746	inventory
107763	inventory
107809	inventory
107811	inventory
107832	inventory
107839	inventory
107855	inventory
107891	inventory
107909	inventory
107956	inventory
107966	inventory
108008	inventory
108030	inventory
108069	inventory
108081	inventory
108115	inventory
108175	inventory
108194	inventory
108242	inventory
108261	inventory
108276	inventory
108302	inventory
108324	inventory
108348	inventory
108370	inventory
108384	inventory
108390	inventory
108431	inventory
108442	inventory
108499	inventory
108512	inventory
108527	inventory
108568	inventory
108569	inventory
108597	inventory
108648	inventory
108662	inventory
108694	inventory
108705	inventory
108718	inventory
108740	inventory
108751	inventory
108773	inventory
108791	inventory
108807	inventory
108872	inventory
108894	inventory
108931	inventory
108946	inventory
108955	inventory
108982	inventory
109024	inventory
109027	inventory
109047	inventory
109065	inventory
109105	inventory
109121	inventory
109127	inventory
109148	inventory
109174	inventory
109223	inventory
109250	inventory
109258	inventory
109331	inventory
109372	inventory
109385	inventory
109403	inventory
109413	inventory
109439	inventory
109453	inventory
109531	inventory
109565	inventory
109594	inventory
109611	inventory
109686	inventory
109744	inventory
109819	inventory
109851	inventory
109883	inventory
109911	inventory
109970	inventory
110009	inventory
110023	inventory
110043	inventory
110069	inventory
110103	inventory
110171	inventory
110240	inventory
110280	inventory
110298	inventory
110304	inventory
110327	inventory
110378	inventory
110391	inventory
110405	inventory
110461	inventory
110479	inventory
110544	inventory
110577	inventory
110631	inventory
110632	inventory
110640	inventory
110676	inventory
110701	inventory
110760	inventory
110826	inventory
110884	inventory
110940	inventory
110972	inventory
110993	inventory
111028	inventory
111065	inventory
111080	inventory
111133	inventory
111150	inventory
111163	inventory
111232	inventory
111265	inventory
111285	inventory
111325	inventory
111338	inventory
111415	inventory
111487	inventory
111564	inventory
111641	inventory
111683	inventory
111701	inventory
111742	inventory
111752	inventory
111778	inventory
111819	inventory
111821	inventory
111841	inventory
111852	inventory
111927	inventory
111938	inventory
111957	inventory
111988	inventory
112033	inventory
112110	inventory
112168	inventory
112197	inventory
112273	inventory
112349	inventory
112425	inventory
112440	inventory
112447	inventory
112456	inventory
112514	inventory
112523	inventory
112555	inventory
112567	inventory
112587	inventory
112591	inventory
112638	inventory
112650	inventory
112653	inventory
112658	inventory
112667	inventory
112668	inventory
112676	inventory
112682	inventory
112685	inventory
112690	inventory
112724	inventory
112752	inventory
112770	inventory
112775	inventory
112782	inventory
112796	inventory
112799	inventory
112808	inventory
112814	inventory
113148	inventory
113152	inventory
113170	inventory
113182	inventory
113186	inventory
113192	inventory
113229	inventory
113264	inventory
113279	inventory
113286	inventory
113287	inventory
113290	inventory
113291	inventory
113292	inventory
113301	inventory
113319	inventory
113330	inventory
113342	inventory
113366	inventory
113375	inventory
113384	inventory
113439	inventory
113473	inventory
113477	inventory
113520	inventory
113532	numeric-alias
113603	inventory
113662	inventory
113740	inventory
113818	inventory
113895	inventory
113900	inventory
113916	inventory
113923	inventory
113944	inventory
113950	inventory
113957	inventory
113960	inventory
113965	inventory
113970	inventory
114025	inventory
114063	inventory
114098	inventory
114154	inventory
114204	inventory
114284	inventory
114293	inventory
114300	inventory
114314	inventory
114318	inventory
114325	inventory
114391	inventory
114407	inventory
114458	inventory
114461	inventory
114490	inventory
114500	inventory
114503	inventory
114531	inventory
114580	inventory
114655	inventory
114670	inventory
114706	inventory
114738	inventory
114760	inventory
114793	inventory
114826	inventory
114866	inventory
114921	inventory
114956	inventory
114975	inventory
114988	inventory
115022	inventory
115041	inventory
115103	inventory
115174	inventory
115227	inventory
115234	inventory
115284	inventory
115332	inventory
115376	inventory
115393	inventory
115415	inventory
115433	inventory
115467	inventory
115485	inventory
115515	inventory
115563	inventory
115589	inventory
115627	inventory
115652	inventory
115667	inventory
115687	inventory
115763	inventory
115780	inventory
115828	inventory
115845	inventory
115883	inventory
115913	inventory
115943	inventory
115997	inventory
116030	inventory
116055	inventory
116116	inventory
116126	inventory
116205	inventory
116207	inventory
116229	inventory
116253	inventory
116275	inventory
116310	inventory
116332	inventory
116382	inventory
116389	inventory
116464	inventory
116470	inventory
116505	inventory
116528	inventory
116540	inventory
116556	inventory
116596	inventory
116604	inventory
116635	inventory
116656	inventory
116666	inventory
116670	inventory
116675	inventory
116687	inventory
116692	inventory
116727	inventory
116767	inventory
116802	inventory
116846	inventory
116923	inventory
116924	inventory
116932	inventory
116949	inventory
116966	inventory
116984	inventory
116998	inventory
117071	inventory
117110	inventory
117176	inventory
117215	inventory
117276	inventory
117309	inventory
117374	inventory
117380	inventory
117407	inventory
117417	inventory
117455	inventory
117468	inventory
117497	inventory
117522	inventory
117538	inventory
117606	inventory
117621	inventory
117667	inventory
117719	inventory
117787	inventory
117791	inventory
117872	inventory
117931	inventory
117996	inventory
118071	inventory
118090	inventory
118113	inventory
118137	inventory
118217	inventory
118246	inventory
118282	inventory
118331	inventory
118357	inventory
118375	inventory
118420	inventory
118430	inventory
118506	inventory
118515	inventory
118530	inventory
118631	inventory
118652	inventory
118695	inventory
118714	inventory
118720	inventory
118722	inventory
118732	inventory
118741	inventory
118765	inventory
118793	inventory
118830	inventory
118836	inventory
118840	inventory
119569	numeric-alias
119573	numeric-alias
119575	numeric-alias
119582	numeric-alias
119585	numeric-alias
119587	numeric-alias
119589	numeric-alias
119627	numeric-alias
119669	numeric-alias
119693	numeric-alias
119698	numeric-alias
119702	numeric-alias
119703	numeric-alias
119704	numeric-alias
119708	numeric-alias
119715	numeric-alias
119717	numeric-alias
119827	numeric-alias
119831	numeric-alias
119833	numeric-alias
119835	numeric-alias
119839	numeric-alias
119851	numeric-alias
120128	numeric-alias
120228	numeric-alias
120286	numeric-alias
120291	numeric-alias
120300	numeric-alias
120302	numeric-alias
120383	numeric-alias
120398	numeric-alias
120402	numeric-alias
120464	numeric-alias
120505	numeric-alias
120528	numeric-alias
120565	numeric-alias
120831	numeric-alias
120834	numeric-alias
120844	numeric-alias
120848	numeric-alias
120855	numeric-alias
120858	numeric-alias
120863	numeric-alias
120873	numeric-alias
120881	numeric-alias
120899	numeric-alias
120902	numeric-alias
120905	numeric-alias
120908	numeric-alias
120912	numeric-alias
120919	numeric-alias
120923	numeric-alias
120925	numeric-alias
120931	numeric-alias
120936	numeric-alias
120938	numeric-alias
120950	numeric-alias
120954	numeric-alias
120957	numeric-alias
120963	numeric-alias
120972	numeric-alias
120977	numeric-alias
120981	numeric-alias
120989	numeric-alias
120994	numeric-alias
121000	numeric-alias
121010	numeric-alias
121026	numeric-alias
121029	numeric-alias
121033	numeric-alias
121037	numeric-alias
121044	numeric-alias
121050	numeric-alias
121056	numeric-alias
121061	numeric-alias
121064	numeric-alias
121067	numeric-alias
121068	numeric-alias
121072	numeric-alias
121078	numeric-alias
121083	numeric-alias
121090	numeric-alias
121095	numeric-alias
121100	numeric-alias
121106	numeric-alias
121110	numeric-alias
121116	numeric-alias
121123	numeric-alias
121126	numeric-alias
121127	numeric-alias
121128	numeric-alias
121132	numeric-alias
121137	numeric-alias
121142	numeric-alias
121163	numeric-alias
122073	numeric-alias
122082	numeric-alias
122096	numeric-alias
122102	numeric-alias
122107	numeric-alias
122115	numeric-alias
122121	numeric-alias
122134	numeric-alias
122142	numeric-alias
122157	numeric-alias
122321	url-variant
122598	numeric-alias
123316	numeric-alias
123344	numeric-alias
123685	numeric-alias
123717	numeric-alias
123732	numeric-alias
123806	numeric-alias
123811	numeric-alias
123817	numeric-alias
123820	numeric-alias
123826	numeric-alias
123832	numeric-alias
123846	numeric-alias
123853	numeric-alias
123855	numeric-alias
123868	numeric-alias
123876	numeric-alias
123889	numeric-alias
123891	numeric-alias
123894	numeric-alias
123899	numeric-alias
123906	numeric-alias
123910	numeric-alias
123915	numeric-alias
123919	numeric-alias
123920	numeric-alias
123929	numeric-alias
123938	numeric-alias
123957	numeric-alias
124015	numeric-alias
124143	url-variant
125267	url-variant
125276	url-variant
125287	url-variant
125297	url-variant
125311	url-variant
126606	numeric-alias
126645	numeric-alias
126653	numeric-alias
126656	numeric-alias
126719	inventory
126723	inventory
126726	inventory
126737	inventory
126749	inventory
126756	inventory
126766	inventory
126778	inventory
126787	inventory
126799	inventory
126812	inventory
126818	inventory
126821	inventory
126827	inventory
126834	inventory
126842	inventory
126845	inventory
126856	inventory
126857	inventory
126860	inventory
126869	inventory
126885	inventory
126895	inventory
126921	inventory
126935	inventory
126938	inventory
126945	inventory
126957	inventory
126960	inventory
126967	inventory
126972	inventory
126978	inventory
126986	inventory
127125	inventory
127239	inventory
127244	inventory
127251	inventory
127258	inventory
127264	inventory
127268	inventory
127278	inventory
127286	inventory
127295	inventory
127301	inventory
127306	inventory
127315	inventory
127321	inventory
127325	inventory
127329	inventory
127334	inventory
127339	inventory
127343	inventory
127349	inventory
127357	inventory
127367	inventory
127376	inventory
127389	inventory
127396	inventory
127398	inventory
127400	inventory
127412	inventory
127420	inventory
127424	inventory
127428	inventory
127434	inventory
127438	inventory
127450	inventory
127453	inventory
127462	inventory
127463	inventory
127476	inventory
127484	inventory
127490	inventory
127495	inventory
127504	inventory
127513	inventory
127519	inventory
127523	inventory
127533	inventory
127539	inventory
127553	inventory
127561	inventory
127562	inventory
127576	inventory
127588	inventory
127598	inventory
127604	inventory
127610	inventory
127624	inventory
127632	inventory
127634	inventory
127648	inventory
127656	inventory
127663	inventory
127669	inventory
127680	inventory
127686	inventory
127694	inventory
127705	inventory
127710	inventory
127716	inventory
127724	inventory
127730	inventory
127741	inventory
127750	inventory
127757	inventory
127760	inventory
127766	inventory
127777	inventory
127778	inventory
127783	inventory
127791	inventory
127798	inventory
127803	inventory
127806	inventory
127815	inventory
127822	inventory
127832	inventory
127846	inventory
127849	inventory
127854	inventory
127865	inventory
127869	inventory
127880	inventory
127892	inventory
127896	inventory
127908	inventory
127919	inventory
127924	inventory
127933	inventory
127936	inventory
127950	inventory
127951	inventory
127955	inventory
127964	inventory
127972	inventory
127980	inventory
127987	inventory
127994	inventory
127995	inventory
128002	inventory
128009	inventory
128014	inventory
128021	inventory
128024	inventory
128031	inventory
128035	inventory
128042	inventory
128057	inventory
128067	inventory
128070	inventory
128075	inventory
128085	inventory
128086	inventory
128091	inventory
128099	inventory
128109	inventory
128113	inventory
128118	inventory
128122	inventory
128128	inventory
128139	inventory
128140	inventory
128145	inventory
128147	inventory
128151	inventory
128157	inventory
128161	inventory
128164	inventory
128167	inventory
128172	inventory
128225	inventory
128235	inventory
128247	inventory
128256	numeric-alias
128258	inventory
128271	inventory
128277	inventory
128286	inventory
128291	inventory
128304	inventory
128312	inventory
128314	inventory
128318	inventory
128322	inventory
128326	inventory
128332	inventory
128341	inventory
128345	inventory
128350	inventory
128359	inventory
128363	inventory
128369	inventory
128373	inventory
128377	inventory
128383	inventory
128391	inventory
128394	inventory
128403	inventory
128410	inventory
128419	inventory
128422	inventory
128432	inventory
128434	inventory
128448	inventory
128452	inventory
128464	inventory
128478	inventory
128489	inventory
128495	inventory
128500	inventory
128505	inventory
128509	inventory
128517	inventory
128528	inventory
128536	inventory
128542	inventory
128545	inventory
128558	inventory
128559	inventory
128565	inventory
128578	inventory
128579	inventory
128584	inventory
128585	inventory
128595	inventory
128602	inventory
128603	inventory
128616	inventory
128618	inventory
128621	inventory
128628	inventory
128630	inventory
128640	inventory
128650	inventory
128657	inventory
128662	inventory
128668	inventory
128676	inventory
128680	inventory
128683	inventory
128688	inventory
128692	inventory
128694	numeric-alias
128696	inventory
128703	inventory
128707	inventory
128713	inventory
128717	inventory
128720	inventory
128725	inventory
128728	numeric-alias
128729	inventory
128733	inventory
128736	inventory
128741	inventory
128744	inventory
128746	inventory
128759	inventory
128764	inventory
128765	inventory
128772	inventory
128781	inventory
128786	inventory
128791	inventory
128803	inventory
128808	inventory
128812	inventory
128815	inventory
128825	inventory
128833	inventory
128842	inventory
128848	inventory
128859	inventory
128865	inventory
128876	inventory
128877	inventory
128887	inventory
128898	inventory
128900	inventory
128903	inventory
128908	inventory
128917	inventory
128927	inventory
128934	inventory
128939	inventory
128945	inventory
128951	inventory
128958	inventory
128962	inventory
128971	inventory
128983	inventory
128986	inventory
128999	inventory
129005	inventory
129007	inventory
129019	inventory
129022	inventory
129028	inventory
129032	inventory
129039	inventory
129044	inventory
129050	inventory
129055	inventory
129059	inventory
129069	inventory
129071	inventory
129072	inventory
129074	inventory
129076	inventory
129080	inventory
129086	inventory
129095	inventory
129097	inventory
129099	inventory
129101	inventory
129104	inventory
129107	inventory
129111	inventory
129122	inventory
129128	inventory
129137	inventory
129177	inventory
129180	inventory
129188	inventory
129194	inventory
129203	inventory
129207	inventory
129215	inventory
129224	inventory
129231	inventory
129237	inventory
129243	inventory
129250	inventory
129253	inventory
129254	inventory
129266	inventory
129274	inventory
129286	inventory
129288	inventory
129294	inventory
129298	inventory
129305	inventory
129313	inventory
129319	inventory
129329	inventory
129337	inventory
129343	inventory
129353	inventory
129358	inventory
129364	inventory
129377	inventory
129384	inventory
129390	inventory
129398	inventory
129403	inventory
129411	inventory
129413	inventory
129414	inventory
129420	inventory
129422	inventory
129429	inventory
129433	inventory
129443	inventory
129452	inventory
129463	inventory
129470	inventory
129474	inventory
129478	inventory
129485	inventory
129489	inventory
129496	inventory
129503	inventory
129519	inventory
129524	inventory
129529	inventory
129532	inventory
129540	inventory
129550	inventory
129555	inventory
129568	inventory
129575	inventory
129582	inventory
129588	inventory
129600	inventory
129607	inventory
129617	inventory
129624	inventory
129634	inventory
129643	inventory
129650	inventory
129657	inventory
129664	inventory
129674	inventory
129682	inventory
129686	inventory
129692	inventory
129702	inventory
129705	inventory
129709	inventory
129716	inventory
129724	inventory
129731	inventory
129736	inventory
129743	inventory
129748	inventory
129749	inventory
129755	inventory
129763	inventory
129773	inventory
129778	inventory
129786	inventory
129792	inventory
129798	inventory
129803	inventory
129814	inventory
129822	inventory
129829	inventory
129832	inventory
129834	inventory
129845	inventory
129852	inventory
129861	inventory
129863	inventory
129870	inventory
129875	inventory
129880	inventory
129885	inventory
129893	inventory
129898	inventory
129905	inventory
129921	inventory
129932	inventory
129936	inventory
129941	inventory
129944	inventory
129950	inventory
129960	inventory
129966	inventory
129971	inventory
129979	inventory
129992	inventory
129996	inventory
130014	inventory
130023	inventory
130032	inventory
130034	inventory
130048	inventory
130056	inventory
130062	inventory
130066	inventory
130078	inventory
130088	inventory
130091	inventory
130096	inventory
130100	inventory
130112	inventory
130120	inventory
130128	inventory
130140	inventory
130145	inventory
130152	inventory
130158	inventory
130169	inventory
130177	inventory
130187	inventory
130199	inventory
130205	inventory
130216	inventory
130223	inventory
130229	inventory
130240	inventory
130255	inventory
130262	inventory
130274	inventory
130283	inventory
130300	inventory
130314	inventory
130318	inventory
130320	inventory
130330	inventory
130341	inventory
130351	inventory
130364	inventory
130375	inventory
130382	inventory
130396	inventory
130404	inventory
130422	inventory
130437	inventory
130453	inventory
130461	inventory
130471	inventory
130473	inventory
130477	inventory
130486	inventory
130491	inventory
130496	inventory
130503	inventory
130507	inventory
130513	inventory
130523	inventory
130529	inventory
130533	inventory
130540	inventory
130549	inventory
130554	inventory
130562	inventory
130567	inventory
130584	inventory
130587	inventory
130592	inventory
130611	inventory
130616	inventory
130629	inventory
130630	inventory
130644	inventory
130657	inventory
130664	inventory
130669	inventory
130678	inventory
130688	inventory
130693	inventory
130704	inventory
130710	inventory
130721	inventory
130724	inventory
130732	inventory
130735	inventory
130738	inventory
130743	inventory
130744	inventory
130753	inventory
130759	inventory
130765	inventory
130771	inventory
130779	inventory
130782	inventory
130783	inventory
130786	inventory
130792	inventory
130800	inventory
130804	inventory
130816	inventory
130826	inventory
130836	inventory
130843	inventory
130859	inventory
130872	inventory
130879	inventory
130890	inventory
130908	inventory
130929	inventory
130970	inventory
130978	inventory
130999	inventory
131015	inventory
131033	inventory
131051	inventory
131054	inventory
131063	inventory
131070	inventory
131086	inventory
131092	inventory
131101	inventory
131119	inventory
131132	inventory
131151	inventory
131158	inventory
131165	inventory
131173	inventory
131189	inventory
131207	inventory
131215	inventory
131218	inventory
131233	inventory
131234	inventory
131250	inventory
131255	inventory
131261	inventory
131278	inventory
131287	inventory
131305	inventory
131310	inventory
131329	inventory
131333	inventory
131335	inventory
131338	inventory
131340	inventory
131341	inventory
131344	inventory
131348	inventory
131363	inventory
131370	inventory
131377	inventory
131385	inventory
131396	inventory
131407	inventory
131412	inventory
131421	inventory
131438	inventory
131439	inventory
131447	inventory
131456	inventory
131469	inventory
131475	inventory
131489	inventory
131496	inventory
131500	inventory
131518	inventory
131520	inventory
131530	numeric-alias
131534	numeric-alias
131538	inventory
131543	inventory
131562	inventory
131569	inventory
131579	inventory
131584	inventory
131596	inventory
131599	inventory
131606	inventory
131609	inventory
131619	inventory
131629	inventory
131635	inventory
131646	inventory
131658	inventory
131665	inventory
131671	inventory
131679	inventory
131689	inventory
131707	inventory
131713	inventory
131722	inventory
131733	inventory
131756	inventory
131771	inventory
131773	inventory
131778	inventory
131783	inventory
131788	inventory
131829	inventory
131840	inventory
131845	inventory
131848	inventory
131855	inventory
131864	inventory
131872	inventory
131879	inventory
131881	inventory
131889	inventory
131891	inventory
131894	inventory
131903	inventory
131908	inventory
131921	inventory
131924	inventory
131938	inventory
131943	inventory
131958	inventory
131960	inventory
131979	inventory
131982	inventory
131983	inventory
131993	inventory
132001	inventory
132008	inventory
132013	inventory
132018	inventory
132037	inventory
132043	inventory
132052	inventory
132061	inventory
132077	inventory
132078	inventory
132088	inventory
132093	inventory
132107	inventory
132110	inventory
132117	inventory
132121	inventory
132140	inventory
132145	inventory
132157	inventory
132163	inventory
132170	inventory
132175	inventory
132198	inventory
132205	inventory
132217	inventory
132218	inventory
132229	inventory
132245	inventory
132258	inventory
132267	inventory
132278	inventory
132285	inventory
132291	inventory
132296	inventory
132297	inventory
132309	inventory
132314	numeric-alias
132316	inventory
132320	inventory
132325	inventory
132336	inventory
132339	inventory
132344	inventory
132355	inventory
132364	inventory
132379	inventory
132384	inventory
132398	inventory
132399	inventory
132411	inventory
132420	inventory
132440	inventory
132453	inventory
132465	inventory
132468	inventory
132471	inventory
132478	inventory
132484	inventory
132487	inventory
132491	inventory
132497	inventory
132507	inventory
132513	inventory
132523	inventory
132529	inventory
132537	inventory
132545	numeric-alias
132547	inventory
132552	numeric-alias
132554	inventory
132566	inventory
132583	inventory
132592	inventory
132599	inventory
132609	inventory
132612	inventory
132619	inventory
132624	inventory
132630	inventory
132638	inventory
132644	inventory
132656	inventory
132665	inventory
132666	inventory
132667	inventory
132672	inventory
132675	inventory
132676	numeric-alias
132682	inventory
132685	numeric-alias
132690	inventory
132691	inventory
132700	numeric-alias
132707	inventory
132713	inventory
132720	inventory
132731	inventory
132751	inventory
132767	inventory
132785	inventory
132791	inventory
132799	inventory
132810	inventory
132811	inventory
132818	inventory
132822	inventory
132838	inventory
132843	inventory
132851	inventory
132861	inventory
132868	inventory
132875	inventory
132876	inventory
132888	inventory
132895	inventory
132902	inventory
132908	inventory
132919	inventory
132930	inventory
132937	inventory
132938	inventory
132939	inventory
133013	inventory
133026	inventory
133028	inventory
133035	inventory
133037	inventory
133043	inventory
133047	inventory
133067	inventory
133069	inventory
133079	inventory
133087	inventory
133088	inventory
133094	inventory
133095	inventory
133110	inventory
133117	inventory
133130	inventory
133146	inventory
133158	inventory
133174	inventory
133181	inventory
133186	inventory
133196	inventory
133211	inventory
133230	inventory
133233	inventory
133246	inventory
133249	inventory
133255	inventory
133269	inventory
133274	inventory
133284	inventory
133288	inventory
133294	inventory
133295	inventory
133301	inventory
133307	inventory
133317	inventory
133320	inventory
133324	inventory
133338	inventory
133346	inventory
133363	inventory
133386	inventory
133400	inventory
133410	inventory
133417	inventory
133425	inventory
133429	inventory
133441	inventory
133448	inventory
133461	inventory
133464	inventory
133466	inventory
133472	inventory
133474	inventory
133482	inventory
133494	inventory
133501	inventory
133506	inventory
133514	inventory
133519	inventory
133524	inventory
133530	inventory
133537	inventory
133542	inventory
133546	inventory
133557	inventory
133558	inventory
133570	inventory
133573	inventory
133585	inventory
133596	inventory
133610	inventory
133611	inventory
133618	inventory
133630	inventory
133636	inventory
133649	inventory
133663	inventory
133678	inventory
133687	inventory
133688	inventory
133697	inventory
133699	inventory
133713	inventory
133733	inventory
133748	inventory
133756	inventory
133765	inventory
133776	inventory
133785	inventory
133792	inventory
133807	inventory
133813	inventory
133826	inventory
133847	inventory
133866	inventory
133874	inventory
133875	inventory
133881	inventory
133896	inventory
133899	inventory
133913	inventory
133927	inventory
133933	inventory
133936	inventory
133947	inventory
133957	inventory
133966	inventory
133982	inventory
133985	inventory
134001	inventory
134008	inventory
134015	inventory
134019	inventory
134023	inventory
134027	inventory
134043	inventory
134070	inventory
134083	inventory
134090	inventory
134100	inventory
134105	inventory
134113	inventory
134126	inventory
134132	inventory
134148	inventory
134155	inventory
134161	inventory
134170	inventory
134183	inventory
134201	inventory
134212	inventory
134221	inventory
134232	inventory
134242	inventory
134256	inventory
134269	inventory
134280	inventory
134301	inventory
134316	inventory
134325	inventory
134336	inventory
134353	inventory
134356	inventory
134364	inventory
134375	inventory
134388	inventory
134415	inventory
134423	inventory
134441	inventory
134457	inventory
134462	inventory
134474	inventory
134483	inventory
134494	inventory
134504	inventory
134511	inventory
134513	numeric-alias
134517	inventory
134522	inventory
134536	inventory
134539	inventory
134546	inventory
134552	inventory
134559	numeric-alias
134562	inventory
134566	inventory
134575	inventory
134594	inventory
134596	inventory
134606	inventory
134612	inventory
134617	inventory
134620	inventory
134623	inventory
134624	inventory
134631	inventory
134643	inventory
134648	inventory
134660	inventory
134669	inventory
134674	inventory
134679	inventory
134692	inventory
134698	inventory
134706	inventory
134709	inventory
134712	inventory
134735	inventory
134748	inventory
134763	inventory
134767	inventory
134785	url-variant
134792	inventory
134794	inventory
134809	inventory
134836	inventory
134844	inventory
134861	inventory
134865	inventory
134876	inventory
134884	inventory
134890	inventory
134906	inventory
134912	inventory
134937	inventory
134941	inventory
134944	inventory
134949	inventory
134954	inventory
134962	inventory
134972	inventory
134985	inventory
134995	inventory
135001	inventory
135010	inventory
135012	inventory
135018	url-variant
135024	inventory
135030	inventory
135045	inventory
135052	inventory
135063	inventory
135073	inventory
135086	inventory
135088	inventory
135091	inventory
135109	inventory
135114	inventory
135126	inventory
135146	inventory
135152	inventory
135154	inventory
135175	numeric-alias
135180	inventory
135196	inventory
135203	inventory
135206	numeric-alias
135209	inventory
135222	inventory
135231	inventory
135244	inventory
135254	inventory
135264	numeric-alias
135267	inventory
135277	inventory
135287	numeric-alias
135292	inventory
135308	inventory
135313	inventory
135325	inventory
135329	inventory
135334	inventory
135352	inventory
135367	inventory
135377	inventory
135380	inventory
135387	inventory
135417	inventory
135430	inventory
135438	inventory
135453	inventory
135472	inventory
135490	inventory
135498	inventory
135503	inventory
135507	inventory
135516	inventory
135525	inventory
135529	inventory
135538	url-variant
135547	inventory
135558	inventory
135570	inventory
135572	inventory
135578	inventory
135581	inventory
135595	inventory
135600	inventory
135601	inventory
135621	inventory
135636	inventory
135655	inventory
135672	inventory
135679	inventory
135688	inventory
135689	inventory
135697	inventory
135702	inventory
135712	inventory
135713	inventory
135722	inventory
135727	inventory
135744	inventory
135769	inventory
135791	inventory
135795	inventory
135817	inventory
135819	inventory
135844	inventory
135862	inventory
135867	inventory
135871	inventory
135878	inventory
135890	inventory
135894	inventory
135899	inventory
135917	inventory
135926	inventory
135941	inventory
135945	inventory
135949	inventory
135953	inventory
135962	inventory
135972	inventory
135975	inventory
135992	inventory
135997	inventory
136004	inventory
136009	inventory
136014	inventory
136018	inventory
136030	inventory
136032	inventory
136043	inventory
136052	inventory
136054	inventory
136076	inventory
136078	inventory
136090	inventory
136097	inventory
136128	inventory
136134	inventory
136141	inventory
136147	inventory
136192	inventory
136211	inventory
136221	inventory
136235	inventory
136243	inventory
136249	inventory
136255	inventory
136262	inventory
136266	inventory
136276	inventory
136286	inventory
136294	inventory
136299	inventory
136311	inventory
136321	inventory
136331	inventory
136335	inventory
136337	inventory
136354	inventory
136364	inventory
136373	inventory
136377	inventory
136386	inventory
136391	inventory
136396	inventory
136399	inventory
136422	inventory
136430	inventory
136436	inventory
136449	inventory
136453	inventory
136458	inventory
136468	inventory
136473	inventory
136475	inventory
136483	inventory
136486	inventory
136507	inventory
136513	inventory
136518	inventory
136530	inventory
136537	inventory
136542	inventory
136549	inventory
136562	inventory
136576	inventory
136578	inventory
136585	inventory
136594	inventory
136597	inventory
136605	inventory
136609	inventory
136619	inventory
136622	inventory
136630	inventory
136637	inventory
136655	inventory
136657	inventory
136658	inventory
136662	inventory
136684	inventory
136698	inventory
136703	inventory
136706	inventory
136714	inventory
136725	inventory
136737	inventory
136739	inventory
136750	inventory
136760	inventory
136768	inventory
136773	inventory
136780	inventory
136786	inventory
136793	inventory
136797	inventory
136801	inventory
136809	inventory
136814	inventory
136817	inventory
136823	inventory
136846	inventory
136852	inventory
136854	inventory
136861	inventory
136876	inventory
136889	inventory
136897	inventory
136907	inventory
136919	inventory
136934	inventory
136936	inventory
136944	inventory
136948	inventory
136957	inventory
136973	inventory
136974	inventory
136980	inventory
136985	inventory
136988	inventory
136992	inventory
137002	inventory
137014	inventory
137019	inventory
137026	inventory
137033	inventory
137040	inventory
137048	inventory
137057	inventory
137065	inventory
137074	inventory
137080	inventory
137087	inventory
137091	inventory
137105	inventory
137113	inventory
137129	inventory
137141	inventory
137149	inventory
137162	inventory
137181	inventory
137193	inventory
137203	inventory
137215	inventory
137234	inventory
137257	inventory
137261	inventory
137264	inventory
137267	inventory
137284	inventory
137290	inventory
137295	inventory
137299	inventory
137308	inventory
137322	inventory
137332	inventory
137352	inventory
137354	inventory
137374	inventory
137379	inventory
137380	inventory
137386	inventory
137406	inventory
137427	inventory
137457	inventory
137468	inventory
137486	inventory
137508	inventory
137522	inventory
137532	inventory
137547	inventory
137578	inventory
137590	inventory
137607	inventory
137614	inventory
137626	inventory
137636	inventory
137661	inventory
137686	inventory
137700	inventory
137711	inventory
137720	inventory
137730	inventory
137746	inventory
137761	inventory
137766	inventory
137769	inventory
137770	inventory
137773	inventory
137781	inventory
137794	inventory
137798	inventory
137805	inventory
137811	inventory
137835	inventory
137862	inventory
137877	inventory
137893	inventory
137903	inventory
137908	inventory
137930	inventory
137933	inventory
137948	inventory
137971	inventory
137974	inventory
137980	inventory
137996	inventory
138011	inventory
138018	inventory
138028	inventory
138046	inventory
138068	inventory
138083	inventory
138107	inventory
138119	inventory
138137	inventory
138155	inventory
138165	inventory
138182	inventory
138193	inventory
138205	inventory
138210	inventory
138220	inventory
138226	inventory
138233	inventory
138240	inventory
138241	inventory
138252	inventory
138256	inventory
138282	inventory
138293	inventory
138306	inventory
138319	inventory
138328	inventory
138343	inventory
138347	inventory
138372	inventory
138384	inventory
138403	inventory
138416	inventory
138420	inventory
138432	inventory
138451	inventory
138461	inventory
138484	inventory
138509	inventory
138534	inventory
138553	inventory
138568	inventory
138581	inventory
138586	inventory
138590	inventory
138597	inventory
138613	inventory
138614	inventory
138623	inventory
138644	inventory
138658	inventory
138667	inventory
138682	inventory
138685	inventory
138687	inventory
138709	inventory
138716	inventory
138734	inventory
138737	inventory
138754	inventory
138765	inventory
138766	inventory
138784	inventory
138788	inventory
138794	inventory
138810	inventory
138816	inventory
138825	inventory
138831	inventory
138835	inventory
138843	inventory
138848	inventory
138858	inventory
138868	inventory
138886	inventory
138903	inventory
138909	inventory
138941	inventory
138967	inventory
138992	inventory
139005	inventory
139007	inventory
139013	inventory
139025	inventory
139036	inventory
139049	inventory
139064	inventory
139072	inventory
139083	inventory
139098	inventory
139103	inventory
139116	inventory
139132	inventory
139144	inventory
139154	inventory
139176	inventory
139199	inventory
139213	inventory
139226	inventory
139234	inventory
139237	inventory
139255	inventory
139269	inventory
139290	inventory
139313	inventory
139329	inventory
139343	inventory
139348	inventory
139352	inventory
139357	inventory
139373	inventory
139382	inventory
139393	inventory
139402	inventory
139409	inventory
139429	inventory
139441	inventory
139445	inventory
139463	inventory
139477	inventory
139493	inventory
139502	numeric-alias
139507	inventory
139519	inventory
139525	inventory
139529	inventory
139537	inventory
139541	inventory
139558	inventory
139572	inventory
139585	inventory
139590	inventory
139604	inventory
139619	inventory
139627	inventory
139633	inventory
139650	inventory
139666	inventory
139677	inventory
139678	inventory
139690	inventory
139705	inventory
139718	inventory
139727	inventory
139733	inventory
139738	inventory
139755	inventory
139761	inventory
139775	inventory
139779	inventory
139787	inventory
139792	inventory
139801	inventory
139807	inventory
139819	inventory
139824	inventory
139837	inventory
139842	inventory
139844	inventory
139850	inventory
139869	inventory
139870	inventory
139880	inventory
139890	inventory
139911	inventory
139917	inventory
139920	inventory
139933	inventory
139942	inventory
139947	inventory
139970	inventory
139976	inventory
139979	inventory
139991	inventory
140002	inventory
140006	inventory
140015	inventory
140026	inventory
140039	inventory
140052	inventory
140054	inventory
140069	inventory
140071	inventory
140077	inventory
140092	inventory
140102	inventory
140125	inventory
140130	inventory
140136	inventory
140159	inventory
140165	inventory
140171	inventory
140174	inventory
140197	inventory
140202	inventory
140209	inventory
140219	inventory
140224	inventory
140233	inventory
140239	inventory
140249	inventory
140263	inventory
140287	inventory
140293	inventory
140303	inventory
140327	inventory
140345	inventory
140350	inventory
140359	inventory
140378	inventory
140390	inventory
140409	inventory
140434	inventory
140460	inventory
140465	inventory
140472	inventory
140478	inventory
140503	inventory
140519	inventory
140534	inventory
140546	inventory
140571	inventory
140573	inventory
140575	inventory
140604	inventory
140608	inventory
140628	inventory
140645	inventory
140652	inventory
140655	inventory
140665	inventory
140680	inventory
140693	inventory
140701	inventory
140721	inventory
140737	inventory
140745	inventory
140759	inventory
140765	inventory
140780	inventory
140790	inventory
140805	inventory
140816	inventory
140829	inventory
140850	inventory
140853	inventory
140863	inventory
140891	inventory
140919	inventory
140930	inventory
140941	inventory
140943	inventory
140944	inventory
140946	inventory
140949	inventory
140960	inventory
140966	inventory
140972	inventory
140980	inventory
140982	inventory
140988	inventory
141006	inventory
141025	inventory
141055	inventory
141060	inventory
141073	inventory
141081	inventory
141086	inventory
141094	inventory
141100	inventory
141127	inventory
141134	inventory
141141	inventory
141153	inventory
141162	inventory
141170	inventory
141186	inventory
141202	inventory
141219	inventory
141247	inventory
141248	inventory
141254	inventory
141263	inventory
141281	inventory
141289	inventory
141291	inventory
141305	inventory
141316	inventory
141324	inventory
141339	inventory
141345	inventory
141358	inventory
141363	inventory
141385	inventory
141390	inventory
141404	inventory
141412	inventory
141422	inventory
141437	inventory
141449	inventory
141462	inventory
141464	inventory
141478	inventory
141489	inventory
141500	inventory
141514	inventory
141520	inventory
141534	inventory
141544	inventory
141560	inventory
141567	inventory
141571	numeric-alias
141581	inventory
141592	inventory
141607	inventory
141618	inventory
141634	inventory
141637	inventory
141651	inventory
141656	inventory
141667	inventory
141675	inventory
141692	inventory
141700	inventory
141710	inventory
141725	inventory
141738	inventory
141749	inventory
141755	inventory
141761	inventory
141781	inventory
141790	inventory
141797	inventory
141801	inventory
141826	inventory
141834	inventory
141844	inventory
141857	inventory
141870	inventory
141895	inventory
141900	inventory
141906	inventory
141916	inventory
141924	inventory
141930	inventory
141939	inventory
141943	inventory
141949	inventory
141963	inventory
141982	inventory
141989	inventory
142008	inventory
142022	inventory
142036	inventory
142048	inventory
142064	inventory
142067	inventory
142082	inventory
142091	inventory
142101	inventory
142123	inventory
142138	inventory
142158	inventory
142185	inventory
142204	inventory
142208	inventory
142231	inventory
142240	inventory
142246	inventory
142256	inventory
142260	inventory
142268	inventory
142287	inventory
142312	inventory
142313	inventory
142319	inventory
142344	inventory
142357	inventory
142373	inventory
142385	inventory
142388	inventory
142392	inventory
142394	inventory
142403	inventory
142406	inventory
142413	inventory
142423	inventory
142429	inventory
142436	inventory
142447	inventory
142452	inventory
142467	inventory
142472	inventory
142480	inventory
142487	inventory
142490	inventory
142506	inventory
142517	inventory
142528	inventory
142535	inventory
142563	inventory
142565	inventory
142573	inventory
142587	inventory
142593	inventory
142603	inventory
142617	inventory
142636	inventory
142647	inventory
142653	inventory
142657	inventory
142663	inventory
142676	inventory
142681	inventory
142692	inventory
142713	inventory
142721	inventory
142726	inventory
142731	inventory
142740	inventory
142743	inventory
142755	inventory
142758	inventory
142767	inventory
142774	inventory
142786	inventory
142806	inventory
142808	numeric-alias
142814	inventory
142820	inventory
142829	inventory
142850	inventory
142853	inventory
142856	inventory
142862	inventory
142872	inventory
142879	inventory
142886	inventory
142892	inventory
142897	inventory
142914	inventory
142917	inventory
142928	inventory
142931	inventory
142956	inventory
142977	inventory
143002	inventory
143023	inventory
143036	inventory
143048	inventory
143066	inventory
143078	inventory
143093	inventory
143104	inventory
143121	inventory
143162	inventory
143191	inventory
143212	inventory
143229	inventory
143255	inventory
143283	inventory
143313	inventory
143325	inventory
143333	inventory
143363	inventory
143365	inventory
143383	numeric-alias
143388	inventory
143431	inventory
143439	inventory
143453	inventory
143468	inventory
143475	inventory
143491	inventory
143504	inventory
143523	inventory
143524	inventory
143544	inventory
143549	inventory
143567	inventory
143578	inventory
143592	inventory
143625	inventory
143634	inventory
143641	inventory
143664	inventory
143669	inventory
143680	inventory
143702	inventory
143705	inventory
143725	inventory
143739	inventory
143765	inventory
143772	inventory
143777	inventory
143789	inventory
143797	inventory
143808	numeric-alias
143812	inventory
143834	inventory
143843	inventory
143861	inventory
143865	inventory
143874	inventory
143879	inventory
143890	inventory
143898	inventory
143906	inventory
143920	inventory
143952	inventory
143955	inventory
143977	inventory
143984	inventory
143990	inventory
143995	inventory
144007	inventory
144013	inventory
144022	inventory
144027	inventory
144033	inventory
144049	inventory
144057	inventory
144060	inventory
144063	inventory
144068	inventory
144084	inventory
144088	inventory
144102	inventory
144132	inventory
144148	inventory
144154	inventory
144163	inventory
144168	inventory
144170	inventory
144209	inventory
144220	inventory
144227	inventory
144232	inventory
144252	inventory
144256	inventory
144261	inventory
144275	inventory
144287	inventory
144299	inventory
144319	inventory
144328	inventory
144341	inventory
144354	inventory
144384	inventory
144402	inventory
144419	inventory
144428	inventory
144447	inventory
144460	inventory
144464	inventory
144476	inventory
144482	inventory
144488	inventory
144498	inventory
144513	inventory
144514	inventory
144522	inventory
144547	inventory
144561	inventory
144579	inventory
144583	inventory
144592	inventory
144606	inventory
144613	inventory
144639	inventory
144664	inventory
144700	inventory
144725	inventory
144754	inventory
144760	inventory
144770	inventory
144789	inventory
144801	inventory
144807	inventory
144819	inventory
144833	inventory
144844	inventory
144853	inventory
144867	inventory
144899	inventory
144925	inventory
144935	inventory
144963	inventory
144973	inventory
144976	inventory
144996	inventory
145011	inventory
145037	inventory
145077	inventory
145095	inventory
145103	inventory
145121	inventory
145130	inventory
145158	inventory
145164	inventory
145186	inventory
145201	inventory
145208	inventory
145226	inventory
145258	inventory
145268	inventory
145281	inventory
145291	inventory
145316	inventory
145346	inventory
145352	inventory
145356	inventory
145364	inventory
145383	inventory
145397	inventory
145415	inventory
145437	inventory
145451	inventory
145460	inventory
145472	inventory
145490	inventory
145498	inventory
145501	inventory
145526	inventory
145534	inventory
145543	inventory
145549	inventory
145559	inventory
145568	inventory
145576	inventory
145587	inventory
145614	inventory
145626	inventory
145646	inventory
145658	inventory
145679	inventory
145682	inventory
145704	inventory
145723	inventory
145746	inventory
145749	inventory
145754	inventory
145776	inventory
145787	inventory
145802	inventory
145814	inventory
145819	inventory
145833	inventory
145871	inventory
145887	inventory
145891	inventory
145930	inventory
145945	inventory
145949	inventory
145952	inventory
145955	inventory
145993	inventory
146001	inventory
146005	inventory
146028	inventory
146036	inventory
146044	inventory
146048	inventory
146057	inventory
146062	inventory
146084	inventory
146090	inventory
146099	inventory
146127	inventory
146138	inventory
146148	inventory
146160	inventory
146167	inventory
146182	inventory
146192	inventory
146199	inventory
146227	inventory
146245	inventory
146256	inventory
146273	numeric-alias
146274	inventory
146289	inventory
146292	numeric-alias
146315	inventory
146328	inventory
146343	inventory
146349	inventory
146382	inventory
146390	inventory
146394	inventory
146427	inventory
146440	inventory
146454	inventory
146461	inventory
146483	inventory
146489	inventory
146520	inventory
146529	inventory
146539	inventory
146543	inventory
146553	inventory
146561	inventory
146574	inventory
146589	inventory
146698	url-variant
146743	numeric-alias
147117	numeric-alias
147149	numeric-alias
147586	url-variant
147624	url-variant
147634	listing
148459	numeric-alias
148477	numeric-alias
148498	numeric-alias
148535	numeric-alias
148561	url-variant
149947	url-variant
149954	url-variant
149963	url-variant
149980	url-variant
149993	url-variant
150015	url-variant
150020	url-variant
150037	url-variant
150043	url-variant
150070	url-variant
150087	url-variant
150122	url-variant
150156	url-variant
150167	url-variant
151229	url-variant
151252	url-variant
151323	url-variant
151365	url-variant
151388	url-variant
151428	url-variant
152211	listing
152522	url-variant
153200	numeric-alias
153443	listing
153775	url-variant
154829	numeric-alias
155596	url-variant
156509	url-variant
156524	url-variant
156540	url-variant
156570	url-variant
156601	url-variant
156607	url-variant
156617	url-variant
156621	url-variant
156643	url-variant
156672	url-variant
156713	url-variant
156774	url-variant
156777	url-variant
156831	url-variant
156855	url-variant
156861	url-variant
156876	url-variant
156887	url-variant
156889	url-variant
156893	numeric-alias
156898	url-variant
156904	url-variant
156919	url-variant
156931	url-variant
156940	url-variant
156951	url-variant
156957	url-variant
156964	url-variant
156977	url-variant
156983	url-variant
157001	url-variant
157012	url-variant
157045	url-variant
157063	url-variant
157121	url-variant
157144	url-variant
157181	url-variant
157217	url-variant
157235	url-variant
157266	url-variant
157294	url-variant
157328	url-variant
157346	url-variant
157368	url-variant
157408	url-variant
157422	url-variant
157428	url-variant
157451	url-variant
157457	url-variant
157479	url-variant
157497	url-variant
157510	url-variant
157524	url-variant
157539	url-variant
158144	url-variant
159432	numeric-alias
160124	numeric-alias
160435	url-variant
160639	url-variant
160662	url-variant
161961	numeric-alias
162177	numeric-alias
162571	numeric-alias
162607	numeric-alias
162639	numeric-alias
162745	numeric-alias
163227	numeric-alias
163236	url-variant
163291	numeric-alias
163308	url-variant
163483	numeric-alias
163553	numeric-alias
163562	url-variant
163570	numeric-alias
163652	numeric-alias
163734	numeric-alias
163787	numeric-alias
164339	url-variant
164346	url-variant
165011	numeric-alias
165371	listing
167396	numeric-alias
168387	url-variant
168389	url-variant
168394	url-variant
168398	url-variant
168406	url-variant
168410	url-variant
168412	url-variant
168417	url-variant
168421	url-variant
168425	url-variant
168430	url-variant
168506	url-variant
168583	url-variant
168592	url-variant
168800	url-variant
169058	listing
169289	listing
169295	listing
169577	numeric-alias
171974	numeric-alias
172009	numeric-alias
172014	numeric-alias
172231	numeric-alias
172238	numeric-alias
172432	numeric-alias
172436	numeric-alias
172641	inventory
172655	inventory
172663	inventory
172670	inventory
172682	inventory
172695	inventory
172699	inventory
172703	inventory
172707	inventory
172727	inventory
172737	inventory
172740	inventory
172744	inventory
172746	inventory
172753	inventory
172758	inventory
172763	inventory
172768	inventory
172771	inventory
172781	inventory
172784	inventory
172785	inventory
172793	inventory
172796	inventory
172799	inventory
172800	inventory
172804	inventory
172806	inventory
172809	inventory
172814	inventory
172819	inventory
172825	inventory
172829	inventory
172833	inventory
172838	inventory
172845	inventory
172847	inventory
172853	inventory
172854	inventory
172857	inventory
172862	inventory
172870	inventory
172874	inventory
172877	inventory
172881	inventory
172885	inventory
172887	inventory
172893	inventory
172898	inventory
172902	inventory
172908	inventory
172910	inventory
172915	inventory
172922	inventory
172928	inventory
172933	inventory
172938	inventory
172943	inventory
172947	inventory
172953	inventory
172958	inventory
172965	inventory
172970	inventory
172975	inventory
172981	inventory
172984	inventory
172993	inventory
172998	inventory
173002	inventory
173007	inventory
173012	inventory
173017	inventory
173021	inventory
173025	inventory
173029	inventory
173037	inventory
173042	inventory
173044	inventory
173049	inventory
173056	inventory
173059	inventory
173066	inventory
173072	inventory
173076	inventory
173083	inventory
173092	inventory
173098	inventory
173102	inventory
173105	inventory
173110	inventory
173116	inventory
173119	inventory
173124	inventory
173128	inventory
173134	inventory
173138	inventory
173143	inventory
173148	inventory
173152	inventory
173161	inventory
173167	inventory
173175	inventory
173180	inventory
173184	inventory
173189	inventory
173192	inventory
173196	inventory
173198	inventory
173202	inventory
173209	inventory
173210	inventory
173212	inventory
173215	inventory
173218	inventory
173224	inventory
173230	inventory
173235	inventory
173241	inventory
173244	inventory
173250	inventory
173254	inventory
173260	inventory
173269	inventory
173278	inventory
173288	inventory
173292	inventory
173300	inventory
173306	inventory
173308	inventory
173313	inventory
173321	inventory
173326	inventory
173331	inventory
173333	inventory
173341	inventory
173350	inventory
173360	inventory
173364	inventory
173366	inventory
173375	inventory
173380	inventory
173384	inventory
173394	inventory
173399	inventory
173406	inventory
173411	inventory
173418	inventory
173420	inventory
173426	inventory
173431	inventory
173436	inventory
173440	inventory
173442	inventory
173447	inventory
173448	inventory
173456	inventory
173463	inventory
173465	inventory
173469	inventory
173475	inventory
173479	inventory
173482	inventory
173487	inventory
173493	inventory
173496	inventory
173500	inventory
173504	inventory
173509	inventory
173513	inventory
173515	inventory
173520	inventory
173523	inventory
173524	inventory
173530	inventory
173535	inventory
173540	inventory
173543	inventory
173547	inventory
173556	inventory
173562	inventory
173565	inventory
173570	inventory
173578	inventory
173587	inventory
173590	inventory
173597	inventory
173600	inventory
173606	inventory
173614	inventory
173620	inventory
173625	inventory
173632	inventory
173638	inventory
173642	inventory
173649	inventory
173655	inventory
173659	inventory
173662	inventory
173666	inventory
173676	inventory
173678	inventory
173685	inventory
173689	inventory
173692	inventory
173700	inventory
173704	inventory
173710	inventory
173721	inventory
173725	inventory
173734	inventory
173737	inventory
173741	inventory
173751	inventory
173752	inventory
173761	inventory
173771	inventory
173774	inventory
173781	inventory
173785	inventory
173788	inventory
173790	inventory
173795	inventory
173802	inventory
173806	inventory
173812	inventory
173815	inventory
173822	inventory
173828	inventory
173832	inventory
173836	inventory
173840	inventory
173845	inventory
173849	inventory
173861	inventory
173864	inventory
173871	inventory
173874	inventory
173877	inventory
173886	inventory
173887	inventory
173894	inventory
173900	inventory
173904	inventory
173909	inventory
173915	inventory
173919	inventory
173925	inventory
173932	inventory
173935	inventory
173939	inventory
173943	inventory
173944	inventory
173952	inventory
173956	inventory
173959	inventory
173964	inventory
173966	inventory
173969	inventory
173976	inventory
173981	inventory
173988	inventory
173992	inventory
174003	inventory
174007	inventory
174015	inventory
174022	inventory
174027	inventory
174030	inventory
174035	inventory
174041	inventory
174049	inventory
174057	inventory
174062	inventory
174068	inventory
174074	inventory
174080	inventory
174082	inventory
174093	inventory
174099	inventory
174103	inventory
174107	inventory
174116	inventory
174119	inventory
174125	inventory
174132	inventory
174136	inventory
174140	numeric-alias
174147	inventory
174151	inventory
174153	inventory
174156	inventory
174161	inventory
174166	inventory
174169	inventory
174180	numeric-alias
174181	inventory
174183	inventory
174194	inventory
174205	numeric-alias
174206	inventory
174217	numeric-alias
174218	inventory
174225	inventory
174231	inventory
174241	inventory
174242	numeric-alias
174246	inventory
174247	numeric-alias
174258	inventory
174260	inventory
174265	numeric-alias
174267	inventory
174273	inventory
174282	inventory
174283	numeric-alias
174286	inventory
174297	inventory
174301	inventory
174309	inventory
174311	inventory
174321	inventory
174323	inventory
174325	inventory
174331	numeric-alias
174333	inventory
174336	inventory
174341	inventory
174351	inventory
174352	numeric-alias
174360	numeric-alias
174376	numeric-alias
174381	numeric-alias
178042	listing
178072	listing
178158	listing
178215	listing
178239	listing
178279	listing
178312	listing
178332	listing
178339	listing
178376	listing
178400	listing
178409	listing
178426	listing
178438	listing
178456	listing
178501	listing
178520	listing
178527	listing
178551	listing
178571	listing
178579	listing
178589	listing
179118	numeric-alias
179139	numeric-alias
179156	numeric-alias
179171	numeric-alias
179243	numeric-alias
179251	numeric-alias
179279	numeric-alias
179324	numeric-alias
179507	listing
179708	listing
179736	listing
181500	numeric-alias
187406	url-variant
187476	url-variant
187547	listing
187564	listing
187591	listing
187601	listing
187620	listing
187644	url-variant
187654	listing
187677	listing
187717	listing
187736	listing
187759	listing
187797	listing
187816	listing
187844	listing
187850	listing
187855	listing
187875	listing
187899	listing
187914	listing
187924	listing
187925	listing
187926	listing
187927	listing
187928	listing
187929	listing
187930	listing
187931	listing
187933	listing
187935	listing
187955	listing
187975	listing
188004	listing
188023	listing
188030	listing
188052	listing
188064	listing
188079	listing
188104	listing
188122	listing
188131	listing
188137	listing
188142	listing
188150	listing
188157	listing
188176	listing
188191	listing
188199	listing
188214	listing
188215	listing
188218	listing
188305	url-variant
188330	url-variant
188335	url-variant
188339	url-variant
188349	url-variant
188362	url-variant
188370	url-variant
188384	url-variant
188394	url-variant
188403	url-variant
188416	url-variant
188419	url-variant
188437	url-variant
188441	url-variant
188452	url-variant
188467	url-variant
188482	url-variant
188492	url-variant
188511	url-variant
188529	url-variant
188543	url-variant
188556	url-variant
188570	url-variant
188575	url-variant
189405	listing
191966	listing
191969	listing
191973	listing
194132	listing
194258	listing
194282	listing
194348	listing
194416	listing
194462	listing
194477	listing
194510	listing
194541	listing
194598	listing
194648	listing
194666	listing
194733	listing
194737	listing
194855	listing
194914	listing
194960	listing
195003	listing
195024	listing
195047	listing
195097	listing
195121	listing
195150	listing
195176	listing
195199	listing
197633	numeric-alias
197654	numeric-alias
197815	numeric-alias
197839	numeric-alias
197903	numeric-alias
198038	numeric-alias
198161	numeric-alias
198234	numeric-alias
198421	numeric-alias
198761	listing
198802	listing
201799	listing
201820	listing
201835	listing
201842	listing
201843	listing
201850	listing
201869	listing
201893	listing
201917	listing
203995	numeric-alias
204124	numeric-alias
204226	numeric-alias
204255	numeric-alias
204258	numeric-alias
204281	numeric-alias
204357	numeric-alias
204362	numeric-alias
205133	numeric-alias
205186	numeric-alias
205193	numeric-alias
205276	numeric-alias
208143	url-variant
208676	url-variant
208897	url-variant
209070	numeric-alias
209132	numeric-alias
209225	numeric-alias
209347	numeric-alias
209427	numeric-alias
209465	numeric-alias
209496	numeric-alias
209518	numeric-alias
209550	numeric-alias
209555	numeric-alias
209916	url-variant
209977	url-variant
210010	url-variant
210012	numeric-alias
210024	url-variant
210050	url-variant
210067	url-variant
210129	url-variant
210177	url-variant
210222	url-variant
210259	url-variant
210284	url-variant
210298	url-variant
210345	url-variant
210370	url-variant
210738	url-variant
211689	inventory
211808	url-variant
211835	inventory
211883	inventory
212576	numeric-alias
212617	numeric-alias
212624	numeric-alias
212659	numeric-alias
212679	numeric-alias
212712	numeric-alias
212722	numeric-alias
212787	numeric-alias
212811	numeric-alias
212848	numeric-alias
212887	url-variant
212940	url-variant
213007	url-variant
213008	url-variant
213046	url-variant
213080	url-variant
213108	url-variant
213172	url-variant
213225	url-variant
213258	url-variant
213289	url-variant
213290	url-variant
213291	url-variant
213297	url-variant
213303	url-variant
213342	url-variant
213380	numeric-alias
213450	numeric-alias
213485	numeric-alias
213508	inventory
213525	url-variant
213559	inventory
213599	inventory
213605	inventory
213663	inventory
214473	inventory
214505	inventory
214537	inventory
214583	inventory
214615	inventory
214916	inventory
214954	numeric-alias
214955	inventory
214998	numeric-alias
214999	inventory
215003	inventory
215018	numeric-alias
215047	inventory
215079	numeric-alias
215084	inventory
215092	url-variant
215184	inventory
215279	numeric-alias
215280	inventory
215307	numeric-alias
215308	inventory
215328	numeric-alias
215465	numeric-alias
215504	numeric-alias
215541	numeric-alias
215572	numeric-alias
215595	numeric-alias
215614	numeric-alias
215657	numeric-alias
215665	numeric-alias
217059	inventory
217100	numeric-alias
217160	inventory
217162	numeric-alias
217206	inventory
217230	inventory
217293	numeric-alias
217294	inventory
217332	numeric-alias
217347	inventory
217441	numeric-alias
217490	numeric-alias
217635	numeric-alias
217725	numeric-alias
217800	numeric-alias
217887	numeric-alias
217947	numeric-alias
217980	numeric-alias
218053	numeric-alias
218090	numeric-alias
218191	listing
218276	listing
218313	listing
218366	listing
218367	listing
218412	listing
218459	listing
218528	listing
218732	listing
218736	listing
218775	listing
218819	listing
218860	listing
218865	listing
218869	listing
218872	listing
218877	listing
218882	listing
218894	listing
218895	listing
218900	listing
218914	listing
218927	listing
218961	listing
218973	listing
218988	listing
219000	listing
219016	listing
219037	listing
219042	listing
219086	listing
219116	listing
219122	listing
219162	listing
219193	listing
219208	listing
219220	listing
219249	listing
219284	listing
219297	listing
219339	listing
219343	listing
219379	listing
219402	listing
219438	listing
219451	listing
219482	listing
219494	listing
219497	inventory
219528	listing
219529	listing
219530	listing
219548	listing
219563	inventory
219573	listing
219610	inventory
219611	listing
219614	listing
219622	listing
219627	listing
219662	listing
219670	listing
219694	listing
219706	numeric-alias
219709	listing
219727	listing
219731	listing
219737	listing
219745	listing
219750	listing
219757	numeric-alias
219766	listing
219795	listing
219797	numeric-alias
219800	listing
219814	listing
219821	listing
219828	listing
219832	listing
219837	listing
219855	listing
219858	numeric-alias
219885	listing
219912	listing
219919	listing
219944	listing
219967	listing
219988	listing
220015	numeric-alias
220021	listing
220042	listing
220076	listing
220117	listing
220143	listing
220173	listing
220188	listing
220235	listing
220246	listing
220287	listing
220328	listing
220331	listing
220350	listing
220361	listing
220399	numeric-alias
220408	listing
220421	listing
220443	numeric-alias
220447	listing
220469	listing
220472	listing
220487	listing
220508	listing
220547	numeric-alias
220551	listing
220598	numeric-alias
220599	listing
220647	listing
220648	numeric-alias
220649	listing
220650	listing
220696	listing
220698	listing
220719	listing
220755	numeric-alias
220758	listing
220760	listing
220762	listing
220807	listing
220829	listing
220844	listing
220845	listing
220863	listing
220879	listing
220909	listing
220921	listing
220922	listing
220964	listing
220974	listing
220978	listing
220986	inventory
220988	listing
220999	listing
221012	listing
221023	listing
221025	listing
221029	listing
221034	listing
221064	listing
221078	inventory
221098	listing
221125	listing
221126	inventory
221170	listing
221171	inventory
221218	listing
221220	inventory
221267	listing
221268	inventory
221274	inventory
221317	listing
221318	inventory
221349	listing
221367	inventory
221380	listing
221384	listing
221424	listing
221429	inventory
221433	listing
221473	listing
221477	inventory
221517	listing
221524	inventory
221564	listing
221569	listing
221580	inventory
221609	inventory
221613	listing
221615	listing
221620	listing
221630	inventory
221635	listing
221662	inventory
221663	listing
221665	listing
221667	listing
221669	listing
221716	listing
221718	listing
221747	listing
221767	listing
221768	listing
221769	listing
221776	listing
221783	listing
221792	listing
221809	listing
221823	listing
221833	listing
221845	listing
221863	listing
221866	listing
221882	listing
221900	listing
221916	listing
221920	listing
221938	listing
221958	listing
221971	listing
221975	listing
222020	listing
222069	listing
222110	listing
222119	listing
222139	listing
222145	listing
222158	listing
222186	listing
222232	listing
222233	listing
222235	listing
222243	listing
222252	listing
222260	listing
222278	listing
222292	listing
222304	listing
222323	listing
222327	listing
222345	listing
222364	listing
222384	listing
222406	listing
222419	listing
222442	listing
222464	listing
222477	inventory
222478	listing
222492	listing
222498	inventory
222516	listing
222530	listing
222539	listing
222542	listing
222550	listing
222556	inventory
222557	listing
222558	numeric-alias
222561	inventory
222562	listing
222566	listing
222581	listing
222585	listing
222589	listing
222594	listing
222597	listing
222606	numeric-alias
222607	inventory
222611	listing
222613	listing
222624	listing
222633	listing
222644	listing
222653	listing
222664	listing
222666	inventory
222669	numeric-alias
222676	listing
222695	listing
222724	inventory
222726	listing
222744	listing
222762	inventory
222766	listing
222804	numeric-alias
222810	listing
222825	inventory
222826	listing
222831	numeric-alias
222832	listing
222834	numeric-alias
222836	listing
222839	numeric-alias
222841	listing
222844	numeric-alias
222845	listing
222849	listing
222854	listing
222856	numeric-alias
222859	listing
222862	numeric-alias
222865	listing
222869	listing
222888	inventory
222901	listing
222918	numeric-alias
222926	listing
222937	inventory
222944	listing
222958	inventory
222994	listing
223000	numeric-alias
223006	inventory
223028	listing
223049	numeric-alias
223053	inventory
223059	listing
223060	listing
223087	numeric-alias
223100	inventory
223101	listing
223124	listing
223125	inventory
223133	listing
223152	numeric-alias
223175	listing
223184	listing
223195	numeric-alias
223212	listing
223220	listing
223238	listing
223254	listing
223284	listing
223310	listing
223333	listing
223359	listing
223374	listing
223376	listing
223378	listing
223380	listing
223382	listing
223386	listing
223392	listing
223394	listing
223442	listing
223488	listing
223531	listing
223533	listing
223574	listing
223576	listing
223579	listing
223582	listing
223586	listing
223588	listing
223592	listing
223601	listing
223609	listing
223612	listing
223627	listing
223632	listing
223657	listing
223699	listing
223707	listing
223710	listing
223721	listing
223722	listing
223730	listing
223740	listing
223748	listing
223754	listing
223777	listing
223792	listing
223804	listing
223806	listing
223842	listing
223851	listing
223853	listing
223854	listing
223856	listing
223858	listing
223905	listing
223907	listing
223910	listing
223930	listing
223948	listing
223983	listing
224017	listing
224024	listing
224065	listing
224098	listing
224126	listing
224156	listing
224161	listing
224206	listing
224211	listing
224253	numeric-alias
224255	listing
224303	listing
224355	listing
224406	listing
224433	listing
224436	listing
224443	listing
224455	listing
224463	listing
224484	listing
224508	listing
224537	listing
224581	listing
224630	listing
224657	listing
224701	listing
224711	listing
224743	listing
224783	listing
224789	listing
224841	listing
224878	listing
224885	listing
224886	listing
224891	listing
224906	listing
224921	listing
224943	listing
224968	listing
224980	listing
225015	listing
225062	listing
225068	listing
225120	listing
225124	listing
225164	listing
225187	listing
225221	listing
225259	listing
225294	listing
225329	listing
225379	listing
225410	listing
225417	listing
225454	listing
225494	listing
225498	listing
225506	listing
225512	listing
225526	listing
225540	listing
225547	listing
225550	listing
225553	listing
225557	listing
225559	listing
225560	listing
225574	listing
225586	listing
225604	listing
225625	listing
225632	listing
225646	listing
225653	listing
225665	listing
225707	listing
225743	listing
225765	listing
225793	listing
225815	listing
225824	listing
225832	listing
225843	listing
225859	listing
225862	listing
225881	listing
225931	listing
225970	listing
226007	listing
226023	listing
226044	listing
226067	listing
226092	listing
226101	listing
226103	listing
226109	listing
226127	listing
226139	listing
226147	listing
226152	listing
226167	listing
226176	listing
226190	listing
226206	listing
226217	listing
226252	listing
226273	listing
226286	listing
226302	listing
226311	listing
226320	listing
226334	listing
226340	listing
226372	listing
226388	listing
226414	listing
226421	listing
226445	listing
226458	listing
226494	listing
226548	listing
226591	listing
226612	listing
226634	listing
226661	listing
226702	listing
226707	listing
226751	listing
226753	listing
226807	listing
226822	listing
226851	listing
226865	listing
226891	listing
226945	listing
226963	listing
226966	listing
226968	listing
227012	listing
227049	listing
227051	listing
227073	listing
227127	listing
227136	listing
227143	listing
227146	listing
227150	listing
227154	listing
227161	listing
227167	listing
227172	listing
227178	listing
227186	listing
227192	listing
227220	listing
227231	listing
227241	listing
227259	listing
227267	listing
227293	listing
227310	listing
227314	listing
227357	listing
227406	listing
227412	listing
227418	listing
227433	listing
227451	listing
227455	listing
227493	listing
227515	listing
227523	listing
227531	listing
227544	listing
227588	listing
227595	listing
227613	listing
227630	listing
227640	listing
227655	listing
227688	listing
227726	listing
227750	listing
227790	listing
227794	listing
227808	listing
227860	listing
227866	listing
227886	listing
227926	listing
227937	listing
227981	listing
227996	listing
228035	listing
228042	listing
228079	listing
228118	listing
228120	listing
228152	listing
228155	listing
228160	listing
228208	listing
228256	listing
228259	listing
228313	listing
228314	listing
228357	listing
228394	listing
228399	listing
228445	listing
228458	listing
228464	listing
228474	listing
228491	listing
228518	listing
228563	listing
228571	listing
228625	listing
228630	listing
228645	listing
228654	listing
228678	listing
228711	listing
228713	listing
228716	listing
228721	listing
228727	listing
228734	listing
228742	listing
228748	listing
228765	listing
228790	listing
228805	listing
228827	listing
228863	listing
228884	listing
228885	listing
228914	listing
228939	listing
228947	listing
228962	listing
228999	listing
229009	listing
229024	listing
229031	listing
229077	listing
229088	listing
229102	listing
229114	listing
229162	listing
229168	listing
229174	listing
229183	listing
229231	listing
229236	listing
229263	listing
229282	listing
229312	listing
229332	listing
229335	listing
229339	listing
229385	listing
229418	listing
229436	listing
229484	listing
229491	listing
229502	listing
229537	listing
229571	listing
229578	listing
229619	listing
229634	listing
229670	listing
229677	listing
229730	listing
229781	listing
229813	listing
229840	listing
229863	listing
229897	listing
229908	listing
229953	listing
229970	listing
230016	listing
230055	listing
230076	listing
230095	listing
230123	listing
230150	listing
230176	listing
230206	listing
230220	listing
230241	listing
230260	listing
230299	listing
230312	listing
230335	listing
230339	listing
230342	listing
230351	listing
230357	listing
230367	listing
230380	listing
230399	listing
230405	listing
230433	listing
230467	listing
230485	listing
230505	listing
230525	listing
230567	listing
230572	listing
230574	listing
230624	listing
230630	listing
230673	listing
230697	listing
230716	listing
230727	listing
230735	listing
230772	listing
230774	listing
230778	listing
230780	listing
230788	listing
230797	listing
230808	listing
230819	listing
230837	listing
230856	listing
230874	listing
230902	listing
230909	listing
230928	listing
230952	listing
230994	listing
231022	listing
231023	listing
231066	listing
231067	listing
231110	listing
231111	listing
231123	listing
231164	listing
231191	listing
231199	listing
231239	listing
231249	listing
231265	listing
231278	listing
231302	listing
231307	listing
231355	listing
231379	listing
231434	listing
231439	listing
231470	listing
231497	listing
231525	listing
231567	listing
231570	listing
231580	listing
231616	listing
231648	listing
231658	listing
231708	listing
231713	numeric-alias
231714	numeric-alias
231715	listing
231719	listing
231730	numeric-alias
231768	listing
231792	numeric-alias
231793	listing
231814	numeric-alias
231816	listing
231817	listing
231861	listing
231862	listing
231865	listing
231867	listing
231910	numeric-alias
231913	listing
231919	listing
231927	listing
231936	listing
231943	listing
231950	listing
231957	listing
231965	listing
231974	listing
231975	listing
231984	listing
231993	listing
232007	listing
232015	listing
232031	listing
232039	listing
232045	listing
232065	listing
232074	listing
232080	listing
232089	listing
232096	listing
232098	listing
232100	listing
232106	numeric-alias
232125	listing
232137	listing
232165	listing
232191	numeric-alias
232193	numeric-alias
232194	listing
232200	listing
232243	listing
232277	numeric-alias
232278	listing
232282	listing
232328	listing
232347	listing
232352	listing
232376	listing
232405	numeric-alias
232418	listing
232421	listing
232471	numeric-alias
232473	listing
232484	listing
232495	listing
232517	listing
232528	listing
232579	numeric-alias
232582	listing
232584	listing
232623	numeric-alias
232627	listing
232636	listing
232675	listing
232698	numeric-alias
232703	listing
232718	listing
232771	listing
232776	listing
232831	numeric-alias
232833	listing
232861	listing
232914	listing
232916	numeric-alias
232919	listing
232969	listing
232976	numeric-alias
233000	listing
233051	numeric-alias
233053	listing
233056	listing
233110	listing
233146	listing
233171	listing
233222	listing
233228	listing
233232	listing
233284	listing
233286	listing
233287	listing
233295	listing
233325	listing
233349	listing
233384	listing
233385	listing
233401	listing
233441	listing
233442	listing
233476	listing
233479	listing
233482	listing
233535	listing
233537	listing
233539	listing
233591	listing
233596	listing
233600	listing
233607	listing
233623	listing
233666	listing
233667	listing
233671	listing
233704	listing
233747	listing
233756	inventory
233757	listing
233811	listing
233813	listing
233860	inventory
233868	listing
233870	listing
233925	listing
233926	inventory
233947	listing
233984	listing
233985	inventory
234006	listing
234033	listing
234041	inventory
234044	listing
234061	listing
234081	inventory
234111	listing
234112	listing
234121	inventory
234154	inventory
234158	listing
234173	listing
234200	inventory
234216	listing
234257	inventory
234259	listing
234274	listing
234329	inventory
234332	listing
234335	listing
234388	listing
234389	listing
234390	listing
234395	listing
234416	listing
234439	listing
234476	listing
234524	listing
234528	listing
234547	listing
234573	listing
234590	listing
234642	listing
234676	listing
234690	listing
234692	listing
234700	listing
234707	listing
234717	listing
234757	listing
234777	listing
234791	listing
234824	listing
234837	listing
234881	listing
234884	listing
234916	listing
234931	listing
234950	listing
234977	listing
235026	listing
235034	listing
235062	listing
235118	listing
235158	listing
235187	listing
235237	listing
235250	listing
235301	listing
235322	listing
235336	listing
235390	listing
235412	listing
235429	listing
235465	listing
235474	listing
235509	listing
235558	listing
235559	listing
235564	listing
235619	listing
235624	listing
235628	listing
235633	listing
235641	listing
235648	listing
235657	listing
235663	listing
235670	listing
235682	listing
235688	listing
235692	listing
235700	listing
235710	listing
235719	listing
235727	listing
235735	listing
235769	listing
235782	listing
235784	listing
235834	listing
235835	listing
235891	listing
235892	listing
235944	listing
235961	listing
236010	listing
236029	listing
236083	listing
236121	listing
236148	listing
236194	listing
236196	listing
236243	listing
236288	listing
236289	listing
236335	listing
236337	listing
236375	listing
236426	listing
236427	listing
236447	listing
236479	listing
236513	listing
236537	listing
236558	listing
236609	listing
236667	listing
236668	listing
236670	listing
236713	listing
236728	listing
236771	listing
236795	listing
236830	listing
236831	listing
236866	listing
236890	listing
236928	listing
236929	listing
236987	listing
237044	listing
237047	listing
237051	listing
237066	listing
237098	listing
237125	listing
237144	listing
237193	listing
237198	listing
237246	listing
237280	listing
237285	listing
237304	listing
237315	listing
237331	listing
237336	listing
237375	listing
237402	listing
237403	listing
237427	listing
237458	listing
237479	listing
237501	listing
237503	listing
237525	listing
237531	listing
237542	listing
237547	listing
237575	listing
237593	listing
237604	listing
237637	listing
237682	listing
237685	listing
237686	listing
237689	listing
237691	listing
237694	listing
237697	listing
237703	listing
237708	listing
237722	listing
237747	listing
237778	listing
237798	listing
237799	listing
237820	listing
237831	listing
237838	listing
237845	listing
237854	listing
237890	listing
237892	listing
237894	listing
237896	listing
237898	listing
237947	listing
237991	listing
238008	listing
238031	listing
238048	listing
238056	listing
238071	listing
238075	listing
238090	listing
238106	listing
238135	listing
238152	listing
238200	listing
238210	listing
238226	listing
238264	listing
238289	listing
238314	listing
238334	listing
238367	listing
238377	listing
238426	listing
238432	listing
238480	listing
238523	listing
238547	listing
238606	listing
238615	listing
238657	listing
238682	listing
238739	listing
238773	listing
238830	listing
238833	listing
238837	listing
238844	listing
238853	listing
238864	listing
238921	listing
238924	listing
238955	listing
238957	listing
239011	listing
239016	listing
239067	listing
239068	listing
239069	listing
239070	listing
239071	listing
239083	listing
239099	listing
239132	listing
239165	listing
239184	listing
239227	listing
239237	listing
239253	listing
239291	listing
239347	listing
239359	listing
239394	listing
239445	listing
239478	listing
239491	listing
239515	listing
239519	listing
239556	listing
239583	listing
239619	listing
239629	listing
239646	listing
239692	listing
239735	listing
239788	listing
239804	listing
239863	listing
239885	listing
239919	listing
239968	listing
239999	listing
240015	listing
240047	listing
240060	listing
240119	listing
240158	listing
240181	listing
240212	listing
240271	listing
240272	listing
240296	listing
240339	listing
240397	listing
240433	listing
240439	listing
240446	listing
240475	listing
240482	listing
240495	listing
240522	listing
240552	listing
240566	listing
240571	listing
240573	listing
240579	listing
240580	listing
240584	listing
240589	listing
240603	listing
240617	listing
240629	listing
240657	listing
240678	listing
240681	listing
240698	listing
240740	listing
240762	listing
240778	listing
240817	listing
240822	listing
240859	listing
240888	listing
240923	listing
240949	listing
240968	listing
240986	listing
241014	listing
241029	listing
241087	listing
241146	listing
241148	numeric-alias
241191	listing
241219	listing
241228	listing
241246	numeric-alias
241275	listing
241336	listing
241344	listing
241347	listing
241349	listing
241351	listing
241355	listing
241358	listing
241363	listing
241366	listing
241413	listing
241414	numeric-alias
241435	listing
241457	listing
241469	listing
241498	listing
241528	listing
241557	listing
241585	listing
241602	numeric-alias
241620	listing
241656	listing
241677	numeric-alias
241678	listing
241694	listing
241733	listing
241778	listing
241801	listing
241817	listing
241861	listing
241914	listing
241942	listing
241987	listing
242027	listing
242087	listing
242120	listing
242161	listing
242164	listing
242222	listing
242241	listing
242245	listing
242293	listing
242314	listing
242335	listing
242391	listing
242403	listing
242450	listing
242457	listing
242476	listing
242508	listing
242536	listing
242589	listing
242613	inventory
242614	listing
242630	listing
242674	inventory
242675	listing
242677	listing
242681	listing
242685	listing
242688	listing
242691	listing
242697	listing
242702	listing
242708	listing
242712	listing
242719	listing
242721	inventory
242726	listing
242728	listing
242731	listing
242734	listing
242737	listing
242742	listing
242746	listing
242751	listing
242756	listing
242760	listing
242763	listing
242768	listing
242775	listing
242781	listing
242788	listing
242793	listing
242799	listing
242806	listing
242812	listing
242821	listing
242836	listing
242839	listing
242846	listing
242857	listing
242865	listing
242875	listing
242882	listing
242885	listing
242897	listing
242923	listing
242937	listing
242994	listing
242996	listing
243042	listing
243056	listing
243110	listing
243131	listing
243145	listing
243199	listing
243211	listing
243268	listing
243270	listing
243275	listing
243331	listing
243369	listing
243427	listing
243436	listing
243437	listing
243440	listing
243442	listing
243444	listing
243447	listing
243454	listing
243456	listing
243460	listing
243465	listing
243467	listing
243471	listing
243478	listing
243481	listing
243484	listing
243488	listing
243498	listing
243517	listing
243526	listing
243529	listing
243552	listing
243563	listing
243600	listing
243615	listing
243632	listing
243666	listing
243681	listing
243710	listing
243731	listing
243769	listing
243776	listing
243784	listing
243790	listing
243796	listing
243804	listing
243821	listing
243832	listing
243842	listing
243859	listing
243881	listing
243914	listing
243926	listing
243960	listing
243981	listing
243994	listing
244004	listing
244015	listing
244024	listing
244035	listing
244048	listing
244060	listing
244081	listing
244084	listing
244092	listing
244093	listing
244105	listing
244123	listing
244153	listing
244172	listing
244192	listing
244230	listing
244253	listing
244272	listing
244312	listing
244326	listing
244328	listing
244366	listing
244382	listing
244409	listing
244446	listing
244481	listing
244513	listing
244545	listing
244546	listing
244566	listing
244586	listing
244605	listing
244622	listing
244624	listing
244634	listing
244637	listing
244687	listing
244715	listing
244754	listing
244772	listing
244788	listing
244810	listing
244845	listing
244864	listing
244888	listing
244940	listing
244988	listing
245010	listing
245041	listing
245075	listing
245123	listing
245144	listing
245158	listing
245218	listing
245274	listing
245335	listing
245339	listing
245345	listing
245351	listing
245358	listing
245363	listing
245370	listing
245376	listing
245383	listing
245387	listing
245392	listing
245396	listing
245400	listing
245405	listing
245409	listing
245415	listing
245421	listing
245438	listing
245442	listing
245446	listing
245449	listing
245453	listing
245458	listing
245464	listing
245470	listing
245478	listing
245491	listing
245505	listing
245510	listing
245511	listing
245515	listing
245520	listing
245528	listing
245532	listing
245539	listing
245546	listing
245550	listing
245559	listing
245566	listing
245580	listing
245599	listing
245615	listing
245632	listing
245643	listing
245658	listing
245689	listing
245721	listing
245730	listing
245781	listing
245843	listing
245889	listing
245896	listing
245913	listing
245959	listing
245973	listing
245975	listing
245999	listing
246012	listing
246076	listing
246078	listing
246099	listing
246161	listing
246220	listing
246224	listing
246266	listing
246327	listing
246359	listing
246410	listing
246438	listing
246497	listing
246520	listing
246527	listing
246580	listing
246585	listing
246643	listing
246670	listing
246681	listing
246738	listing
246741	listing
246780	listing
246824	listing
246827	listing
246885	listing
246898	listing
246940	listing
246995	listing
247032	listing
247062	listing
247108	listing
247151	listing
247167	listing
247226	listing
247268	listing
247295	listing
247325	listing
247384	listing
247391	listing
247413	listing
247425	listing
247463	listing
247495	listing
247509	listing
247560	listing
247563	listing
247615	listing
247617	listing
247653	listing
247685	listing
247723	listing
247785	listing
247806	listing
247858	listing
247880	listing
247911	listing
247964	listing
247992	listing
248027	listing
248082	listing
248136	listing
248144	listing
248159	listing
248165	listing
248166	listing
248175	listing
248190	listing
248211	listing
248218	listing
248225	listing
248238	listing
248244	listing
248252	listing
248257	listing
248260	listing
248269	listing
248280	listing
248285	listing
248295	listing
248300	listing
248305	listing
248309	listing
248314	listing
248319	listing
248323	listing
248327	listing
248332	listing
248338	listing
248368	listing
248370	listing
248374	listing
248380	listing
248384	listing
248396	listing
248403	listing
248410	listing
248456	listing
248466	listing
248494	listing
248509	listing
248525	listing
248526	listing
248552	listing
248562	listing
248570	listing
248607	listing
248615	listing
248665	listing
248679	listing
248703	listing
248731	listing
248749	listing
248769	listing
248781	listing
248804	listing
248827	listing
248838	listing
248888	listing
248895	listing
248898	listing
248900	listing
248902	listing
248905	listing
248909	listing
248964	listing
249025	listing
249042	listing
249069	listing
249091	listing
249124	listing
249140	listing
249182	listing
249185	listing
249217	listing
249243	listing
249273	listing
249279	listing
249310	listing
249349	listing
249411	listing
249429	listing
249451	listing
249495	listing
249499	listing
249507	listing
249523	listing
249555	listing
249588	listing
249637	listing
249638	listing
249640	listing
249687	listing
249688	listing
249729	listing
249738	listing
249794	listing
249847	listing
249854	listing
249908	listing
249915	listing
249916	listing
249977	listing
250013	listing
250072	listing
250134	listing
250196	listing
250259	listing
250263	listing
250286	listing
250321	listing
250339	listing
250372	listing
250374	listing
250402	listing
250444	listing
250501	listing
250555	listing
250572	listing
250633	listing
250635	listing
250637	listing
250699	listing
250762	listing
250784	listing
250832	listing
250852	listing
250867	listing
250878	listing
250939	listing
250979	listing
250997	listing
251003	listing
251026	listing
251030	listing
251073	listing
251074	listing
251083	listing
251092	listing
251133	listing
251135	listing
251152	listing
251194	listing
251195	listing
251213	listing
251230	listing
251247	listing
251276	listing
251307	listing
251318	listing
251352	listing
251384	listing
251414	listing
251418	listing
251480	listing
251501	listing
251545	listing
251568	listing
251587	listing
251638	listing
251695	listing
251717	listing
251720	listing
251749	listing
251802	listing
251831	listing
251889	listing
251894	listing
251900	listing
251907	listing
251914	listing
251919	listing
251930	listing
251938	listing
251946	listing
251955	listing
251964	listing
251971	listing
251984	listing
251991	listing
252001	listing
252005	listing
252008	listing
252010	listing
252013	listing
252016	listing
252020	listing
252022	listing
252026	listing
252033	listing
252040	listing
252042	listing
252044	listing
252048	listing
252052	listing
252056	listing
252060	listing
252065	listing
252072	listing
252079	listing
252084	listing
252089	listing
252101	listing
252109	listing
252117	listing
252128	listing
252136	listing
252148	listing
252157	listing
252170	listing
252178	listing
252182	listing
252184	listing
252195	listing
252208	listing
252218	listing
252230	listing
252246	listing
252254	listing
252266	listing
252290	listing
252341	listing
252343	listing
252385	listing
252387	listing
252402	listing
252407	listing
252414	listing
252415	listing
252421	listing
252428	listing
252434	listing
252437	listing
252442	listing
252444	listing
252451	listing
252456	listing
252464	listing
252473	listing
252482	listing
252490	listing
252498	listing
252508	listing
252520	listing
252533	listing
252535	listing
252538	listing
252541	listing
252543	listing
252546	listing
252584	listing
252620	listing
252635	listing
252644	listing
252686	listing
252728	listing
252753	listing
252796	listing
252801	listing
252854	listing
252879	listing
252917	listing
252969	listing
252986	listing
253026	listing
253056	listing
253062	listing
253102	listing
253153	listing
253159	listing
253186	listing
253239	listing
253245	listing
253309	listing
253317	listing
253339	listing
253391	listing
253453	listing
253455	listing
253511	listing
253526	listing
253530	listing
253593	listing
253594	listing
253595	listing
253657	listing
253665	listing
253692	listing
253720	listing
253746	listing
253788	listing
253808	listing
253847	listing
253856	listing
253912	listing
253943	listing
253948	listing
253996	listing
254000	listing
254024	listing
254035	listing
254042	listing
254055	listing
254074	listing
254086	listing
254102	listing
254130	listing
254167	listing
254172	listing
254218	listing
254260	listing
254282	listing
254312	listing
254358	listing
254382	listing
254446	listing
254496	listing
254506	listing
254527	listing
254565	listing
254591	listing
254596	listing
254601	listing
254656	listing
254667	listing
254689	listing
254702	numeric-alias
254722	listing
254772	listing
254799	listing
254817	numeric-alias
254818	listing
254841	listing
254846	listing
254861	listing
254865	listing
254867	listing
254871	listing
254874	listing
254879	listing
254883	listing
254889	listing
254895	listing
254902	listing
254908	listing
254916	listing
254922	listing
254929	listing
254939	listing
254945	listing
254987	listing
254994	numeric-alias
254996	listing
255008	listing
255027	numeric-alias
255028	listing
255046	listing
255053	listing
255056	listing
255064	listing
255073	listing
255080	listing
255084	listing
255087	listing
255095	listing
255099	listing
255108	listing
255113	listing
255122	listing
255127	listing
255131	listing
255136	listing
255143	listing
255157	listing
255169	listing
255178	listing
255187	listing
255198	listing
255209	listing
255217	listing
255232	listing
255233	listing
255243	listing
255260	listing
255275	listing
255291	numeric-alias
255298	listing
255305	listing
255323	numeric-alias
255324	listing
255331	listing
255340	listing
255350	listing
255398	url-variant
255399	listing
255412	listing
255414	listing
255419	listing
255453	listing
255471	listing
255492	listing
255531	listing
255544	inventory
255546	listing
255560	listing
255615	listing
255642	listing
255656	listing
255679	listing
255700	listing
255750	listing
255753	listing
255784	listing
255812	listing
255834	listing
255869	listing
255898	listing
255951	listing
255999	listing
256021	listing
256061	listing
256076	listing
256131	listing
256133	listing
256143	listing
256145	listing
256154	listing
256189	listing
256228	listing
256269	listing
256313	listing
256332	listing
256369	listing
256404	listing
256436	listing
256464	listing
256519	listing
256550	listing
256592	listing
256610	listing
256652	listing
256687	listing
256723	listing
256753	listing
256779	listing
256783	listing
256822	listing
256823	listing
256848	listing
256907	listing
256917	listing
256938	listing
256983	listing
257012	listing
257039	listing
257058	listing
257086	listing
257123	listing
257188	listing
257209	listing
257257	listing
257258	listing
257295	listing
257325	listing
257335	listing
257373	listing
257400	listing
257436	listing
257476	listing
257485	listing
257486	listing
257534	listing
257555	listing
257613	listing
257617	listing
257618	listing
257638	listing
257682	listing
257708	listing
257711	listing
257773	listing
257787	listing
257793	listing
257838	listing
257851	listing
257853	listing
257885	listing
257907	listing
257909	listing
257910	listing
257926	listing
257932	listing
257935	listing
257939	listing
257944	listing
257946	listing
257948	listing
257950	listing
257953	listing
257957	listing
257960	listing
257962	listing
257964	listing
257968	listing
257969	listing
257978	listing
257987	listing
257997	listing
258003	listing
258012	listing
258013	listing
258017	listing
258021	listing
258022	listing
258025	listing
258029	listing
258031	listing
258033	listing
258036	listing
258042	listing
258044	listing
258045	listing
258048	listing
258054	listing
258057	listing
258059	listing
258062	listing
258066	listing
258071	listing
258075	listing
258080	listing
258085	listing
258091	listing
258098	listing
258106	listing
258114	listing
258123	listing
258132	listing
258146	listing
258156	listing
258167	listing
258174	listing
258188	listing
258194	listing
258202	listing
258212	listing
258224	listing
258234	listing
258246	listing
258256	listing
258264	listing
258276	listing
258285	listing
258294	listing
258311	listing
258319	listing
258327	listing
258337	listing
258341	listing
258366	listing
258375	listing
258387	listing
258416	listing
258420	listing
258427	listing
258433	listing
258437	listing
258445	listing
258451	listing
258462	listing
258466	listing
258477	listing
258483	listing
258495	listing
258516	listing
258535	listing
258546	listing
258565	listing
258575	listing
258596	listing
258622	listing
258644	listing
258709	listing
258715	listing
258723	listing
258725	listing
258730	listing
258742	listing
258774	listing
258812	listing
258829	listing
258841	listing
258868	listing
258889	listing
258917	listing
258945	listing
258976	listing
259006	listing
259043	listing
259054	listing
259058	listing
259090	listing
259094	listing
259095	listing
259109	listing
259121	listing
259185	listing
259242	listing
259262	listing
259282	listing
259337	listing
259364	listing
259398	listing
259434	listing
259486	listing
259495	listing
259533	listing
259588	listing
259633	listing
259634	listing
259639	listing
259697	listing
259721	listing
259726	listing
259728	listing
259781	listing
259809	listing
259835	listing
259891	listing
259898	listing
259954	listing
260011	listing
260027	listing
260069	listing
260075	listing
260137	listing
260164	listing
260221	listing
260260	listing
260301	listing
260327	listing
260357	listing
260419	listing
260421	listing
260452	listing
260494	listing
260539	listing
260601	listing
260618	listing
260675	listing
260690	listing
260739	listing
260764	listing
260813	listing
260815	listing
260871	listing
260878	listing
260906	listing
260966	listing
260979	listing
261024	listing
261046	listing
261090	listing
261120	listing
261160	listing
261185	listing
261242	listing
261249	listing
261303	listing
261314	listing
261368	listing
261379	listing
261383	listing
261413	listing
261457	listing
261499	listing
261520	listing
261525	listing
261538	listing
261574	listing
261605	listing
261653	listing
261694	listing
261713	listing
261763	listing
261785	listing
261789	listing
261798	listing
261821	listing
261857	listing
261865	listing
261877	listing
261881	listing
261885	listing
261888	listing
261896	listing
261900	listing
261902	listing
261905	listing
261910	listing
261917	listing
261921	listing
261923	listing
261932	listing
261941	listing
261947	listing
261957	listing
261965	listing
261979	listing
261990	listing
262001	listing
262003	listing
262017	listing
262026	listing
262038	listing
262045	listing
262055	listing
262062	listing
262066	listing
262072	listing
262076	listing
262081	listing
262086	listing
262092	listing
262096	listing
262103	listing
262110	listing
262115	listing
262118	listing
262120	listing
262121	listing
262124	listing
262129	listing
262134	listing
262139	listing
262144	listing
262152	listing
262158	listing
262166	listing
262171	listing
262179	listing
262186	listing
262193	listing
262199	listing
262212	listing
262229	listing
262236	listing
262237	listing
262257	listing
262280	listing
262286	listing
262289	listing
262324	listing
262348	listing
262382	listing
262398	listing
262408	listing
262424	listing
262432	listing
262441	listing
262474	listing
262510	listing
262520	listing
262539	listing
262558	listing
262587	listing
262625	listing
262649	listing
262655	listing
262667	listing
262719	listing
262741	listing
262756	listing
262815	listing
262821	listing
262827	listing
262858	listing
262902	listing
262918	listing
262940	listing
262949	listing
262957	listing
262964	listing
262987	listing
263006	listing
263039	listing
263056	listing
263078	listing
263117	listing
263125	listing
263127	listing
263179	listing
263189	listing
263215	listing
263246	listing
263262	listing
263309	listing
263310	listing
263317	listing
263320	listing
263323	listing
263326	listing
263331	listing
263336	listing
263390	listing
263456	listing
263475	listing
263511	listing
263514	listing
263554	listing
263562	listing
263601	listing
263643	listing
263664	listing
263697	listing
263733	listing
263758	listing
263812	listing
263832	listing
263879	listing
263914	listing
263949	listing
263970	listing
264027	listing
264031	listing
264054	listing
264088	listing
264121	listing
264144	listing
264189	listing
264215	listing
264235	listing
264299	listing
264332	listing
264347	listing
264355	listing
264392	listing
264431	listing
264478	listing
264487	listing
264505	listing
264552	listing
264553	listing
264618	listing
264619	listing
264671	listing
264695	listing
264755	listing
264783	listing
264786	listing
264789	listing
264846	listing
264887	listing
264953	listing
264972	listing
265033	listing
265048	listing
265100	listing
265124	listing
265151	listing
265167	listing
265195	listing
265221	listing
265278	listing
265279	listing
265287	listing
265290	listing
265293	listing
265296	listing
265300	listing
265304	listing
265313	listing
265326	listing
265330	listing
265333	listing
265335	listing
265340	listing
265344	listing
265348	listing
265382	listing
265387	listing
265395	listing
265408	listing
265423	listing
265429	listing
265437	listing
265443	listing
265454	listing
265462	listing
265470	listing
265480	listing
265489	listing
265498	listing
265506	listing
265526	listing
265530	listing
265540	listing
265548	listing
265553	listing
265558	listing
265572	listing
265575	listing
265576	listing
265599	listing
265630	listing
265651	listing
265678	listing
265707	listing
265739	listing
265758	listing
265801	listing
265814	listing
265843	listing
265869	listing
265928	listing
265930	listing
265933	listing
265936	listing
265998	listing
266005	listing
266008	listing
266049	listing
266054	listing
266071	listing
266080	listing
266093	listing
266108	listing
266118	listing
266142	listing
266193	listing
266220	listing
266274	listing
266280	listing
266290	listing
266324	listing
266365	listing
266377	listing
266426	listing
266462	listing
266470	listing
266477	listing
266485	listing
266489	listing
266514	listing
266551	listing
266556	listing
266595	listing
266598	listing
266638	listing
266679	listing
266687	listing
266732	listing
266735	listing
266781	listing
266796	listing
266834	listing
266873	listing
266918	listing
266965	listing
267015	listing
267062	listing
267108	listing
267109	listing
267127	listing
267178	listing
267180	listing
267198	listing
267200	listing
267221	listing
267253	listing
267295	listing
267301	listing
267347	listing
267362	listing
267363	listing
267421	listing
267425	listing
267454	listing
267505	listing
267525	listing
267587	listing
267628	listing
267694	listing
267698	listing
267701	listing
267706	listing
267712	listing
267717	listing
267764	listing
267769	listing
267772	listing
267774	listing
267818	listing
267852	listing
267868	listing
267913	listing
267929	listing
267937	listing
267998	listing
268002	listing
268004	listing
268017	listing
268035	listing
268087	listing
268133	listing
268185	listing
268244	listing
268291	listing
268292	listing
268357	listing
268424	listing
268431	listing
268463	listing
268505	listing
268528	listing
268585	listing
268593	listing
268643	listing
268683	listing
268749	listing
268767	listing
268820	listing
268836	listing
268860	listing
268915	listing
268949	listing
268988	listing
269050	listing
269116	listing
269117	listing
269185	listing
269257	listing
269270	listing
269317	listing
269365	listing
269425	listing
269468	listing
269536	listing
269579	listing
269621	listing
269676	listing
269700	listing
269710	listing
269778	listing
269846	listing
269913	listing
269929	listing
269991	listing
270011	listing
270038	listing
270057	listing
270099	listing
270109	listing
270129	listing
270136	listing
270147	listing
270163	listing
270168	listing
270185	listing
270203	listing
270227	listing
270240	listing
270274	listing
270304	listing
270324	listing
270337	listing
270351	listing
270380	listing
270392	listing
270408	listing
270413	listing
270453	listing
270468	listing
270496	listing
270497	listing
270505	listing
270563	listing
270566	listing
270568	listing
270573	listing
270577	listing
270581	listing
270582	listing
270635	listing
270636	listing
270639	listing
270643	listing
270648	listing
270650	listing
270652	listing
270655	listing
270660	listing
270665	listing
270673	listing
270681	listing
270690	listing
270697	listing
270705	listing
270713	listing
270723	listing
270732	listing
270737	listing
270766	listing
270772	listing
270777	listing
270804	listing
270805	listing
270808	listing
270869	listing
270870	listing
270871	listing
270896	listing
270926	listing
270963	listing
271001	listing
271037	listing
271047	listing
271079	listing
271098	listing
271134	listing
271143	listing
271144	listing
271164	listing
271185	listing
271241	listing
271243	listing
271267	listing
271275	listing
271281	listing
271304	listing
271327	listing
271334	listing
271364	listing
271365	listing
271396	listing
271455	listing
271485	numeric-alias
271521	listing
271578	listing
271583	numeric-alias
271584	listing
271689	listing
271702	listing
271735	listing
271777	listing
271785	numeric-alias
271786	listing
271845	numeric-alias
271846	listing
271867	listing
271915	listing
271927	listing
271943	listing
271991	listing
272033	listing
272067	listing
272098	numeric-alias
272102	numeric-alias
272103	listing
272169	listing
272191	listing
272241	numeric-alias
272243	listing
272284	listing
272341	numeric-alias
272352	listing
272353	listing
272397	numeric-alias
272398	listing
272405	numeric-alias
272455	listing
272481	listing
272506	listing
272536	numeric-alias
272566	listing
272605	listing
272608	numeric-alias
272639	listing
272685	numeric-alias
272687	listing
272692	listing
272753	listing
272821	listing
272849	listing
272877	listing
272916	listing
272923	listing
272984	inventory
272986	listing
273011	listing
273059	listing
273102	listing
273165	inventory
273168	listing
273169	listing
273170	listing
273236	listing
273276	listing
273279	listing
273317	listing
273355	listing
273391	listing
273395	listing
273436	inventory
273438	listing
273502	inventory
273506	listing
273512	listing
273516	listing
273521	listing
273524	listing
273529	listing
273533	listing
273584	inventory
273585	listing
273588	listing
273591	listing
273594	listing
273599	listing
273606	listing
273610	listing
273617	listing
273622	listing
273626	listing
273631	listing
273634	listing
273639	listing
273645	listing
273651	listing
273657	listing
273667	listing
273676	listing
273686	listing
273694	listing
273702	listing
273711	listing
273720	listing
273732	listing
273742	listing
273754	listing
273764	listing
273775	listing
273788	listing
273802	listing
273808	listing
273815	listing
273821	listing
273826	listing
273831	listing
273838	listing
273843	listing
273845	listing
273852	listing
273860	listing
273866	listing
273871	listing
273875	listing
273879	listing
273880	inventory
273884	listing
273891	listing
273902	listing
273932	inventory
273933	listing
273950	listing
274012	listing
274074	listing
274076	listing
274142	listing
274206	listing
274212	listing
274276	listing
274341	listing
274344	listing
274386	listing
274429	listing
274476	listing
274481	listing
274482	listing
274509	listing
274525	listing
274540	listing
274551	listing
274587	listing
274605	listing
274650	listing
274675	listing
274719	listing
274730	listing
274761	listing
274771	listing
274818	listing
274834	listing
274840	listing
274861	listing
274868	listing
274869	listing
274874	listing
274877	listing
274879	listing
274883	listing
274889	listing
274895	listing
274905	listing
274914	listing
274929	listing
274941	listing
274954	listing
274963	listing
274972	listing
274982	listing
274999	listing
275001	listing
275022	listing
275032	listing
275042	listing
275064	listing
275089	listing
275138	listing
275139	listing
275140	listing
275156	listing
275158	listing
275164	listing
275271	listing
275284	listing
275315	listing
275360	listing
275385	listing
275411	listing
275442	listing
275472	listing
275516	listing
275521	listing
275580	listing
275595	listing
275662	listing
275663	listing
275722	listing
275731	listing
275784	listing
275789	listing
275791	listing
275796	listing
275819	listing
275822	listing
275852	listing
275870	listing
275890	listing
275933	listing
275962	listing
275964	listing
275998	listing
276044	listing
276111	listing
276133	listing
276152	listing
276169	listing
276171	listing
276193	listing
276245	listing
276247	listing
276317	listing
276347	numeric-alias
276387	listing
276419	numeric-alias
276459	listing
276508	listing
276522	listing
276529	listing
276540	listing
276553	listing
276563	listing
276619	listing
276624	listing
276645	listing
276656	listing
276722	numeric-alias
276724	listing
276793	numeric-alias
276796	listing
276854	listing
276879	listing
276913	numeric-alias
276929	listing
276943	listing
276955	listing
276962	listing
277015	numeric-alias
277017	listing
277067	numeric-alias
277087	listing
277139	numeric-alias
277142	listing
277167	listing
277177	listing
277189	listing
277215	numeric-alias
277217	listing
277261	listing
277288	numeric-alias
277317	listing
277348	listing
277373	listing
277398	listing
277441	listing
277469	listing
277536	listing
277539	listing
277562	listing
277630	url-variant
277631	listing
277635	listing
277687	listing
277696	url-variant
277723	listing
277726	listing
277731	listing
277738	listing
277745	listing
277746	listing
277750	listing
277754	listing
277758	listing
277762	listing
277771	listing
277779	listing
277785	listing
277790	listing
277797	listing
277802	listing
277808	listing
277816	listing
277830	listing
277831	listing
277838	listing
277847	listing
277852	listing
277859	listing
277864	listing
277869	listing
277874	url-variant
277875	listing
277877	listing
277884	listing
277901	listing
277906	listing
277921	listing
277943	listing
277967	url-variant
277977	listing
277996	numeric-alias
278006	listing
278046	listing
278070	listing
278081	listing
278088	listing
278092	listing
278152	inventory
278153	listing
278166	listing
278224	inventory
278235	listing
278281	listing
278294	inventory
278311	listing
278357	listing
278385	listing
278442	listing
278511	listing
278532	listing
278534	listing
278550	listing
278589	inventory
278591	listing
278602	listing
278648	inventory
278651	listing
278679	listing
278720	inventory
278741	listing
278751	listing
278766	listing
278773	listing
278789	listing
278796	listing
278807	listing
278833	listing
278850	listing
278882	listing
278899	listing
278920	listing
278931	inventory
278936	listing
278937	listing
279048	listing
279059	listing
279099	listing
279155	listing
279196	listing
279198	listing
279212	listing
279275	listing
279276	listing
279296	listing
279325	listing
279358	listing
279390	listing
279394	listing
279444	inventory
279451	listing
279490	listing
279493	listing
279501	listing
279503	listing
279506	listing
279512	listing
279520	listing
279530	listing
279533	listing
279537	inventory
279544	listing
279551	listing
279561	listing
279569	listing
279576	listing
279592	listing
279605	listing
279615	listing
279624	listing
279636	listing
279641	listing
279650	listing
279653	listing
279656	listing
279663	listing
279670	listing
279678	listing
279682	inventory
279683	listing
279692	listing
279698	listing
279706	listing
279714	listing
279717	listing
279719	listing
279722	listing
279724	listing
279732	listing
279736	listing
279741	listing
279747	listing
279756	listing
279766	listing
279773	listing
279784	listing
279787	listing
279794	listing
279800	inventory
279805	listing
279808	listing
279810	listing
279816	listing
279819	listing
279824	listing
279831	listing
279854	listing
279874	listing
279885	listing
279892	listing
279898	listing
279908	listing
279931	inventory
279937	listing
279949	listing
279957	listing
279989	inventory
279991	listing
280019	listing
280044	listing
280080	listing
280108	listing
280125	listing
280148	listing
280167	listing
280181	listing
280188	listing
280199	listing
280236	listing
280261	listing
280276	listing
280334	listing
280401	listing
280405	listing
280417	listing
280428	listing
280443	listing
280485	listing
280490	listing
280493	listing
280538	listing
280543	listing
280579	listing
280588	listing
280658	listing
280674	listing
280702	listing
280741	listing
280744	listing
280746	listing
280747	listing
280813	listing
280815	listing
280820	listing
280837	listing
280847	listing
280860	listing
280862	listing
280886	listing
280920	listing
280921	listing
280923	listing
280927	listing
280940	listing
280955	listing
280962	listing
280971	listing
280977	listing
280988	listing
281000	listing
281009	listing
281021	listing
281032	listing
281042	listing
281055	listing
281067	listing
281080	listing
281086	listing
281090	listing
281103	listing
281106	listing
281109	listing
281124	listing
281129	listing
281135	listing
281141	listing
281146	listing
281152	listing
281155	listing
281158	listing
281161	listing
281169	listing
281172	listing
281173	listing
281178	listing
281183	listing
281184	listing
281193	listing
281205	listing
281234	listing
281239	listing
281241	listing
281242	listing
281245	listing
281250	listing
281257	listing
281262	listing
281293	listing
281297	listing
281298	listing
281299	listing
281300	listing
281306	listing
281326	listing
281328	listing
281333	listing
281335	listing
281342	listing
281364	listing
281371	listing
281376	listing
281383	listing
281390	listing
281394	listing
281400	listing
281433	listing
281446	listing
281458	listing
281478	listing
281499	listing
281513	listing
281535	listing
281548	listing
281562	listing
281577	listing
281593	listing
281625	listing
281635	listing
281698	listing
281735	inventory
281738	numeric-alias
281765	listing
281811	inventory
281814	numeric-alias
281816	listing
281818	listing
281820	listing
281829	listing
281831	inventory
281846	listing
281894	inventory
281895	numeric-alias
281907	numeric-alias
281910	numeric-alias
281911	numeric-alias
281912	numeric-alias
281913	inventory
281914	inventory
281915	inventory
281916	inventory
281917	inventory
281918	inventory
281919	inventory
281920	inventory
281921	inventory
281922	inventory
281923	inventory
281924	inventory
281925	inventory
281926	inventory
281927	inventory
281928	listing
281929	listing
281930	listing
281931	listing
281932	listing
281933	listing
281934	listing
281935	listing
281936	listing
281937	listing
281938	listing
281939	listing
281940	listing
281941	listing
281942	listing
281943	listing
281944	listing
281945	listing
281946	listing
281947	listing
281948	listing
281949	listing
281950	listing
281951	listing
281952	listing
281953	listing
281954	listing
281955	listing
281956	listing
281957	listing
281958	listing
281959	listing
281960	listing
281961	listing
281962	listing
281963	listing
281964	listing
281965	listing
281966	listing
281967	listing
281968	listing
281969	listing
281970	listing
281971	listing
281972	listing
281973	listing
281974	listing
281975	listing
281976	listing
281977	listing
281978	listing
281979	listing
281980	listing
281981	listing
281982	listing
281983	listing
281984	listing
281985	listing
281986	listing
281987	listing
281988	listing
281989	listing
281990	listing
281991	listing
281992	listing
281993	listing
281994	listing
281995	listing
281996	listing
281997	listing
281998	listing
281999	listing
282000	listing
282001	listing
282002	listing
282003	listing
282004	listing
282005	listing
282006	listing
282007	listing
282008	listing
282009	listing
282010	listing
282011	listing
282012	listing
282013	listing
282014	listing
282015	listing
282016	listing
282017	listing
282018	listing
282019	listing
282020	listing
282021	listing
282022	listing
282023	listing
282024	listing
282025	listing
282026	listing
282027	listing
282028	listing
282029	listing
282030	listing
282031	listing
282032	listing
282033	listing
282034	listing
282035	listing
282036	listing
282037	listing
282038	listing
282039	listing
282040	listing
282041	listing
282042	listing
282043	listing
282044	listing
282045	listing
282046	listing
282047	listing
282048	listing
282049	listing
282050	listing
282051	listing
282052	listing
282053	listing
282054	listing
282055	listing
282056	listing
282057	listing
282058	listing
282059	listing
282060	listing
282061	listing
282062	listing
282063	listing
282064	listing
282065	listing
282066	listing
282067	listing
282068	listing
282069	listing
282070	listing
282071	listing
282072	listing
282073	listing
282074	listing
282075	listing
282076	listing
282077	listing
282078	listing
282079	listing
282080	listing
282081	listing
282082	listing
282083	listing
282084	listing
282085	listing
282086	listing
282087	listing
282088	listing
282089	listing
282090	listing
282091	listing
282092	listing
282093	listing
282094	listing
282095	listing
282096	listing
282097	listing
282098	listing
282099	listing
282100	listing
282101	listing
282102	listing
282103	listing
282104	listing
282105	listing
282106	listing
282107	listing
282108	listing
282109	listing
282110	listing
282111	listing
282112	listing
282113	listing
282114	listing
282115	listing
282116	listing
282117	listing
282118	listing
282119	listing
282120	listing
282121	listing
282122	listing
282123	listing
282124	listing
282125	listing
282126	listing
282127	listing
282128	listing
282129	listing
282130	listing
282131	listing
282132	listing
282133	listing
282134	listing
282135	listing
282136	listing
282137	listing
282138	listing
282139	listing
282140	listing
282141	listing
282142	listing
282143	listing
282144	listing
282145	listing
282146	listing
282147	listing
282148	listing
282149	listing
282150	listing
282151	listing
282152	listing
282153	listing
282154	listing
282155	listing
282156	listing
282157	listing
282158	listing
282159	listing
282160	listing
282161	listing
282162	listing
282163	listing
282164	listing
282165	listing
282166	listing
282167	listing
282168	listing
282169	listing
282170	listing
282171	listing
282172	listing
282173	listing
282174	listing
282175	listing
282176	listing
282177	listing
282178	listing
282179	listing
282180	listing
282181	listing
282182	listing
282183	listing
282184	listing
282185	listing
282186	listing
282187	listing
282188	listing
282189	listing
282190	listing
282191	listing
282192	listing
282193	listing
282194	listing
282195	listing
282196	listing
282197	listing
282198	listing
282199	listing
282200	listing
282201	listing
282202	listing
282203	listing
282204	listing
282205	listing
282206	listing
282207	listing
282208	listing
282209	listing
282210	listing
282211	listing
282212	listing
282213	listing
282214	listing
282215	listing
282216	listing
282217	listing
282218	listing
282219	listing
282220	listing
282221	listing
282222	listing
282223	listing
282224	listing
282225	listing
282226	listing
282227	listing
282228	listing
282229	listing
282230	listing
282231	listing
282232	listing
282233	listing
282234	listing
282235	listing
282236	listing
282237	listing
282238	listing
282239	listing
282240	listing
282241	listing
282242	listing
282243	listing
282244	listing
282245	listing
282246	listing
282247	listing
282248	listing
282249	listing
282250	listing
282251	listing
282252	listing
282253	listing
282254	listing
282255	listing
282256	listing
282257	listing
282258	listing
282259	listing
282260	listing
282261	listing
282262	listing
282263	listing
282264	listing
282265	listing
282266	listing
282267	listing
282268	listing
282269	listing
282270	listing
282271	listing
282272	listing
282273	listing
282274	listing
282275	listing
282276	listing
282277	listing
282278	listing
282279	listing
282280	listing
282281	listing
282282	listing
282283	listing
282284	listing
282285	listing
282286	listing
282287	listing
282288	listing
282289	listing
282290	listing
282291	listing
282292	listing
282293	listing
282294	listing
282295	listing
282296	listing
282297	listing
282298	listing
282299	listing
282300	listing
282301	listing
282302	listing
282303	listing
282304	listing
282305	listing
282306	listing
282307	listing
282308	listing
282309	listing
282310	listing
282311	listing
282312	listing
282313	listing
282314	listing
282315	listing
282316	listing
282317	listing
282318	listing
282319	listing
282320	listing
282321	listing
282322	listing
282323	listing
282324	listing
282325	listing
282326	listing
282327	listing
282328	listing
282329	listing
282330	listing
282331	listing
282332	listing
282333	listing
282334	listing
282335	listing
282336	listing
282337	listing
282338	listing
282339	listing
282340	listing
282341	listing
282342	listing
282343	listing
282344	listing
282345	listing
282346	listing
282347	listing
282348	listing
282349	listing
282350	listing
282351	listing
282352	listing
282353	listing
282354	listing
282355	listing
282356	listing
282357	listing
282358	listing
282359	listing
282360	listing
282361	listing
282362	listing
282363	listing
282364	listing
282365	listing
282366	listing
282367	listing
282368	listing
282369	listing
282370	listing
282371	listing
282372	listing
282373	listing
282374	listing
282375	listing
282376	listing
282377	listing
282378	listing
282379	listing
282380	listing
282381	listing
282382	listing
282383	listing
282384	listing
282385	listing
282386	listing
282387	listing
282388	listing
282389	listing
282390	listing
282391	listing
282392	listing
282393	listing
282394	listing
282395	listing
282396	listing
282397	listing
282398	listing
282399	listing
282400	listing
282401	listing
282402	listing
282403	listing
282404	listing
282405	listing
282406	listing
282407	listing
282408	listing
282409	listing
282410	listing
282411	listing
282412	listing
282413	listing
282414	listing
282415	listing
282416	listing
282417	listing
282418	listing
282419	listing
282420	listing
282421	listing
282422	listing
282423	listing
282424	listing
282425	listing
282426	listing
282427	listing
282428	listing
282429	listing
282430	listing
282431	listing
282432	listing
282433	listing
282434	listing
282435	listing
282436	listing
282437	listing
282438	listing
282439	listing
282440	listing
282441	listing
282442	listing
282443	listing
282444	listing
282445	listing
282446	listing
282447	listing
282448	listing
282449	listing
282450	listing
282451	listing
282452	listing
282453	listing
282454	listing
282455	listing
282456	listing
282457	listing
282458	listing
282459	listing
282460	listing
282461	listing
282462	listing
282463	listing
282464	listing
282465	listing
282466	listing
282467	listing
282468	listing
282469	listing
282470	listing
282471	listing
282472	listing
282473	listing
282474	listing
282475	listing
282476	listing
282477	listing
282478	listing
282479	listing
282480	listing
282481	listing
282482	listing
282483	listing
282484	listing
282485	listing
282486	listing
282487	listing
282488	listing
282489	listing
282490	listing
282491	listing
282492	listing
282493	listing
282494	listing
282495	listing
282496	listing
282497	listing
282498	listing
282499	listing
282500	listing
282501	listing
282502	listing
282503	listing
282504	listing
282505	listing
282506	listing
282507	listing
282508	listing
282509	listing
282510	listing
282511	listing
282512	listing
282513	listing
282514	listing
282515	listing
282516	listing
282517	listing
282518	listing
282519	listing
282520	listing
282521	listing
282522	listing
282523	listing
282524	listing
282525	listing
282526	listing
282527	listing
282528	listing
282529	listing
282530	listing
282531	listing
282532	listing
282533	listing
282534	listing
282535	listing
282536	listing
282537	listing
282538	listing
282539	listing
282540	listing
282541	listing
282542	listing
282543	listing
282544	listing
282545	listing
282546	listing
282547	listing
282548	listing
282549	listing
282550	listing
282551	listing
282552	listing
282553	listing
282554	listing
282555	listing
282556	listing
282557	listing
282558	listing
282559	listing
282560	listing
282561	listing
282562	listing
282563	listing
282564	listing
282565	listing
282566	listing
282567	listing
282568	listing
282569	listing
282570	listing
282571	listing
282572	listing
282573	listing
282574	listing
282575	listing
282576	listing
282577	listing
282578	listing
282579	listing
282580	listing
282581	listing
282582	listing
282583	listing
282584	listing
282585	listing
282586	listing
282587	listing
282588	listing
282589	listing
282590	listing
282591	listing
282592	listing
282593	listing
282594	listing
282595	listing
282596	listing
282597	listing
282598	listing
282599	listing
282600	listing
282601	listing
282602	listing
282603	listing
282604	listing
282605	listing
282606	listing
282607	listing
282608	listing
282609	listing
282610	listing
282611	listing
282612	listing
282613	listing
282614	listing
282615	listing
282616	listing
282617	listing
282618	listing
282619	listing
282620	listing
282621	listing
282622	listing
282623	listing
282624	listing
282625	listing
282626	listing
282627	listing
282628	listing
282629	listing
282630	listing
282631	listing
282632	listing
282633	listing
282634	listing
282635	listing
282636	listing
282637	listing
282638	listing
282639	listing
282640	listing
282641	listing
282642	listing
282643	listing
282644	listing
282645	listing
282646	listing
282647	listing
282648	listing
282649	listing
282939	url-variant
282944	url-variant
282962	url-variant
283024	listing
283048	url-variant
283077	listing
283078	listing
283079	listing
283080	listing
283081	listing
283082	listing
283083	listing
283084	listing
283085	listing
283086	listing
283087	listing
283088	listing
283089	listing
283090	listing
283091	listing
283092	listing
283093	listing
283094	listing
283095	listing
283096	listing
283097	listing
283098	listing
283099	listing
283100	listing
283101	listing
283102	listing
283103	listing
283104	listing
283105	listing
283106	listing
283107	listing
283108	listing
283109	listing
283110	listing
283111	listing
283112	listing
283113	listing
283114	listing
283115	listing
283116	listing
283117	listing
283184	url-variant
283210	url-variant
283221	url-variant
283234	url-variant
283266	url-variant
283278	url-variant
283318	url-variant
283319	url-variant
283320	url-variant
283321	url-variant
283322	url-variant
283323	url-variant
283324	url-variant
283325	url-variant
283326	url-variant
283327	url-variant
283329	url-variant
283330	url-variant
283332	url-variant
283337	url-variant
283339	url-variant
283341	url-variant
283343	url-variant
283344	url-variant
283346	url-variant
283348	url-variant
283350	url-variant
283352	url-variant
283354	url-variant
283356	url-variant
283358	url-variant
283362	url-variant
283364	url-variant
283366	url-variant
283368	url-variant
283370	url-variant
283372	url-variant
283374	url-variant
283376	url-variant
283377	url-variant
283379	url-variant
283380	url-variant
283382	url-variant
283384	url-variant
283386	url-variant
283392	url-variant
283394	url-variant
283395	url-variant
283397	url-variant
283399	url-variant
283400	url-variant
283402	url-variant
283404	url-variant
283405	url-variant
283407	url-variant
283409	url-variant
283411	url-variant
283412	url-variant
283413	url-variant
283415	url-variant
283417	url-variant
283419	url-variant
283421	url-variant
283423	url-variant
283425	url-variant
283426	url-variant
283428	url-variant
283430	url-variant
283435	url-variant
283437	url-variant
283438	url-variant
283440	url-variant
283441	url-variant
283443	url-variant
283445	url-variant
283447	url-variant
283449	url-variant
283451	url-variant
283453	url-variant
283455	url-variant
283456	url-variant
283458	url-variant
283460	url-variant
283462	url-variant
283464	url-variant
283466	url-variant
283468	url-variant
283469	url-variant
283471	url-variant
283473	url-variant
283474	url-variant
283476	url-variant
283478	url-variant
283480	url-variant
283481	url-variant
283483	url-variant
283484	url-variant
283486	url-variant
283488	url-variant
283490	url-variant
283492	url-variant
283494	url-variant
283496	url-variant
283497	url-variant
283499	url-variant
283501	url-variant
283503	url-variant
283505	url-variant
283507	url-variant
283508	url-variant
283510	url-variant
283512	url-variant
283513	url-variant
283514	url-variant
283515	url-variant
283517	url-variant
283519	url-variant
283521	url-variant
283523	url-variant
283525	url-variant
283527	url-variant
283529	url-variant
283531	url-variant
283532	url-variant
283534	url-variant
283536	url-variant
283538	url-variant
283540	url-variant
283542	url-variant
283544	url-variant
283546	url-variant
283548	url-variant
283550	url-variant
283552	url-variant
283554	url-variant
283556	url-variant
283558	url-variant
283560	url-variant
283562	url-variant
283564	url-variant
283566	url-variant
283568	url-variant
283570	url-variant
283572	url-variant
283574	url-variant
283576	url-variant
283578	url-variant
283580	url-variant
283582	url-variant
283584	url-variant
283585	url-variant
283757	listing
283758	listing
283762	listing
283763	listing
283764	listing
283765	listing
283784	listing
283787	listing
283788	listing
283789	listing
283790	listing
283791	listing
283793	listing
283805	listing
284055	url-variant
284058	url-variant
284061	url-variant
284074	url-variant
284122	listing
284124	listing
284126	listing
284127	listing
284128	listing
284130	listing
284131	listing
284133	listing
284135	listing
284137	listing
284139	listing
284141	listing
284143	listing
284145	listing
284146	listing
284147	listing
284149	listing
284151	listing
284152	listing
284154	listing
284155	listing
284157	listing
284158	listing
284160	listing
284161	listing
284163	listing
284165	listing
284166	listing
284167	listing
284169	listing
284171	listing
284172	listing
284173	listing
284174	listing
284175	listing
284176	listing
284178	listing
284180	listing
284182	listing
284183	listing
284185	listing
284186	listing
284188	listing
284189	listing
284191	listing
284193	listing
284195	listing
284196	listing
284198	listing
284200	listing
284202	listing
284204	listing
284206	listing
284208	listing
284210	listing
284212	listing
284213	listing
284214	listing
284216	listing
284217	listing
284219	listing
284221	listing
284223	listing
284225	listing
284227	listing
284229	listing
284231	listing
284233	listing
284235	listing
284237	listing
284239	listing
284241	listing
284243	listing
284245	listing
284247	listing
284249	listing
284251	listing
284253	listing
284255	listing
284257	listing
284258	listing
284260	listing
284262	listing
284264	listing
284265	listing
284267	listing
284269	listing
284271	listing
284273	listing
284275	listing
284277	listing
284278	listing
284280	listing
284282	listing
284283	listing
284285	listing
284286	listing
284288	listing
284290	listing
284292	listing
284294	listing
284295	listing
284296	listing
284298	listing
284300	listing
284301	listing
284303	listing
284305	listing
284306	listing
284307	listing
284309	listing
284311	listing
284313	listing
284314	listing
284315	listing
284316	listing
284318	listing
284320	listing
284322	listing
284323	listing
284325	listing
284328	listing
284330	listing
284331	listing
284333	listing
284335	listing
284337	listing
284339	listing
284341	listing
284342	listing
284343	listing
284345	listing
284347	listing
284349	listing
284351	listing
284353	listing
284355	listing
284356	listing
284358	listing
284360	listing
284362	listing
284364	listing
284366	listing
284368	listing
284370	listing
284372	listing
284374	listing
284376	listing
284378	listing
284379	listing
284381	listing
284383	listing
284385	listing
284387	listing
284389	listing
284391	listing
284393	listing
284395	listing
284397	listing
284398	listing
284400	listing
284402	listing
284404	listing
284406	listing
284408	listing
284410	listing
284412	listing
284414	listing
284416	listing
284418	listing
284420	listing
284422	listing
284424	listing
284426	listing
284428	listing
284429	listing
284431	listing
284433	listing
284435	listing
284437	listing
284439	listing
284441	listing
284443	listing
284444	listing
284446	listing
284448	listing
284450	listing
284452	listing
284454	listing
284455	listing
284456	listing
284458	listing
284460	listing
284462	listing
284464	listing
284466	listing
284467	listing
284469	listing
284471	listing
284473	listing
284475	listing
284477	listing
284479	listing
284481	listing
284483	listing
284485	listing
284487	listing
284489	listing
284490	listing
284492	listing
284494	listing
284495	listing
284497	listing
284499	listing
284500	listing
284502	listing
284504	listing
284506	listing
284508	listing
284510	listing
284512	listing
284514	listing
284516	listing
284518	listing
284520	listing
284522	listing
284524	listing
284525	listing
284526	listing
284527	listing
284529	listing
284531	listing
284533	listing
284535	listing
284537	listing
284539	listing
284541	listing
284543	listing
284545	listing
284547	listing
284548	listing
284550	listing
284552	listing
284554	listing
284555	listing
284557	listing
284559	listing
284561	listing
284563	listing
284565	listing
284567	listing
284568	listing
284569	listing
284571	listing
284573	listing
284575	listing
284577	listing
284579	listing
284581	listing
284583	listing
284585	listing
284587	listing
284589	listing
284591	listing
284593	listing
284595	listing
284597	listing
284599	listing
284601	listing
284602	listing
284603	listing
284605	listing
284607	listing
284608	listing
284609	listing
284611	listing
284612	listing
284614	listing
284616	listing
284618	listing
284620	listing
284622	listing
284624	listing
284625	listing
284627	listing
284629	listing
284631	listing
284633	listing
284635	listing
284637	listing
284639	listing
284641	listing
284643	listing
284645	listing
284647	listing
284649	listing
284651	listing
284653	listing
284655	listing
284657	listing
284659	listing
284660	listing
284662	listing
284664	listing
284666	listing
284668	listing
284670	listing
284672	listing
284674	listing
284678	listing
284680	listing
284682	listing
284684	listing
284686	listing
284688	listing
284689	listing
284690	listing
284692	listing
284693	listing
284695	listing
284697	listing
284699	listing
284700	listing
284702	listing
284704	listing
284706	listing
284708	listing
284710	listing
284712	listing
284714	listing
284715	listing
284717	listing
284719	listing
284721	listing
284723	listing
284725	listing
284727	listing
284728	listing
284730	listing
284732	listing
284734	listing
284736	listing
284738	listing
284740	listing
284742	listing
284744	listing
284746	listing
284748	listing
284750	listing
284752	listing
284754	listing
284756	listing
284758	listing
284760	listing
284761	listing
284763	listing
284765	listing
284767	listing
284769	listing
284771	listing
284773	listing
284775	listing
284777	listing
284779	listing
284781	listing
284783	listing
284785	listing
284787	listing
284789	listing
284791	listing
284793	listing
284795	listing
284797	listing
284799	listing
284801	listing
284803	listing
284805	listing
284807	listing
284809	listing
284811	listing
284813	listing
284815	listing
284817	listing
284819	listing
284821	listing
284823	listing
284825	listing
284827	listing
284829	listing
284831	listing
284833	listing
284835	listing
284837	listing
284839	listing
284841	listing
284843	listing
284845	listing
284847	listing
284848	listing
284850	listing
284852	listing
284854	listing
284856	listing
284858	listing
284860	listing
284862	listing
284864	listing
284866	listing
284868	listing
284870	listing
284872	listing
284874	listing
284876	listing
284878	listing
284880	listing
284882	listing
284884	listing
284886	listing
284888	listing
284890	listing
284892	listing
284893	listing
284895	listing
284897	listing
284899	listing
284901	listing
284903	listing
284905	listing
284907	listing
284909	listing
284911	listing
284912	listing
284914	listing
284916	listing
284918	listing
284920	listing
284921	listing
284923	listing
284925	listing
284927	listing
284929	listing
284930	listing
284931	listing
284933	listing
284935	listing
284936	listing
284938	listing
284939	listing
284941	listing
284943	listing
284945	listing
284947	listing
284949	listing
284951	listing
284953	listing
284955	listing
284957	listing
284959	listing
284961	listing
284963	listing
284965	listing
284967	listing
284969	listing
284971	listing
284973	listing
284975	listing
284977	listing
284979	listing
284981	listing
284983	listing
284984	listing
284986	listing
284988	listing
284990	listing
284991	listing
284993	listing
284995	listing
284997	listing
284999	listing
285000	listing
285001	listing
285003	listing
285005	listing
285007	listing
285009	listing
285011	listing
285013	listing
285014	listing
285016	listing
285018	listing
285019	listing
285021	listing
285023	listing
285025	listing
285027	listing
285029	listing
285031	listing
285033	listing
285035	listing
285037	listing
285039	listing
285041	listing
285043	listing
285045	listing
285047	listing
285049	listing
285051	listing
285053	listing
285055	listing
285057	listing
285059	listing
285061	listing
285063	listing
285065	listing
285067	listing
285069	listing
285071	listing
285073	listing
285075	listing
285077	listing
285079	listing
285081	listing
285083	listing
285085	listing
285087	listing
285089	listing
285091	listing
285093	listing
285095	listing
285097	listing
285099	listing
285101	listing
285103	listing
285105	listing
285107	listing
285108	listing
285110	listing
285112	listing
285114	listing
285115	listing
285117	listing
285119	listing
285121	listing
285123	listing
285125	listing
285127	listing
285129	listing
285131	listing
285133	listing
285135	listing
285137	listing
285139	listing
285141	listing
285143	listing
285145	listing
285147	listing
285149	listing
285151	listing
285152	listing
285154	listing
285156	listing
285158	listing
285160	listing
285162	listing
285164	listing
285165	listing
285167	listing
285168	listing
285170	listing
285172	listing
285174	listing
285176	listing
285178	listing
285180	listing
285181	listing
285183	listing
285185	listing
285186	listing
285187	listing
285189	listing
285191	listing
285193	listing
285195	listing
285197	listing
285199	listing
285201	listing
285203	listing
285205	listing
285207	listing
285209	listing
285210	listing
285212	listing
285214	listing
285216	listing
285218	listing
285220	listing
285222	listing
285224	listing
285226	listing
285227	listing
285229	listing
285230	listing
285232	listing
285234	listing
285236	listing
285238	listing
285240	listing
285242	listing
285244	listing
285245	listing
285247	listing
285249	listing
285251	listing
285253	listing
285255	listing
285257	listing
285259	listing
285260	listing
285261	listing
285263	listing
285265	listing
285267	listing
285268	listing
285269	listing
285270	listing
285271	listing
285272	listing
285274	listing
285276	listing
285277	listing
285278	listing
285279	listing
285280	listing
285281	listing
285282	listing
285284	listing
285286	listing
285288	listing
285290	listing
285292	listing
285294	listing
285296	listing
285298	listing
285300	listing
285302	listing
285304	listing
285306	listing
285308	listing
285310	listing
285312	listing
285314	listing
285316	listing
285318	listing
285320	listing
285321	listing
285323	listing
285325	listing
285326	listing
285327	listing
285329	listing
285331	listing
285333	listing
285335	listing
285337	listing
285339	listing
285341	listing
285343	listing
285345	listing
285347	listing
285349	listing
285351	listing
285353	listing
285355	listing
285356	listing
285358	listing
285360	listing
285362	listing
285364	listing
285366	listing
285368	listing
285369	listing
285371	listing
285372	listing
285374	listing
285375	listing
285377	listing
285378	listing
285379	listing
285381	listing
285383	listing
285385	listing
285387	listing
285388	listing
285389	listing
285390	listing
285391	listing
285393	listing
285395	listing
285397	listing
285399	listing
285401	listing
285403	listing
285405	listing
285407	listing
285409	listing
285411	listing
285413	listing
285415	listing
285416	listing
285418	listing
285420	listing
285422	listing
285423	listing
285425	listing
285427	listing
285429	listing
285431	listing
285433	listing
285435	listing
285437	listing
285439	listing
285440	listing
285442	listing
285444	listing
285446	listing
285447	listing
285449	listing
285451	listing
285453	listing
285455	listing
285457	listing
285459	listing
285460	listing
285462	listing
285464	listing
285466	listing
285468	listing
285469	listing
285471	listing
285473	listing
285475	listing
285477	listing
285479	listing
285481	listing
285483	listing
285485	listing
285487	listing
285489	listing
285490	listing
285491	listing
285492	listing
285493	listing
285494	listing
285495	listing
285497	listing
285498	listing
285500	listing
285502	listing
285504	listing
285506	listing
285508	listing
285510	listing
285511	listing
285513	listing
285515	listing
285517	listing
285519	listing
285521	listing
285523	listing
285525	listing
285527	listing
285529	listing
285531	listing
285533	listing
285535	listing
285537	listing
285539	listing
285541	listing
285543	listing
285545	listing
285547	listing
285549	listing
285550	listing
285551	listing
285553	listing
285555	listing
285557	listing
285559	listing
285561	listing
285563	listing
285565	listing
285567	listing
285569	listing
285571	listing
285573	listing
285575	listing
285577	listing
285579	listing
285580	listing
285582	listing
285584	listing
285586	listing
285588	listing
285590	listing
285592	listing
285594	listing
285596	listing
285598	listing
285600	listing
285602	listing
285604	listing
285606	listing
285607	listing
285609	listing
285611	listing
285612	listing
285614	listing
285616	listing
285617	listing
285619	listing
285621	listing
285622	listing
285624	listing
285626	listing
285627	listing
285629	listing
285631	listing
285633	listing
285635	listing
285636	listing
285638	listing
285639	listing
285641	listing
285643	listing
285645	listing
285647	listing
285649	listing
285651	listing
285653	listing
285655	listing
285657	listing
285659	listing
285661	listing
285663	listing
285665	listing
285667	listing
285669	listing
285671	listing
285673	listing
285675	listing
285677	listing
285679	listing
285681	listing
285683	listing
285685	listing
285687	listing
285689	listing
285691	listing
285693	listing
285695	listing
285697	listing
285699	listing
285700	listing
285701	listing
285702	listing
285703	listing
285704	listing
285706	listing
285708	listing
285710	listing
285711	listing
285713	listing
285715	listing
285717	listing
285719	listing
285721	listing
285723	listing
285725	listing
285727	listing
285729	listing
285731	listing
285733	listing
285735	listing
285737	listing
285739	listing
285741	listing
285743	listing
285745	listing
285747	listing
285749	listing
285750	listing
285752	listing
285754	listing
285756	listing
285758	listing
285760	listing
285762	listing
285764	listing
285766	listing
285768	listing
285770	listing
285771	listing
285773	listing
285775	listing
285776	listing
285778	listing
285779	listing
285781	listing
285783	listing
285785	listing
285787	listing
285788	listing
285790	listing
285792	listing
285794	listing
285795	listing
285796	listing
285798	listing
285800	listing
285802	listing
285804	listing
285806	listing
285808	listing
285810	listing
285812	listing
285814	listing
285816	listing
285818	listing
285820	listing
285822	listing
285824	listing
285826	listing
285828	listing
285830	listing
285832	listing
285834	listing
285836	listing
285838	listing
285840	listing
285842	listing
285844	listing
285845	listing
285847	listing
285849	listing
285850	listing
285851	listing
285852	listing
285854	listing
285855	listing
285857	listing
285859	listing
285862	listing
285865	listing
285868	listing
285870	listing
285872	listing
285874	listing
285877	listing
285879	listing
285882	listing
285885	listing
285887	listing
285890	listing
285893	listing
285894	listing
285897	listing
285900	listing
285903	listing
285906	listing
285909	listing
285912	listing
285915	listing
285918	listing
285921	listing
285924	listing
285926	listing
285929	listing
285932	listing
285935	listing
285938	listing
285940	listing
285943	listing
285946	listing
285949	listing
285952	listing
285955	listing
285958	listing
285961	listing
285963	listing
285964	listing
285967	listing
285969	listing
285972	listing
285974	listing
285976	listing
285977	listing
285979	listing
285981	listing
285983	listing
285984	listing
285985	listing
285987	listing
285989	listing
285991	listing
285994	listing
285997	listing
286000	listing
286002	listing
286005	listing
286008	listing
286010	listing
286012	listing
286015	listing
286018	listing
286021	listing
286024	listing
286027	listing
286030	listing
286033	listing
286036	listing
286039	listing
286041	listing
286042	listing
286043	listing
286045	listing
286048	listing
286049	listing
286051	listing
286052	listing
286053	listing
286054	listing
286055	listing
286057	listing
286059	listing
286062	listing
286065	listing
286068	listing
286070	listing
286072	listing
286074	listing
286076	listing
286078	listing
286081	listing
286084	listing
286087	listing
286089	listing
286092	listing
286094	listing
286097	listing
286100	listing
286102	listing
286105	listing
286108	listing
286111	listing
286114	listing
286117	listing
286120	listing
286123	listing
286126	listing
286129	listing
286132	listing
286135	listing
286138	listing
286141	listing
286144	listing
286147	listing
286150	listing
286152	listing
286155	listing
286158	listing
286161	listing
286164	listing
286167	listing
286170	listing
286172	listing
286174	listing
286175	listing
286177	listing
286179	listing
286182	listing
286185	listing
286188	listing
286191	listing
286194	listing
286197	listing
286200	listing
286203	listing
286206	listing
286209	listing
286212	listing
286213	listing
286216	listing
286219	listing
286222	listing
286224	listing
286227	listing
286230	listing
286232	listing
286235	listing
286238	listing
286241	listing
286244	listing
286247	listing
286250	listing
286253	listing
286256	listing
286259	listing
286262	listing
286265	listing
286267	listing
286270	listing
286273	listing
286276	listing
286279	listing
286282	listing
286285	listing
286288	listing
286291	listing
286292	listing
286295	listing
286298	listing
286301	listing
286304	listing
286307	listing
286310	listing
286313	listing
286316	listing
286319	listing
286321	listing
286324	listing
286327	listing
286330	listing
286333	listing
286336	listing
286338	listing
286341	listing
286344	listing
286347	listing
286349	listing
286351	listing
286353	listing
286356	listing
286359	listing
286362	listing
286365	listing
286368	listing
286371	listing
286374	listing
286377	listing
286380	listing
286383	listing
286386	listing
286389	listing
286391	listing
286394	listing
286397	listing
286400	listing
286402	listing
286405	listing
286408	listing
286411	listing
286414	listing
286417	listing
286420	listing
286423	listing
286426	listing
286429	listing
286432	listing
286435	listing
286438	listing
286441	listing
286443	listing
286445	listing
286447	listing
286449	listing
286452	listing
286455	listing
286458	listing
286461	listing
286464	listing
286465	listing
286468	listing
286469	listing
286472	listing
286475	listing
286478	listing
286480	listing
286481	listing
286483	listing
286485	listing
286488	listing
286491	listing
286494	listing
286497	listing
286500	listing
286503	listing
286506	listing
286509	listing
286512	listing
286515	listing
286518	listing
286521	listing
286524	listing
286527	listing
286529	listing
286532	listing
286535	listing
286538	listing
286541	listing
286544	listing
286547	listing
286550	listing
286553	listing
286555	listing
286557	listing
286560	listing
286563	listing
286565	listing
286568	listing
286571	listing
286574	listing
286577	listing
286580	listing
286583	listing
286586	listing
286589	listing
286592	listing
286595	listing
286598	listing
286601	listing
286604	listing
286607	listing
286610	listing
286613	listing
286616	listing
286619	listing
286622	listing
286625	listing
286628	listing
286631	listing
286634	listing
286637	listing
286640	listing
286643	listing
286646	listing
286649	listing
286652	listing
286655	listing
286658	listing
286661	listing
286664	listing
286667	listing
286670	listing
286673	listing
286676	listing
286679	listing
286682	listing
286685	listing
286688	listing
286691	listing
286694	listing
286697	listing
286700	listing
286703	listing
286706	listing
286709	listing
286712	listing
286715	listing
286718	listing
286721	listing
286724	listing
286727	listing
286730	listing
286733	listing
286736	listing
286739	listing
286742	listing
286744	listing
286746	listing
286748	listing
286750	listing
286751	listing
286754	listing
286757	listing
286760	listing
286763	listing
286766	listing
286768	listing
286771	listing
286772	listing
286775	listing
286778	listing
286781	listing
286783	listing
286786	listing
286788	listing
286791	listing
286794	listing
286796	listing
286798	listing
286801	listing
286804	listing
286807	listing
286810	listing
286813	listing
286816	listing
286819	listing
286822	listing
286825	listing
286828	listing
286831	listing
286834	listing
286837	listing
286840	listing
286841	listing
286843	listing
286845	listing
286848	listing
286851	listing
286854	listing
286857	listing
286860	listing
286862	listing
286865	listing
286868	listing
286871	listing
286877	listing
286880	listing
286883	listing
286886	listing
286889	listing
286892	listing
286894	listing
286897	listing
286900	listing
286903	listing
286906	listing
286909	listing
286912	listing
286915	listing
286918	listing
286921	listing
286924	listing
286927	listing
286930	listing
286933	listing
286936	listing
286939	listing
286942	listing
286945	listing
286946	listing
286949	listing
286952	listing
286955	listing
286958	listing
286960	listing
286962	listing
286965	listing
286968	listing
286971	listing
286974	listing
286975	listing
286978	listing
286979	listing
286983	listing
286987	listing
286991	listing
286995	listing
286999	listing
287003	listing
287007	listing
287011	listing
287015	listing
287019	listing
287023	listing
287027	listing
287030	listing
287034	listing
287038	listing
287041	listing
287044	listing
287048	listing
287052	listing
287056	listing
287060	listing
287064	listing
287068	listing
287072	listing
287076	listing
287080	listing
287084	listing
287086	listing
287089	listing
287091	listing
287094	listing
287098	listing
287099	listing
287103	listing
287106	listing
287110	listing
287114	listing
287117	listing
287120	listing
287124	listing
287128	listing
287131	listing
287135	listing
287138	listing
287142	listing
287145	listing
287149	listing
287153	listing
287155	listing
287159	listing
287161	listing
287164	listing
287166	listing
287170	listing
287174	listing
287178	listing
287182	listing
287186	listing
287190	listing
287193	listing
287197	listing
287200	listing
287203	listing
287205	listing
287208	listing
287210	listing
287213	listing
287216	listing
287220	listing
287222	listing
287226	listing
287230	listing
287234	listing
287238	listing
287241	listing
287243	listing
287246	listing
287248	listing
287250	listing
287254	listing
287257	listing
287260	listing
287264	listing
287268	listing
287272	listing
287276	listing
287280	listing
287284	listing
287288	listing
287292	listing
287295	listing
287298	listing
287301	listing
287304	listing
287307	listing
287310	listing
287311	listing
287315	listing
287319	listing
287322	listing
287325	listing
287329	listing
287333	listing
287336	listing
287340	listing
287344	listing
287348	listing
287352	listing
287356	listing
287360	listing
287364	listing
287367	listing
287370	listing
287371	listing
287373	listing
287375	listing
287377	listing
287378	listing
287380	listing
287381	listing
287383	listing
287384	listing
287386	listing
287388	listing
287390	listing
287393	listing
287396	listing
287399	listing
287402	listing
287405	listing
287407	listing
287410	listing
287413	listing
287416	listing
287418	listing
287422	listing
287425	listing
287428	listing
287432	listing
287435	listing
287439	listing
287441	listing
287445	listing
287449	listing
287453	listing
287457	listing
287459	listing
287463	listing
287467	listing
287470	listing
287473	listing
287477	listing
287481	listing
287482	listing
287486	listing
287490	listing
287494	listing
287495	listing
287498	listing
287501	listing
287505	listing
287509	listing
287512	listing
287516	listing
287519	listing
287521	listing
287525	listing
287529	listing
287532	listing
287534	listing
287537	listing
287540	listing
287542	listing
287546	listing
287548	listing
287551	listing
287552	listing
287556	listing
287560	listing
287563	listing
287567	listing
287571	listing
287575	listing
287579	listing
287583	listing
287586	listing
287590	listing
287594	listing
287597	listing
287601	listing
287605	listing
287609	listing
287613	listing
287617	listing
287621	listing
287625	listing
287629	listing
287633	listing
287637	listing
287640	listing
287643	listing
287647	listing
287650	listing
287654	listing
287658	listing
287662	listing
287666	listing
287673	listing
287677	listing
287681	listing
287685	listing
287689	listing
287692	listing
287696	listing
287700	listing
287704	listing
287708	listing
287712	listing
287715	listing
287717	listing
287721	listing
287723	listing
287727	listing
287731	listing
287733	listing
287736	listing
287740	listing
287744	listing
287748	listing
287752	listing
287755	listing
287759	listing
287763	listing
287766	listing
287770	listing
287774	listing
287778	listing
287781	listing
287783	listing
287785	listing
287787	listing
287790	listing
287792	listing
287795	listing
287798	listing
287800	listing
287804	listing
287808	listing
287812	listing
287815	listing
287819	listing
287823	listing
287827	listing
287831	listing
287835	listing
287838	listing
287842	listing
287845	listing
287848	listing
287851	listing
287853	listing
287856	listing
287858	listing
287860	listing
287863	listing
287867	listing
287871	listing
287875	listing
287878	listing
287882	listing
287886	listing
287890	listing
287893	listing
287897	listing
287900	listing
287904	listing
287907	listing
287911	listing
287915	listing
287919	listing
287923	listing
287927	listing
287930	listing
287931	listing
287934	numeric-alias
287935	numeric-alias
287936	numeric-alias
287937	numeric-alias
287939	numeric-alias
287941	numeric-alias
287943	numeric-alias
287944	numeric-alias
287946	numeric-alias
287947	numeric-alias
287948	numeric-alias
287949	numeric-alias
287950	numeric-alias
287951	numeric-alias
287953	numeric-alias
287955	numeric-alias
287956	numeric-alias
287958	numeric-alias
287959	numeric-alias
287960	numeric-alias
287961	numeric-alias
287962	numeric-alias
287963	numeric-alias
287964	numeric-alias
287965	numeric-alias
287966	numeric-alias
287967	numeric-alias
287968	numeric-alias
287969	numeric-alias
287970	numeric-alias
287972	url-variant
287973	inventory
287974	inventory
287975	inventory
287976	inventory
287977	inventory
287978	inventory
287979	inventory
287980	inventory
287981	inventory
287982	inventory
287983	inventory
287984	inventory
287985	inventory
287986	inventory
287987	inventory
287988	inventory
287989	inventory
287990	inventory
287991	url-variant
287992	listing
287993	listing
287994	listing
287995	listing
287996	listing
287997	listing
287998	listing
287999	listing
288000	listing
288001	listing
288002	listing
288003	listing
288004	listing
288005	listing
288006	listing
288007	listing
288008	listing
288009	listing
288010	listing
288011	listing
288012	listing
288013	listing
288014	listing
288015	listing
288016	listing
288017	listing
288018	listing
288019	listing
288020	listing
288021	listing
288022	listing
288023	listing
288024	listing
288025	listing
288026	listing
288027	listing
288028	listing
288029	listing
288030	listing
288031	listing
288033	listing
288034	listing
288035	listing
288036	listing
288037	listing
288038	listing
288039	listing
288040	listing
288041	listing
288042	listing
288043	listing
288044	listing
288045	listing
288046	listing
288047	listing
288048	listing
288049	listing
288050	listing
288051	listing
288052	listing
288053	listing
288054	listing
288055	listing
288056	listing
288057	listing
288058	listing
288059	listing
288060	listing
288061	listing
288062	listing
288063	listing
288064	listing
288065	listing
288066	listing
288067	listing
288068	listing
288069	listing
288070	listing
288071	listing
288072	listing
288073	listing
288074	listing
288075	listing
288076	listing
288077	listing
288078	listing
288079	listing
288080	listing
288081	listing
288082	listing
288083	listing
288084	listing
288085	listing
288086	listing
288087	listing
288088	listing
288089	listing
288090	listing
288091	listing
288092	listing
288093	listing
288094	listing
288095	listing
288096	listing
288097	listing
288098	listing
288099	listing
288100	listing
288101	listing
288102	listing
288103	listing
288104	listing
288105	listing
288106	listing
288107	listing
288108	listing
288109	listing
288110	listing
288111	listing
288113	listing
288114	listing
288115	listing
288116	listing
288117	listing
288118	listing
288119	listing
288120	listing
288121	listing
288122	listing
288123	listing
288124	listing
288125	listing
288126	listing
288127	listing
288128	listing
288129	listing
288130	listing
288131	listing
288132	listing
288133	listing
288134	listing
288135	listing
288136	listing
288137	listing
288138	listing
288139	listing
288140	listing
288141	listing
288142	listing
288143	listing
288144	listing
288145	listing
288146	listing
288147	listing
288148	listing
288149	listing
288150	listing
288151	listing
288152	listing
288153	listing
288154	listing
288155	listing
288156	listing
288157	listing
288158	listing
288159	listing
288160	listing
288161	listing
288162	listing
288163	listing
288164	listing
288165	listing
288166	listing
288167	listing
288168	listing
288169	listing
288170	listing
288171	listing
288172	listing
288173	listing
288174	listing
288175	listing
288176	listing
288177	listing
288178	listing
288179	listing
288180	listing
288181	listing
288182	listing
288183	listing
288184	listing
288185	listing
288186	listing
288187	listing
288188	listing
288189	listing
288190	listing
288191	listing
288192	listing
288193	listing
288194	listing
288195	listing
288196	listing
288197	listing
288198	listing
288199	listing
288200	listing
288201	listing
288202	listing
288203	listing
288204	listing
288205	listing
288206	listing
288207	listing
288208	listing
288209	listing
288210	listing
288211	listing
288212	listing
288213	listing
288214	listing
288215	listing
288216	listing
288217	listing
288218	listing
288219	listing
288220	listing
288221	listing
288222	listing
288223	listing
288224	listing
288225	listing
288226	listing
288227	listing
288228	listing
288229	listing
288230	listing
288231	listing
288232	listing
288233	listing
288234	listing
288235	listing
288236	listing
288237	listing
288238	listing
288239	listing
288240	listing
288241	listing
288242	listing
288243	listing
288244	listing
288245	listing
288246	listing
288247	listing
288248	listing
288249	listing
288250	listing
288251	listing
288252	listing
288253	listing
288254	listing
288255	listing
288256	listing
288257	listing
288258	listing
288259	listing
288260	listing
288261	listing
288262	listing
288263	listing
288264	listing
288265	listing
288266	listing
288267	listing
288268	listing
288269	listing
288270	listing
288271	listing
288272	listing
288273	listing
288274	listing
288275	listing
288276	listing
288277	listing
288278	listing
288279	listing
288280	listing
288281	listing
288282	listing
288283	listing
288284	listing
288285	listing
288286	listing
288287	listing
288288	listing
288289	listing
288290	listing
288291	listing
288292	listing
288293	listing
288294	listing
288295	listing
288296	listing
288297	listing
288298	listing
288299	listing
288300	listing
288301	listing
288302	listing
288303	listing
288304	listing
288305	listing
288306	listing
288307	listing
288308	listing
288309	listing
288310	listing
288311	listing
288312	listing
288313	listing
288314	listing
288315	listing
288316	listing
288317	listing
288318	listing
288319	listing
288320	listing
288321	listing
288322	listing
288323	listing
288324	listing
288325	listing
288326	listing
288327	listing
288328	listing
288329	listing
288330	listing
288331	listing
288332	listing
288333	listing
288334	listing
288335	listing
288336	listing
288337	listing
288338	listing
288339	listing
288340	listing
288341	listing
288342	listing
288343	listing
288344	listing
288345	listing
288346	listing
288347	listing
288348	listing
288349	listing
288350	listing
288351	listing
288352	listing
288353	listing
288354	listing
288355	listing
288356	listing
288357	listing
288358	listing
288359	listing
288360	listing
288361	listing
288362	listing
288363	listing
288364	listing
288365	listing
288366	listing
288367	listing
288368	listing
288369	listing
288370	listing
288371	listing
288372	listing
288373	listing
288374	listing
288375	listing
288376	listing
288377	listing
288378	listing
288379	listing
288380	listing
288381	listing
288382	listing
288383	listing
288384	listing
288385	listing
288386	listing
288387	listing
288388	listing
288389	listing
288390	listing
288391	listing
288392	listing
288393	listing
288394	listing
288395	listing
288396	listing
288397	listing
288398	listing
288399	listing
288400	listing
288401	listing
288402	listing
288403	listing
288404	listing
288405	listing
288406	listing
288407	listing
288408	listing
288409	listing
288410	listing
288411	listing
288412	listing
288413	listing
288414	listing
288415	listing
288416	listing
288417	listing
288418	listing
288419	listing
288420	listing
288421	listing
288422	listing
288423	listing
288424	listing
288425	listing
288426	listing
288427	listing
288428	listing
288429	listing
288430	listing
288431	listing
288432	listing
288433	listing
288434	listing
288435	listing
288436	listing
288437	listing
288438	listing
288439	listing
288440	listing
288441	listing
288442	listing
288443	listing
288444	listing
288445	listing
288446	listing
288447	listing
288448	listing
288449	listing
288450	listing
288451	listing
288452	listing
288453	listing
288454	listing
288455	listing
288456	listing
288457	listing
288458	listing
288459	listing
288460	listing
288461	listing
288462	listing
288463	listing
288464	listing
288465	listing
288466	listing
288467	listing
288468	listing
288469	listing
288470	listing
288471	listing
288472	listing
288473	listing
288474	listing
288475	listing
288476	listing
288477	listing
288478	listing
288479	listing
288480	listing
288481	listing
288482	listing
288483	listing
288484	listing
288485	listing
288486	listing
288487	listing
288488	listing
288489	listing
288490	listing
288491	listing
288492	listing
288493	listing
288494	listing
288495	listing
288496	listing
288497	listing
288498	listing
288499	listing
288500	listing
288501	listing
288502	listing
288503	listing
288504	listing
288505	listing
288506	listing
288507	listing
288508	listing
288509	listing
288510	listing
288511	listing
288512	listing
288513	listing
288514	listing
288515	listing
288516	listing
288517	listing
288518	listing
288519	listing
288520	listing
288521	listing
288522	listing
288523	listing
288524	listing
288525	listing
288526	listing
288527	listing
288528	listing
288529	listing
288530	listing
288531	listing
288532	listing
288533	listing
288534	listing
288535	listing
288536	listing
288537	listing
288538	listing
288539	listing
288540	listing
288541	listing
288542	listing
288543	listing
288544	listing
288545	listing
288546	listing
288547	listing
288548	listing
288549	listing
288550	listing
288552	listing
288553	listing
288554	listing
288555	listing
288556	listing
288557	listing
288558	listing
288559	listing
288560	listing
288561	listing
288562	listing
288563	listing
288564	listing
288565	listing
288566	listing
288567	listing
288568	listing
288569	listing
288570	listing
288571	listing
288572	listing
288573	listing
288574	listing
288575	listing
288576	listing
288577	listing
288578	listing
288579	listing
288580	listing
288581	listing
288582	listing
288583	listing
288584	listing
288585	listing
288586	listing
288587	listing
288588	listing
288589	listing
288590	listing
288591	listing
288592	listing
288593	listing
288594	listing
288595	listing
288596	listing
288597	listing
288598	listing
288599	listing
288600	listing
288601	listing
288602	listing
288603	listing
288604	listing
288605	listing
288606	listing
288607	listing
288608	listing
288609	listing
288610	listing
288611	listing
288612	listing
288613	listing
288614	listing
288615	listing
288616	listing
288617	listing
288618	listing
288619	listing
288620	listing
288621	listing
288622	listing
288623	listing
288624	listing
288625	listing
288626	listing
288627	listing
288628	listing
288629	listing
288630	listing
288631	listing
288632	listing
288633	listing
288634	listing
288635	listing
288636	listing
288637	listing
288638	listing
288639	listing
288640	listing
288641	listing
288642	listing
288643	listing
288644	listing
288645	listing
288646	listing
288647	listing
288648	listing
288649	listing
288650	listing
288651	listing
288652	listing
288653	listing
288654	listing
288655	listing
288656	listing
288657	listing
288658	listing
288659	listing
288660	listing
288661	listing
288662	listing
288663	listing
288664	listing
288665	listing
288666	listing
288667	listing
288668	listing
288669	listing
288670	listing
288671	listing
288672	listing
288673	listing
288674	listing
288675	listing
288676	listing
288677	listing
288678	listing
288679	listing
288680	listing
288681	listing
288682	listing
288683	listing
288684	listing
288685	listing
288686	listing
288687	listing
288688	listing
288689	listing
288690	listing
288691	listing
288692	listing
288693	listing
288694	listing
288695	listing
288696	listing
288697	listing
288698	listing
288699	listing
288700	listing
288701	listing
288702	listing
288703	listing
288704	listing
288705	listing
288706	listing
288707	listing
288708	listing
288709	listing
288710	listing
288711	listing
288712	listing
288713	listing
288714	listing
288715	listing
288716	listing
288717	listing
288718	listing
288719	listing
288720	listing
288721	listing
288722	listing
288723	listing
288724	listing
288725	listing
288726	listing
288727	listing
288728	listing
288729	listing
288730	listing
288731	listing
288732	listing
288733	listing
288734	listing
288735	listing
288736	listing
288737	listing
288738	listing
288739	listing
288740	listing
288741	listing
288742	listing
288743	listing
288744	listing
288745	listing
288746	listing
288747	listing
288748	listing
288749	listing
288750	listing
288751	listing
288752	listing
288753	listing
288754	listing
288755	listing
288756	listing
288757	listing
288758	listing
288759	listing
288760	listing
288761	listing
288762	listing
288763	listing
288764	listing
288765	listing
288766	listing
288767	listing
288768	listing
288769	listing
288770	listing
288771	listing
288772	listing
288773	listing
288774	listing
288775	listing
288776	listing
288777	listing
288778	listing
288779	listing
288780	listing
288781	listing
288782	listing
288783	listing
288784	listing
288785	listing
288786	listing
288787	listing
288788	listing
288789	listing
288790	listing
288791	listing
288792	listing
288793	listing
288794	listing
288795	listing
288796	listing
288797	listing
288798	listing
288799	listing
288800	listing
288801	listing
288802	listing
288803	listing
288804	listing
288805	listing
288806	listing
288807	listing
288808	listing
288809	listing
288810	listing
288811	listing
288812	listing
288813	listing
288814	listing
288815	listing
288816	listing
288817	listing
288818	listing
288819	listing
288820	listing
288821	listing
288822	listing
288823	listing
288824	listing
288825	listing
288826	listing
288827	listing
288828	listing
288829	listing
288830	listing
288831	listing
288832	listing
288833	listing
288834	listing
288835	listing
288836	listing
288837	listing
288838	listing
288839	listing
288840	listing
288841	listing
288842	listing
288843	listing
288844	listing
288845	listing
288846	listing
288847	listing
288848	listing
288849	listing
288850	listing
288851	listing
288852	listing
288853	listing
288854	listing
288855	listing
288856	listing
288857	listing
288858	listing
288859	listing
288860	listing
288861	listing
288862	listing
288863	listing
288864	listing
288865	listing
288866	listing
288867	listing
288868	listing
288869	listing
288870	listing
288871	listing
288872	listing
288873	listing
288874	listing
288875	listing
288876	listing
288877	listing
288878	listing
288879	listing
288880	listing
288881	listing
288882	listing
288883	listing
288884	listing
288885	listing
288886	listing
288887	listing
288888	listing
288889	listing
288890	listing
288891	listing
288892	listing
288893	listing
288894	listing
288895	listing
288896	listing
288897	listing
288898	listing
288899	listing
288900	listing
288901	listing
288902	listing
288903	listing
288904	listing
288905	listing
288906	listing
288907	listing
288908	listing
288909	listing
288910	listing
288911	listing
288912	listing
288913	listing
288914	listing
288915	listing
288916	listing
288917	listing
288918	listing
288919	listing
288920	listing
288921	listing
288922	listing
288923	listing
288924	listing
288925	listing
288926	listing
288927	listing
288928	listing
288929	listing
288930	listing
288931	listing
288932	listing
288933	listing
288934	listing
288935	listing
288936	listing
288937	listing
288938	listing
288939	listing
288940	listing
288941	listing
288942	listing
288943	listing
288944	listing
288945	listing
288946	listing
288947	listing
288948	listing
288949	listing
288950	listing
288951	listing
288952	listing
288953	listing
288954	listing
288955	listing
288956	listing
288957	listing
288958	listing
288959	listing
288960	listing
288961	listing
288962	listing
288963	listing
288964	listing
288965	listing
288966	listing
288967	listing
288968	listing
288969	listing
288970	listing
288971	listing
288972	listing
288973	listing
288974	listing
288975	listing
288976	listing
288977	listing
288978	listing
288979	listing
288980	listing
288981	listing
288982	listing
288983	listing
288984	listing
288985	listing
288986	listing
288987	listing
288988	listing
288989	listing
288990	listing
288991	listing
288992	listing
288993	listing
288994	listing
288995	listing
288996	listing
288997	listing
288998	listing
288999	listing
289000	listing
289001	listing
289002	listing
289003	listing
289004	listing
289005	listing
289006	listing
289007	listing
289008	listing
289009	listing
289010	listing
289011	listing
289012	listing
289013	listing
289014	listing
289015	listing
289016	listing
289017	listing
289018	listing
289019	listing
289020	listing
289021	listing
289022	listing
289023	listing
289024	listing
289025	listing
289026	listing
289027	listing
289028	listing
289029	listing
289030	listing
289031	listing
289032	listing
289033	listing
289034	listing
289035	listing
289036	listing
289037	listing
289038	listing
289039	listing
289040	listing
289041	listing
289042	listing
289043	listing
289044	listing
289045	listing
289046	listing
289047	listing
289048	listing
289049	listing
289050	listing
289051	listing
289052	listing
289053	listing
289054	listing
289055	listing
289056	listing
289057	listing
289058	listing
289059	listing
289060	listing
289061	listing
289062	listing
289063	listing
289064	listing
289065	listing
289066	listing
289067	listing
289068	listing
289069	listing
289070	listing
289071	listing
289072	listing
289074	listing
289076	listing
289078	listing
289080	listing
289082	listing
289084	listing
289086	listing
289088	listing
289090	listing
289092	listing
289094	listing
289095	listing
289096	listing
289097	listing
289099	listing
289100	listing
289101	listing
289102	listing
289104	listing
289106	listing
289108	listing
289110	listing
289111	listing
289112	listing
289113	listing
289114	listing
289115	listing
289116	listing
289118	listing
289120	listing
289122	listing
289124	listing
289126	listing
289128	listing
289130	listing
289132	listing
289134	listing
289136	listing
289138	listing
289139	listing
289141	listing
289143	listing
289144	listing
289145	listing
289147	listing
289149	listing
289151	listing
289153	listing
289155	listing
289157	listing
289159	listing
289161	listing
289163	listing
289165	listing
289167	listing
289169	listing
289170	listing
289172	listing
289175	listing
289177	listing
289178	listing
289181	listing
289184	listing
289187	listing
289190	listing
289192	listing
289195	listing
289198	listing
289201	listing
289203	listing
289204	listing
289206	listing
289207	listing
289210	listing
289213	listing
289216	listing
289219	listing
289222	listing
289225	listing
289228	listing
289231	listing
289234	listing
289237	listing
289238	listing
289239	listing
289240	listing
289241	listing
289242	listing
289244	listing
289247	listing
289250	listing
289253	listing
289254	listing
289257	listing
289259	listing
289262	listing
289265	listing
289268	listing
289270	listing
289272	listing
289274	listing
289277	listing
289280	listing
289281	listing
289283	listing
289286	listing
289289	listing
289292	listing
289295	listing
289298	listing
289300	listing
289303	listing
289305	listing
289307	listing
289309	listing
289311	listing
289313	listing
289315	listing
289318	listing
289321	listing
289324	listing
289327	listing
289330	listing
289333	listing
289336	listing
289338	listing
289339	listing
289341	listing
289343	listing
289346	listing
289347	listing
289349	listing
289351	listing
289354	listing
289357	listing
289360	listing
289363	listing
289365	listing
289367	listing
289370	listing
289373	listing
289375	listing
289378	listing
289380	listing
289383	listing
289385	listing
289388	listing
289391	listing
289394	listing
289397	listing
289400	listing
289403	listing
289404	listing
289405	listing
289407	listing
289410	listing
289411	listing
289412	listing
289414	listing
289417	listing
289420	listing
289422	listing
289425	listing
289427	listing
289430	listing
289433	listing
289434	listing
289436	listing
289439	listing
289442	listing
289445	listing
289448	listing
289451	listing
289453	listing
289454	listing
289457	listing
289460	listing
289463	listing
289466	listing
289469	listing
289472	listing
289475	listing
289477	listing
289480	listing
289483	listing
289486	listing
289488	listing
289491	listing
289494	listing
289497	listing
289499	listing
289502	listing
289503	listing
289505	listing
289507	listing
289509	listing
289510	listing
289513	listing
289516	listing
289518	listing
289521	listing
289524	listing
289527	listing
289530	listing
289533	listing
289536	listing
289537	listing
289539	listing
289542	listing
289543	listing
289544	listing
289547	listing
289550	listing
289551	listing
289554	listing
289557	listing
289560	listing
289563	listing
289566	listing
289569	listing
289572	listing
289574	listing
289575	listing
289578	listing
289581	listing
289584	listing
289587	listing
289590	listing
289593	listing
289596	listing
289599	listing
289602	listing
289605	listing
289608	listing
289609	listing
289612	listing
289614	listing
289617	listing
289620	listing
289623	listing
289626	listing
289629	listing
289632	listing
289635	listing
289638	listing
289641	listing
289642	listing
289644	listing
289646	listing
289648	listing
289649	listing
289652	listing
289653	listing
289654	listing
289657	listing
289660	listing
289663	listing
289666	listing
289669	listing
289672	listing
289675	listing
289678	listing
289680	listing
289683	listing
289686	listing
289688	listing
289691	listing
289694	listing
289697	listing
289700	listing
289703	listing
289706	listing
289709	listing
289712	listing
289714	listing
289717	listing
289719	listing
289722	listing
289725	listing
289728	listing
289731	listing
289734	listing
289737	listing
289740	listing
289743	listing
289746	listing
289749	listing
289750	listing
289753	listing
289756	listing
289759	listing
289762	listing
289764	listing
289765	listing
289767	listing
289770	listing
289771	listing
289774	listing
289776	listing
289779	listing
289782	listing
289785	listing
289788	listing
289791	listing
289794	listing
289795	listing
289798	listing
289801	listing
289802	listing
289804	listing
289807	listing
289810	listing
289813	listing
289816	listing
289819	listing
289822	listing
289823	listing
289825	listing
289826	listing
289827	listing
289829	listing
289830	listing
289833	listing
289836	listing
289838	listing
289842	listing
289845	listing
289848	listing
289851	listing
289853	listing
289854	listing
289855	listing
289858	listing
289860	listing
289862	listing
289864	listing
289866	listing
289868	listing
289871	listing
289874	listing
289877	listing
289880	listing
289883	listing
289886	listing
289889	listing
289890	listing
289892	listing
289893	listing
289895	listing
289896	listing
289899	listing
289902	listing
289903	listing
289906	listing
289909	listing
289912	listing
289915	listing
289918	listing
289921	listing
289922	listing
289925	listing
289928	listing
289932	listing
289936	listing
289940	listing
289944	listing
289948	listing
289952	listing
289956	listing
289960	listing
289963	listing
289964	listing
289967	listing
289971	listing
289975	listing
289977	listing
289981	listing
289984	listing
289987	listing
289990	listing
289991	listing
289994	listing
289996	listing
289998	listing
290001	listing
290003	listing
290007	listing
290011	listing
290015	listing
290019	listing
290022	listing
290025	listing
290029	listing
290030	listing
290033	listing
290034	listing
290037	listing
290040	listing
290042	listing
290045	listing
290049	listing
290053	listing
290056	listing
290060	listing
290064	listing
290067	listing
290069	listing
290071	listing
290073	listing
290074	listing
290078	listing
290080	listing
290083	listing
290086	listing
290090	listing
290091	listing
290092	listing
290096	listing
290100	listing
290104	listing
290108	listing
290112	listing
290116	listing
290120	listing
290124	listing
290128	listing
290130	listing
290132	listing
290134	listing
290136	listing
290138	listing
290140	listing
290141	listing
290144	listing
290148	listing
290152	listing
290156	listing
290160	listing
290163	listing
290167	listing
290171	listing
290175	listing
290178	listing
290180	listing
290184	listing
290188	listing
290192	listing
290196	listing
290200	listing
290204	listing
290208	listing
290212	listing
290216	listing
290218	listing
290221	listing
290224	listing
290228	listing
290232	listing
290236	listing
290240	listing
290241	listing
290243	listing
290245	listing
290248	listing
290249	listing
290250	listing
290254	listing
290256	listing
290259	listing
290263	listing
290267	listing
290271	listing
290273	listing
290277	listing
290281	listing
290285	listing
290289	listing
290293	listing
290299	listing
290303	listing
290305	listing
290307	listing
290310	listing
290313	listing
290316	listing
290320	listing
290322	listing
290323	listing
290326	listing
290328	listing
290332	listing
290336	listing
290340	listing
290341	listing
290345	listing
290349	listing
290353	listing
290357	listing
290361	listing
290365	listing
290369	listing
290373	listing
290377	listing
290381	listing
290385	listing
290386	listing
290389	listing
290390	listing
290392	listing
290396	listing
290400	listing
290404	listing
290408	listing
290409	listing
290413	listing
290415	listing
290418	listing
290421	listing
290423	listing
290427	listing
290430	listing
290434	listing
290438	listing
290442	listing
290445	listing
290449	listing
290452	listing
290454	listing
290456	listing
290457	listing
290459	listing
290461	listing
290462	listing
290464	listing
290466	listing
290469	listing
290473	listing
290477	listing
290481	listing
290484	listing
290487	listing
290490	listing
290491	listing
290494	listing
290502	listing
290506	listing
290510	listing
290514	listing
290518	listing
290522	listing
290523	listing
290526	listing
290528	listing
290531	listing
290532	listing
290533	listing
290534	listing
290536	listing
290537	listing
290540	listing
290541	listing
290545	listing
290549	listing
290553	listing
290557	listing
290561	listing
290565	listing
290569	listing
290570	listing
290572	listing
290573	listing
290576	listing
290579	listing
290582	listing
290585	listing
290589	listing
290592	listing
290596	listing
290600	listing
290602	listing
290606	listing
290610	listing
290611	listing
290614	listing
290616	listing
290618	listing
290622	listing
290624	listing
290626	listing
290627	listing
290628	listing
290630	listing
290634	listing
290638	listing
290642	listing
290643	listing
290647	listing
290650	listing
290654	listing
290655	listing
290656	listing
290658	listing
290661	listing
290665	listing
290668	listing
290671	listing
290672	listing
290676	listing
290680	listing
290684	listing
290688	listing
290692	listing
290696	listing
290700	listing
290704	listing
290708	listing
290712	listing
290716	listing
290720	listing
290724	listing
290726	listing
290730	listing
290734	listing
290738	listing
290741	listing
290744	listing
290746	listing
290747	listing
290749	listing
290752	listing
290756	listing
290758	listing
290762	listing
290766	listing
290768	listing
290771	listing
290772	listing
290776	listing
290779	listing
290783	listing
290784	listing
290788	listing
290792	listing
290794	listing
290797	listing
290801	listing
290805	listing
290809	listing
290813	listing
290817	listing
290818	listing
290822	listing
290826	listing
290830	listing
290834	listing
290838	listing
290842	listing
290846	listing
290850	listing
290852	listing
290854	listing
290855	listing
290859	listing
290861	listing
290865	listing
290866	listing
290868	listing
290869	listing
290872	listing
290875	listing
290876	listing
290880	listing
290884	listing
290888	listing
290893	listing
290894	listing
290895	listing
290898	listing
290901	listing
290902	listing
290903	listing
290907	listing
290909	listing
290911	listing
290912	listing
290916	listing
290920	listing
290925	listing
290929	listing
290934	listing
290938	listing
290939	listing
290942	listing
290947	listing
290951	listing
290954	listing
290957	listing
290961	listing
290963	listing
290967	listing
290968	listing
290973	listing
290977	listing
290981	listing
290985	listing
290990	listing
290994	listing
290998	listing
291002	listing
291007	listing
291012	listing
291015	listing
291021	listing
291022	listing
291025	listing
291029	listing
291033	listing
291035	listing
291039	listing
291040	listing
291042	listing
291043	listing
291045	listing
291047	listing
291050	listing
291053	listing
291057	listing
291058	listing
291062	listing
291063	listing
291067	listing
291072	listing
291076	listing
291081	listing
291086	listing
291091	listing
291095	listing
291099	listing
291103	listing
291107	listing
291111	listing
291115	listing
291120	listing
291121	listing
291123	listing
291126	listing
291130	listing
291135	listing
291139	listing
291141	listing
291143	listing
291144	listing
291147	listing
291150	listing
291155	listing
291157	listing
291160	listing
291165	listing
291171	listing
291176	listing
291181	listing
291184	listing
291188	listing
291192	listing
291195	listing
291199	listing
291204	listing
291208	listing
291213	listing
291216	listing
291221	listing
291226	listing
291231	listing
291236	listing
291241	listing
291244	listing
291246	listing
291250	listing
291255	listing
291260	listing
291265	listing
291269	listing
291273	listing
291275	listing
291279	listing
291283	listing
291288	listing
291292	listing
291296	listing
291299	listing
291301	listing
291304	listing
291306	listing
291308	listing
291310	listing
291312	listing
291314	listing
291316	listing
291319	listing
291324	listing
291330	listing
291334	listing
291335	listing
291337	listing
291342	listing
291343	listing
291349	listing
291354	listing
291358	listing
291363	listing
291366	listing
291371	listing
291376	listing
291380	listing
291385	listing
291390	listing
291396	listing
291398	listing
291400	listing
291405	listing
291410	listing
291413	listing
291416	listing
291419	listing
291422	listing
291425	listing
291428	listing
291431	listing
291433	listing
291438	listing
291441	listing
291443	listing
291445	listing
291447	listing
291451	listing
291455	listing
291458	listing
291462	listing
291466	listing
291470	listing
291474	listing
291478	listing
291480	listing
291483	listing
291485	listing
291489	listing
291493	listing
291497	listing
291502	listing
291505	listing
291507	listing
291512	listing
291518	listing
291519	listing
291521	listing
291523	listing
291529	listing
291531	listing
291535	listing
291539	listing
291543	listing
291545	listing
291549	listing
291554	listing
291558	listing
291562	listing
291567	listing
291572	listing
291575	listing
291581	listing
291582	listing
291587	listing
291592	listing
291596	listing
291600	listing
291604	listing
291607	listing
291611	listing
291615	listing
291621	listing
291623	listing
291627	listing
291630	listing
291635	listing
291639	listing
291642	listing
291647	listing
291651	listing
291655	listing
291657	listing
291660	listing
291662	listing
291663	listing
291666	listing
291670	listing
291675	listing
291678	listing
291682	listing
291686	listing
291691	listing
291695	listing
291700	listing
291701	listing
291703	listing
291710	listing
291715	listing
291720	listing
291722	listing
291726	listing
291730	listing
291736	listing
291740	listing
291742	listing
291744	listing
291748	listing
291750	listing
291751	listing
291753	listing
291757	listing
291761	listing
291767	listing
291771	listing
291773	listing
291776	listing
291779	listing
291782	listing
291783	listing
291786	listing
291788	listing
291791	listing
291795	listing
291798	listing
291801	listing
291803	listing
291806	listing
291808	listing
291809	listing
291812	listing
291814	listing
291816	listing
291820	listing
291825	listing
291830	listing
291835	listing
291837	listing
291840	listing
291842	listing
291843	listing
291847	listing
291850	listing
291852	listing
291856	listing
291861	listing
291866	listing
291871	listing
291876	listing
291880	listing
291886	listing
291889	listing
291891	listing
291892	listing
291896	listing
291898	listing
291899	listing
291905	listing
291909	listing
291915	listing
291921	listing
291925	listing
291927	listing
291930	listing
291932	listing
291934	listing
291937	listing
291940	listing
291942	listing
291945	listing
291949	listing
291954	listing
291958	listing
291961	listing
291965	listing
291970	listing
291974	listing
291979	listing
291981	listing
291986	listing
291991	listing
291996	listing
292001	listing
292004	listing
292008	listing
292012	listing
292016	listing
292019	listing
292023	listing
292027	listing
292032	listing
292033	listing
292038	listing
292045	listing
292054	listing
292063	listing
292069	listing
292076	listing
292082	listing
292087	listing
292094	listing
292100	listing
292101	listing
292105	listing
292107	listing
292111	listing
292113	listing
292117	listing
292121	listing
292125	listing
292129	listing
292135	listing
292137	listing
292138	listing
292139	listing
292141	listing
292144	listing
292147	listing
292149	listing
292157	listing
292163	listing
292169	listing
292173	listing
292178	listing
292180	listing
292186	listing
292193	listing
292198	listing
292201	listing
292204	listing
292208	listing
292213	listing
292217	listing
292221	listing
292227	listing
292235	listing
292241	listing
292244	listing
292246	listing
292251	listing
292253	listing
292259	listing
292264	listing
292265	listing
292267	listing
292269	listing
292270	listing
292272	listing
292274	listing
292279	listing
292281	listing
292286	listing
292289	listing
292293	listing
292298	listing
292299	listing
292301	listing
292303	listing
292307	listing
292310	listing
292314	listing
292320	listing
292325	listing
292330	listing
292334	listing
292340	listing
292343	listing
292346	listing
292350	listing
292352	listing
292358	listing
292364	listing
292368	listing
292372	listing
292377	listing
292382	listing
292387	listing
292394	listing
292398	listing
292404	listing
292406	listing
292411	listing
292416	listing
292420	listing
292424	listing
292430	listing
292435	listing
292441	listing
292446	listing
292452	listing
292459	listing
292462	listing
292463	listing
292470	listing
292474	listing
292476	listing
292483	listing
292488	listing
292490	listing
292492	listing
292495	listing
292497	listing
292500	listing
292503	listing
292507	listing
292512	listing
292516	listing
292521	listing
292524	listing
292528	listing
292534	listing
292539	listing
292540	listing
292542	listing
292548	listing
292551	listing
292555	listing
292558	listing
292562	listing
292567	listing
292574	listing
292580	listing
292584	listing
292588	listing
292594	listing
292600	listing
292606	listing
292610	listing
292616	listing
292622	listing
292627	listing
292633	listing
292639	listing
292644	listing
292647	listing
292653	listing
292659	listing
292662	listing
292667	listing
292673	listing
292679	listing
292684	listing
292686	listing
292688	listing
292692	listing
292695	listing
292700	listing
292703	listing
292710	listing
292714	listing
292716	listing
292718	listing
292723	listing
292729	listing
292735	listing
292741	listing
292744	listing
292746	listing
292748	listing
292750	listing
292752	listing
292753	listing
292756	listing
292760	listing
292764	listing
292769	listing
292770	listing
292774	listing
292779	listing
292780	listing
292782	listing
292786	listing
292790	listing
292797	listing
292803	listing
292805	listing
292810	listing
292816	listing
292820	listing
292825	listing
292828	listing
292833	listing
292838	listing
292842	listing
292845	listing
292846	listing
292851	listing
292857	listing
292862	listing
292866	listing
292871	listing
292873	listing
292879	listing
292885	listing
292889	listing
292895	listing
292898	listing
292903	listing
292904	listing
292905	listing
292910	listing
292911	listing
292914	listing
292920	listing
292924	listing
292928	listing
292934	listing
292937	listing
292941	listing
292943	listing
292948	listing
292952	listing
292954	listing
292956	listing
292961	listing
292963	listing
292964	listing
292967	listing
292971	listing
292977	listing
292989	listing
292992	listing
292995	listing
292998	listing
293003	listing
293006	listing
293011	listing
293018	listing
293026	listing
293030	listing
293033	listing
293039	listing
293043	listing
293047	listing
293051	listing
293055	listing
293059	listing
293060	listing
293065	listing
293068	listing
293073	listing
293079	listing
293081	listing
293086	listing
293090	listing
293093	listing
293098	listing
293103	listing
293109	listing
293114	listing
293116	listing
293118	listing
293120	listing
293125	listing
293131	listing
293139	listing
293145	listing
293149	listing
293156	listing
293159	listing
293165	listing
293172	listing
293179	listing
293185	listing
293193	listing
293199	listing
293205	listing
293209	listing
293213	listing
293219	listing
293226	listing
293230	listing
293237	listing
293241	listing
293251	listing
293256	listing
293261	listing
293267	listing
293270	listing
293277	listing
293282	listing
293285	listing
293289	listing
293292	listing
293297	listing
293301	listing
293307	listing
293311	listing
293317	listing
293320	listing
293324	listing
293328	listing
293333	listing
293341	listing
293347	listing
293350	listing
293356	listing
293363	listing
293370	listing
293378	listing
293387	listing
293392	listing
293399	listing
293407	listing
293416	listing
293424	listing
293431	listing
293440	listing
293447	listing
293453	listing
293463	listing
293468	listing
293475	listing
293481	listing
293488	listing
293493	listing
293499	listing
293503	listing
293508	listing
293515	listing
293517	listing
293524	listing
293526	listing
293528	listing
293531	listing
293534	listing
293537	listing
293541	listing
293543	listing
293545	listing
293549	listing
293553	listing
293560	listing
293565	listing
293573	listing
293579	listing
293583	listing
293590	listing
293597	listing
293604	listing
293611	listing
293618	listing
293622	listing
293625	listing
293629	listing
293635	listing
293643	listing
293648	listing
293653	listing
293659	listing
293665	listing
293669	listing
293674	listing
293677	listing
293684	listing
293693	listing
293701	listing
293708	listing
293713	listing
293719	listing
293723	listing
293730	listing
293732	listing
293738	listing
293743	listing
293749	listing
293755	listing
293759	listing
293765	listing
293770	listing
293777	listing
293784	listing
293788	listing
293794	listing
293801	listing
293806	listing
293814	listing
293821	listing
293827	listing
293832	listing
293838	listing
293844	listing
293851	listing
293858	listing
293862	listing
293868	listing
293871	listing
293875	listing
293883	listing
293890	listing
293896	listing
293900	listing
293907	listing
293914	listing
293917	listing
293923	listing
293929	listing
293933	listing
293939	listing
293943	listing
293949	listing
293954	listing
293959	listing
293961	listing
293965	listing
293967	listing
293969	listing
293972	listing
293976	listing
293980	listing
293982	listing
293986	listing
293992	listing
293996	listing
294001	listing
294004	listing
294011	listing
294016	listing
294023	listing
294033	listing
294037	listing
294045	listing
294052	listing
294056	listing
294063	listing
294071	listing
294078	listing
294082	listing
294088	listing
294095	listing
294100	listing
294107	listing
294112	listing
294117	listing
294124	listing
294127	listing
294133	listing
294138	listing
294143	listing
294148	listing
294151	listing
294157	listing
294164	listing
294172	listing
294181	listing
294186	listing
294195	listing
294202	listing
294207	listing
294212	listing
294215	listing
294219	listing
294227	listing
294232	listing
294242	listing
294246	listing
294253	listing
294260	listing
294264	listing
294268	listing
294276	listing
294283	listing
294292	listing
294299	listing
294304	listing
294314	listing
294319	listing
294322	listing
294326	listing
294327	listing
294331	listing
294338	listing
294345	listing
294348	listing
294351	listing
294354	listing
294360	listing
294361	listing
294369	listing
294378	listing
294385	listing
294390	listing
294394	listing
294399	listing
294406	listing
294413	listing
294417	listing
294420	listing
294422	listing
294428	listing
294429	listing
294436	listing
294438	listing
294445	listing
294452	listing
294459	listing
294460	listing
294463	listing
294468	listing
294473	listing
294479	listing
294485	listing
294492	listing
294498	listing
294501	listing
294506	listing
294512	listing
294519	listing
294525	listing
294526	listing
294532	listing
294534	listing
294538	listing
294541	listing
294547	listing
294551	listing
294556	listing
294562	listing
294566	listing
294569	listing
294572	listing
294579	listing
294582	listing
294588	listing
294591	listing
294598	listing
294605	listing
294610	listing
294613	listing
294620	listing
294627	listing
294631	listing
294638	listing
294645	listing
294652	listing
294653	listing
294659	listing
294661	listing
294668	listing
294673	listing
294678	listing
294684	listing
294691	listing
294698	listing
294705	listing
294715	listing
294719	listing
294722	listing
294723	listing
294727	listing
294728	listing
294733	listing
294737	listing
294741	listing
294745	listing
294748	listing
294751	listing
294754	listing
294757	listing
294764	listing
294765	listing
294769	listing
294775	listing
294779	listing
294784	listing
294788	listing
294792	listing
294796	listing
294800	listing
294804	listing
294809	listing
294815	listing
294821	listing
294830	listing
294836	listing
294841	listing
294844	listing
294851	listing
294858	listing
294865	listing
294871	listing
294874	listing
294877	listing
294884	listing
294887	listing
294889	listing
294897	listing
294901	listing
294909	listing
294916	listing
294924	listing
294927	listing
294933	listing
294937	listing
294941	listing
294944	listing
294946	listing
294950	listing
294954	listing
294960	listing
294964	listing
294967	listing
294974	listing
294979	listing
294982	listing
294986	listing
294989	listing
294994	listing
294997	listing
295003	listing
295010	listing
295018	listing
295024	listing
295033	listing
295038	listing
295043	listing
295051	listing
295058	listing
295063	listing
295067	listing
295073	listing
295078	listing
295082	listing
295086	listing
295090	listing
295096	listing
295103	listing
295110	listing
295117	listing
295127	listing
295133	listing
295139	listing
295142	listing
295145	listing
295151	listing
295154	listing
295161	listing
295167	listing
295169	listing
295172	listing
295176	listing
295180	listing
295182	listing
295185	listing
295189	listing
295198	listing
295203	listing
295207	listing
295210	listing
295214	listing
295217	listing
295218	listing
295223	listing
295227	listing
295232	listing
295237	listing
295241	listing
295242	listing
295245	listing
295248	listing
295252	listing
295256	listing
295260	listing
295264	listing
295268	listing
295272	listing
295278	listing
295282	listing
295288	listing
295295	listing
295296	listing
295298	listing
295301	listing
295304	listing
295313	listing
295317	listing
295318	listing
295322	listing
295325	listing
295327	listing
295331	listing
295337	listing
295340	listing
295349	listing
295353	listing
295359	listing
295365	listing
295371	listing
295374	listing
295379	listing
295382	listing
295387	listing
295392	listing
295402	listing
295406	listing
295413	listing
295416	listing
295419	listing
295423	listing
295426	listing
295432	listing
295437	listing
295443	listing
295450	listing
295451	listing
295454	listing
295459	listing
295462	listing
295468	listing
295476	listing
295479	listing
295485	listing
295487	listing
295488	listing
295493	listing
295496	listing
295501	listing
295504	listing
295510	listing
295520	listing
295524	listing
295525	listing
295530	listing
295534	listing
295539	listing
295548	listing
295553	listing
295558	listing
295562	listing
295566	listing
295575	listing
295581	listing
295589	listing
295593	listing
295598	listing
295604	listing
295608	listing
295611	listing
295613	listing
295624	listing
295630	listing
295637	listing
295641	listing
295645	listing
295646	listing
295651	listing
295656	listing
295658	listing
295660	listing
295662	listing
295664	listing
295669	listing
295675	listing
295681	listing
295686	listing
295689	listing
295695	listing
295697	listing
295703	listing
295704	listing
295711	listing
295715	listing
295717	listing
295721	listing
295725	listing
295728	listing
295730	listing
295733	listing
295741	listing
295744	listing
295747	listing
295752	listing
295755	listing
295763	listing
295771	listing
295774	listing
295778	listing
295781	listing
295785	listing
295787	listing
295790	listing
295791	listing
295796	listing
295802	listing
295809	listing
295814	listing
295818	listing
295823	listing
295827	listing
295829	listing
295835	listing
295837	listing
295840	listing
295843	listing
295845	listing
295854	listing
295859	listing
295866	listing
295871	listing
295878	listing
295885	listing
295890	listing
295895	listing
295898	listing
295899	listing
295904	listing
295908	listing
295909	listing
295912	listing
295919	listing
295924	listing
295932	listing
295938	listing
295942	listing
295949	listing
295951	listing
295956	listing
295960	listing
295967	listing
295972	listing
295976	listing
295980	listing
295981	listing
295984	listing
295991	listing
295997	listing
296000	listing
296002	listing
296003	listing
296005	listing
296008	listing
296012	listing
296017	listing
296025	listing
296033	listing
296040	listing
296048	listing
296052	listing
296058	listing
296064	listing
296069	listing
296079	listing
296082	listing
296087	listing
296094	listing
296100	listing
296107	listing
296110	listing
296115	listing
296117	listing
296121	listing
296126	listing
296131	listing
296134	listing
296139	listing
296143	listing
296147	listing
296154	listing
296158	listing
296163	listing
296166	listing
296170	listing
296175	listing
296180	listing
296183	listing
296187	listing
296192	listing
296194	listing
296199	listing
296205	listing
296211	listing
296221	listing
296229	listing
296237	listing
296246	listing
296247	listing
296255	listing
296264	listing
296271	listing
296272	listing
296277	listing
296284	listing
296288	listing
296294	listing
296306	listing
296308	listing
296311	listing
296315	listing
296320	listing
296324	listing
296331	listing
296337	listing
296341	listing
296348	listing
296355	listing
296361	listing
296369	listing
296377	listing
296382	listing
296389	listing
296393	listing
296398	listing
296402	listing
296408	listing
296413	listing
296421	listing
296428	listing
296431	listing
296437	listing
296442	listing
296446	listing
296454	listing
296459	listing
296462	listing
296466	listing
296468	listing
296472	listing
296476	listing
296479	listing
296487	listing
296500	listing
296509	listing
296518	listing
296525	listing
296533	listing
296538	listing
296540	listing
296544	listing
296549	listing
296557	listing
296559	listing
296564	listing
296572	listing
296576	listing
296579	listing
296591	listing
296599	listing
296604	listing
296615	listing
296624	listing
296631	listing
296635	listing
296638	listing
296641	listing
296645	listing
296650	listing
296651	listing
296662	listing
296663	listing
296675	listing
296681	listing
296688	listing
296692	listing
296694	listing
296697	listing
296705	listing
296711	listing
296717	listing
296720	listing
296728	listing
296736	listing
296746	listing
296753	listing
296765	listing
296776	listing
296791	listing
296806	listing
296813	listing
296817	listing
296823	listing
296831	listing
296834	listing
296838	listing
296851	listing
296853	listing
296859	listing
296861	listing
296864	listing
296878	listing
296886	listing
296888	listing
296897	listing
296900	listing
296903	listing
296910	listing
296928	listing
296933	listing
296934	listing
296938	listing
296942	listing
296944	listing
296948	listing
296958	listing
296960	listing
296964	listing
296967	listing
296978	listing
296983	listing
296989	listing
296997	listing
297007	listing
297009	listing
297012	listing
297017	listing
297024	listing
297030	listing
297038	listing
297042	listing
297048	listing
297056	listing
297060	listing
297075	listing
297078	listing
297085	listing
297088	listing
297090	listing
297092	listing
297103	listing
297110	listing
297115	listing
297118	listing
297132	listing
297134	listing
297136	listing
297137	listing
297139	listing
297141	listing
297143	listing
297154	listing
297157	listing
297162	listing
297168	listing
297176	listing
297185	listing
297190	listing
297199	listing
297206	listing
297211	listing
297216	listing
297223	listing
297229	listing
297241	listing
297251	listing
297261	listing
297262	listing
297274	listing
297281	listing
297291	listing
297296	listing
297301	listing
297304	listing
297311	listing
297320	listing
297332	listing
297333	listing
297340	listing
297343	listing
297345	listing
297357	listing
297367	listing
297377	listing
297383	listing
297392	listing
297400	listing
297404	listing
297416	listing
297419	listing
297420	listing
297426	listing
297431	listing
297434	listing
297444	listing
297455	listing
297465	listing
297474	listing
297476	listing
297481	listing
297487	listing
297493	listing
297495	listing
297499	listing
297507	listing
297514	listing
297519	listing
297525	listing
297529	listing
297530	listing
297546	listing
297557	listing
297571	listing
297581	listing
297587	listing
297596	listing
297605	listing
297616	listing
297617	listing
297626	listing
297636	listing
297640	listing
297641	listing
297650	listing
297654	listing
297656	listing
297663	listing
297670	listing
297680	listing
297682	listing
297692	listing
297701	listing
297706	listing
297708	listing
297711	listing
297715	listing
297716	listing
297729	listing
297735	listing
297739	listing
297742	listing
297750	listing
297751	listing
297755	listing
297759	listing
297764	listing
297767	listing
297773	listing
297777	listing
297784	listing
297785	listing
297790	listing
297797	listing
297802	listing
297808	listing
297810	listing
297815	listing
297822	listing
297829	listing
297833	listing
297848	listing
297856	listing
297867	listing
297878	listing
297882	listing
297895	listing
297900	listing
297903	listing
297907	listing
297911	listing
297915	listing
297922	listing
297928	listing
297932	listing
297937	listing
297940	listing
297948	listing
297955	listing
297962	listing
297971	listing
297972	listing
297976	listing
297981	listing
297990	listing
298001	listing
298005	listing
298007	listing
298011	listing
298017	listing
298029	listing
298040	listing
298041	listing
298043	listing
298050	listing
298056	listing
298064	listing
298070	listing
298071	listing
298078	listing
298088	listing
298107	listing
298111	listing
298116	listing
298117	listing
298122	listing
298125	listing
298129	listing
298133	listing
298142	listing
298146	listing
298152	listing
298163	listing
298165	listing
298174	listing
298175	listing
298179	listing
298183	listing
298191	listing
298199	listing
298202	listing
298205	listing
298209	listing
298217	listing
298226	listing
298233	listing
298249	listing
298255	listing
298256	listing
298263	listing
298272	listing
298276	listing
298280	listing
298292	listing
298293	listing
298297	listing
298302	listing
298309	listing
298317	listing
298324	listing
298328	listing
298336	listing
298348	listing
298362	listing
298372	listing
298378	listing
298383	listing
298392	listing
298404	listing
298405	listing
298416	listing
298430	listing
298435	listing
298440	listing
298442	listing
298449	listing
298459	listing
298471	listing
298480	listing
298482	listing
298484	listing
298492	listing
298496	listing
298501	listing
298510	listing
298519	listing
298528	listing
298534	listing
298538	listing
298546	listing
298551	listing
298564	listing
298576	listing
298579	listing
298586	listing
298595	listing
298601	listing
298607	listing
298615	listing
298619	listing
298623	listing
298628	listing
298638	listing
298648	listing
298650	listing
298653	listing
298662	listing
298664	listing
298673	listing
298676	listing
298683	listing
298690	listing
298695	listing
298698	listing
298700	listing
298710	listing
298716	listing
298720	listing
298723	listing
298733	listing
298734	listing
298743	listing
298749	listing
298752	listing
298762	listing
298771	listing
298772	listing
298773	listing
298776	listing
298791	listing
298795	listing
298801	listing
298809	listing
298817	listing
298824	listing
298828	listing
298830	listing
298837	listing
298843	listing
298851	listing
298860	listing
298866	listing
298870	listing
298875	listing
298882	listing
298886	listing
298895	listing
298906	listing
298911	listing
298913	listing
298918	listing
298927	listing
298937	listing
298945	listing
298957	listing
298966	listing
298984	listing
298989	listing
298993	listing
298996	listing
299001	listing
299002	listing
299003	listing
299012	listing
299023	listing
299028	listing
299029	listing
299040	listing
299049	listing
299055	listing
299064	listing
299073	listing
299080	listing
299087	listing
299091	listing
299100	listing
299111	listing
299118	listing
299124	listing
299127	listing
299131	listing
299135	listing
299144	listing
299157	listing
299168	listing
299174	listing
299178	listing
299181	listing
299184	listing
299187	listing
299197	listing
299200	listing
299208	listing
299210	listing
299212	listing
299218	listing
299222	listing
299229	listing
299236	listing
299240	listing
299245	listing
299254	listing
299257	listing
299263	listing
299270	listing
299274	listing
299285	listing
299291	listing
299297	listing
299299	listing
299303	listing
299308	listing
299318	listing
299320	listing
299324	listing
299337	listing
299338	listing
299349	listing
299353	listing
299364	listing
299366	listing
299369	listing
299371	listing
299373	listing
299375	listing
299378	listing
299382	listing
299388	listing
299395	listing
299399	listing
299406	listing
299411	listing
299419	listing
299423	listing
299430	listing
299433	listing
299436	listing
299450	listing
299455	listing
299457	listing
299461	listing
299469	listing
299476	listing
299484	listing
299491	listing
299498	listing
299507	listing
299512	listing
299516	listing
299520	listing
299524	listing
299528	listing
299536	listing
299550	listing
299560	listing
299570	listing
299576	listing
299582	listing
299586	listing
299594	listing
299599	listing
299603	listing
299614	listing
299621	listing
299626	listing
299627	listing
299628	listing
299635	listing
299642	listing
299651	listing
299656	listing
299663	listing
299669	listing
299675	listing
299678	listing
299682	listing
299690	listing
299697	listing
299702	listing
299706	listing
299711	listing
299712	listing
299719	listing
299723	listing
299730	listing
299736	listing
299747	listing
299751	listing
299756	listing
299766	listing
299770	listing
299773	listing
299784	listing
299795	listing
299802	listing
299808	listing
299814	listing
299828	listing
299830	listing
299833	listing
299840	listing
299849	listing
299859	listing
299866	listing
299869	listing
299877	listing
299882	listing
299894	listing
299899	listing
299905	listing
299908	listing
299912	listing
299919	listing
299923	listing
299929	listing
299932	listing
299936	listing
299940	listing
299949	listing
299952	listing
299954	listing
299957	listing
299960	listing
299964	listing
299968	listing
299978	listing
299984	listing
299987	listing
299990	listing
299997	listing
300003	listing
300008	listing
300011	listing
300016	listing
300022	listing
300028	listing
300038	listing
300040	listing
300043	listing
300049	listing
300056	listing
300064	listing
300065	listing
300071	listing
300075	listing
300081	listing
300090	listing
300102	listing
300104	listing
300106	listing
300107	listing
300109	listing
300112	listing
300117	listing
300122	listing
300125	listing
300137	listing
300142	listing
300152	listing
300163	listing
300171	listing
300178	listing
300185	listing
300187	listing
300195	listing
300200	listing
300203	listing
300206	listing
300210	listing
300221	listing
300224	listing
300231	listing
300239	listing
300255	listing
300263	listing
300271	listing
300276	listing
300278	listing
300285	listing
300295	listing
300302	listing
300307	listing
300310	listing
300313	listing
300318	listing
300324	listing
300333	listing
300342	listing
300349	listing
300358	listing
300366	listing
300381	listing
300391	listing
300394	listing
300402	listing
300405	listing
300408	listing
300420	listing
300429	listing
300433	listing
300439	listing
300454	listing
300455	listing
300460	listing
300469	listing
300474	listing
300476	listing
300479	listing
300487	listing
300493	listing
300502	listing
300507	listing
300513	listing
300518	listing
300522	listing
300530	listing
300535	listing
300537	listing
300540	listing
300550	listing
300552	listing
300558	listing
300566	listing
300569	listing
300573	listing
300577	listing
300585	listing
300586	listing
300597	listing
300604	listing
300612	listing
300613	listing
300616	listing
300619	listing
300628	listing
300634	listing
300637	listing
300641	listing
300646	listing
300649	listing
300652	listing
300665	listing
300673	listing
300692	listing
300695	listing
300708	listing
300718	listing
300727	listing
300737	listing
300751	listing
300753	listing
300769	listing
300780	listing
300781	listing
300786	listing
300790	listing
300797	listing
300806	listing
300810	listing
300812	listing
300814	listing
300817	listing
300822	listing
300827	listing
300833	listing
300834	listing
300837	listing
300839	listing
300842	listing
300852	listing
300857	listing
300863	listing
300872	listing
300881	listing
300891	listing
300896	listing
300900	listing
300916	listing
300918	listing
300927	listing
300929	listing
300936	listing
300940	listing
300944	listing
300958	listing
300969	listing
300973	listing
300980	listing
300991	listing
300996	listing
301000	listing
301003	listing
301009	listing
301018	listing
301027	listing
301042	listing
301062	listing
301069	listing
301077	listing
301086	listing
301093	listing
301101	listing
301105	listing
301117	listing
301121	listing
301139	listing
301147	listing
301148	listing
301152	listing
301159	listing
301166	listing
301178	listing
301184	listing
301196	listing
301208	listing
301224	listing
301229	listing
301235	listing
301246	listing
301258	listing
301271	listing
301272	listing
301277	listing
301287	listing
301294	listing
301295	listing
301299	listing
301305	listing
301309	listing
301315	listing
301320	listing
301335	listing
301343	listing
301352	listing
301361	listing
301365	listing
301386	listing
301398	listing
301405	listing
301409	listing
301414	listing
301430	listing
301434	listing
301440	listing
301447	listing
301454	listing
301458	listing
301472	listing
301477	listing
301485	listing
301490	listing
301493	listing
301495	listing
301503	listing
301506	listing
301508	listing
301519	listing
301530	listing
301538	listing
301542	listing
301576	listing
301582	listing
301586	listing
301597	listing
301605	listing
301614	listing
301628	listing
301629	listing
301635	listing
301640	listing
301656	listing
301657	listing
301658	listing
301664	listing
301667	listing
301669	listing
301679	listing
301680	listing
301682	listing
301696	listing
301700	listing
301704	listing
301708	listing
301714	listing
301729	listing
301737	listing
301750	listing
301751	listing
301763	listing
301769	listing
301777	listing
301783	listing
301791	listing
301796	listing
301809	listing
301827	listing
301833	listing
301839	listing
301854	listing
301860	listing
301879	listing
301894	listing
301901	listing
301922	listing
301932	listing
301946	listing
301954	listing
301965	listing
301969	listing
301989	listing
302002	listing
302003	listing
302004	listing
302008	listing
302022	listing
302033	listing
302039	listing
302057	listing
302060	listing
302065	listing
302070	listing
302077	listing
302083	listing
302090	listing
302117	listing
302122	listing
302126	listing
302136	listing
302137	listing
302150	listing
302159	listing
302173	listing
302183	listing
302194	listing
302212	listing
302217	listing
302247	listing
302255	listing
302265	listing
302266	listing
302275	listing
302284	listing
302299	listing
302303	listing
302316	listing
302327	listing
302340	listing
302343	listing
302350	listing
302355	listing
302362	listing
302363	listing
302379	listing
302386	listing
302399	listing
302413	listing
302420	listing
302429	listing
302443	listing
302452	listing
302467	listing
302472	listing
302476	listing
302508	listing
302519	listing
302522	listing
302537	listing
302540	listing
302541	listing
302558	listing
302563	listing
302591	listing
302595	listing
302606	listing
302616	listing
302621	listing
302639	listing
302640	listing
302649	listing
302657	listing
302668	listing
302686	listing
302691	listing
302692	listing
302696	listing
302701	listing
302706	listing
302715	listing
302718	listing
302723	listing
302738	listing
302764	listing
302771	listing
302784	listing
302797	listing
302806	listing
302817	listing
302825	listing
302829	listing
302833	listing
302842	listing
302853	listing
302868	listing
302870	listing
302876	listing
302882	listing
302901	listing
302909	listing
302911	listing
302922	listing
302932	listing
302937	listing
302942	listing
302949	listing
302956	listing
302962	listing
302974	listing
302977	listing
302991	listing
303017	listing
303033	listing
303042	listing
303057	listing
303073	listing
303077	listing
303105	listing
303107	listing
303121	listing
303123	listing
303127	listing
303142	listing
303151	listing
303155	listing
303180	listing
303188	listing
303205	listing
303220	listing
303226	listing
303238	listing
303243	listing
303270	listing
303281	listing
303290	listing
303292	listing
303303	listing
303309	listing
303314	listing
303320	listing
303321	listing
303327	listing
303335	listing
303338	listing
303341	listing
303350	listing
303363	listing
303370	listing
303371	listing
303372	listing
303383	listing
303396	listing
303400	listing
303404	listing
303406	listing
303415	listing
303423	listing
303424	listing
303427	listing
303430	listing
303431	listing
303435	listing
303440	listing
303449	listing
303451	listing
303454	listing
303455	listing
303457	listing
303475	listing
303487	listing
303499	listing
303506	listing
303515	listing
303543	listing
303563	listing
303568	listing
303574	listing
303579	listing
303586	listing
303592	listing
303606	listing
303615	listing
303623	listing
303630	listing
303638	listing
303651	listing
303658	listing
303685	listing
303692	listing
303699	listing
303705	listing
303711	listing
303714	listing
303720	listing
303727	listing
303736	listing
303742	listing
303746	listing
303752	listing
303758	listing
303760	listing
303765	listing
303773	listing
303777	listing
303787	listing
303798	listing
303803	listing
303811	listing
303813	listing
303825	listing
303836	listing
303840	listing
303848	listing
303858	listing
303864	listing
303869	listing
303876	listing
303878	listing
303905	listing
303928	listing
303930	listing
303943	listing
303947	listing
303955	listing
303976	listing
303979	listing
303985	listing
303990	listing
303999	listing
304002	listing
304006	listing
304011	listing
304032	listing
304041	listing
304046	listing
304049	listing
304053	listing
304058	listing
304065	listing
304070	listing
304078	listing
304088	listing
304119	listing
304125	listing
304130	listing
304133	listing
304145	listing
304149	listing
304152	listing
304158	listing
304161	listing
304166	listing
304174	listing
304184	listing
304192	listing
304194	listing
304196	listing
304211	listing
304212	listing
304213	listing
304218	listing
305905	listing
305906	listing
307635	listing
307637	listing
307639	listing
307641	listing
307643	listing
307645	listing
307647	listing
307649	listing
307651	listing
307653	listing
307655	listing
307657	listing
307659	listing
307661	listing
307663	listing
307665	listing
307667	listing
307669	listing
307671	listing
307673	listing
307675	listing
307677	listing
307679	listing
307681	listing
307683	listing
307685	listing
307687	listing
307689	listing
307691	listing
307693	listing
307695	listing
307697	listing
307699	listing
307701	listing
307703	listing
307705	listing
307707	listing
307709	listing
307710	listing
307712	listing
307714	listing
307716	listing
307718	listing
307720	listing
307722	listing
307724	listing
307726	listing
307728	listing
307730	listing
307732	listing
307734	listing
307736	listing
307737	listing
307739	listing
307741	listing
307743	listing
307745	listing
307747	listing
307749	listing
307751	listing
307753	listing
307755	listing
307757	listing
307759	listing
307761	listing
307763	listing
307765	listing
307767	listing
307769	listing
307770	listing
307771	listing
307772	listing
307773	listing
307775	listing
307777	listing
307779	listing
307781	listing
307783	listing
307785	listing
307787	listing
307789	listing
307791	listing
307793	listing
307795	listing
307797	listing
307799	listing
307801	listing
307803	listing
307805	listing
307807	listing
307809	listing
307811	listing
307813	listing
307815	listing
307817	listing
307819	listing
307821	listing
307823	listing
307824	listing
307826	listing
307828	listing
307830	listing
307832	listing
307834	listing
307836	listing
307838	listing
307840	listing
307842	listing
307844	listing
307846	listing
307847	listing
307849	listing
307850	listing
307851	listing
307853	listing
307854	listing
307856	listing
307857	listing
307859	listing
307861	listing
307863	listing
307865	listing
307867	listing
307868	listing
307869	listing
307871	listing
307873	listing
307875	listing
307877	listing
307878	listing
307880	listing
307881	listing
307883	listing
307885	listing
307887	listing
307889	listing
307891	listing
307893	listing
307895	listing
307897	listing
307898	listing
307900	listing
307902	listing
307903	listing
307904	listing
307906	listing
307908	listing
307910	listing
307912	listing
307914	listing
307916	listing
307918	listing
307920	listing
307922	listing
307924	listing
307926	listing
307928	listing
307929	listing
307931	listing
307933	listing
307935	listing
307937	listing
307939	listing
307941	listing
307943	listing
307945	listing
307947	listing
307949	listing
307951	listing
307953	listing
307954	listing
307956	listing
307958	listing
307960	listing
307962	listing
307964	listing
307966	listing
307968	listing
307970	listing
307972	listing
307974	listing
307976	listing
307978	listing
307980	listing
307982	listing
307984	listing
307986	listing
307988	listing
307990	listing
307992	listing
307994	listing
307996	listing
307998	listing
308000	listing
308002	listing
308004	listing
308006	listing
308008	listing
308010	listing
308012	listing
308014	listing
308016	listing
308018	listing
308020	listing
308022	listing
308024	listing
308025	listing
308027	listing
308029	listing
308031	listing
308033	listing
308035	listing
308037	listing
308039	listing
308040	listing
308042	listing
308044	listing
308046	listing
308048	listing
308050	listing
308052	listing
308054	listing
308056	listing
308058	listing
308059	listing
308061	listing
308063	listing
308065	listing
308066	listing
308068	listing
308070	listing
308072	listing
308074	listing
308076	listing
308078	listing
308080	listing
308082	listing
308084	listing
308086	listing
308088	listing
308090	listing
308092	listing
308094	listing
308096	listing
308098	listing
308100	listing
308102	listing
308104	listing
308105	listing
308107	listing
308108	listing
308110	listing
308112	listing
308114	listing
308116	listing
308118	listing
308120	listing
308122	listing
308124	listing
308127	listing
308130	listing
308133	listing
308136	listing
308139	listing
308142	listing
308145	listing
308148	listing
308151	listing
308154	listing
308157	listing
308160	listing
308163	listing
308166	listing
308167	listing
308170	listing
308172	listing
308175	listing
308178	listing
308181	listing
308184	listing
308187	listing
308190	listing
308193	listing
308196	listing
308199	listing
308202	listing
308205	listing
308208	listing
308211	listing
308214	listing
308216	listing
308219	listing
308222	listing
308225	listing
308228	listing
308231	listing
308234	listing
308237	listing
308240	listing
308243	listing
308246	listing
308249	listing
308252	listing
308255	listing
308258	listing
308261	listing
308264	listing
308267	listing
308270	listing
308273	listing
308276	listing
308279	listing
308282	listing
308285	listing
308288	listing
308291	listing
308294	listing
308297	listing
308300	listing
308302	listing
308305	listing
308308	listing
308311	listing
308314	listing
308315	listing
308317	listing
308320	listing
308323	listing
308324	listing
308326	listing
308327	listing
308330	listing
308333	listing
308336	listing
308339	listing
308342	listing
308345	listing
308348	listing
308351	listing
308354	listing
308357	listing
308360	listing
308363	listing
308366	listing
308369	listing
308372	listing
308375	listing
308378	listing
308381	listing
308384	listing
308387	listing
308390	listing
308393	listing
308396	listing
308399	listing
308402	listing
308405	listing
308408	listing
308411	listing
308413	listing
308416	listing
308419	listing
308422	listing
308425	listing
308428	listing
308431	listing
308434	listing
308437	listing
308440	listing
308443	listing
308446	listing
308449	listing
308452	listing
308453	listing
308455	listing
308456	listing
308459	listing
308462	listing
308465	listing
308468	listing
308471	listing
308474	listing
308477	listing
308480	listing
308483	listing
308484	listing
308486	listing
308488	listing
308491	listing
308494	listing
308497	listing
308500	listing
308503	listing
308506	listing
308509	listing
308512	listing
308515	listing
308518	listing
308521	listing
308524	listing
308527	listing
308530	listing
308533	listing
308536	listing
308539	listing
308542	listing
308544	listing
308547	listing
308548	listing
308551	listing
308552	listing
308555	listing
308558	listing
308561	listing
308564	listing
308567	listing
308570	listing
308573	listing
308576	listing
308579	listing
308580	listing
308582	listing
308585	listing
308588	listing
308591	listing
308594	listing
308597	listing
308600	listing
308603	listing
308606	listing
308609	listing
308612	listing
308615	listing
308618	listing
308621	listing
308624	listing
308627	listing
308630	listing
308633	listing
308636	listing
308639	listing
308640	listing
308642	listing
308643	listing
308646	listing
308649	listing
308652	listing
308655	listing
308658	listing
308661	listing
308664	listing
308667	listing
308670	listing
308673	listing
308676	listing
308679	listing
308682	listing
308685	listing
308688	listing
308691	listing
308694	listing
308697	listing
308700	listing
308703	listing
308704	listing
308707	listing
308710	listing
308711	listing
308714	listing
308717	listing
308720	listing
308723	listing
308726	listing
308729	listing
308732	listing
308735	listing
308738	listing
308740	listing
308743	listing
308746	listing
308749	listing
308752	listing
308755	listing
308758	listing
308761	listing
308764	listing
308767	listing
308770	listing
308773	listing
308776	listing
308779	listing
308782	listing
308785	listing
308788	listing
308791	listing
308794	listing
308797	listing
308800	listing
308802	listing
308805	listing
308808	listing
308811	listing
308814	listing
308816	listing
308819	listing
308822	listing
308825	listing
308828	listing
308831	listing
308834	listing
308837	listing
308840	listing
308842	listing
308845	listing
308848	listing
308851	listing
308854	listing
308857	listing
308860	listing
308862	listing
308865	listing
308868	listing
308871	listing
308874	listing
308876	listing
308878	listing
308880	listing
308882	listing
308884	listing
308886	listing
308888	listing
308890	listing
308893	listing
308896	listing
308899	listing
308902	listing
308905	listing
308908	listing
308911	listing
308914	listing
308917	listing
308920	listing
308923	listing
308926	listing
308929	listing
308932	listing
308935	listing
308938	listing
308941	listing
308944	listing
308947	listing
308950	listing
308953	listing
308956	listing
308958	listing
308961	listing
308964	listing
308967	listing
308970	listing
308973	listing
308976	listing
308979	listing
308982	listing
308985	listing
308988	listing
308991	listing
308994	listing
308997	listing
309000	listing
309003	listing
309006	listing
309009	listing
309012	listing
309015	listing
309018	listing
309021	listing
309023	listing
309025	listing
309028	listing
309031	listing
309034	listing
309037	listing
309038	listing
309040	listing
309043	listing
309046	listing
309049	listing
309052	listing
309055	listing
309056	listing
309059	listing
309062	listing
309065	listing
309068	listing
309071	listing
309074	listing
309077	listing
309080	listing
309083	listing
309086	listing
309089	listing
309090	listing
309093	listing
309096	listing
309099	listing
309102	listing
309105	listing
309108	listing
309111	listing
309114	listing
309117	listing
309120	listing
309123	listing
309126	listing
309129	listing
309132	listing
309135	listing
309138	listing
309141	listing
309144	listing
309147	listing
309150	listing
309153	listing
309156	listing
309159	listing
309162	listing
309165	listing
309168	listing
309171	listing
309174	listing
309177	listing
309180	listing
309183	listing
309186	listing
309189	listing
309192	listing
309195	listing
309198	listing
309201	listing
309204	listing
309207	listing
309210	listing
309213	listing
309216	listing
309219	listing
309222	listing
309225	listing
309228	listing
309231	listing
309234	listing
309237	listing
309240	listing
309242	listing
309245	listing
309248	listing
309251	listing
309254	listing
309257	listing
309260	listing
309263	listing
309266	listing
309269	listing
309272	listing
309275	listing
309277	listing
309280	listing
309283	listing
309286	listing
309289	listing
309292	listing
309295	listing
309298	listing
309301	listing
309304	listing
309305	listing
309307	listing
309308	listing
309311	listing
309314	listing
309317	listing
309320	listing
309323	listing
309326	listing
309329	listing
309332	listing
309335	listing
309336	listing
309338	listing
309341	listing
309344	listing
309347	listing
309350	listing
309353	listing
309356	listing
309359	listing
309362	listing
309365	listing
309366	listing
309369	listing
309372	listing
309374	listing
309377	listing
309380	listing
309383	listing
309386	listing
309389	listing
309392	listing
309395	listing
309398	listing
309401	listing
309404	listing
309407	listing
309410	listing
309413	listing
309416	listing
309419	listing
309422	listing
309425	listing
309427	listing
309429	listing
309432	listing
309435	listing
309436	listing
309439	listing
309441	listing
309444	listing
309447	listing
309450	listing
309453	listing
309455	listing
309458	listing
309461	listing
309464	listing
309467	listing
309470	listing
309473	listing
309476	listing
309479	listing
309482	listing
309485	listing
309488	listing
309491	listing
309494	listing
309497	listing
309500	listing
309503	listing
309506	listing
309507	listing
309510	listing
309513	listing
309516	listing
309519	listing
309522	listing
309524	listing
309525	listing
309528	listing
309531	listing
309534	listing
309535	listing
309536	listing
309538	listing
309541	listing
309544	listing
309547	listing
309550	listing
309553	listing
309556	listing
309559	listing
309562	listing
309563	listing
309565	listing
309568	listing
309571	listing
309574	listing
309577	listing
309580	listing
309583	listing
309586	listing
309589	listing
309592	listing
309595	listing
309598	listing
309601	listing
309604	listing
309607	listing
309610	listing
309613	listing
309616	listing
309619	listing
309622	listing
309625	listing
309628	listing
309631	listing
309634	listing
309637	listing
309639	listing
309641	listing
309643	listing
309646	listing
309648	listing
309650	listing
309653	listing
309656	listing
309659	listing
309662	listing
309665	listing
309668	listing
309671	listing
309672	listing
309674	listing
309675	listing
309678	listing
309681	listing
309684	listing
309685	listing
309687	listing
309690	listing
309692	listing
309694	listing
309696	listing
309698	listing
309700	listing
309702	listing
309705	listing
309707	listing
309710	listing
309713	listing
309716	listing
309718	listing
309720	listing
309722	listing
309725	listing
309727	listing
309730	listing
309733	listing
309736	listing
309739	listing
309742	listing
309745	listing
309748	listing
309751	listing
309754	listing
309757	listing
309760	listing
309763	listing
309766	listing
309769	listing
309775	listing
309778	listing
309781	listing
309784	listing
309787	listing
309790	listing
309792	listing
309794	listing
309796	listing
309798	listing
309801	listing
309804	listing
309806	listing
309808	listing
309810	listing
309812	listing
309815	listing
309816	listing
309819	listing
309822	listing
309825	listing
309828	listing
309831	listing
309834	listing
309837	listing
309840	listing
309843	listing
309846	listing
309849	listing
309852	listing
309854	listing
309857	listing
309860	listing
309862	listing
309863	listing
309866	listing
309868	listing
309874	listing
309877	listing
309880	listing
309883	listing
309886	listing
309889	listing
309892	listing
309895	listing
309898	listing
309901	listing
309904	listing
309907	listing
309910	listing
309913	listing
309916	listing
309919	listing
309922	listing
309925	listing
309927	listing
309930	listing
309933	listing
309936	listing
309939	listing
309942	listing
309945	listing
309948	listing
309949	listing
309951	listing
309954	listing
309957	listing
309960	listing
309961	listing
309963	listing
309965	listing
309968	listing
309971	listing
309974	listing
309977	listing
309980	listing
309983	listing
309986	listing
309989	listing
309992	listing
309995	listing
309998	listing
310001	listing
310004	listing
310007	listing
310010	listing
310013	listing
310016	listing
310019	listing
310022	listing
310025	listing
310028	listing
310030	listing
310032	listing
310035	listing
310038	listing
310041	listing
310044	listing
310047	listing
310050	listing
310053	listing
310055	listing
310058	listing
310061	listing
310064	listing
310067	listing
310070	listing
310073	listing
310076	listing
310079	listing
310082	listing
310085	listing
310088	listing
310091	listing
310094	listing
310095	listing
310096	listing
310099	listing
310102	listing
310105	listing
310108	listing
310111	listing
310114	listing
310117	listing
310120	listing
310123	listing
310126	listing
310129	listing
310132	listing
310135	listing
310138	listing
310141	listing
310144	listing
310147	listing
310150	listing
310153	listing
310156	listing
310159	listing
310162	listing
310163	listing
310166	listing
310169	listing
310172	listing
310175	listing
310178	listing
310181	listing
310184	listing
310187	listing
310190	listing
310193	listing
310196	listing
310199	listing
310202	listing
310205	listing
310208	listing
310211	listing
310214	listing
310217	listing
310220	listing
310223	listing
310226	listing
310229	listing
310232	listing
310233	listing
310236	listing
310239	listing
310242	listing
310245	listing
310248	listing
310251	listing
310254	listing
310257	listing
310260	listing
310263	listing
310266	listing
310267	listing
310270	listing
310273	listing
310276	listing
310279	listing
310282	listing
310285	listing
310288	listing
310291	listing
310294	listing
310297	listing
310300	listing
310303	listing
310306	listing
310309	listing
310312	listing
310315	listing
310318	listing
310321	listing
310324	listing
310327	listing
310330	listing
310333	listing
310336	listing
310339	listing
310342	listing
310345	listing
310348	listing
310351	listing
310354	listing
310357	listing
310360	listing
310362	listing
310364	listing
310367	listing
310370	listing
310373	listing
310376	listing
310379	listing
310382	listing
310385	listing
310388	listing
310390	listing
310393	listing
310396	listing
310398	listing
310400	listing
310403	listing
310406	listing
310409	listing
310412	listing
310415	listing
310417	listing
310418	listing
310421	listing
310424	listing
310426	listing
310429	listing
310432	listing
310435	listing
310438	listing
310441	listing
310443	listing
310446	listing
310447	listing
310450	listing
310453	listing
310454	listing
310457	listing
310460	listing
310463	listing
310466	listing
310469	listing
310472	listing
310475	listing
310477	listing
310480	listing
310483	listing
310484	listing
310485	listing
310487	listing
310490	listing
310493	listing
310496	listing
310499	listing
310502	listing
310505	listing
310508	listing
310511	listing
310514	listing
310517	listing
310520	listing
310523	listing
310526	listing
310529	listing
310532	listing
310535	listing
310538	listing
310541	listing
310544	listing
310547	listing
310550	listing
310553	listing
310556	listing
310559	listing
310560	listing
310563	listing
310566	listing
310569	listing
310572	listing
310575	listing
310576	listing
310579	listing
310582	listing
310585	listing
310588	listing
310589	listing
310592	listing
310595	listing
310597	listing
310600	listing
310603	listing
310606	listing
310609	listing
310612	listing
310615	listing
310618	listing
310621	listing
310624	listing
310627	listing
310630	listing
310632	listing
310634	listing
310635	listing
310636	listing
310638	listing
310641	listing
310644	listing
310647	listing
310650	listing
310653	listing
310656	listing
310659	listing
310661	listing
310663	listing
310666	listing
310669	listing
310672	listing
310675	listing
310678	listing
310681	listing
310684	listing
310687	listing
310690	listing
310693	listing
310694	listing
310697	listing
310698	listing
310701	listing
310704	listing
310707	listing
310710	listing
310713	listing
310716	listing
310719	listing
310722	listing
310725	listing
310728	listing
310731	listing
310734	listing
310737	listing
310740	listing
310743	listing
310746	listing
310749	listing
310752	listing
310755	listing
310758	listing
310759	listing
310762	listing
310765	listing
310768	listing
310771	listing
310774	listing
310777	listing
310780	listing
310783	listing
310786	listing
310789	listing
310792	listing
310795	listing
310798	listing
310801	listing
310804	listing
310807	listing
310810	listing
310811	listing
310813	listing
310814	listing
310817	listing
310820	listing
310823	listing
310826	listing
310829	listing
310832	listing
310835	listing
310838	listing
310841	listing
310844	listing
310847	listing
310850	listing
310853	listing
310856	listing
310859	listing
310862	listing
310865	listing
310868	listing
310871	listing
310872	listing
310873	listing
310876	listing
310877	listing
310879	listing
310880	listing
310883	listing
310885	listing
310888	listing
310891	listing
310894	listing
310897	listing
310900	listing
310903	listing
310906	listing
310907	listing
310909	listing
310910	listing
310911	listing
310912	listing
310914	listing
310916	listing
310919	listing
310923	listing
310926	listing
310930	listing
310932	listing
310936	listing
310940	listing
310943	listing
310946	listing
310948	listing
310952	listing
310956	listing
310960	listing
310964	listing
310968	listing
310972	listing
310973	listing
310977	listing
310981	listing
310985	listing
310988	listing
310992	listing
310996	listing
311000	listing
311004	listing
311006	listing
311010	listing
311014	listing
311018	listing
311022	listing
311026	listing
311030	listing
311034	listing
311035	listing
311039	listing
311042	listing
311043	listing
311048	listing
311051	listing
311055	listing
311060	listing
311065	listing
311069	listing
311070	listing
311075	listing
311080	listing
311085	listing
311088	listing
311092	listing
311095	listing
311097	listing
311098	listing
311101	listing
311106	listing
311113	listing
311118	listing
311122	listing
311127	listing
311129	listing
311130	listing
311134	listing
311138	listing
311143	listing
311147	listing
311151	listing
311156	listing
311158	listing
311163	listing
311168	listing
311172	listing
311174	listing
311178	listing
311183	listing
311186	listing
311190	listing
311195	listing
311200	listing
311205	listing
311210	listing
311213	listing
311214	listing
311215	listing
311216	listing
311219	listing
311224	listing
311229	listing
311232	listing
311237	listing
311242	listing
311247	listing
311252	listing
311257	listing
311262	listing
311267	listing
311272	listing
311277	listing
311282	listing
311287	listing
311291	listing
311294	listing
311298	listing
311300	listing
311304	listing
311307	listing
311309	listing
311313	listing
311315	listing
311320	listing
311325	listing
311326	listing
311330	listing
311332	listing
311336	listing
311338	listing
311343	listing
311348	listing
311351	listing
311356	listing
311361	listing
311366	listing
311371	listing
311376	listing
311381	listing
311386	listing
311391	listing
311396	listing
311401	listing
311406	listing
311410	listing
311413	listing
311417	listing
311422	listing
311426	listing
311428	listing
311433	listing
311437	listing
311440	listing
311445	listing
311450	listing
311455	listing
311460	listing
311465	listing
311470	listing
311474	listing
311476	listing
311481	listing
311486	listing
311491	listing
311496	listing
311501	listing
311506	listing
311511	listing
311514	listing
311516	listing
311521	listing
311526	listing
311531	listing
311536	listing
311541	listing
311542	listing
311544	listing
311547	listing
311552	listing
311557	listing
311562	listing
311566	listing
311570	listing
311575	listing
311580	listing
311585	listing
311588	listing
311591	listing
311596	listing
311601	listing
311606	listing
311611	listing
311616	listing
311621	listing
311623	listing
311626	listing
311628	listing
311632	listing
311634	listing
311639	listing
311644	listing
311649	listing
311654	listing
311659	listing
311662	listing
311665	listing
311667	listing
311672	listing
311677	listing
311682	listing
311687	listing
311692	listing
311695	listing
311698	listing
311703	listing
311708	listing
311713	listing
311718	listing
311723	listing
311728	listing
311733	listing
311738	listing
311743	listing
311748	listing
311753	listing
311758	listing
311763	listing
311768	listing
311773	listing
311778	listing
311783	listing
311788	listing
311793	listing
311794	listing
311799	listing
311801	listing
311805	listing
311807	listing
311810	listing
311813	listing
311817	listing
311819	listing
311824	listing
311826	listing
311830	listing
311835	listing
311840	listing
311843	listing
311847	listing
311848	listing
311853	listing
311858	listing
311862	listing
311863	listing
311866	listing
311867	listing
311870	listing
311872	listing
311876	listing
311878	listing
311883	listing
311888	listing
311893	listing
311898	listing
311903	listing
311908	listing
311913	listing
311918	listing
311923	listing
311927	listing
311930	listing
311934	listing
311939	listing
311944	listing
311949	listing
311953	listing
311958	listing
311963	listing
311968	listing
311972	listing
311977	listing
311982	listing
311987	listing
311992	listing
311997	listing
312002	listing
312007	listing
312012	listing
312017	listing
312022	listing
312027	listing
312032	listing
312037	listing
312042	listing
312045	listing
312050	listing
312053	listing
312057	listing
312059	listing
312064	listing
312069	listing
312074	listing
312079	listing
312084	listing
312087	listing
312091	listing
312096	listing
312101	listing
312106	listing
312110	listing
312115	listing
312116	listing
312117	listing
312119	listing
312123	listing
312128	listing
312130	listing
312135	listing
312139	listing
312144	listing
312148	listing
312153	listing
312157	listing
312162	listing
312167	listing
312172	listing
312177	listing
312182	listing
312187	listing
312192	listing
312197	listing
312202	listing
312207	listing
312212	listing
312217	listing
312222	listing
312227	listing
312232	listing
312237	listing
312242	listing
312247	listing
312252	listing
312257	listing
312262	listing
312267	listing
312271	listing
312275	listing
312280	listing
312285	listing
312290	listing
312295	listing
312300	listing
312305	listing
312310	listing
312315	listing
312320	listing
312321	listing
312324	listing
312327	listing
312329	listing
312334	listing
312339	listing
312344	listing
312349	listing
312354	listing
312359	listing
312363	listing
312365	listing
312370	listing
312375	listing
312380	listing
312385	listing
312390	listing
312394	listing
312398	listing
312403	listing
312408	listing
312413	listing
312418	listing
312423	listing
312425	listing
312429	listing
312431	listing
312435	listing
312440	listing
312445	listing
312446	listing
312451	listing
312456	listing
312461	listing
312465	listing
312467	listing
312472	listing
312477	listing
312482	listing
312487	listing
312492	listing
312497	listing
312502	listing
312506	listing
312511	listing
312516	listing
312521	listing
312526	listing
312531	listing
312536	listing
312541	listing
312546	listing
312550	listing
312555	listing
312560	listing
312565	listing
312570	listing
312579	listing
312584	listing
312587	listing
312590	listing
312595	listing
312600	listing
312605	listing
312610	listing
312611	listing
312614	listing
312619	listing
312624	listing
312629	listing
312634	listing
312639	listing
312644	listing
312649	listing
312651	listing
312656	listing
312661	listing
312666	listing
312671	listing
312676	listing
312681	listing
312682	listing
312685	listing
312690	listing
312695	listing
312700	listing
312705	listing
312710	listing
312715	listing
312720	listing
312725	listing
312730	listing
312735	listing
312739	listing
312741	listing
312746	listing
312750	listing
312755	listing
312759	listing
312761	listing
312766	listing
312771	listing
312775	listing
312777	listing
312782	listing
312787	listing
312792	listing
312797	listing
312800	listing
312803	listing
312808	listing
312809	listing
312814	listing
312819	listing
312824	listing
312829	listing
312831	listing
312834	listing
312836	listing
312840	listing
312842	listing
312847	listing
312852	listing
312856	listing
312859	listing
312862	listing
312865	listing
312870	listing
312875	listing
312880	listing
312882	listing
312887	listing
312892	listing
312897	listing
312902	listing
312907	listing
312911	listing
312916	listing
312921	listing
312926	listing
312930	listing
312935	listing
312937	listing
312941	listing
312946	listing
312949	listing
312952	listing
312956	listing
312961	listing
312964	listing
312969	listing
312973	listing
312978	listing
312981	listing
312986	listing
312991	listing
312996	listing
313001	listing
313006	listing
313011	listing
313016	listing
313021	listing
313026	listing
313031	listing
313036	listing
313041	listing
313045	listing
313050	listing
313053	listing
313058	listing
313063	listing
313068	listing
313073	listing
313078	listing
313083	listing
313084	listing
313089	listing
313094	listing
313099	listing
313104	listing
313109	listing
313114	listing
313119	listing
313123	listing
313124	listing
313126	listing
313130	listing
313134	listing
313138	listing
313142	listing
313146	listing
313151	listing
313155	listing
313159	listing
313161	listing
313166	listing
313171	listing
313176	listing
313181	listing
313186	listing
313191	listing
313194	listing
313197	listing
313202	listing
313207	listing
313212	listing
313217	listing
313222	listing
313227	listing
313230	listing
313233	listing
313238	listing
313243	listing
313248	listing
313253	listing
313258	listing
313263	listing
313268	listing
313272	listing
313277	listing
313282	listing
313287	listing
313292	listing
313297	listing
313301	listing
313302	listing
313304	listing
313306	listing
313310	listing
313312	listing
313316	listing
313318	listing
313323	listing
313328	listing
313333	listing
313338	listing
313342	listing
313344	listing
313349	listing
313354	listing
313358	listing
313361	listing
313365	listing
313370	listing
313371	listing
313376	listing
313381	listing
313386	listing
313391	listing
313393	listing
313395	listing
313396	listing
313398	listing
313401	listing
313403	listing
313407	listing
313410	listing
313415	listing
313420	listing
313425	listing
313430	listing
313435	listing
313440	listing
313445	listing
313450	listing
313455	listing
313460	listing
313461	listing
313466	listing
313471	listing
313476	listing
313481	listing
313486	listing
313491	listing
313496	listing
313500	listing
313505	listing
313508	listing
313510	listing
313513	listing
313518	listing
313521	listing
313526	listing
313531	listing
313536	listing
313537	listing
313542	listing
313547	listing
313552	listing
313557	listing
313562	listing
313567	listing
313572	listing
313574	listing
313578	listing
313581	listing
313585	listing
313590	listing
313591	listing
313596	listing
313600	listing
313604	listing
313609	listing
313613	listing
313616	listing
313619	listing
313624	listing
313626	listing
313630	listing
313635	listing
313640	listing
313645	listing
313650	listing
313655	listing
313660	listing
313665	listing
313670	listing
313675	listing
313680	listing
313681	listing
313686	listing
313691	listing
313696	listing
313701	listing
313706	listing
313711	listing
313715	listing
313717	listing
313718	listing
313723	listing
313728	listing
313730	listing
313734	listing
313737	listing
313741	listing
313744	listing
313748	listing
313753	listing
313755	listing
313756	listing
313761	listing
313766	listing
313771	listing
313776	listing
313781	listing
313782	listing
313786	listing
313789	listing
313794	listing
313799	listing
313804	listing
313809	listing
313814	listing
313819	listing
313824	listing
313828	listing
313832	listing
313836	listing
313841	listing
313843	listing
313848	listing
313849	listing
313854	listing
313859	listing
313864	listing
313869	listing
313874	listing
313876	listing
313880	listing
313882	listing
313885	listing
313890	listing
313891	listing
313896	listing
313897	listing
313902	listing
313907	listing
313912	listing
313917	listing
313922	listing
313927	listing
313932	listing
313937	listing
313942	listing
313947	listing
313952	listing
313957	listing
313962	listing
313967	listing
313968	listing
313971	listing
313975	listing
313979	listing
313983	listing
313986	listing
313990	listing
313994	listing
313998	listing
314000	listing
314003	listing
314006	listing
314011	listing
314016	listing
314021	listing
314026	listing
314031	listing
314036	listing
314037	listing
314041	listing
314046	listing
314048	listing
314053	listing
314056	listing
314059	listing
314062	listing
314065	listing
314068	listing
314072	listing
314074	listing
314079	listing
314084	listing
314089	listing
314094	listing
314099	listing
314104	listing
314109	listing
314114	listing
314119	listing
314122	listing
314125	listing
314128	listing
314133	listing
314134	listing
314139	listing
314144	listing
314149	listing
314153	listing
314154	listing
314157	listing
314162	listing
314167	listing
314168	listing
314174	listing
314180	listing
314185	listing
314191	listing
314196	listing
314201	listing
314206	listing
314211	listing
314216	listing
314222	listing
314228	listing
314232	listing
314235	listing
314238	listing
314243	listing
314245	listing
314250	listing
314252	listing
314258	listing
314261	listing
314267	listing
314270	listing
314273	listing
314279	listing
314285	listing
314291	listing
314297	listing
314303	listing
314304	listing
314307	listing
314312	listing
314316	listing
314318	listing
314324	listing
314330	listing
314336	listing
314342	listing
314348	listing
314351	listing
314355	listing
314358	listing
314362	listing
314368	listing
314372	listing
314377	listing
314381	listing
314387	listing
314393	listing
314399	listing
314405	listing
314411	listing
314417	listing
314420	listing
314426	listing
314432	listing
314437	listing
314443	listing
314449	listing
314450	listing
314452	listing
314456	listing
314462	listing
314464	listing
314470	listing
314476	listing
314482	listing
314487	listing
314493	listing
314496	listing
314501	listing
314507	listing
314513	listing
314519	listing
314520	listing
314526	listing
314528	listing
314532	listing
314538	listing
314541	listing
314547	listing
314551	listing
314557	listing
314563	listing
314564	listing
314570	listing
314575	listing
314578	listing
314583	listing
314585	listing
314591	listing
314597	listing
314603	listing
314609	listing
314615	listing
314621	listing
314627	listing
314630	listing
314635	listing
314638	listing
314643	listing
314648	listing
314649	listing
314652	listing
314656	listing
314659	listing
314663	listing
314665	listing
314667	listing
314672	listing
314674	listing
314680	listing
314686	listing
314692	listing
314698	listing
314704	listing
314710	listing
314716	listing
314717	listing
314720	listing
314724	listing
314726	listing
314732	listing
314738	listing
314744	listing
314750	listing
314756	listing
314762	listing
314764	listing
314767	listing
314772	listing
314775	listing
314781	listing
314787	listing
314793	listing
314799	listing
314800	listing
314803	listing
314808	listing
314814	listing
314817	listing
314821	listing
314826	listing
314831	listing
314836	listing
314838	listing
314842	listing
314848	listing
314854	listing
314857	listing
314862	listing
314868	listing
314874	listing
314875	listing
314879	listing
314883	listing
314889	listing
314894	listing
314896	listing
314902	listing
314908	listing
314913	listing
314919	listing
314925	listing
314931	listing
314937	listing
314943	listing
314948	listing
314954	listing
314960	listing
314966	listing
314972	listing
314978	listing
314979	listing
314985	listing
314991	listing
314997	listing
315003	listing
315009	listing
315015	listing
315021	listing
315025	listing
315028	listing
315034	listing
315040	listing
315041	listing
315047	listing
315053	listing
315059	listing
315061	listing
315065	listing
315067	listing
315069	listing
315071	listing
315077	listing
315082	listing
315087	listing
315093	listing
315095	listing
315099	listing
315102	listing
315107	listing
315111	listing
315114	listing
315117	listing
315123	listing
315129	listing
315135	listing
315141	listing
315147	listing
315153	listing
315159	listing
315165	listing
315168	listing
315172	listing
315178	listing
315184	listing
315190	listing
315196	listing
315202	listing
315208	listing
315210	listing
315215	listing
315221	listing
315223	listing
315228	listing
315234	listing
315235	listing
315241	listing
315247	listing
315250	listing
315251	listing
315254	listing
315257	listing
315263	listing
315266	listing
315272	listing
315278	listing
315284	listing
315290	listing
315296	listing
315302	listing
315308	listing
315314	listing
315320	listing
315325	listing
315331	listing
315336	listing
315340	listing
315346	listing
315352	listing
315355	listing
315360	listing
315364	listing
315367	listing
315369	listing
315375	listing
315381	listing
315386	listing
315392	listing
315396	listing
315399	listing
315402	listing
315408	listing
315414	listing
315420	listing
315421	listing
315427	listing
315433	listing
315439	listing
315445	listing
315449	listing
315455	listing
315460	listing
315462	listing
315468	listing
315474	listing
315480	listing
315486	listing
315491	listing
315495	listing
315501	listing
315507	listing
315511	listing
315514	listing
315519	listing
315525	listing
315531	listing
315537	listing
315543	listing
315549	listing
315555	listing
315561	listing
315567	listing
315573	listing
315579	listing
315585	listing
315591	listing
315595	listing
315598	listing
315603	listing
315606	listing
315612	listing
315618	listing
315624	listing
315630	listing
315636	listing
315638	listing
315644	listing
315650	listing
315656	listing
315661	listing
315665	listing
315669	listing
315670	listing
315675	listing
315677	listing
315679	listing
315681	listing
315687	listing
315693	listing
315699	listing
315705	listing
315706	listing
315708	listing
315712	listing
315714	listing
315716	listing
315718	listing
315724	listing
315730	listing
315736	listing
315742	listing
315747	listing
315751	listing
315757	listing
315763	listing
315769	listing
315775	listing
315781	listing
315787	listing
315791	listing
315794	listing
315797	listing
315803	listing
315805	listing
315808	listing
315811	listing
315817	listing
315823	listing
315829	listing
315835	listing
315839	listing
315842	listing
315848	listing
315854	listing
315860	listing
315866	listing
315872	listing
315876	listing
315879	listing
315885	listing
315889	listing
315892	listing
315898	listing
315904	listing
315910	listing
315911	listing
315917	listing
315923	listing
315929	listing
315935	listing
315941	listing
315944	listing
315950	listing
315953	listing
315959	listing
315965	listing
315967	listing
315973	listing
315976	listing
315982	listing
315988	listing
315992	listing
315998	listing
316003	listing
316009	listing
316010	listing
316016	listing
316022	listing
316028	listing
316033	listing
316035	listing
316041	listing
316047	listing
316053	listing
316059	listing
316065	listing
316070	listing
316076	listing
316082	listing
316088	listing
316094	listing
316100	listing
316106	listing
316107	listing
316113	listing
316119	listing
316123	listing
316124	listing
316126	listing
316130	listing
316133	listing
316136	listing
316139	listing
316141	listing
316145	listing
316148	listing
316152	listing
316155	listing
316160	listing
316165	listing
316168	listing
316170	listing
316174	listing
316177	listing
316180	listing
316186	listing
316192	listing
316198	listing
316204	listing
316210	listing
316216	listing
316222	listing
316228	listing
316234	listing
316238	listing
316242	listing
316246	listing
316250	listing
316254	listing
316256	listing
316262	listing
316268	listing
316274	listing
316280	listing
316286	listing
316292	listing
316298	listing
316304	listing
316310	listing
316316	listing
316318	listing
316323	listing
316328	listing
316331	listing
316337	listing
316338	listing
316344	listing
316348	listing
316354	listing
316360	listing
316366	listing
316372	listing
316378	listing
316381	listing
316383	listing
316388	listing
316390	listing
316395	listing
316401	listing
316407	listing
316413	listing
316419	listing
316425	listing
316431	listing
316437	listing
316440	listing
316444	listing
316447	listing
316453	listing
316458	listing
316464	listing
316468	listing
316472	listing
316477	listing
316481	listing
316484	listing
316490	listing
316496	listing
316502	listing
316508	listing
316514	listing
316520	listing
316521	listing
316526	listing
316528	listing
316531	listing
316536	listing
316540	listing
316544	listing
316546	listing
316549	listing
316551	listing
316554	listing
316559	listing
316561	listing
316567	listing
316573	listing
316579	listing
316585	listing
316591	listing
316597	listing
316603	listing
316609	listing
316615	listing
316621	listing
316627	listing
316633	listing
316639	listing
316645	listing
316649	listing
316653	listing
316658	listing
316661	listing
316664	listing
316665	listing
316671	listing
316675	listing
316680	listing
316683	listing
316687	listing
316690	listing
316696	listing
316702	listing
316708	listing
316714	listing
316720	listing
316726	listing
316732	listing
316738	listing
316744	listing
316750	listing
316756	listing
316762	listing
316768	listing
316774	listing
316778	listing
316782	listing
316787	listing
316789	listing
316795	listing
316801	listing
316802	listing
316808	listing
316814	listing
316815	listing
316818	listing
316820	listing
316826	listing
316827	listing
316833	listing
316839	listing
316845	listing
316851	listing
316857	listing
316863	listing
316869	listing
316875	listing
316881	listing
316883	listing
316888	listing
316894	listing
316900	listing
316906	listing
316912	listing
316913	listing
316919	listing
316925	listing
316931	listing
316937	listing
316943	listing
316949	listing
316955	listing
316959	listing
316961	listing
316963	listing
316965	listing
316969	listing
316972	listing
316977	listing
316980	listing
316983	listing
316986	listing
316991	listing
316993	listing
316999	listing
317002	listing
317008	listing
317014	listing
317019	listing
317025	listing
317029	listing
317033	listing
317035	listing
317037	listing
317043	listing
317049	listing
317054	listing
317056	listing
317058	listing
317063	listing
317065	listing
317071	listing
317075	listing
317078	listing
317084	listing
317090	listing
317096	listing
317101	listing
317103	listing
317109	listing
317112	listing
317114	listing
317120	listing
317125	listing
317127	listing
317133	listing
317139	listing
317145	listing
317147	listing
317149	listing
317151	listing
317154	listing
317157	listing
317163	listing
317166	listing
317172	listing
317178	listing
317184	listing
317190	listing
317196	listing
317202	listing
317208	listing
317214	listing
317220	listing
317226	listing
317227	listing
317233	listing
317236	listing
317239	listing
317245	listing
317251	listing
317257	listing
317263	listing
317269	listing
317275	listing
317281	listing
317287	listing
317293	listing
317299	listing
317305	listing
317311	listing
317314	listing
317320	listing
317326	listing
317328	listing
317334	listing
317340	listing
317344	listing
317350	listing
317356	listing
317358	listing
317360	listing
317366	listing
317372	listing
317378	listing
317384	listing
317390	listing
317395	listing
317398	listing
317401	listing
317403	listing
317404	listing
317410	listing
317416	listing
317422	listing
317428	listing
317434	listing
317438	listing
317442	listing
317444	listing
317450	listing
317456	listing
317462	listing
317468	listing
317470	listing
317473	listing
317476	listing
317479	listing
317481	listing
317486	listing
317492	listing
317497	listing
317503	listing
317508	listing
317510	listing
317516	listing
317522	listing
317528	listing
317532	listing
317535	listing
317540	listing
317543	listing
317549	listing
317555	listing
317558	listing
317563	listing
317567	listing
317570	listing
317576	listing
317582	listing
317584	listing
317587	listing
317589	listing
317593	listing
317599	listing
317601	listing
317607	listing
317613	listing
317614	listing
317620	listing
317626	listing
317632	listing
317636	listing
317642	listing
317647	listing
317649	listing
317655	listing
317661	listing
317663	listing
317668	listing
317670	listing
317675	listing
317677	listing
317682	listing
317684	listing
317690	listing
317696	listing
317702	listing
317707	listing
317713	listing
317719	listing
317725	listing
317731	listing
317737	listing
317743	listing
317748	listing
317751	listing
317756	listing
317759	listing
317765	listing
317771	listing
317777	listing
317783	listing
317789	listing
317795	listing
317799	listing
317800	listing
317804	listing
317806	listing
317807	listing
317810	listing
317811	listing
317816	listing
317822	listing
317828	listing
317834	listing
317840	listing
317845	listing
317851	listing
317854	listing
317859	listing
317865	listing
317871	listing
317877	listing
317883	listing
317885	listing
317891	listing
317897	listing
317903	listing
317908	listing
317911	listing
317912	listing
317913	listing
317917	listing
317922	listing
317925	listing
317931	listing
317937	listing
317941	listing
317946	listing
317949	listing
317955	listing
317960	listing
317967	listing
317974	listing
317981	listing
317984	listing
317989	listing
317991	listing
317998	listing
318005	listing
318010	listing
318013	listing
318020	listing
318024	listing
318026	listing
318030	listing
318034	listing
318038	listing
318043	listing
318047	listing
318052	listing
318054	listing
318061	listing
318068	listing
318073	listing
318075	listing
318078	listing
318081	listing
318086	listing
318092	listing
318093	listing
318100	listing
318106	listing
318109	listing
318112	listing
318117	listing
318119	listing
318125	listing
318128	listing
318134	listing
318139	listing
318146	listing
318150	listing
318154	listing
318159	listing
318163	listing
318169	listing
318172	listing
318179	listing
318185	listing
318191	listing
318194	listing
318201	listing
318215	listing
318222	listing
318224	listing
318230	listing
318237	listing
318244	listing
318245	listing
318252	listing
318258	listing
318262	listing
318268	listing
318272	listing
318276	listing
318280	listing
318287	listing
318294	listing
318295	listing
318302	listing
318306	listing
318309	listing
318311	listing
318313	listing
318318	listing
318324	listing
318329	listing
318331	listing
318334	listing
318336	listing
318340	listing
318343	listing
318345	listing
318352	listing
318359	listing
318360	listing
318367	listing
318374	listing
318381	listing
318388	listing
318395	listing
318396	listing
318399	listing
318403	listing
318408	listing
318413	listing
318417	listing
318424	listing
318429	listing
318433	listing
318440	listing
318446	listing
318450	listing
318454	listing
318461	listing
318468	listing
318472	listing
318478	listing
318479	listing
318484	listing
318488	listing
318495	listing
318502	listing
318509	listing
318514	listing
318515	listing
318516	listing
318520	listing
318521	listing
318522	listing
318524	listing
318530	listing
318537	listing
318544	listing
318551	listing
318558	listing
318563	listing
318565	listing
318567	listing
318572	listing
318579	listing
318582	listing
318588	listing
318593	listing
318600	listing
318607	listing
318610	listing
318617	listing
318624	listing
318627	listing
318631	listing
318637	listing
318641	listing
318646	listing
318652	listing
318658	listing
318659	listing
318664	listing
318666	listing
318672	listing
318679	listing
318684	listing
318688	listing
318692	listing
318695	listing
318696	listing
318698	listing
318701	listing
318708	listing
318715	listing
318718	listing
318725	listing
318729	listing
318734	listing
318736	listing
318743	listing
318746	listing
318752	listing
318759	listing
318763	listing
318768	listing
318773	listing
318780	listing
318783	listing
318790	listing
318796	listing
318802	listing
318807	listing
318814	listing
318821	listing
318826	listing
318831	listing
318834	listing
318835	listing
318842	listing
318847	listing
318853	listing
318860	listing
318867	listing
318874	listing
318881	listing
318888	listing
318895	listing
318899	listing
318906	listing
318910	listing
318913	listing
318920	listing
318926	listing
318931	listing
318936	listing
318940	listing
318947	listing
318953	listing
318955	listing
318962	listing
318965	listing
318969	listing
318977	listing
318985	listing
318991	listing
318995	listing
319002	listing
319010	listing
319018	listing
319026	listing
319028	listing
319035	listing
319042	listing
319047	listing
319048	listing
319052	listing
319054	listing
319062	listing
319063	listing
319068	listing
319073	listing
319081	listing
319089	listing
319096	listing
319100	listing
319102	listing
319104	listing
319105	listing
319106	listing
319112	listing
319117	listing
319123	listing
319126	listing
319132	listing
319133	listing
319139	listing
319140	listing
319147	listing
319150	listing
319158	listing
319164	listing
319166	listing
319167	listing
319174	listing
319182	listing
319186	listing
319193	listing
319198	listing
319204	listing
319205	listing
319209	listing
319217	listing
319225	listing
319233	listing
319240	listing
319243	listing
319248	listing
319250	listing
319258	listing
319264	listing
319270	listing
319277	listing
319284	listing
319291	listing
319298	listing
319303	listing
319308	listing
319314	listing
319321	listing
319333	listing
319340	listing
319346	listing
319353	listing
319355	listing
319356	listing
319362	listing
319366	listing
319372	listing
319377	listing
319385	listing
319393	listing
319401	listing
319409	listing
319417	listing
319425	listing
319432	listing
319434	listing
319442	listing
319448	listing
319452	listing
319457	listing
319459	listing
319461	listing
319464	listing
319467	listing
319471	listing
319472	listing
319474	listing
319479	listing
319483	listing
319489	listing
319493	listing
319498	listing
319503	listing
319506	listing
319513	listing
319518	listing
319525	listing
319532	listing
319538	listing
319545	listing
319552	listing
319560	listing
319564	listing
319571	listing
319572	listing
319578	listing
319583	listing
319591	listing
319596	listing
319603	listing
319606	listing
319614	listing
319617	listing
319625	listing
319632	listing
319640	listing
319648	listing
319656	listing
319664	listing
319672	listing
319680	listing
319688	listing
319695	listing
319700	listing
319704	listing
319709	listing
319717	listing
319724	listing
319729	listing
319737	listing
319741	listing
319742	listing
319750	listing
319752	listing
319760	listing
319765	listing
319769	listing
319772	listing
319780	listing
319788	listing
319795	listing
319803	listing
319811	listing
319819	listing
319826	listing
319832	listing
319839	listing
319847	listing
319853	listing
319861	listing
319867	listing
319874	listing
319879	listing
319886	listing
319891	listing
319898	listing
319901	listing
319907	listing
319913	listing
319920	listing
319926	listing
319931	listing
319939	listing
319947	listing
319955	listing
319962	listing
319964	listing
319967	listing
319973	listing
319979	listing
319985	listing
319990	listing
319995	listing
320003	listing
320011	listing
320019	listing
320024	listing
320032	listing
320040	listing
320046	listing
320054	listing
320057	listing
320065	listing
320073	listing
320080	listing
320087	listing
320089	listing
320096	listing
320103	listing
320111	listing
320118	listing
320123	listing
320131	listing
320139	listing
320147	listing
320155	listing
320161	listing
320169	listing
320177	listing
320181	listing
320186	listing
320190	listing
320198	listing
320200	listing
320205	listing
320211	listing
320218	listing
320221	listing
320229	listing
320234	listing
320236	listing
320242	listing
320244	listing
320252	listing
320260	listing
320268	listing
320276	listing
320284	listing
320292	listing
320300	listing
320308	listing
320316	listing
320324	listing
320329	listing
320337	listing
320345	listing
320353	listing
320361	listing
320366	listing
320369	listing
320371	listing
320375	listing
320378	listing
320384	listing
320391	listing
320396	listing
320400	listing
320402	listing
320404	listing
320406	listing
320410	listing
320412	listing
320417	listing
320419	listing
320427	listing
320435	listing
320443	listing
320451	listing
320459	listing
320467	listing
320475	listing
320482	listing
320487	listing
320491	listing
320493	listing
320496	listing
320501	listing
320505	listing
320509	listing
320514	listing
320519	listing
320525	listing
320533	listing
320538	listing
320543	listing
320551	listing
320559	listing
320567	listing
320575	listing
320583	listing
320591	listing
320596	listing
320599	listing
320603	listing
320611	listing
320616	listing
320619	listing
320622	listing
320625	listing
320627	listing
320635	listing
320643	listing
320650	listing
320653	listing
320657	listing
320661	listing
320663	listing
320667	listing
320673	listing
320677	listing
320680	listing
320687	listing
320689	listing
320697	listing
320705	listing
320708	listing
320716	listing
320721	listing
320727	listing
320729	listing
320736	listing
320741	listing
320744	listing
320749	listing
320753	listing
320759	listing
320760	listing
320765	listing
320771	listing
320775	listing
320781	listing
320785	listing
320790	listing
320796	listing
320801	listing
320805	listing
320808	listing
320813	listing
320816	listing
320825	listing
320834	listing
320843	listing
320850	listing
320857	listing
320861	listing
320866	listing
320871	listing
320876	listing
320884	listing
320888	listing
320893	listing
320899	listing
320903	listing
320910	listing
320914	listing
320918	listing
320923	listing
320928	listing
320937	listing
320940	listing
320948	listing
320952	listing
320958	listing
320967	listing
320976	listing
320985	listing
320994	listing
321003	listing
321012	listing
321015	listing
321019	listing
321023	listing
321029	listing
321034	listing
321040	listing
321041	listing
321046	listing
321048	listing
321051	listing
321055	listing
321058	listing
321061	listing
321066	listing
321072	listing
321077	listing
321085	listing
321087	listing
321096	listing
321099	listing
321108	listing
321114	listing
321116	listing
321119	listing
321123	listing
321127	listing
321131	listing
321136	listing
321141	listing
321145	listing
321152	listing
321160	listing
321162	listing
321168	listing
321172	listing
321176	listing
321182	listing
321187	listing
321193	listing
321198	listing
321203	listing
321205	listing
321208	listing
321212	listing
321214	listing
321218	listing
321221	listing
321226	listing
321230	listing
321235	listing
321239	listing
321240	listing
321244	listing
321249	listing
321253	listing
321258	listing
321260	listing
321265	listing
321268	listing
321271	listing
321279	listing
321284	listing
321291	listing
321296	listing
321303	listing
321312	listing
321321	listing
321327	listing
321332	listing
321335	listing
321340	listing
321344	listing
321349	listing
321354	listing
321357	listing
321361	listing
321365	listing
321373	listing
321376	listing
321382	listing
321386	listing
321391	listing
321397	listing
321400	listing
321407	listing
321413	listing
321422	listing
321431	listing
321440	listing
321447	listing
321454	listing
321463	listing
321472	listing
321478	listing
321484	listing
321486	listing
321495	listing
321504	listing
321506	listing
321515	listing
321517	listing
321519	listing
321523	listing
321525	listing
321527	listing
321529	listing
321532	listing
321535	listing
321538	listing
321545	listing
321551	listing
321560	listing
321561	listing
321569	listing
321576	listing
321585	listing
321594	listing
321603	listing
321611	listing
321619	listing
321627	listing
321629	listing
321636	listing
321644	listing
321652	listing
321660	listing
321665	listing
321668	listing
321674	listing
321677	listing
321684	listing
321690	listing
321694	listing
321699	listing
321702	listing
321707	listing
321713	listing
321717	listing
321722	listing
321726	listing
321735	listing
321743	listing
321747	listing
321753	listing
321759	listing
321763	listing
321767	listing
321773	listing
321778	listing
321784	listing
321787	listing
321793	listing
321798	listing
321803	listing
321809	listing
321813	listing
321821	listing
321824	listing
321828	listing
321832	listing
321834	listing
321836	listing
321839	listing
321844	listing
321850	listing
321856	listing
321861	listing
321870	listing
321875	listing
321879	listing
321883	listing
321888	listing
321894	listing
321898	listing
321905	listing
321909	listing
321914	listing
321917	listing
321921	listing
321926	listing
321934	listing
321937	listing
321944	listing
321946	listing
321952	listing
321959	listing
321966	listing
321970	listing
321979	listing
321983	listing
321990	listing
321993	listing
322002	listing
322011	listing
322020	listing
322024	listing
322032	listing
322035	listing
322044	listing
322047	listing
322056	listing
322065	listing
322069	listing
322073	listing
322075	listing
322079	listing
322086	listing
322095	listing
322099	listing
322105	listing
322108	listing
322112	listing
322115	listing
322119	listing
322126	listing
322129	listing
322133	listing
322135	listing
322140	listing
322145	listing
322150	listing
322153	listing
322155	listing
322157	listing
322159	listing
322161	listing
322163	listing
322167	listing
322169	listing
322174	listing
322178	listing
322185	listing
322190	listing
322194	listing
322199	listing
322205	listing
322209	listing
322217	listing
322222	listing
322227	listing
322232	listing
322237	listing
322240	listing
322246	listing
322255	listing
322264	listing
322273	listing
322280	listing
322285	listing
322290	listing
322295	listing
322300	listing
322309	listing
322312	listing
322321	listing
322330	listing
322333	listing
322336	listing
322341	listing
322345	listing
322349	listing
322353	listing
322358	listing
322362	listing
322369	listing
322374	listing
322378	listing
322382	listing
322384	listing
322387	listing
322391	listing
322398	listing
322402	listing
322407	listing
322412	listing
322416	listing
322424	listing
322426	listing
322435	listing
322442	listing
322451	listing
322456	listing
322462	listing
322469	listing
322475	listing
322480	listing
322484	listing
322488	listing
322494	listing
322496	listing
322505	listing
322514	listing
322523	listing
322532	listing
322538	listing
322546	listing
322549	listing
322554	listing
322563	listing
322566	listing
322571	listing
322578	listing
322582	listing
322588	listing
322590	listing
322591	listing
322596	listing
322598	listing
322600	listing
322602	listing
322605	listing
322609	listing
322612	listing
322614	listing
322621	listing
322625	listing
322628	listing
322635	listing
322641	listing
322647	listing
322652	listing
322659	listing
322665	listing
322674	listing
322676	listing
322682	listing
322683	listing
322689	listing
322695	listing
322703	listing
322706	listing
322714	listing
322716	listing
322724	listing
322727	listing
322731	listing
322737	listing
322745	listing
322747	listing
322750	listing
322757	listing
322766	listing
322768	listing
322777	listing
322780	listing
322787	listing
322790	listing
322797	listing
322802	listing
322809	listing
322811	listing
322820	listing
322824	listing
322830	listing
322834	listing
322841	listing
322849	listing
322852	listing
322858	listing
322867	listing
322876	listing
322878	listing
322886	listing
322894	listing
322897	listing
322905	listing
322909	listing
322913	listing
322916	listing
322921	listing
322928	listing
322949	url-variant
323285	url-variant
324179	url-variant
324475	url-variant
324512	url-variant
324656	url-variant
324775	url-variant
325284	url-variant
325605	url-variant
325628	url-variant
325666	url-variant
325848	url-variant
325869	url-variant
325975	url-variant
325985	url-variant
325995	url-variant
326005	url-variant
326015	url-variant
326025	url-variant
326032	url-variant
326042	url-variant
326045	url-variant
326322	url-variant
326352	url-variant
326557	url-variant
327081	url-variant
327212	url-variant
327535	url-variant
327604	url-variant
327635	url-variant
328004	url-variant
329361	url-variant
329685	url-variant
329700	url-variant
329706	url-variant
329716	url-variant
329807	url-variant
330172	url-variant
330182	url-variant
330193	url-variant
330203	url-variant
330206	url-variant
330221	url-variant
330232	url-variant
330249	url-variant
330257	url-variant
330270	url-variant
330282	url-variant
330295	url-variant
349763	url-variant
349980	url-variant
350190	url-variant
350276	url-variant
350358	url-variant
350481	url-variant
350601	url-variant
350737	url-variant
351255	url-variant
351328	url-variant
351441	url-variant
351501	url-variant
351902	url-variant
352092	url-variant
352178	url-variant
352345	url-variant
352417	url-variant
353130	url-variant
353290	url-variant
353617	url-variant
353886	url-variant
353926	url-variant
353976	url-variant
354165	url-variant
354168	url-variant
354182	url-variant
354213	url-variant
354231	url-variant
354253	url-variant
354255	url-variant
354270	url-variant
354289	url-variant
354312	url-variant
354315	url-variant
354317	url-variant
354397	url-variant
354405	url-variant
354415	url-variant
354422	url-variant
354455	url-variant
354470	url-variant
354473	url-variant
354496	url-variant
354503	url-variant
354505	url-variant
354508	url-variant
354511	url-variant
354551	url-variant
354553	url-variant
354571	url-variant
354573	url-variant
354599	url-variant
354715	url-variant
354734	url-variant
354737	url-variant
354755	url-variant
354768	url-variant
354792	url-variant
354793	url-variant
354890	url-variant
354894	url-variant
354897	url-variant
354933	url-variant
354967	url-variant
355310	url-variant
355320	url-variant
355326	url-variant
355384	url-variant
355386	url-variant
355388	url-variant
355392	url-variant
355394	url-variant
355396	url-variant
355398	url-variant
355400	url-variant
355402	url-variant
355403	url-variant
355405	url-variant
355407	url-variant
355409	url-variant
355411	url-variant
383826	numeric-alias
384425	numeric-alias
384777	numeric-alias
384819	numeric-alias
384863	numeric-alias
384891	numeric-alias
384920	numeric-alias
384928	numeric-alias
384939	numeric-alias
384973	numeric-alias
385029	numeric-alias
385047	numeric-alias
385075	numeric-alias
385085	numeric-alias
385089	numeric-alias
385115	numeric-alias
385175	numeric-alias
385196	numeric-alias
385203	numeric-alias
385215	numeric-alias
385235	numeric-alias
385280	numeric-alias
385312	numeric-alias
385319	numeric-alias
385331	numeric-alias
385359	numeric-alias
385373	numeric-alias
385665	listing
385684	listing
385694	listing
385707	listing
385716	listing
385722	listing
385730	listing
385736	listing
385746	listing
385754	listing
385760	listing
385766	listing
385774	listing
385782	listing
385785	listing
385790	listing
385804	listing
385814	listing
385827	listing
385843	listing
385850	listing
385856	listing
385870	listing
385877	listing
385883	listing
385892	listing
385906	listing
385909	listing
385915	listing
385921	listing
385926	listing
385945	listing
385946	listing
385947	listing
385952	listing
385961	listing
385963	listing
385966	listing
385979	listing
385985	listing
385999	listing
386006	listing
386010	listing
386021	listing
386026	listing
386036	listing
386047	listing
386054	listing
386066	listing
386069	listing
386085	listing
386096	listing
386102	listing
386109	listing
386117	listing
386125	listing
386128	listing
386136	listing
386140	listing
386148	listing
386157	listing
386163	listing
386170	listing
386206	listing
386210	listing
386215	listing
386240	listing
386243	listing
386272	listing
386461	numeric-alias
386489	numeric-alias
386602	listing
387281	listing
387531	listing
387612	url-variant
388191	listing
388207	listing
388224	listing
388231	listing
388249	listing
388267	listing
388283	listing
388300	listing
388306	listing
388320	listing
388331	listing
388345	listing
388362	listing
388387	listing
388391	listing
388394	listing
388402	listing
388417	listing
388422	listing
388430	listing
388431	listing
388456	listing
388474	listing
388487	listing
388507	listing
388525	listing
388536	listing
388549	listing
388566	listing
388574	listing
388605	listing
388614	listing
388623	listing
388637	listing
388651	listing
388666	listing
388678	listing
388690	listing
388701	listing
388714	listing
388722	listing
388741	listing
388750	listing
388756	listing
388776	listing
388781	listing
388797	listing
388811	listing
388831	listing
388832	listing
388842	listing
388850	listing
388860	listing
388867	listing
388872	listing
388889	listing
388905	listing
388922	listing
388941	listing
388949	listing
388961	listing
388969	listing
388983	listing
388995	listing
388996	listing
389000	listing
389007	listing
389015	listing
389024	listing
389031	listing
389033	listing
389042	listing
389051	listing
389067	listing
389082	listing
389100	listing
389112	listing
389122	listing
389135	listing
389151	listing
389163	listing
389173	listing
389184	listing
389197	listing
389211	listing
389222	listing
389233	listing
389264	listing
389270	listing
389273	listing
389280	listing
389290	listing
389299	listing
389313	listing
389330	listing
389343	listing
389354	listing
389365	listing
389381	listing
389392	listing
389405	listing
389414	listing
389418	listing
389441	listing
389453	listing
389460	listing
389468	listing
389477	listing
389494	listing
389503	listing
389511	listing
389516	listing
389535	listing
389540	listing
389546	listing
389557	listing
389563	listing
389579	listing
389584	listing
389597	listing
389604	listing
389609	listing
389620	listing
389628	listing
389640	listing
389650	listing
389670	listing
389694	listing
389706	listing
389717	listing
389731	listing
389735	listing
389749	listing
389763	listing
389776	listing
389784	listing
389798	listing
389807	listing
389819	listing
389824	listing
389852	listing
389859	listing
389870	listing
389876	listing
389894	listing
389899	listing
389910	listing
389923	listing
389932	listing
389943	listing
389960	listing
389967	listing
389974	listing
389980	listing
389991	listing
389996	listing
390006	listing
390013	listing
390033	listing
390038	listing
390051	listing
390064	listing
390073	listing
390083	listing
390099	listing
390113	listing
390125	listing
390140	listing
390158	listing
390167	listing
390182	listing
390196	listing
390208	listing
390223	listing
390242	listing
390251	listing
390267	listing
390273	listing
390275	listing
390286	listing
390297	listing
390306	listing
390315	listing
390332	listing
390344	listing
390355	listing
390358	listing
390374	listing
390380	listing
390404	listing
390413	listing
390425	listing
390447	listing
390452	listing
390458	listing
390478	listing
390495	listing
390519	listing
390527	listing
390543	listing
390557	listing
390566	listing
390576	listing
390588	listing
390601	listing
390610	listing
390624	listing
390641	listing
390648	listing
390656	listing
390666	listing
390678	listing
390685	listing
390690	listing
390695	listing
390701	listing
390709	listing
390715	listing
390720	listing
390723	listing
390736	listing
390762	listing
390781	listing
390793	listing
390807	listing
390818	listing
390835	listing
390852	listing
390857	listing
390865	listing
390877	listing
390892	listing
390910	listing
390923	listing
390933	listing
390943	listing
390955	listing
390967	listing
390981	listing
390987	listing
390993	listing
391006	listing
391027	listing
391033	listing
391038	listing
391049	listing
391059	listing
391062	listing
391090	listing
391104	listing
391120	listing
391128	listing
391142	listing
391149	listing
391170	listing
391186	listing
391195	listing
391204	listing
391214	listing
391224	listing
391231	listing
391241	listing
391253	listing
391258	listing
391272	listing
391284	listing
391291	listing
391298	listing
391308	listing
391312	listing
391317	listing
391326	listing
391331	listing
391340	listing
391354	listing
391374	listing
391387	listing
391396	listing
391413	listing
391423	listing
391433	listing
391450	listing
391465	listing
391468	listing
391491	listing
391504	listing
391512	listing
391529	listing
391536	listing
391543	listing
391551	listing
391560	listing
391566	listing
391582	listing
391591	listing
391601	listing
391612	listing
391621	listing
391630	listing
391641	listing
391672	listing
391684	listing
391691	listing
391699	listing
391702	listing
391710	listing
391715	listing
391727	listing
391745	listing
391756	listing
391762	listing
391774	listing
391786	listing
391800	listing
391802	listing
391815	listing
391834	listing
391849	listing
391857	listing
391871	listing
391886	listing
391898	listing
391909	listing
391924	listing
391927	listing
391939	listing
391950	listing
391957	listing
391971	listing
391980	listing
391987	listing
392001	listing
392018	listing
392025	listing
392034	listing
392044	listing
392059	listing
392069	listing
392081	listing
392096	listing
392104	listing
392115	listing
392120	listing
392131	listing
392136	listing
392154	listing
392168	listing
392193	listing
392217	listing
392233	listing
392246	listing
392265	listing
392286	listing
392310	listing
392318	listing
392324	listing
392339	listing
392350	listing
392359	listing
392362	listing
392367	listing
392376	listing
392387	listing
392401	listing
392408	listing
392411	listing
392412	listing
392426	listing
392440	listing
392456	listing
392474	listing
392484	listing
392500	listing
392509	listing
392526	listing
392532	listing
392542	listing
392548	listing
392555	listing
392566	listing
392574	listing
392579	listing
392594	listing
392606	listing
392629	listing
392642	listing
392656	listing
392666	listing
392679	listing
392695	listing
392698	listing
392705	listing
392713	listing
392722	listing
392734	listing
392741	listing
392751	listing
392763	listing
392776	listing
392798	listing
392808	listing
392822	listing
392842	listing
392851	listing
392860	listing
392863	listing
392872	listing
392889	listing
392897	listing
392904	listing
392915	listing
392922	listing
392933	listing
392937	listing
392942	listing
392949	listing
392961	listing
392968	listing
392982	listing
392992	listing
392993	listing
393005	listing
393015	listing
393031	listing
393050	listing
393067	listing
393071	listing
393075	listing
393088	listing
393103	listing
393120	listing
393122	listing
393145	listing
393157	listing
393172	listing
393185	listing
393194	listing
393208	listing
393225	listing
393233	listing
393238	listing
393247	listing
393264	listing
393276	listing
393287	listing
393296	listing
393310	listing
393321	listing
393339	listing
393354	listing
393375	listing
393384	listing
393389	listing
393403	listing
393418	listing
393427	listing
393433	listing
393447	listing
393459	listing
393471	listing
393480	listing
393487	listing
393491	listing
393498	listing
393505	listing
393514	listing
393520	listing
393528	listing
393542	listing
393553	listing
393567	listing
393582	listing
393594	listing
393604	listing
393621	listing
393636	listing
393654	listing
393676	listing
393692	listing
393709	listing
393716	listing
393721	listing
393728	listing
393737	listing
393750	listing
393754	listing
393779	listing
393788	listing
393792	listing
393807	listing
393819	listing
393829	listing
393838	listing
393853	listing
393864	listing
393872	listing
393895	listing
393902	listing
393911	listing
393915	listing
393917	listing
393922	listing
393927	listing
393939	listing
393952	listing
393965	listing
393982	listing
393990	listing
393995	listing
394003	listing
394019	listing
394021	listing
394036	listing
394056	listing
394081	listing
394092	listing
394098	listing
394103	listing
394110	listing
394116	listing
394123	listing
394128	listing
394133	listing
394138	listing
394141	listing
394173	listing
394186	listing
394197	listing
394214	listing
394229	listing
394230	listing
394258	listing
394271	listing
394278	listing
394290	listing
394301	listing
394313	listing
394319	listing
394325	listing
394331	listing
394338	listing
394347	numeric-alias
394348	listing
394352	listing
394355	numeric-alias
394361	listing
394370	listing
394383	listing
394396	listing
394406	numeric-alias
394407	listing
394415	listing
394423	numeric-alias
394428	listing
394437	listing
394441	numeric-alias
394451	listing
394467	listing
394471	numeric-alias
394483	listing
394497	listing
394505	listing
394518	listing
394526	listing
394536	numeric-alias
394537	listing
394543	listing
394546	listing
394550	listing
394557	listing
394568	listing
394578	listing
394585	listing
394586	numeric-alias
394592	listing
394598	listing
394604	listing
394616	numeric-alias
394619	listing
394630	listing
394636	listing
394645	listing
394657	listing
394665	listing
394675	listing
394687	listing
394703	listing
394707	listing
394714	listing
394722	listing
394730	listing
394736	listing
394751	listing
394758	listing
394767	listing
394778	listing
394793	listing
394804	listing
394808	listing
394819	listing
394828	listing
394853	listing
394861	listing
394870	listing
394874	listing
394885	listing
394900	listing
394911	listing
394917	listing
394939	listing
394951	listing
394959	listing
394972	listing
394979	listing
394988	listing
395002	listing
395019	listing
395027	listing
395036	listing
395050	listing
395060	listing
395067	listing
395078	listing
395090	listing
395101	listing
395108	listing
395117	listing
395127	listing
395139	listing
395147	listing
395156	listing
395171	listing
395187	listing
395198	listing
395211	listing
395222	listing
395230	listing
395233	listing
395241	listing
395249	listing
395259	listing
395275	listing
395282	listing
395291	listing
395305	listing
395311	listing
395326	listing
395342	listing
395364	listing
395370	listing
395383	listing
395395	listing
395416	listing
395433	listing
395442	listing
395452	listing
395461	listing
395474	listing
395492	listing
395501	listing
395513	listing
395521	listing
395536	listing
395558	listing
395571	listing
395586	listing
395600	listing
395610	listing
395617	listing
395621	listing
395626	listing
395638	listing
395648	listing
395656	listing
395664	listing
395673	listing
395681	listing
395685	listing
395690	listing
395698	listing
395713	listing
395718	listing
395732	listing
395744	listing
395760	listing
395765	listing
395773	listing
395798	listing
395816	listing
395831	listing
395855	listing
395864	listing
395873	listing
395882	listing
395892	listing
395898	listing
395902	listing
395912	listing
395930	listing
395943	listing
395956	listing
395967	listing
395972	listing
395983	listing
395991	listing
395996	listing
396007	listing
396022	listing
396033	listing
396048	listing
396069	listing
396071	listing
396075	listing
396093	listing
396102	listing
396113	listing
396116	listing
396139	listing
396147	listing
396161	listing
396169	listing
396176	listing
396195	listing
396210	listing
396218	listing
396225	listing
396243	listing
396255	listing
396265	listing
396276	listing
396286	listing
396296	listing
396303	listing
396310	listing
396316	listing
396331	listing
396336	listing
396338	listing
396362	listing
396367	listing
396370	listing
396389	listing
396399	listing
396414	listing
396420	listing
396428	listing
396438	listing
396451	listing
396458	listing
396471	listing
396482	listing
396487	listing
396492	listing
396499	listing
396510	listing
396523	listing
396525	listing
396530	listing
396538	listing
396547	listing
396556	listing
396565	listing
396581	listing
396586	listing
396588	listing
396602	listing
396605	listing
396620	listing
396628	listing
396638	listing
396644	listing
396653	listing
396660	listing
396665	listing
396671	listing
396678	listing
396688	listing
396692	listing
396702	listing
396707	listing
396724	listing
396729	listing
396743	listing
396763	listing
396764	listing
396778	listing
396785	listing
396798	listing
396806	listing
396818	listing
396827	listing
396840	listing
396849	listing
396861	listing
396873	listing
396875	listing
396888	listing
396900	listing
396918	listing
396938	listing
396957	listing
396967	listing
396976	listing
396983	listing
396997	listing
397009	listing
397015	listing
397023	listing
397048	listing
397058	listing
397070	listing
397082	listing
397092	listing
397101	listing
397110	listing
397121	listing
397133	listing
397140	listing
397163	listing
397180	listing
397185	listing
397190	listing
397193	listing
397197	listing
397206	listing
397217	listing
397225	listing
397229	listing
397240	listing
397253	listing
397266	listing
397276	listing
397300	listing
397311	listing
397328	listing
397334	listing
397351	listing
397357	listing
397362	listing
397369	listing
397378	listing
397384	listing
397388	listing
397396	listing
397428	listing
397445	listing
397457	listing
397464	listing
397472	listing
397478	listing
397492	listing
397500	listing
397511	listing
397520	listing
397534	listing
397542	listing
397557	listing
397566	listing
397577	listing
397584	listing
397587	listing
397593	listing
397599	listing
397601	listing
397608	listing
397615	listing
397627	listing
397637	listing
397642	listing
397653	listing
397662	listing
397672	listing
397683	listing
397693	listing
397702	listing
397710	listing
397728	listing
397741	listing
397746	listing
397752	listing
397762	listing
397775	listing
397779	listing
397788	listing
397805	listing
397817	listing
397828	listing
397839	listing
397841	listing
397853	listing
397867	listing
397880	listing
397895	listing
397910	listing
397926	listing
397945	listing
397950	listing
397955	listing
397959	listing
397973	listing
397983	listing
397999	listing
398006	listing
398017	listing
398028	listing
398039	listing
398053	listing
398067	listing
398069	listing
398080	listing
398092	listing
398106	listing
398120	listing
398128	listing
398137	listing
398144	listing
398154	listing
398170	listing
398180	listing
398185	listing
398189	listing
398194	listing
398199	listing
398207	listing
398213	listing
398218	listing
398241	listing
398259	listing
398275	listing
398295	listing
398308	listing
398320	listing
398322	listing
398349	listing
398355	listing
398360	listing
398368	listing
398372	listing
398375	listing
398379	listing
398392	listing
398401	listing
398409	listing
398414	listing
398422	listing
398429	listing
398440	listing
398450	listing
398459	listing
398462	listing
398469	listing
398477	listing
398485	listing
398491	listing
398501	listing
398504	listing
398522	listing
398528	listing
398530	listing
398551	listing
398565	listing
398587	listing
398605	listing
398635	listing
398654	listing
398662	listing
398675	listing
398681	listing
398685	listing
398692	listing
398698	listing
398706	listing
398715	listing
398725	listing
398730	listing
398737	listing
398744	listing
398752	listing
398754	listing
398778	listing
398785	listing
398798	listing
398809	listing
398821	listing
398832	listing
398850	listing
398856	listing
398858	listing
398865	listing
398876	listing
398882	listing
398889	listing
398898	listing
398905	listing
398909	listing
398921	listing
398933	listing
398939	listing
398947	listing
398959	listing
398973	listing
398982	listing
398991	listing
399009	listing
399023	listing
399033	listing
399043	listing
399054	listing
399069	listing
399081	listing
399100	listing
399117	listing
399119	listing
399129	listing
399141	listing
399149	listing
399156	listing
399159	listing
399177	listing
399193	listing
399203	listing
399215	listing
399220	listing
399224	listing
399228	listing
399233	listing
399240	listing
399244	listing
399258	listing
399262	listing
399267	listing
399280	listing
399293	listing
399299	listing
399317	listing
399329	listing
399351	listing
399365	listing
399373	listing
399379	listing
399381	listing
399388	listing
399396	listing
399405	listing
399416	listing
399425	listing
399430	listing
399435	listing
399449	listing
399454	listing
400668	listing
400686	listing
400695	listing
400721	listing
400724	listing
400729	listing
400744	listing
400763	listing
400768	listing
400790	listing
400833	listing
400838	listing
400854	listing
400868	listing
400885	listing
400901	listing
400912	listing
400923	listing
400955	listing
400980	listing
401016	listing
401025	listing
401036	listing
401047	listing
401055	listing
401065	listing
401072	listing
401079	listing
401096	listing
401119	listing
401125	listing
401133	listing
401139	listing
401147	listing
401169	listing
401181	listing
401188	listing
401236	listing
401250	listing
401256	listing
401263	listing
401272	listing
401280	listing
401288	listing
401294	listing
401299	listing
401308	listing
401316	listing
401320	listing
401329	listing
401335	listing
401352	listing
401390	listing
401397	listing
401408	listing
401413	listing
401421	listing
401432	listing
401439	listing
401457	listing
401466	listing
401492	listing
401529	listing
401558	listing
401568	listing
401574	listing
401614	listing
401623	listing
401628	listing
401636	listing
401641	listing
401650	listing
401656	listing
401661	listing
401684	listing
401686	listing
401690	listing
401704	listing
401711	listing
401717	listing
401720	listing
401729	listing
401826	listing
401862	listing
401867	listing
401874	listing
401885	listing
401892	listing
401902	listing
401912	listing
401917	listing
401928	listing
401935	listing
401940	listing
402675	numeric-alias
402742	numeric-alias
402810	numeric-alias
402823	numeric-alias
402842	numeric-alias
402906	numeric-alias
402928	numeric-alias
402943	numeric-alias
402980	numeric-alias
403091	numeric-alias
403107	numeric-alias
403114	numeric-alias
403132	numeric-alias
403345	listing
403359	listing
404465	numeric-alias
404510	numeric-alias
404527	numeric-alias
404542	numeric-alias
408097	inventory
408347	inventory
408362	inventory
408666	inventory
409836	numeric-alias
409971	numeric-alias
410060	inventory
410078	inventory
410093	inventory
410095	numeric-alias
410100	inventory
410122	inventory
410131	inventory
410132	numeric-alias
410145	inventory
410152	inventory
410164	inventory
410165	numeric-alias
410167	inventory
410174	inventory
410179	inventory
410183	inventory
410197	numeric-alias
410305	inventory
410322	numeric-alias
410327	inventory
410402	numeric-alias
410404	inventory
410457	numeric-alias
410465	inventory
410513	numeric-alias
410544	numeric-alias
410554	numeric-alias
410583	numeric-alias
410586	inventory
410618	numeric-alias
410632	numeric-alias
410782	inventory
410820	inventory
410851	inventory
410951	url-variant
410973	inventory
411006	url-variant
411238	inventory
411385	inventory
411395	inventory
411403	inventory
411459	inventory
411462	inventory
411528	inventory
411573	inventory
411654	inventory
411676	inventory
411686	inventory
411709	inventory
411712	inventory
411745	inventory
411748	inventory
411795	inventory
411815	inventory
411848	inventory
411851	inventory
411865	inventory
411957	inventory
412202	inventory
412205	inventory
412219	inventory
412252	inventory
412267	inventory
412278	inventory
412287	inventory
412298	inventory
412322	inventory
412336	inventory
412345	inventory
412358	inventory
412369	inventory
412729	inventory
412735	inventory
412742	inventory
412758	inventory
412767	inventory
412790	inventory
412806	inventory
412820	inventory
412827	inventory
412869	inventory
412875	inventory
412880	inventory
412887	inventory
412899	inventory
412909	inventory
412920	inventory
412930	inventory
412940	inventory
412958	inventory
412972	inventory
413117	inventory
413148	inventory
413160	inventory
413196	inventory
413202	inventory
413208	inventory
413227	inventory
413247	inventory
413270	inventory
413283	inventory
413293	inventory
413305	inventory
413311	inventory
413320	inventory
413330	inventory
413340	inventory
413347	inventory
413351	inventory
413421	inventory
413431	inventory
413434	inventory
413467	inventory
413478	inventory
413495	inventory
413506	inventory
413521	inventory
413539	inventory
413566	inventory
413651	inventory
413668	inventory
413682	inventory
413822	inventory
413824	inventory
413840	inventory
413978	inventory
413988	inventory
414020	inventory
414051	inventory
414064	inventory
414083	inventory
414130	inventory
414152	inventory
414161	inventory
414175	inventory
414181	inventory
414197	inventory
414231	inventory
414247	inventory
414298	inventory
414304	inventory
414318	inventory
414328	inventory
414344	inventory
414353	inventory
414389	inventory
414421	inventory
414439	inventory
414463	inventory
414471	inventory
414492	inventory
414527	inventory
414540	inventory
414558	inventory
414560	inventory
414568	inventory
414574	inventory
414581	inventory
414594	inventory
414602	inventory
414638	inventory
414677	inventory
414689	inventory
414702	inventory
414709	inventory
414719	inventory
414727	inventory
414752	inventory
414763	inventory
414773	inventory
414783	inventory
414791	inventory
414810	inventory
414817	inventory
414822	inventory
414868	inventory
414880	inventory
414887	inventory
414901	inventory
414948	inventory
414955	inventory
414981	inventory
414991	inventory
415003	inventory
415012	inventory
415029	inventory
415049	inventory
415057	inventory
415066	inventory
415084	inventory
415096	inventory
415110	inventory
415119	inventory
415123	inventory
415138	inventory
415158	inventory
415201	inventory
415222	inventory
415232	inventory
415255	inventory
415277	inventory
415294	inventory
415305	inventory
415371	inventory
415392	inventory
417045	inventory
417063	inventory
417103	inventory
417445	numeric-alias
417476	numeric-alias
417623	numeric-alias
417675	numeric-alias
417697	numeric-alias
417699	inventory
417711	inventory
417777	inventory
417816	inventory
417868	inventory
417910	numeric-alias
417918	inventory
417966	inventory
418007	inventory
418060	inventory
418097	inventory
418492	numeric-alias
418493	numeric-alias
420253	listing
420256	listing
420258	listing
420276	listing
420283	listing
420288	listing
420292	listing
420294	listing
420304	listing
420305	listing
420334	listing
420338	listing
420342	listing
420345	listing
420352	listing
420356	listing
420358	listing
420365	listing
420367	listing
420374	listing
420376	listing
420383	listing
420386	listing
420389	listing
420391	listing
420394	listing
420399	listing
420407	listing
420412	listing
420414	listing
420417	listing
420419	listing
420422	listing
420428	listing
420440	listing
420446	listing
420454	listing
420456	listing
420459	listing
420466	listing
420469	listing
420471	listing
420474	listing
420481	listing
420487	listing
420489	listing
420496	listing
420499	listing
420501	listing
420505	listing
420510	listing
420515	listing
420525	listing
420529	listing
420534	listing
420539	listing
420542	listing
420544	listing
420546	listing
420550	listing
420552	listing
420557	listing
420560	listing
420566	listing
420574	listing
420576	listing
420578	listing
420580	listing
420586	listing
420588	listing
420589	listing
420593	listing
420595	listing
420599	listing
420601	listing
420606	listing
420610	listing
420613	listing
420616	listing
420622	listing
420624	listing
420628	listing
420632	listing
420636	listing
420640	listing
420644	listing
420646	listing
420651	listing
420654	listing
420656	listing
420662	listing
420664	listing
420667	listing
420669	listing
420672	listing
420674	listing
420676	listing
420679	listing
420682	listing
420685	listing
420689	listing
420691	listing
420693	listing
420697	listing
420699	listing
420703	listing
420705	listing
420712	listing
420715	listing
420718	listing
420720	listing
420724	listing
420728	listing
420729	listing
420732	listing
420734	listing
420737	listing
420739	listing
420743	listing
420746	listing
420748	listing
422053	listing
422055	listing
422064	listing
422093	listing
422100	listing
422221	listing
422268	listing
422470	listing
422490	listing
422552	listing
422584	listing
422587	listing
422638	listing
422774	listing
422791	listing
422795	listing
422831	listing
422926	listing
423034	listing
423061	listing
423073	listing
423182	listing
423403	inventory
423407	inventory
423411	inventory
423416	inventory
423437	inventory
423446	inventory
423467	inventory
423474	inventory
423495	inventory
423499	inventory
423507	inventory
423516	inventory
423527	inventory
423535	inventory
423539	inventory
423544	inventory
423554	inventory
423559	inventory
423564	inventory
423584	inventory
423589	inventory
423596	inventory
423601	inventory
423604	inventory
423611	inventory
423616	inventory
423621	inventory
423627	inventory
423633	inventory
423642	inventory
423646	inventory
423650	inventory
423654	inventory
423656	inventory
423658	inventory
423661	inventory
423664	inventory
423669	inventory
423671	inventory
423692	inventory
423716	inventory
423720	inventory
423731	inventory
423743	inventory
423747	inventory
423749	inventory
423756	inventory
423777	inventory
423785	inventory
423788	inventory
423793	inventory
423797	inventory
423807	inventory
423813	inventory
423817	inventory
423818	inventory
423820	inventory
423830	inventory
423835	inventory
423848	inventory
423852	inventory
423874	inventory
423878	inventory
423891	inventory
423897	inventory
423900	inventory
423905	inventory
423918	inventory
423923	inventory
425223	listing
425226	listing
425257	listing
626840	listing
626841	listing
626842	listing
626843	listing
626844	listing
626845	listing
626846	listing
626847	listing
626848	listing
626849	listing
626850	listing
626851	listing
626852	listing
626853	listing
626854	listing
626855	listing
626856	listing
626857	listing
626858	listing
626859	listing
626860	listing
626861	listing
626862	listing
626863	listing
626864	listing
626865	listing
626866	listing
626867	listing
626868	listing
626869	listing
626870	listing
626872	listing
626873	listing
626874	listing
626875	listing
626876	listing
626877	listing
626878	listing
626879	listing
626880	listing
626881	listing
626882	listing
626883	listing
626884	listing
626885	listing
626886	listing
626887	listing
626888	listing
626889	listing
626890	listing
626891	listing
626892	listing
626893	listing
626894	listing
627164	listing
627711	numeric-alias
627750	numeric-alias
627757	numeric-alias
627762	numeric-alias
627764	numeric-alias
627772	numeric-alias
627776	numeric-alias
627789	numeric-alias
627804	numeric-alias
627823	numeric-alias
627844	numeric-alias
627848	numeric-alias
627851	numeric-alias
627856	numeric-alias
629185	inventory
629186	inventory
629187	inventory
629188	inventory
629189	inventory
629190	inventory
629191	inventory
629192	inventory
629193	inventory
629194	inventory
629195	inventory
629196	inventory
629197	inventory
629198	inventory
629199	inventory
629200	inventory
629201	inventory
629202	inventory
629203	inventory
629204	inventory
629205	inventory
629206	inventory
629231	numeric-alias
629254	listing
629255	listing
629256	listing
629257	listing
629258	listing
629259	listing
629260	listing
629261	listing
629262	listing
629263	listing
629264	listing
629265	listing
629266	listing
629267	listing
629268	listing
629269	listing
629270	listing
629271	listing
629272	listing
629273	listing
629274	listing
629275	listing
629276	listing
629277	listing
629278	listing
629279	listing
629280	listing
629281	listing
629282	listing
635060	listing
635072	listing
635079	listing
635114	listing
635161	listing
635179	listing
635187	listing
635190	listing
635194	listing
635200	listing
635203	listing
635220	listing
635222	listing
635227	listing
635233	listing
635236	listing
635239	listing
635242	listing
635245	listing
635253	listing
635267	listing
635281	listing
635313	numeric-alias
635314	listing
635320	listing
635324	listing
635328	listing
635401	listing
642911	numeric-alias
642915	listing
642916	listing
642917	listing
642918	listing
642919	listing
642920	listing
642921	listing
642922	listing
642923	listing
642924	listing
642925	listing
642926	listing
642927	listing
642928	listing
642929	listing
642930	listing
642931	listing
642932	listing
642933	listing
642934	listing
642935	listing
642936	listing
642937	listing
642938	listing
642939	listing
642940	listing
643183	listing
643186	listing
643188	listing
643189	listing
643190	listing
643191	listing
643192	listing
643194	listing
643196	listing
643197	listing
643199	listing
643200	listing
643202	listing
643203	listing
643204	listing
643206	listing
643208	listing
643209	listing
643210	listing
643212	listing
643214	listing
643215	listing
643216	listing
643218	listing
643220	listing
643222	listing
643223	listing
643224	listing
643226	listing
643239	numeric-alias
643252	listing
643321	listing
643322	listing
643327	listing
643594	listing
643595	listing
643596	listing
643597	listing
643614	listing
643615	listing
643616	listing
643617	listing
643618	listing
643619	listing
643620	listing
643621	listing
643622	listing
643623	listing
643624	listing
643625	listing
643626	listing
643627	listing
643628	listing
643629	listing
643630	listing
643631	listing
643632	listing
643633	listing
643634	listing
643635	listing
643636	listing
643637	listing
643638	listing
643639	listing
643640	listing
643641	listing
643642	listing
643643	listing
643644	listing
643645	listing
643646	listing
643647	listing
643648	listing
643649	listing
643650	listing
643698	listing
643699	listing
643700	listing
643701	listing
643702	listing
643703	listing
643704	listing
650438	listing
650442	listing
650447	listing
650457	listing
650461	listing
650469	listing
650473	listing
650478	listing
650489	listing
650495	listing
650506	listing
650517	listing
650520	listing
650528	listing
650540	listing
650585	listing
650589	listing
650597	listing
650598	listing
650602	listing
650611	listing
650619	listing
650622	listing
650632	listing
650641	listing
650646	listing
650655	listing
650664	listing
650667	listing
650672	listing
650675	listing
650679	listing
650688	listing
650697	listing
650703	listing
650708	listing
650711	listing
650722	listing
650727	listing
650730	listing
650733	listing
650823	listing
650833	listing
650856	listing
650886	listing
650898	listing
650907	listing
650922	listing
650946	listing
651066	listing
654233	inventory
714501	listing
714529	numeric-alias
714530	listing
714533	numeric-alias
714539	numeric-alias
714540	numeric-alias
714588	numeric-alias
714611	listing
714627	inventory
714643	inventory
714683	numeric-alias
714705	numeric-alias
714708	numeric-alias
714712	listing
714722	numeric-alias
714729	numeric-alias
714731	numeric-alias
714744	numeric-alias
714747	inventory
714749	numeric-alias
714758	inventory
714769	inventory
714817	inventory
714897	inventory
714905	listing
714937	inventory
714947	inventory
714952	listing
714953	inventory
715022	numeric-alias
715070	inventory
715092	inventory
715101	inventory
715108	numeric-alias
715125	numeric-alias
715142	numeric-alias
715144	inventory
715145	listing
715172	numeric-alias
715309	listing
715334	numeric-alias
715353	inventory
715355	numeric-alias
715368	listing
715390	listing
715410	numeric-alias
715422	numeric-alias
715423	numeric-alias
715442	numeric-alias
715450	url-variant
715453	numeric-alias
715482	numeric-alias
715502	listing
715512	inventory
715514	listing
715517	numeric-alias
715533	inventory
715539	numeric-alias
715553	numeric-alias
715555	numeric-alias
715563	numeric-alias
715572	numeric-alias
715574	inventory
715584	numeric-alias
715601	inventory
715609	numeric-alias
715613	inventory
715614	numeric-alias
715618	numeric-alias
715625	url-variant
715632	inventory
715633	numeric-alias
715635	numeric-alias
715641	inventory
715650	inventory
715651	inventory
715656	numeric-alias
715661	inventory
715669	url-variant
715670	numeric-alias
715671	inventory
715672	numeric-alias
715675	numeric-alias
715678	numeric-alias
715679	numeric-alias
715680	numeric-alias
715681	numeric-alias
715682	url-variant
715683	numeric-alias
715686	url-variant
715691	url-variant
715693	url-variant
715695	inventory
715697	url-variant
715700	url-variant
715702	url-variant
715705	url-variant
715707	url-variant
715712	url-variant
715713	url-variant
715715	url-variant
715733	inventory
715738	listing
715740	listing
715741	listing
715743	listing
715744	listing
715750	inventory
715760	numeric-alias
715761	inventory
715770	listing
715771	inventory
715779	listing
715781	listing
715783	listing
715784	listing
715790	inventory
715791	listing
715795	listing
715796	inventory
715800	inventory
715801	listing
715808	listing
715809	inventory
715810	inventory
715813	listing
715814	listing
715818	listing
715819	listing
715821	listing
715825	listing
715829	url-variant
715837	inventory
715839	inventory
715841	listing
715844	listing
715851	listing
715853	inventory
715855	inventory
715857	inventory
715864	listing
715865	listing
715867	listing
715869	inventory
715879	listing
715880	inventory
715895	inventory
715896	listing
715900	listing
715903	listing
715906	inventory
715907	listing
715910	listing
715914	listing
715915	inventory
715917	inventory
715920	listing
715924	listing
715939	listing
715946	inventory
715957	inventory
715961	inventory
715973	listing
715975	inventory
715976	listing
715978	inventory
715991	inventory
716005	listing
716023	inventory
716051	listing
716070	listing
716071	inventory
716082	listing
716098	listing
716103	inventory
716119	listing
716122	listing
716123	inventory
716131	inventory
716132	listing
716149	listing
716167	inventory
716170	listing
716182	listing
716193	listing
716194	inventory
716200	inventory
716216	inventory
716228	inventory
716233	inventory
716240	listing
716245	inventory
716253	listing
716257	inventory
716262	listing
716288	inventory
716292	listing
716298	inventory
716302	listing
716308	inventory
716313	inventory
716320	inventory
716325	inventory
716355	inventory
716356	listing
716367	inventory
716403	listing
716406	listing
716409	listing
716411	listing
716412	inventory
716415	listing
716418	listing
716421	listing
716424	listing
716429	listing
716474	listing
716513	inventory
716531	inventory
716535	inventory
716550	inventory
716556	inventory
716560	inventory
716596	inventory
716604	inventory
716624	inventory
716634	inventory
716638	inventory
716656	inventory
716658	inventory
716665	inventory
716678	inventory
716683	inventory
716686	inventory
716704	inventory
716732	inventory
716743	listing
716785	listing
716798	inventory
716807	inventory
716812	inventory
716817	inventory
716821	inventory
716832	inventory
716836	inventory
716839	inventory
716879	inventory
716883	inventory
716888	inventory
716890	inventory
716924	inventory
716928	inventory
716944	inventory
716949	inventory
716960	inventory
716963	inventory
716968	listing
716972	inventory
716973	listing
716976	inventory
716987	listing
716989	inventory
716993	listing
716996	listing
716998	listing
717000	listing
717003	listing
717011	inventory
717012	listing
717017	listing
717020	listing
717025	listing
717034	listing
717037	listing
717047	inventory
717054	listing
717063	listing
717075	listing
717108	listing
717114	listing
717120	listing
717122	listing
717124	listing
717128	listing
717146	listing
717150	listing
717153	listing
717156	listing
717160	listing
717164	listing
717166	listing
717168	listing
717171	listing
717174	listing
717178	listing
717182	listing
717186	listing
717190	listing
717193	listing
717196	listing
717203	listing
717208	listing
717215	listing
717219	listing
717221	listing
717225	listing
717229	listing
717231	listing
717235	listing
717242	listing
717249	listing
717252	listing
717260	listing
717263	listing
717267	listing
717271	listing
717293	listing
717295	listing
717300	listing
717303	inventory
717315	listing
717322	listing
717328	listing
717333	inventory
717339	listing
717348	listing
717358	listing
717363	listing
717373	listing
717379	listing
717390	listing
717401	listing
717406	inventory
717410	listing
717415	listing
717416	inventory
717423	listing
717436	listing
717444	inventory
717445	listing
717450	listing
717456	listing
717460	listing
717465	listing
717467	listing
717474	listing
717479	listing
717481	listing
717490	listing
717495	listing
717506	listing
717512	listing
717516	listing
717521	listing
717525	listing
717530	listing
717541	listing
717548	listing
717555	listing
717560	listing
717563	listing
717571	listing
717574	listing
717589	listing
717594	inventory
717596	inventory
717598	listing
717616	inventory
717634	listing
717642	listing
717647	listing
717662	listing
717673	listing
717682	listing
717690	listing
717699	listing
717704	listing
717715	listing
717730	listing
717738	listing
717744	listing
717748	listing
717754	listing
717756	listing
717763	listing
717766	listing
717770	listing
717784	listing
717789	listing
717828	listing
717836	listing
717851	listing
717862	listing
717877	listing
717880	listing
717884	listing
717888	listing
717891	listing
717895	listing
717899	listing
717903	listing
717907	listing
717911	listing
717915	listing
717919	listing
717922	inventory
717923	listing
717926	listing
717930	listing
717934	listing
717937	listing
717941	listing
717959	listing
717961	listing
717965	listing
717970	listing
718208	inventory
718284	inventory
718291	inventory
718294	inventory
718296	inventory
718308	inventory
718316	inventory
718324	inventory
718333	inventory
718354	inventory
718359	inventory
718367	inventory
718372	inventory
718374	inventory
718430	inventory
718438	inventory
718463	inventory
718466	inventory
718471	inventory
718476	inventory
718493	inventory
718497	inventory
718498	inventory
718501	inventory
718504	inventory
718508	inventory
718517	inventory
718524	inventory
718528	inventory
718534	inventory
718541	inventory
718543	inventory
718547	inventory
718554	inventory
718569	inventory
718573	inventory
718576	inventory
718582	inventory
718585	inventory
718588	inventory
718594	inventory
718606	inventory
718608	inventory
718613	inventory
718618	inventory
718625	inventory
718632	inventory
718635	inventory
718643	inventory
718646	inventory
718651	inventory
718654	inventory
718658	inventory
718664	inventory
718670	inventory
718675	inventory
718676	inventory
718692	inventory
718695	inventory
718698	inventory
718701	inventory
718705	inventory
718710	inventory
718713	inventory
718716	inventory
718720	inventory
718724	inventory
718728	inventory
718732	inventory
718738	inventory
718747	inventory
718749	inventory
718752	inventory
718759	inventory
718760	inventory
718764	inventory
718768	inventory
718772	inventory
718775	inventory
718782	inventory
718789	inventory
718792	inventory
718797	inventory
718798	inventory
718800	inventory
718804	inventory
718806	inventory
718809	inventory
718813	inventory
718816	inventory
718818	inventory
718829	inventory
718832	inventory
718834	inventory
718840	inventory
718843	inventory
718845	inventory
718849	inventory
718853	inventory
718855	inventory
718859	inventory
718861	inventory
718865	inventory
718874	inventory
718878	inventory
718880	inventory
718882	inventory
718885	inventory
718888	inventory
718892	inventory
718895	inventory
718899	inventory
718903	inventory
718911	inventory
718913	inventory
718926	inventory
718929	inventory
718935	inventory
718940	inventory
718944	inventory
718948	inventory
718951	inventory
718953	inventory
718960	inventory
718965	inventory
718969	inventory
718978	inventory
718982	inventory
718994	inventory
719016	inventory
719355	inventory
719375	inventory
719502	inventory
719539	inventory
719938	inventory
720044	inventory
720082	inventory
720110	inventory
720254	inventory
720260	inventory
720300	inventory
720482	inventory
720575	inventory
720693	inventory
720702	inventory
720712	inventory
720750	inventory
720758	inventory
720767	inventory
720784	inventory
720806	inventory
720812	inventory
720813	inventory
720821	inventory
720823	inventory
720835	inventory
720839	inventory
720842	inventory
720892	inventory
720894	inventory
720901	inventory
720938	inventory
720952	inventory
720956	inventory
720973	inventory
720981	inventory
720982	inventory
721011	inventory
721044	inventory
721055	inventory
721063	inventory
721065	inventory
721068	inventory
721074	inventory
721078	inventory
721080	inventory
721087	inventory
721088	inventory
721092	inventory
721101	inventory
721107	inventory
721109	inventory
721114	inventory
721115	inventory
721116	inventory
721118	inventory
721128	inventory
721129	inventory
721130	inventory
721131	inventory
721133	inventory
721135	inventory
721138	inventory
721141	inventory
721146	inventory
721175	inventory
721214	inventory
721239	inventory
721246	inventory
721253	inventory
721260	inventory
721291	inventory
721295	inventory
721313	inventory
721314	inventory
721320	inventory
721323	inventory
721324	inventory
721334	inventory
721342	inventory
721347	inventory
721356	inventory
721372	inventory
721373	inventory
721381	inventory
721389	inventory
721400	inventory
721413	inventory
721415	inventory
721431	inventory
721434	inventory
721436	inventory
721463	inventory
721464	inventory
721475	inventory
721509	inventory
721511	inventory
721525	inventory
721586	inventory
721588	inventory
721590	inventory
721616	inventory
721651	inventory
721664	inventory
721685	inventory
721708	inventory
721709	inventory
721729	inventory
721730	inventory
721737	inventory
721750	inventory
721754	inventory
721756	inventory
721763	inventory
721764	inventory
721770	inventory
721772	inventory
721773	inventory
721786	inventory
721787	inventory
721788	inventory
721795	inventory
721797	inventory
721805	inventory
721807	inventory
721816	inventory
721817	inventory
721821	inventory
721859	inventory
721867	inventory
721879	inventory
721881	inventory
721885	inventory
721904	inventory
721915	inventory
721922	inventory
721929	inventory
721931	inventory
721976	inventory
721981	inventory
757805	inventory
757812	inventory
757821	inventory
757833	inventory
757841	inventory
757849	inventory
757857	inventory
757880	inventory
757887	inventory
757890	inventory
757912	inventory
757916	inventory
757946	inventory
757949	inventory
757976	inventory
758017	inventory
758030	inventory
758039	inventory
758061	inventory
758136	inventory
758140	inventory
758145	inventory
758150	inventory
758172	inventory
758178	inventory
758214	inventory
758222	inventory
758240	inventory
758246	inventory
758266	inventory
758291	inventory
758309	inventory
758333	inventory
758356	inventory
758451	inventory
758468	inventory
758487	inventory
758490	inventory
758495	inventory
758525	inventory
758531	inventory
758548	inventory
758568	inventory
758580	inventory
758585	inventory
758591	inventory
758595	inventory
758699	inventory
758704	inventory
758707	inventory
758708	inventory
758725	inventory
758734	inventory
758737	inventory
758744	inventory
758747	inventory
758751	inventory
758761	inventory
758787	inventory
758793	inventory
758823	inventory
758855	inventory
758869	inventory
758874	inventory
758895	inventory
758906	inventory
758907	inventory
758925	inventory
758945	inventory
758971	inventory
758988	inventory
759015	inventory
759028	inventory
759047	inventory
759054	inventory
759064	inventory
759066	inventory
759074	inventory
759078	inventory
759084	inventory
759148	inventory
759192	inventory
759195	inventory
759219	inventory
759225	inventory
759261	inventory
759265	inventory
759297	inventory
759306	inventory
759316	inventory
759318	inventory
759358	inventory
759361	inventory
759366	inventory
759388	inventory
759391	inventory
759402	inventory
759410	inventory
759416	inventory
759424	inventory
759459	inventory
759489	inventory
759493	inventory
759508	inventory
759563	inventory
759587	inventory
759617	inventory
759623	inventory
759627	inventory
759641	inventory
759676	inventory
759696	inventory
759701	inventory
759708	inventory
759713	inventory
759722	inventory
759725	inventory
759731	inventory
759760	inventory
759775	inventory
759807	inventory
759829	inventory
759842	inventory
759857	inventory
759880	inventory
759925	inventory
759941	inventory
759944	inventory
759952	inventory
760000	inventory
760013	inventory
760024	inventory
760039	inventory
760063	inventory
760065	inventory
760115	inventory
760163	inventory
760190	inventory
760216	inventory
760217	inventory
760230	inventory
760236	inventory
760237	inventory
760241	inventory
760257	inventory
760262	inventory
760275	inventory
760287	inventory
760297	inventory
760317	inventory
760334	inventory
760340	inventory
760360	inventory
760426	inventory
760500	inventory
760521	inventory
760576	inventory
760586	inventory
760596	inventory
760616	inventory
760644	inventory
760679	inventory
760691	inventory
760715	inventory
760731	inventory
760737	inventory
760761	inventory
760770	inventory
760797	inventory
760816	inventory
760832	inventory
760843	inventory
760850	inventory
760878	inventory
760904	inventory
760922	inventory
760932	inventory
760961	inventory
761043	inventory
761110	inventory
761360	inventory
761437	inventory
761451	inventory
761502	inventory
761530	inventory
761567	inventory
761570	inventory
761575	inventory
761595	inventory
761597	inventory
761604	inventory
761642	inventory
761664	inventory
761697	inventory
761709	inventory
761730	inventory
761745	inventory
761753	inventory
761767	inventory
761905	inventory
761920	inventory
761934	inventory
761939	inventory
761948	inventory
761998	inventory
762019	inventory
762027	inventory
762067	inventory
762104	inventory
762154	inventory
762162	inventory
762198	inventory
762235	inventory
762270	inventory
762353	inventory
762422	inventory
762439	inventory
762445	inventory
762466	inventory
762478	inventory
762522	inventory
762533	inventory
762538	inventory
762547	inventory
762553	inventory
762563	inventory
762567	inventory
762571	inventory
762608	inventory
762622	inventory
762627	inventory
762631	inventory
762635	inventory
762656	inventory
762661	inventory
767229	inventory
767230	inventory
767276	inventory
767603	inventory
806300	listing
806302	listing
806325	url-variant
806353	numeric-alias
806369	numeric-alias
806413	numeric-alias
806437	numeric-alias
806441	numeric-alias
806491	numeric-alias
806504	numeric-alias
806506	numeric-alias
806510	numeric-alias
806512	numeric-alias
806514	numeric-alias
806516	numeric-alias
806517	numeric-alias
806518	numeric-alias
806519	numeric-alias
806525	numeric-alias
806526	numeric-alias
806527	numeric-alias
806528	numeric-alias
806531	numeric-alias
806533	numeric-alias
806535	numeric-alias
806537	numeric-alias
806539	numeric-alias
806544	numeric-alias
806546	numeric-alias
806553	numeric-alias
806580	numeric-alias
806581	numeric-alias
806582	numeric-alias
806583	numeric-alias
806584	numeric-alias
806588	numeric-alias
806589	numeric-alias
806591	numeric-alias
806593	numeric-alias
806597	numeric-alias
806600	numeric-alias
806601	numeric-alias
806602	numeric-alias
806604	numeric-alias
806610	numeric-alias
806611	numeric-alias
806612	numeric-alias
806614	numeric-alias
806616	numeric-alias
806621	numeric-alias
806623	numeric-alias
806625	numeric-alias
807097	listing
808031	listing
808813	listing
808816	url-variant
808831	listing
808832	listing
808833	listing
808834	listing
808836	listing
808839	listing
808841	listing
808844	listing
808846	listing
808849	listing
808852	listing
808855	listing
808857	listing
808860	listing
808861	listing
808864	listing
808873	listing
808876	listing
808878	listing
808880	listing
808883	listing
808886	listing
808889	listing
808891	listing
808893	listing
808895	listing
808898	listing
808900	listing
808902	listing
808904	listing
808906	listing
808909	listing
808912	listing
808914	listing
808917	listing
808919	listing
808922	listing
808924	listing
808927	listing
808930	listing
808933	listing
808935	listing
808938	listing
808940	listing
808942	listing
808945	listing
808946	listing
808949	listing
808952	listing
808955	listing
808958	listing
808959	listing
808962	listing
808965	listing
808966	listing
808967	listing
808968	listing
808971	listing
808974	listing
808977	listing
808979	listing
808981	listing
808984	listing
808987	listing
809032	url-variant
809035	listing
809038	listing
809039	listing
809045	url-variant
809047	url-variant
809055	url-variant
809067	url-variant
809580	url-variant
809589	url-variant
809590	url-variant
809660	listing
809699	listing
809781	listing
809815	listing
809825	listing
809955	listing
809986	listing
809988	listing
809991	listing
809994	listing
810000	listing
810003	listing
810006	listing
810009	listing
810013	listing
810017	listing
810019	listing
810021	listing
810023	listing
810034	listing
810036	listing
810039	listing
810041	listing
810046	listing
810052	listing
810058	listing
810060	listing
810063	listing
810068	listing
810074	listing
810084	listing
810087	listing
810139	listing
810142	listing
810145	listing
810148	listing
810151	listing
810158	listing
810161	listing
810163	listing
810165	listing
810167	listing
810172	listing
810175	listing
810178	listing
810181	listing
810185	listing
810187	listing
810188	listing
810190	listing
810191	listing
810204	listing
810207	listing
810210	listing
810215	listing
810218	listing
810223	listing
810229	listing
810234	listing
810238	listing
810246	listing
810271	url-variant
810272	url-variant
810273	url-variant
810280	listing
810286	listing
810287	listing
810291	listing
810297	listing
810300	listing
810303	listing
810305	listing
810308	listing
810310	listing
810313	listing
810315	listing
810317	listing
810319	listing
810321	listing
810324	listing
810326	listing
810329	listing
810331	listing
810334	listing
810337	listing
810341	listing
810342	listing
810345	listing
810348	listing
810350	listing
810353	listing
810356	listing
810359	listing
810362	listing
810365	listing
810367	listing
810370	listing
810371	listing
810376	listing
810378	listing
810381	listing
810383	listing
810384	listing
810387	listing
810390	listing
810392	listing
810393	listing
810397	listing
810400	listing
810404	listing
810406	listing
810409	listing
810412	listing
810415	listing
810417	listing
810420	listing
810424	listing
810426	listing
810428	listing
810430	listing
810433	listing
810435	listing
810438	listing
810439	listing
810440	listing
810442	listing
810443	listing
810446	listing
810448	listing
810451	listing
810454	listing
810457	listing
810460	listing
810463	listing
810465	listing
810468	listing
810470	listing
810473	listing
810474	listing
810477	listing
810478	listing
810482	listing
810485	listing
810488	listing
810490	listing
810491	listing
810494	listing
810497	listing
810500	listing
810503	listing
810504	listing
810507	listing
810508	listing
810513	listing
810516	numeric-alias
810518	numeric-alias
810519	numeric-alias
810520	numeric-alias
810521	numeric-alias
810522	numeric-alias
810523	numeric-alias
810524	numeric-alias
810525	numeric-alias
810526	numeric-alias
810528	numeric-alias
810529	numeric-alias
810530	numeric-alias
810531	numeric-alias
810532	numeric-alias
810534	numeric-alias
810535	numeric-alias
810537	numeric-alias
810538	numeric-alias
810539	numeric-alias
810571	url-variant
810572	url-variant
810575	listing
810576	listing
810577	listing
810578	listing
810579	listing
810580	listing
810581	listing
810582	listing
810583	listing
810584	listing
810585	listing
810586	listing
810587	listing
810588	listing
810589	listing
810590	listing
810591	listing
810592	listing
810593	listing
810594	listing
810595	listing
810596	listing
810597	listing
810598	listing
810612	numeric-alias
810613	numeric-alias
810614	numeric-alias
810619	numeric-alias
810620	numeric-alias
810621	numeric-alias
810622	numeric-alias
810623	numeric-alias
810625	numeric-alias
810626	numeric-alias
810629	numeric-alias
810630	numeric-alias
810632	url-variant
810634	url-variant
810637	listing
810638	listing
810639	listing
810640	listing
810641	listing
810642	listing
810643	listing
810644	listing
810645	listing
810646	listing
810647	listing
810648	listing
810649	listing
810650	listing
810651	listing
810652	listing
810653	listing
810654	listing
810655	listing
810656	listing
810657	listing
810658	listing
810659	listing
810660	listing
810662	numeric-alias
810663	numeric-alias
810664	numeric-alias
810669	numeric-alias
810670	numeric-alias
810671	numeric-alias
810672	numeric-alias
810673	numeric-alias
810674	numeric-alias
810675	numeric-alias
810681	numeric-alias
810682	numeric-alias
810684	url-variant
810685	url-variant
810686	url-variant
810688	url-variant
810690	listing
810691	listing
810692	listing
810693	listing
810694	listing
810695	listing
810696	listing
810697	listing
810698	listing
810699	listing
810700	listing
810701	listing
810702	listing
810703	listing
810704	listing
810705	listing
810706	listing
810707	listing
810708	listing
810709	listing
810710	listing
810711	listing
810713	url-variant
810714	numeric-alias
810715	numeric-alias
810716	numeric-alias
810717	numeric-alias
810718	numeric-alias
810719	numeric-alias
810720	numeric-alias
810722	numeric-alias
810723	numeric-alias
810724	numeric-alias
810725	numeric-alias
810727	numeric-alias
810728	numeric-alias
810729	numeric-alias
810730	numeric-alias
810731	numeric-alias
810732	numeric-alias
810733	numeric-alias
810736	listing
810737	listing
810738	listing
810739	url-variant
810740	url-variant
810741	url-variant
810743	url-variant
810745	listing
810746	listing
810747	listing
810748	listing
810749	listing
810750	listing
810751	listing
810752	listing
810753	listing
810754	listing
810755	listing
810756	listing
810757	listing
810758	listing
810759	listing
810760	listing
810761	listing
810762	listing
810763	listing
810765	url-variant
810766	numeric-alias
810768	numeric-alias
810770	numeric-alias
810774	numeric-alias
810779	numeric-alias
810780	numeric-alias
810782	numeric-alias
810793	listing
810794	listing
810795	listing
810796	listing
810797	listing
810798	listing
810799	listing
810800	listing
810801	listing
810802	listing
810803	listing
810804	listing
810805	listing
810806	listing
810807	listing
810808	listing
810809	listing
810810	listing
810821	url-variant
810824	numeric-alias
810834	numeric-alias
810838	url-variant
810839	listing
810840	listing
810841	listing
810842	listing
810843	listing
810844	listing
810845	listing
810846	listing
810847	listing
810848	listing
810849	listing
810850	listing
810851	listing
810852	listing
810853	url-variant
810854	url-variant
810855	url-variant
810856	url-variant
810857	url-variant
810858	url-variant
810859	url-variant
810860	url-variant
810861	url-variant
810862	url-variant
810863	url-variant
810864	url-variant
810865	url-variant
810866	url-variant
810867	url-variant
810868	url-variant
810869	url-variant
810870	url-variant
810871	url-variant
810873	url-variant
810879	numeric-alias
810883	numeric-alias
810884	numeric-alias
810885	numeric-alias
810888	numeric-alias
810889	numeric-alias
810891	numeric-alias
810892	numeric-alias
810893	numeric-alias
810894	numeric-alias
810895	numeric-alias
810912	url-variant
810913	url-variant
810914	url-variant
810915	url-variant
810916	url-variant
810921	listing
810922	listing
810923	listing
810924	listing
810925	listing
810926	listing
810927	listing
810928	listing
810929	listing
810930	listing
810931	listing
810932	listing
810933	listing
810934	listing
810935	listing
810936	listing
810937	listing
810938	listing
810939	listing
810940	listing
810942	url-variant
810943	url-variant
810947	url-variant
810948	numeric-alias
810950	numeric-alias
810951	numeric-alias
810952	numeric-alias
810953	numeric-alias
810955	numeric-alias
810956	numeric-alias
810958	numeric-alias
810959	numeric-alias
810961	numeric-alias
810962	numeric-alias
810963	numeric-alias
810964	numeric-alias
810965	numeric-alias
810967	numeric-alias
810968	numeric-alias
810969	numeric-alias
810974	listing
810975	url-variant
810976	url-variant
810977	listing
810978	listing
810979	listing
810980	listing
810981	listing
810982	listing
810983	listing
810984	listing
810985	listing
810986	listing
810987	listing
810988	listing
810989	listing
810990	listing
810991	listing
810992	listing
810993	listing
810994	listing
810995	listing
810996	listing
810997	listing
810998	listing
810999	listing
811002	url-variant
811003	numeric-alias
811005	numeric-alias
811006	numeric-alias
811009	numeric-alias
811011	numeric-alias
811012	numeric-alias
811014	numeric-alias
811021	listing
811022	listing
811023	listing
811024	listing
811025	listing
811026	listing
811027	listing
811028	listing
811029	listing
811030	listing
811031	listing
811032	listing
811033	listing
811034	url-variant
811035	url-variant
811053	url-variant
811054	url-variant
811056	url-variant
811057	numeric-alias
811058	numeric-alias
811059	numeric-alias
811061	numeric-alias
811063	numeric-alias
811064	numeric-alias
811066	numeric-alias
811089	url-variant
811090	url-variant
811091	url-variant
811092	url-variant
811093	url-variant
811094	url-variant
811095	url-variant
811096	url-variant
811097	url-variant
811098	url-variant
811099	url-variant
811100	url-variant
811101	url-variant
811102	url-variant
811103	url-variant
811104	url-variant
811108	listing
811109	listing
811110	listing
811111	listing
811112	listing
811113	listing
811114	listing
811115	listing
811116	listing
811117	listing
811118	url-variant
811119	url-variant
811120	url-variant
811121	url-variant
811122	url-variant
811123	url-variant
811124	url-variant
811125	url-variant
811126	url-variant
811127	url-variant
811128	url-variant
811908	url-variant
812219	listing
812220	listing
812221	listing
812222	listing
812223	listing
812224	listing
812225	listing
812226	listing
812227	listing
812228	listing
812229	listing
812230	listing
812231	listing
812232	listing
812233	listing
812234	listing
812235	listing
812236	listing
812237	listing
812238	listing
812239	listing
812240	listing
812241	listing
812242	listing
812243	listing
812244	listing
812245	listing
812251	inventory
812254	listing
812255	listing
812256	listing
812257	listing
812258	listing
812259	listing
812260	listing
812261	listing
812262	listing
812263	listing
812266	url-variant
812267	url-variant
813271	numeric-alias
813276	numeric-alias
813289	numeric-alias
813307	numeric-alias
813310	numeric-alias
813343	numeric-alias
813347	numeric-alias
816063	listing
816068	listing
816069	listing
816073	listing
816074	listing
816081	listing
816235	listing
816236	listing
816238	listing
816241	listing
816244	listing
816397	listing
816398	listing
816406	listing
816410	listing
816415	listing
816496	listing
816500	listing
816504	listing
816510	listing
816518	listing
816558	listing
816564	listing
816572	listing
816579	listing
816721	listing
816807	listing
816808	listing
816811	listing
816875	listing
816877	listing
816881	listing
816894	listing
816899	listing
816907	listing
816989	listing
816994	listing
816998	listing
817005	listing
817013	listing
817019	listing
817023	listing
817027	listing
817046	listing
819546	listing
819558	listing
819586	listing
819592	listing
819596	listing
819624	listing
819678	listing
819687	listing
819702	listing
819731	listing
819786	listing
819796	listing
819821	listing
819838	listing
819842	listing
819853	listing
819874	listing
819878	listing
819897	listing
819908	listing
819922	listing
819930	listing
819941	listing
819949	listing
819958	listing
819966	listing
819981	listing
819986	listing
820002	listing
820026	listing
820033	listing
820057	listing
821597	listing
821604	listing
821608	listing
821624	listing
821640	listing
821652	listing
821664	listing
821672	listing
821680	listing
821756	listing
821759	listing
821772	listing
821778	listing
823893	listing
823962	listing
823993	listing
824009	listing
824014	listing
824018	listing
824040	listing
824043	listing
824054	listing
824066	listing
824090	listing
824108	listing
824109	numeric-alias
824127	listing
824174	listing
824205	listing
824223	listing
824230	listing
824243	listing
824267	listing
824271	numeric-alias
824272	listing
824302	listing
824312	numeric-alias
824323	listing
824344	numeric-alias
824348	numeric-alias
824357	numeric-alias
824359	numeric-alias
824403	numeric-alias
824443	numeric-alias
824517	numeric-alias
824525	numeric-alias
824534	numeric-alias
824573	numeric-alias
824598	numeric-alias
824632	numeric-alias
824715	numeric-alias
825134	listing
825154	listing
825230	listing
825529	listing
825575	url-variant
826982	numeric-alias
826983	listing
827068	listing
827069	listing
827070	numeric-alias
827071	numeric-alias
827074	numeric-alias
827078	numeric-alias
827079	numeric-alias
827080	listing
827082	numeric-alias
827083	numeric-alias
827085	numeric-alias
827089	numeric-alias
827126	listing
827127	listing
827128	listing
827129	listing
827130	listing
827131	listing
827132	listing
827133	listing
827134	listing
827135	listing
827136	listing
827137	listing
827138	listing
827139	listing
827140	listing
827141	listing
827142	listing
827143	listing
827144	listing
827145	listing
827146	listing
827147	listing
827151	numeric-alias
827152	numeric-alias
827153	numeric-alias
827154	numeric-alias
827160	url-variant
827163	numeric-alias
827164	numeric-alias
827167	numeric-alias
827168	numeric-alias
827169	numeric-alias
827170	numeric-alias
827172	numeric-alias
827173	numeric-alias
827175	numeric-alias
827176	numeric-alias
827177	numeric-alias
827183	listing
827184	listing
827185	listing
827186	listing
827187	listing
827188	listing
827189	listing
827190	listing
827191	listing
827192	listing
827193	listing
827194	listing
827195	listing
827196	listing
827197	listing
827198	listing
827199	listing
827200	listing
827201	listing
827202	listing
827203	listing
827204	listing
827205	listing
827206	listing
827207	listing
827208	numeric-alias
827209	numeric-alias
827210	numeric-alias
827211	numeric-alias
827215	numeric-alias
827216	numeric-alias
827221	numeric-alias
827224	numeric-alias
827226	numeric-alias
827227	numeric-alias
827228	numeric-alias
827230	numeric-alias
827231	numeric-alias
827238	inventory
827240	listing
827241	listing
827242	listing
827243	listing
827244	listing
827245	listing
827246	listing
827247	listing
827248	listing
827249	listing
827250	listing
827251	listing
827252	listing
827253	listing
827254	listing
827255	listing
827256	listing
827257	listing
827258	listing
827259	listing
827260	listing
827261	listing
827262	listing
827263	listing
827266	numeric-alias
827267	numeric-alias
827269	numeric-alias
827270	numeric-alias
827274	numeric-alias
827275	numeric-alias
827276	numeric-alias
827277	numeric-alias
827280	numeric-alias
827281	numeric-alias
827282	listing
827283	url-variant
827285	url-variant
827286	url-variant
827287	url-variant
827288	url-variant
827289	url-variant
827290	url-variant
827291	url-variant
827292	url-variant
827293	url-variant
827294	url-variant
827295	url-variant
827296	url-variant
827297	url-variant
827300	listing
827301	listing
827302	listing
827303	listing
827304	listing
827305	listing
827306	listing
827307	listing
827308	listing
827309	listing
827310	listing
827311	listing
827312	listing
827313	listing
827314	listing
827315	listing
827316	listing
827317	numeric-alias
827318	numeric-alias
827319	numeric-alias
827320	numeric-alias
827321	numeric-alias
827323	numeric-alias
827324	numeric-alias
827325	numeric-alias
827326	numeric-alias
827329	numeric-alias
827330	numeric-alias
827331	numeric-alias
827332	numeric-alias
827333	numeric-alias
827334	numeric-alias
827335	numeric-alias
827338	url-variant
827339	url-variant
827340	url-variant
827341	url-variant
827342	url-variant
827343	url-variant
827344	url-variant
827345	url-variant
827346	url-variant
827347	url-variant
827349	url-variant
827351	listing
827352	listing
827353	listing
827354	listing
827355	listing
827356	listing
827357	listing
827358	listing
827359	listing
827360	listing
827361	listing
827362	listing
827363	listing
827364	listing
827365	listing
827366	listing
827367	listing
827368	listing
827369	url-variant
827370	numeric-alias
827371	numeric-alias
827373	numeric-alias
827374	numeric-alias
827457	listing
827458	listing
827459	listing
827460	listing
827461	listing
827462	listing
827463	listing
827464	listing
827465	listing
827466	listing
827467	listing
827468	listing
827469	listing
827470	listing
827471	listing
827472	listing
827473	listing
827474	listing
827475	listing
827476	listing
827477	listing
827478	listing
827479	listing
827480	listing
827486	url-variant
827487	listing
827488	listing
827489	listing
827490	listing
827491	listing
827492	listing
828951	listing
828955	listing
828958	listing
828961	listing
828964	listing
828967	listing
828971	listing
828972	listing
828973	listing
828979	listing
828980	listing
828981	listing
828982	listing
828983	listing
828984	listing
828990	listing
828994	listing
828997	listing
829000	listing
829001	listing
829002	listing
829012	listing
829014	listing
829015	listing
829017	listing
829024	listing
829026	listing
829028	listing
829031	listing
829034	listing
829036	listing
829039	listing
829043	listing
829046	listing
829049	listing
829052	listing
829056	listing
829061	listing
829062	listing
829063	listing
829064	listing
829065	listing
829066	listing
829067	listing
829068	listing
829069	listing
829071	listing
829072	listing
829758	listing
831537	numeric-alias
831946	listing
831975	listing
831987	listing
832088	listing
832093	listing
832098	listing
832101	listing
832108	listing
832110	listing
832113	listing
832121	listing
832125	listing
832130	listing
832134	listing
832146	listing
832148	listing
832151	listing
832164	listing
832169	listing
832174	listing
832180	listing
832850	listing
832877	url-variant
832935	listing
833002	listing
833020	listing
833052	listing
833085	listing
833133	listing
833148	listing
833164	listing
833178	listing
833195	listing
833239	listing
833242	listing
833248	listing
833255	listing
833263	listing
833269	listing
833276	listing
833350	listing
833392	listing
833398	listing
833471	listing
833503	listing
834779	listing
834838	listing
834852	listing
834898	listing
834912	listing
834970	numeric-alias
835000	listing
835010	numeric-alias
835118	numeric-alias
835193	numeric-alias
835196	numeric-alias
835206	numeric-alias
835497	listing
835508	listing
835518	listing
835538	listing
835558	listing
835593	listing
835663	listing
835665	listing
835672	listing
835683	listing
835813	listing
835818	listing
835849	listing
835853	listing
835857	listing
835864	listing
835960	listing
835981	listing
836036	listing
836105	listing
836106	listing
836108	listing
836112	listing
836116	listing
836135	listing
836217	listing
836221	listing
836229	listing
836254	listing
838523	numeric-alias
838607	numeric-alias
838608	numeric-alias
838867	numeric-alias
838963	numeric-alias
838974	numeric-alias
838986	numeric-alias
839022	numeric-alias
839039	numeric-alias
839044	numeric-alias
839045	numeric-alias
839071	numeric-alias
839133	numeric-alias
839182	numeric-alias
839288	numeric-alias
840243	url-variant
840291	listing
840302	listing
840303	listing
840306	listing
840316	listing
840327	listing
840340	listing
840353	listing
840360	numeric-alias
840367	listing
840390	listing
840452	listing
840455	listing
840457	listing
840461	listing
840474	listing
840502	listing
840511	listing
840522	listing
840538	listing
840602	listing
840616	listing
840644	listing
840666	listing
840688	listing
841176	listing
841697	numeric-alias
841698	numeric-alias
841699	numeric-alias
841700	numeric-alias
841701	numeric-alias
841702	numeric-alias
841703	numeric-alias
841710	listing
841711	listing
841712	listing
841713	listing
841714	listing
841715	listing
841716	listing
841717	listing
841718	listing
841719	listing
841720	listing
841721	listing
841722	listing
841723	listing
841730	url-variant
841732	url-variant
841733	listing
841734	listing
841735	listing
841736	listing
841737	listing
841738	listing
841739	listing
841740	listing
841741	listing
841742	listing
841743	listing
841744	listing
841745	listing
841746	listing
841747	listing
841748	listing
841753	numeric-alias
841755	numeric-alias
841759	numeric-alias
841760	numeric-alias
841761	numeric-alias
841837	listing
841838	listing
841839	listing
841840	listing
841841	listing
841842	listing
841843	listing
841844	listing
841845	listing
841846	listing
841847	listing
841848	listing
841849	listing
841850	listing
841851	listing
841852	listing
841853	listing
841854	listing
841855	listing
841856	listing
841857	listing
841858	listing
841859	listing
841860	listing
841861	listing
841862	listing
841863	listing
841864	listing
841865	listing
841866	listing
841867	listing
841868	listing
841869	listing
841870	listing
841871	listing
841872	listing
841873	listing
841874	listing
841875	listing
841876	listing
841877	listing
841878	listing
841879	listing
841880	listing
841881	listing
841882	listing
841883	listing
841884	listing
841885	listing
841886	listing
843289	listing
843292	listing
843295	listing
843297	listing
843299	listing
843301	listing
843303	listing
843306	listing
843309	listing
843311	listing
843313	listing
843315	listing
843317	listing
843319	listing
843322	listing
843325	listing
843328	listing
843331	listing
843333	listing
843336	listing
843339	listing
843340	listing
843342	listing
843344	listing
843346	listing
843349	listing
843352	listing
843353	listing
843356	listing
843358	listing
843360	listing
843362	listing
843365	listing
843367	listing
843369	listing
843372	listing
843374	listing
843377	listing
843379	listing
843381	listing
843383	listing
843385	listing
843387	listing
843389	listing
843392	listing
843395	listing
843398	listing
843401	listing
843404	listing
843406	listing
846364	listing
846368	listing
846371	listing
846375	listing
846379	listing
846383	listing
846387	listing
846393	listing
846399	listing
846405	listing
846411	listing
846417	listing
846421	listing
846427	listing
846433	listing
846437	listing
846442	listing
846446	listing
846450	listing
846456	listing
846461	listing
846466	listing
846469	listing
846473	listing
846477	listing
846482	listing
846488	listing
846492	listing
846495	listing
846499	listing
846504	listing
846507	listing
846510	listing
846515	listing
846518	listing
846523	listing
846529	listing
846531	listing
846537	listing
846541	listing
846548	listing
846552	listing
846557	listing
846562	listing
846566	listing
846569	listing
846573	listing
846578	listing
846583	listing
847299	listing
850430	listing
850441	listing
850449	listing
850456	listing
850463	listing
850469	listing
850476	listing
850483	listing
850491	listing
850499	listing
850507	listing
850513	listing
850521	listing
850530	listing
850553	listing
850559	listing
850568	listing
850577	listing
850585	listing
850590	listing
850595	listing
850600	listing
850605	listing
850614	listing
850623	listing
850630	listing
850636	listing
850645	listing
850650	listing
850656	listing
850663	listing
850673	listing
850677	listing
850698	listing
850706	listing
850712	listing
850722	listing
850730	listing
850736	listing
850744	listing
850756	listing
850763	listing
850812	listing
850819	listing
850941	listing
850974	listing
850998	listing
851051	listing
851121	listing
851552	listing
853313	numeric-alias
853314	listing
853321	numeric-alias
853408	numeric-alias
853410	listing
853411	listing
853412	listing
853413	numeric-alias
853414	listing
853415	listing
853416	listing
853417	listing
853418	listing
853419	numeric-alias
853420	url-variant
853421	listing
853422	listing
853423	numeric-alias
853424	numeric-alias
853425	listing
853426	numeric-alias
853427	numeric-alias
853428	listing
853429	numeric-alias
853430	listing
853432	numeric-alias
853433	listing
853434	numeric-alias
853435	listing
853436	listing
853437	listing
853438	listing
853440	listing
853441	numeric-alias
853442	listing
853443	listing
853444	listing
853445	numeric-alias
853448	url-variant
853454	listing
853457	numeric-alias
853458	numeric-alias
853459	numeric-alias
853460	numeric-alias
853477	listing
853479	listing
853480	listing
853481	listing
853482	listing
853483	listing
853484	listing
853485	listing
853486	listing
853487	listing
853488	listing
853489	listing
853490	listing
853491	listing
853492	listing
853493	listing
853494	numeric-alias
853496	numeric-alias
853498	numeric-alias
853501	numeric-alias
853502	numeric-alias
853503	numeric-alias
853504	numeric-alias
853506	numeric-alias
853507	numeric-alias
853508	numeric-alias
853509	numeric-alias
853512	url-variant
853516	numeric-alias
853556	inventory
853560	listing
853561	listing
853562	listing
853563	listing
853564	listing
853565	listing
853566	listing
853567	listing
853568	listing
853569	listing
853570	listing
853571	listing
853572	listing
853573	numeric-alias
853574	numeric-alias
853577	numeric-alias
853578	numeric-alias
853581	numeric-alias
853587	listing
853588	listing
853589	listing
853590	listing
853591	listing
853592	listing
853593	listing
853594	listing
853595	listing
853596	listing
853597	listing
853598	listing
853599	listing
853600	listing
853601	listing
853602	listing
853603	listing
853604	listing
853605	listing
853606	listing
853607	listing
853608	listing
853609	listing
853613	listing
853614	listing
853615	listing
853616	listing
853617	listing
853618	listing
853619	listing
853620	listing
854288	listing
854415	listing
854418	listing
854419	listing
854422	listing
854425	listing
854428	listing
854432	listing
854435	listing
854438	listing
854441	listing
854443	listing
854446	listing
854449	listing
854452	listing
854455	listing
854463	listing
854471	listing
854477	listing
854479	listing
854481	listing
854483	listing
854487	listing
854490	listing
854493	listing
854496	listing
854499	listing
854503	listing
854505	listing
854507	listing
854514	listing
854526	listing
854530	listing
854533	listing
854536	listing
854539	listing
854543	listing
854546	listing
854551	listing
854555	listing
854557	listing
854562	listing
856768	listing
856778	listing
856784	listing
856788	listing
856795	listing
856801	listing
856805	listing
856810	listing
856816	listing
856819	listing
856823	listing
856830	listing
856836	listing
856841	listing
856845	listing
856850	listing
856856	listing
856868	listing
856879	listing
856885	listing
856893	listing
856900	listing
856903	listing
856914	listing
856922	listing
856927	listing
856938	listing
856950	listing
856952	listing
856954	listing
856959	listing
857001	listing
857007	listing
857009	listing
857011	listing
857013	listing
857015	listing
857017	listing
857019	listing
857029	listing
857072	listing
857166	listing
857974	listing
857997	listing
858246	listing
858329	listing
858331	listing
860480	listing
860581	listing
860583	listing
860586	listing
860591	listing
860596	listing
860599	listing
860603	listing
860632	listing
860640	listing
860647	listing
860654	listing
860659	listing
860664	listing
860667	listing
860689	listing
860695	listing
860700	listing
860720	listing
860722	listing
860725	listing
860731	listing
860734	listing
860736	listing
860743	listing
860744	listing
860748	listing
860756	listing
860758	listing
860760	listing
860764	listing
860765	listing
860766	listing
860810	listing
860819	listing
860821	listing
860823	listing
860843	listing
860847	listing
860850	listing
860853	listing
860863	listing
860864	listing
860951	listing
860984	listing
860987	listing
860991	listing
860998	listing
861103	listing
861426	listing
862631	numeric-alias
862699	listing
862704	listing
862706	listing
862709	listing
862712	listing
862750	listing
862753	listing
862756	listing
862788	listing
862795	listing
862801	listing
862819	listing
862824	listing
862828	listing
862835	listing
862951	numeric-alias
862952	listing
862956	listing
862963	listing
862971	numeric-alias
862991	listing
862998	listing
863005	listing
863071	listing
863077	listing
863082	listing
863214	listing
863227	listing
863237	listing
863249	listing
863261	listing
863273	listing
863287	listing
863302	listing
863317	listing
863331	listing
863345	listing
864094	numeric-alias
864649	numeric-alias
865568	listing
865624	listing
865633	listing
865683	listing
865712	listing
865746	listing
865953	listing
865964	listing
865967	listing
865985	listing
866023	listing
866035	listing
866046	listing
866346	listing
866361	listing
866376	listing
866393	listing
866542	listing
866548	listing
866565	listing
866724	listing
866732	listing
866747	listing
866802	listing
866810	listing
866815	listing
866871	listing
866875	listing
866876	listing
866877	listing
866878	listing
866879	listing
866880	listing
866881	listing
866883	listing
866884	listing
866886	listing
871787	listing
871798	numeric-alias
871820	numeric-alias
871839	listing
871841	listing
871846	listing
871848	listing
871850	listing
871851	listing
871852	listing
871853	listing
871854	listing
871855	listing
871856	listing
871857	listing
871858	listing
871859	listing
871860	listing
871861	listing
871862	listing
871863	listing
871864	listing
871866	listing
871867	listing
871868	listing
871869	listing
871871	listing
871872	listing
871873	listing
871874	listing
871875	listing
871876	listing
871877	listing
871878	listing
871879	listing
871880	listing
871881	listing
871882	listing
871883	listing
871897	listing
871898	listing
871899	listing
871901	listing
871902	listing
871903	listing
871906	listing
871907	listing
871908	listing
871909	listing
871910	listing
871911	listing
871912	listing
871913	listing
871914	listing
871915	listing
871916	listing
871917	listing
871918	listing
871919	listing
871920	listing
871921	listing
871922	listing
871923	listing
871924	listing
871925	listing
871926	listing
871927	listing
871928	listing
871929	listing
871930	listing
871931	listing
871932	listing
871933	listing
871934	listing
871935	listing
871936	listing
871937	listing
871938	listing
871939	listing
871940	listing
871941	listing
871942	listing
871943	listing
871944	listing
871945	listing
871946	listing
871947	listing
871948	listing
871949	listing
871950	listing
871953	listing
871957	listing
871960	listing
871961	listing
871963	listing
871964	listing
871966	listing
871967	listing
871976	listing
871977	listing
871978	listing
873143	listing
873146	listing
873150	listing
873153	listing
873156	listing
873158	listing
873161	listing
873167	listing
873171	listing
873175	listing
873179	listing
873182	listing
873185	listing
873188	listing
873194	listing
873196	listing
873199	listing
873202	listing
873205	listing
873207	listing
873210	listing
873213	listing
873216	listing
873219	listing
873222	listing
873224	listing
873226	listing
873229	listing
873232	listing
873237	listing
873239	listing
873243	listing
873246	listing
873251	listing
873255	listing
873256	listing
873261	listing
873262	listing
873269	listing
873270	listing
873277	listing
873280	listing
873284	listing
873286	listing
873291	listing
873295	listing
873298	listing
875543	listing
875544	listing
875545	listing
875546	listing
875547	listing
875548	listing
875549	listing
875550	listing
875551	listing
875552	listing
875553	listing
875554	listing
875555	listing
875556	listing
875557	listing
875558	listing
875559	listing
875560	listing
875561	listing
875562	listing
875563	listing
875564	listing
875565	listing
875566	listing
875567	listing
875568	listing
875569	listing
875570	listing
875571	listing
875572	listing
875573	listing
875574	listing
875575	listing
875576	listing
875577	listing
875578	listing
875579	listing
875580	listing
875581	listing
875582	listing
875583	listing
875584	listing
875585	listing
875586	listing
875587	listing
875588	listing
875589	listing
875590	listing
875591	listing
875592	listing
875593	listing
875594	listing
875595	listing
875596	listing
875597	listing
875598	listing
875599	listing
875600	listing
875601	listing
875602	listing
875603	listing
875604	listing
875605	listing
875606	listing
875607	listing
875608	listing
875609	listing
875610	listing
875611	listing
875612	listing
875613	listing
875614	listing
875615	listing
875616	listing
875617	listing
875618	listing
875619	listing
875620	listing
875621	listing
875622	listing
875623	listing
875624	listing
875625	listing
875626	listing
875627	listing
875628	listing
875629	listing
875630	listing
875631	listing
875632	listing
875633	listing
875634	listing
875635	listing
875636	listing
875637	listing
875638	listing
875639	listing
875640	listing
875641	listing
875642	listing
875643	listing
875644	listing
876753	listing
876756	listing
876764	listing
876768	listing
876778	listing
876780	listing
876786	listing
876789	listing
876792	listing
876795	listing
876798	listing
876801	listing
876808	listing
876813	listing
876818	listing
876823	listing
876825	listing
876828	listing
876832	listing
876834	listing
876837	listing
876840	listing
876843	listing
876851	listing
876854	listing
876859	listing
876865	listing
876867	listing
876868	listing
876888	listing
876903	listing
876914	listing
876916	listing
876920	listing
876926	listing
876930	listing
876936	listing
876942	listing
876949	listing
877027	listing
877055	listing
877057	listing
877061	listing
877064	listing
877066	listing
877069	listing
877072	listing
877075	listing
877077	listing
877083	listing
879321	listing
879330	listing
879809	listing
879811	listing
879814	listing
879834	listing
879838	listing
879840	listing
879843	listing
879869	listing
879871	listing
879874	listing
879879	listing
879885	listing
879935	listing
879941	listing
879946	listing
879954	listing
879956	listing
879959	listing
879962	listing
879971	listing
879972	listing
879973	listing
879974	listing
879975	listing
879976	listing
879977	listing
879978	listing
879979	listing
879980	listing
879981	listing
879986	listing
879987	listing
879988	listing
879989	listing
879990	listing
879991	listing
879992	listing
879993	listing
879998	listing
879999	listing
880000	listing
880001	listing
880975	listing
880976	listing
880977	listing
882098	numeric-alias
882191	listing
882194	listing
882197	listing
882201	listing
882204	listing
882206	listing
882209	listing
882213	listing
882216	listing
882219	listing
882221	listing
882222	listing
882223	listing
882226	listing
882229	listing
882233	listing
882235	listing
882238	listing
882240	listing
882243	listing
882246	listing
882249	listing
882253	listing
882255	listing
882257	listing
882259	listing
882260	listing
882261	listing
882262	listing
882265	listing
882277	listing
882278	listing
882280	listing
882286	listing
882290	listing
882294	listing
882295	listing
882296	listing
882297	listing
882298	listing
882299	listing
882304	listing
882305	listing
882306	listing
885032	numeric-alias
885183	listing
885196	listing
885203	listing
885236	listing
885326	listing
885337	listing
885341	listing
885345	listing
885356	listing
885357	listing
885359	listing
885364	listing
885367	listing
885368	listing
885369	listing
885372	listing
885377	listing
885378	listing
885381	listing
885385	listing
885434	listing
885437	listing
885439	listing
885440	listing
885443	listing
885452	listing
885457	listing
885461	listing
885482	listing
885501	listing
885548	listing
885552	listing
885553	listing
885554	listing
885558	listing
885618	listing
885660	listing
885700	listing
885714	listing
885757	listing
885763	listing
885767	listing
885772	listing
885776	listing
885782	listing
885888	listing
885941	listing
886012	listing
887920	listing
888014	listing
888045	listing
888085	listing
888114	listing
888183	listing
888296	listing
888436	listing
888455	listing
888461	listing
888472	listing
888475	listing
888491	listing
888513	listing
888521	listing
888536	listing
888544	listing
888556	listing
888561	listing
888567	listing
888571	listing
888575	listing
888580	listing
888599	listing
888613	listing
888625	listing
888641	listing
888657	listing
888663	listing
888669	listing
888700	listing
888711	listing
888722	listing
888729	listing
888736	listing
888816	listing
888862	listing
888889	listing
888897	listing
888905	listing
888919	listing
888932	listing
888951	listing
888961	listing
889027	listing
889036	listing
889046	listing
889074	listing
889100	listing
889118	listing
891810	numeric-alias
891811	listing
891812	listing
891837	listing
891913	listing
892715	listing
892717	listing
892719	listing
892720	listing
892721	listing
892722	listing
892723	listing
892729	listing
892730	listing
892733	listing
892735	listing
892736	listing
892737	listing
892744	listing
892745	listing
892746	listing
892749	listing
892759	listing
892760	listing
892762	listing
892767	listing
892772	listing
892776	listing
892781	listing
892791	listing
892795	listing
892798	listing
892802	listing
892816	listing
892819	listing
892822	listing
892828	listing
892832	listing
892835	listing
892841	listing
892847	listing
892857	listing
892868	listing
892873	listing
892878	listing
892884	listing
892981	listing
893020	listing
893699	listing
893845	listing
893846	listing
893847	listing
893848	listing
893849	listing
893850	listing
893851	listing
893852	listing
893853	listing
893854	listing
893855	listing
893856	listing
893857	listing
893858	listing
893859	listing
893860	listing
893861	listing
893862	listing
893863	listing
893864	listing
893865	listing
893866	listing
893867	listing
893868	listing
893869	listing
893870	listing
893871	listing
893872	listing
893873	listing
893874	listing
893875	listing
893876	listing
893877	listing
893878	listing
893879	listing
893880	listing
893881	listing
893882	listing
893883	listing
893884	listing
893885	listing
893886	listing
893887	listing
893888	listing
893889	listing
893890	listing
893891	listing
893892	listing
893893	listing
893895	listing
893896	listing
893897	listing
893898	listing
893899	listing
893900	listing
893901	listing
893902	listing
893903	listing
893904	listing
893905	listing
893906	listing
893907	listing
893908	listing
893909	listing
893910	listing
893911	listing
893912	listing
893913	listing
893914	listing
893915	listing
893916	listing
893917	listing
893918	listing
893919	listing
893920	listing
893921	listing
893922	listing
893923	listing
893924	listing
893925	listing
893926	listing
893927	listing
893928	listing
893929	listing
893930	listing
893931	listing
893932	listing
893933	listing
893934	listing
893935	listing
893936	listing
893937	listing
893938	listing
893939	listing
893940	listing
893941	listing
893942	listing
893949	listing
894234	numeric-alias
894236	listing
894237	listing
894238	listing
894240	listing
894241	listing
894242	listing
894243	listing
894244	listing
894245	listing
894246	listing
894247	listing
894248	listing
894249	listing
894250	listing
894251	listing
894252	listing
894253	listing
894254	listing
894255	listing
894256	listing
894257	listing
894258	listing
894259	listing
894260	listing
894261	listing
894262	listing
894263	listing
894264	listing
894265	listing
894266	listing
894267	listing
894268	listing
894269	listing
894270	listing
894271	listing
894275	listing
894276	listing
894277	listing
894278	listing
894280	listing
894281	listing
894282	listing
894283	listing
894284	listing
894285	listing
896871	listing
896874	listing
896877	listing
896880	listing
896883	listing
896886	listing
896889	listing
896891	listing
896893	listing
896896	listing
896899	listing
896902	listing
896905	listing
896908	listing
896911	listing
896915	listing
896919	listing
896922	listing
896926	listing
896929	listing
896932	listing
896935	listing
896938	listing
896942	listing
896945	listing
896948	listing
896951	listing
896954	listing
896957	listing
896960	listing
896963	listing
896966	listing
896970	listing
896973	listing
896976	listing
896979	listing
896982	listing
896985	listing
896988	listing
896991	listing
896994	listing
896999	listing
897002	listing
897005	listing
897008	listing
897010	listing
897015	listing
897020	listing
897042	listing
899519	listing
899520	listing
899521	listing
899522	listing
899523	listing
899524	listing
900229	listing
900233	listing
900236	listing
900239	listing
900241	listing
900242	listing
900243	listing
900244	listing
900245	listing
900246	listing
900249	listing
900250	listing
900252	listing
900254	listing
900256	listing
900258	listing
900259	listing
900260	listing
900263	listing
900267	listing
900269	listing
900272	listing
900274	listing
900275	listing
900276	listing
900278	listing
900281	listing
900284	listing
900288	listing
900291	listing
900294	listing
900307	listing
900311	listing
900316	listing
900320	listing
900323	listing
900326	listing
900328	listing
900335	listing
900337	listing
900342	listing
900349	listing
900351	listing
900354	listing
902962	listing
902976	listing
902992	listing
902998	listing
903007	listing
903016	listing
903019	listing
903024	listing
903029	listing
903039	listing
903044	listing
903052	listing
903063	listing
903068	listing
903071	listing
903074	listing
903080	listing
903094	listing
903099	listing
903106	listing
903117	listing
903123	listing
903129	listing
903134	listing
903136	listing
903144	listing
903152	listing
903160	listing
903175	listing
903182	listing
903220	listing
903227	listing
903252	listing
903291	listing
903308	listing
903315	listing
903323	listing
903338	listing
903359	listing
903372	listing
903392	listing
903399	listing
903400	listing
904168	listing
904244	listing
904271	listing
904278	listing
904312	listing
904313	listing
904314	listing
905109	listing
905110	listing
905111	listing
905112	listing
905113	listing
905114	listing
905115	listing
905116	listing
905117	listing
905118	listing
905119	listing
905120	listing
905121	listing
905122	listing
905123	listing
905124	listing
905125	listing
905126	listing
905127	listing
905128	listing
905129	listing
905130	listing
905131	listing
905132	listing
905133	listing
905134	listing
905135	listing
905136	listing
905137	listing
905138	listing
905139	listing
905140	listing
905141	listing
905142	listing
905143	listing
905144	listing
905145	listing
905146	listing
905147	listing
905148	listing
905149	listing
905150	listing
905151	listing
905152	listing
905153	listing
905154	listing
905155	listing
905156	listing
905157	listing
905239	listing
905240	listing
905241	listing
905242	listing
905243	listing
905244	listing
905245	listing
905246	listing
905247	listing
905248	listing
905249	listing
905250	listing
905251	listing
905252	listing
905253	listing
905254	listing
905255	listing
905256	listing
905257	listing
905258	listing
905259	listing
905260	listing
905261	listing
905262	listing
905263	listing
905264	listing
905265	listing
905266	listing
905267	listing
905268	listing
905269	listing
905270	listing
905271	listing
905272	listing
905273	listing
905274	listing
905275	listing
905276	listing
905277	listing
905278	listing
905279	listing
905280	listing
905281	listing
905282	listing
905283	listing
905284	listing
905285	listing
905286	listing
905287	listing
905288	listing
906825	listing
906827	listing
906830	listing
906832	listing
906834	listing
906836	listing
906838	listing
906841	listing
906845	listing
906847	listing
906848	listing
906850	listing
906852	listing
906854	listing
906856	listing
906857	listing
906861	listing
906864	listing
906866	listing
906869	listing
906872	listing
906885	listing
906887	listing
906891	listing
906896	listing
906925	listing
906928	listing
906931	listing
906935	listing
906937	listing
906940	listing
906943	listing
906945	listing
906947	listing
906950	listing
906953	listing
906955	listing
906957	listing
906959	listing
906962	listing
906964	listing
906966	listing
906968	listing
906970	listing
906972	listing
906974	listing
906976	listing
906979	listing
906982	listing
907841	listing
909492	listing
909493	listing
909494	listing
909495	listing
909496	listing
909497	listing
909498	listing
909499	listing
909500	listing
909501	listing
909502	listing
909503	listing
909504	listing
909505	listing
909506	listing
909507	listing
909508	listing
909509	listing
909510	listing
909511	listing
909512	listing
909513	listing
909514	listing
909515	listing
909516	listing
909517	listing
909518	listing
909519	listing
909520	listing
909521	listing
909522	listing
909523	listing
909524	listing
909525	listing
909526	listing
909527	listing
909528	listing
909529	listing
909530	listing
909531	listing
909532	listing
909533	listing
909534	listing
909535	listing
909536	listing
909537	listing
909538	listing
909539	listing
909540	listing
912369	numeric-alias
912371	numeric-alias
912372	numeric-alias
912373	numeric-alias
912374	numeric-alias
912375	numeric-alias
912376	numeric-alias
912377	numeric-alias
912378	numeric-alias
912379	numeric-alias
912380	numeric-alias
912381	numeric-alias
912382	numeric-alias
912385	numeric-alias
912386	numeric-alias
912387	numeric-alias
912388	numeric-alias
912391	numeric-alias
912392	numeric-alias
912393	numeric-alias
912394	numeric-alias
912395	numeric-alias
912396	numeric-alias
912397	numeric-alias
912398	numeric-alias
912399	numeric-alias
912400	numeric-alias
912403	numeric-alias
912405	numeric-alias
912407	numeric-alias
912408	numeric-alias
912409	numeric-alias
912410	listing
912422	listing
912426	listing
912427	url-variant
912432	listing
912439	listing
912440	listing
912441	listing
912442	listing
912443	listing
912444	listing
912445	listing
912446	listing
912447	listing
912448	listing
912449	listing
912450	listing
912451	listing
912452	listing
912453	listing
912454	listing
912455	listing
912456	listing
912457	listing
912458	listing
912459	listing
912460	listing
912461	listing
912462	listing
912463	listing
912464	listing
912465	listing
912466	listing
912467	listing
912468	listing
912469	listing
912470	listing
912471	listing
912474	listing
912475	listing
912476	listing
912477	listing
912478	listing
912479	listing
912480	listing
912481	listing
912482	listing
912483	listing
912484	listing
912485	listing
912486	listing
912487	listing
912488	listing
912489	listing
912490	listing
912491	listing
912492	listing
912493	listing
912494	listing
912495	listing
912496	listing
912497	listing
912498	listing
912499	listing
912500	listing
912501	listing
912502	listing
912503	listing
912504	listing
912505	listing
912506	listing
912507	listing
912508	listing
912509	listing
912514	url-variant
912515	url-variant
912516	url-variant
912539	listing
912540	listing
912541	listing
912542	listing
912543	listing
912544	listing
912545	listing
912546	listing
912547	listing
912548	listing
912549	listing
912550	listing
912551	listing
912552	listing
912553	listing
912554	listing
912555	listing
912556	listing
912557	listing
912558	listing
912559	listing
912560	listing
912561	listing
912562	listing
912563	listing
912564	listing
912565	listing
912566	listing
912567	listing
912568	listing
912569	listing
912570	listing
912571	listing
912572	listing
912573	listing
912574	listing
912575	listing
912576	listing
912577	listing
912578	listing
912579	listing
912580	listing
912581	listing
912582	listing
912583	listing
912584	listing
912585	listing
912586	listing
912587	listing
912588	listing
912589	listing
912590	listing
912591	listing
912592	listing
912593	listing
912594	listing
912595	listing
912596	listing
912597	listing
912598	listing
912599	listing
912600	listing
912601	listing
912602	listing
912603	listing
912604	listing
912605	listing
912606	listing
912607	listing
912608	listing
912609	listing
912610	listing
912611	listing
912612	listing
912613	listing
912614	listing
912615	listing
912616	listing
912617	listing
912618	listing
912619	listing
912620	listing
912621	listing
912625	url-variant
912628	url-variant
912630	url-variant
912631	listing
912632	listing
912633	listing
912634	listing
912635	listing
912636	listing
912637	listing
912638	listing
912639	listing
912640	listing
912641	listing
912642	listing
912643	listing
912644	listing
912645	listing
912646	listing
912647	listing
912648	listing
912649	listing
912650	listing
912651	listing
912652	listing
912653	listing
912654	listing
912655	listing
912656	listing
912657	listing
912658	listing
912659	listing
912660	listing
912661	listing
912662	listing
912663	listing
912664	listing
912665	listing
912678	url-variant
912681	inventory
912682	inventory
912683	inventory
912684	inventory
912685	inventory
912686	inventory
912687	inventory
912688	inventory
912689	inventory
912690	inventory
912691	inventory
912692	inventory
912693	inventory
912694	inventory
912695	inventory
912696	inventory
912697	inventory
912698	inventory
912699	inventory
912700	inventory
912701	inventory
912702	inventory
912703	inventory
912704	inventory
912705	inventory
912706	inventory
912707	inventory
912708	inventory
912709	inventory
912710	inventory
912711	inventory
912712	inventory
912713	inventory
912714	inventory
912715	inventory
912716	inventory
912717	inventory
912718	inventory
912719	inventory
912720	inventory
912721	inventory
912722	inventory
912723	inventory
912724	inventory
912725	inventory
912726	inventory
912727	inventory
912728	inventory
912729	inventory
912730	inventory
912731	inventory
912732	inventory
912733	inventory
912734	inventory
912735	inventory
912736	inventory
912737	inventory
912738	inventory
912739	inventory
912740	inventory
912741	inventory
912742	inventory
912743	inventory
912744	inventory
912745	inventory
912746	inventory
912747	inventory
912748	inventory
912749	inventory
912750	inventory
912751	inventory
912752	inventory
912753	inventory
912754	inventory
912755	inventory
912756	inventory
912757	inventory
912758	inventory
912759	inventory
912760	inventory
912761	inventory
912762	inventory
912763	inventory
912764	inventory
912765	inventory
912766	inventory
912767	inventory
912768	inventory
912769	inventory
912770	inventory
912771	inventory
912772	inventory
912773	inventory
912774	inventory
912775	inventory
912776	inventory
912777	inventory
912778	inventory
912779	inventory
912780	inventory
912781	inventory
912782	inventory
912783	inventory
912784	inventory
912785	inventory
912786	inventory
912787	inventory
912788	inventory
912789	inventory
912790	inventory
912791	inventory
912792	inventory
912793	inventory
912794	inventory
912795	inventory
912796	inventory
912797	inventory
912798	inventory
912799	inventory
912800	inventory
912801	inventory
912802	inventory
912803	inventory
912804	inventory
912805	inventory
912806	inventory
912807	inventory
912808	inventory
912809	inventory
912810	inventory
912811	inventory
912812	inventory
912813	inventory
912814	inventory
912815	inventory
912816	inventory
912817	inventory
912818	inventory
912819	inventory
912820	inventory
912821	inventory
912822	inventory
912823	inventory
912824	inventory
912825	inventory
912826	inventory
912827	inventory
912828	inventory
912829	inventory
912830	inventory
912831	inventory
912832	inventory
912833	inventory
912834	inventory
912835	inventory
912836	inventory
912837	inventory
912838	inventory
912839	inventory
912840	inventory
912841	inventory
912842	inventory
912843	inventory
912844	inventory
912845	inventory
912846	inventory
912847	inventory
912848	inventory
912849	inventory
912850	inventory
912851	inventory
912852	inventory
912853	inventory
912854	inventory
912855	inventory
912856	inventory
912857	inventory
912858	inventory
912859	inventory
912860	inventory
912861	inventory
912862	inventory
912863	inventory
912864	inventory
912865	inventory
912866	inventory
912867	inventory
912868	inventory
912869	inventory
912870	inventory
912871	inventory
912872	inventory
912873	inventory
912874	inventory
912875	inventory
912876	inventory
912877	inventory
912878	inventory
912879	inventory
912880	inventory
912881	inventory
912882	inventory
912883	inventory
912884	inventory
912885	inventory
912886	inventory
912888	inventory
912889	inventory
912890	inventory
912891	inventory
912892	inventory
912893	inventory
912894	inventory
912895	inventory
912896	inventory
912897	inventory
912898	inventory
912899	inventory
912900	inventory
912901	inventory
912902	inventory
912903	inventory
912904	inventory
912905	inventory
912906	inventory
912907	inventory
912908	inventory
912909	inventory
912910	inventory
912911	inventory
912912	inventory
912913	inventory
912914	inventory
912915	inventory
912916	inventory
912917	inventory
912918	inventory
912919	inventory
912920	inventory
912921	inventory
912922	inventory
912923	inventory
912924	inventory
912925	inventory
912926	inventory
912927	inventory
912928	inventory
912929	inventory
912930	inventory
912931	inventory
912932	inventory
912933	inventory
912934	inventory
912935	inventory
912936	inventory
912937	inventory
912938	inventory
912939	inventory
912940	inventory
912941	inventory
912942	inventory
912943	inventory
912944	inventory
912945	inventory
912946	inventory
912947	inventory
912948	inventory
912949	inventory
912950	inventory
912951	inventory
912952	inventory
912953	inventory
912954	inventory
912955	inventory
912956	inventory
912957	inventory
912958	inventory
912959	inventory
912960	inventory
912961	inventory
912962	inventory
912963	inventory
912964	inventory
912965	inventory
912966	inventory
912967	inventory
912968	inventory
912969	inventory
912970	inventory
912971	inventory
912972	inventory
912973	inventory
912974	inventory
912975	inventory
912976	inventory
912977	inventory
912978	inventory
912979	inventory
912980	inventory
912981	inventory
912982	inventory
912983	inventory
912984	inventory
912985	inventory
912986	inventory
912987	inventory
912988	inventory
912989	inventory
912990	inventory
912991	inventory
912992	inventory
912993	inventory
912994	inventory
912995	inventory
912996	inventory
912997	inventory
912998	inventory
912999	inventory
913000	inventory
913001	inventory
913002	inventory
913003	inventory
913004	inventory
913005	inventory
913006	inventory
913007	inventory
913008	inventory
913009	inventory
913010	inventory
913011	inventory
913012	inventory
913013	inventory
913014	inventory
913015	inventory
913016	inventory
913017	inventory
913018	inventory
913019	inventory
913020	inventory
913021	inventory
913022	inventory
913023	inventory
913024	inventory
913025	inventory
913026	inventory
913027	inventory
913028	inventory
913029	inventory
913030	inventory
913031	inventory
913032	inventory
913033	inventory
913034	inventory
913035	inventory
913036	inventory
913037	inventory
913038	inventory
913039	inventory
913040	inventory
913041	inventory
913042	inventory
913043	inventory
913044	inventory
913045	inventory
913046	inventory
913047	inventory
913048	inventory
913049	inventory
913050	inventory
913051	inventory
913052	inventory
913053	inventory
913054	inventory
913055	inventory
913056	inventory
913057	inventory
913058	inventory
913059	inventory
913060	inventory
913061	inventory
913062	inventory
913063	inventory
913064	inventory
913065	inventory
913066	inventory
913067	inventory
913068	inventory
913069	inventory
913070	inventory
913071	inventory
913072	inventory
913073	inventory
913074	inventory
913075	inventory
913076	inventory
913077	inventory
913078	inventory
913079	inventory
913080	inventory
913081	inventory
913082	inventory
913083	inventory
913084	inventory
913085	inventory
913086	inventory
913087	inventory
913088	inventory
913089	inventory
913090	inventory
913091	inventory
913092	inventory
913093	inventory
913094	inventory
913095	inventory
913096	inventory
913097	inventory
913098	inventory
913099	inventory
913100	inventory
913101	inventory
913102	inventory
913103	inventory
913104	inventory
913105	inventory
913106	inventory
913107	inventory
913108	inventory
913109	inventory
913110	inventory
913111	inventory
913112	inventory
913113	inventory
913114	inventory
913115	inventory
913116	inventory
913117	inventory
913118	inventory
913119	inventory
913121	inventory
913122	inventory
913123	inventory
913124	inventory
913125	inventory
913126	inventory
913127	inventory
913128	inventory
913129	inventory
913130	inventory
913131	inventory
913132	inventory
913133	inventory
913134	inventory
913135	inventory
913136	inventory
913137	inventory
913138	inventory
913139	inventory
913140	inventory
913141	inventory
913142	inventory
913143	inventory
913144	inventory
913145	inventory
913146	inventory
913147	inventory
913148	inventory
913149	inventory
913150	inventory
913151	inventory
913152	inventory
913153	inventory
913154	inventory
913155	inventory
913156	inventory
913157	inventory
913158	inventory
913159	inventory
913160	inventory
913161	inventory
913162	inventory
913163	inventory
913164	inventory
913165	inventory
913166	inventory
913167	inventory
913168	inventory
913169	inventory
913170	inventory
913171	inventory
913172	inventory
913173	inventory
913174	inventory
913175	inventory
913176	inventory
913177	inventory
913178	inventory
913179	inventory
913180	inventory
913181	inventory
913182	inventory
913183	inventory
913184	inventory
913185	inventory
913186	inventory
913187	inventory
913188	inventory
913189	inventory
913190	inventory
913191	inventory
913192	inventory
913193	inventory
913194	inventory
913195	inventory
913196	inventory
913197	inventory
913198	inventory
913199	inventory
913200	inventory
913201	inventory
913202	inventory
913203	inventory
913204	inventory
913205	inventory
913206	inventory
913207	inventory
913208	inventory
913209	inventory
913210	inventory
913211	inventory
913212	inventory
913213	inventory
913214	inventory
913215	inventory
913216	inventory
913217	inventory
913218	inventory
913219	inventory
913220	inventory
913221	inventory
913222	inventory
913223	inventory
913224	inventory
913225	inventory
913226	inventory
913227	inventory
913228	inventory
913229	inventory
913230	inventory
913231	inventory
913232	inventory
913233	inventory
913234	inventory
913235	inventory
913236	inventory
913237	inventory
913238	inventory
913239	inventory
913240	inventory
913241	inventory
913242	inventory
913243	inventory
913244	inventory
913245	inventory
913246	inventory
913247	inventory
913248	inventory
913249	inventory
913250	inventory
913251	inventory
913252	inventory
913253	inventory
913254	inventory
913255	inventory
913256	inventory
913257	inventory
913258	inventory
913259	inventory
913260	inventory
913261	inventory
913262	inventory
913263	inventory
913264	inventory
913265	inventory
913266	inventory
913267	inventory
913268	inventory
913269	inventory
913270	inventory
913271	inventory
913272	inventory
913273	inventory
913274	inventory
913275	inventory
913276	inventory
913277	inventory
913278	inventory
913279	inventory
913280	inventory
913281	inventory
913282	inventory
913283	inventory
913284	inventory
913285	inventory
913286	inventory
913287	inventory
913288	inventory
913289	inventory
913290	inventory
913291	inventory
913292	inventory
913293	inventory
913294	inventory
913295	inventory
913296	inventory
913297	inventory
913298	inventory
913299	inventory
913300	inventory
913301	inventory
913302	inventory
913303	inventory
913304	inventory
913305	inventory
913306	inventory
913307	inventory
913308	inventory
913309	inventory
913310	inventory
913311	inventory
913312	inventory
913313	inventory
913314	inventory
913315	inventory
913316	inventory
913317	inventory
913318	inventory
913319	inventory
913320	inventory
913321	inventory
913322	inventory
913323	inventory
913324	inventory
913325	inventory
913326	inventory
913327	inventory
913328	inventory
913329	inventory
913330	inventory
913331	inventory
913332	inventory
913333	inventory
913334	inventory
913335	inventory
913336	inventory
913337	inventory
913338	inventory
913339	inventory
913340	inventory
913341	inventory
913342	inventory
913343	inventory
913344	inventory
913345	inventory
913346	inventory
913347	inventory
913348	inventory
913349	inventory
913350	inventory
913351	inventory
913352	inventory
913353	inventory
913355	inventory
913356	inventory
913357	inventory
913358	inventory
913359	inventory
913360	inventory
913361	inventory
913362	inventory
913363	inventory
913364	inventory
913365	inventory
913366	inventory
913367	inventory
913368	inventory
913369	inventory
913370	inventory
913371	inventory
913372	inventory
913373	inventory
913374	inventory
913375	inventory
913376	inventory
913377	inventory
913378	inventory
913379	inventory
913380	inventory
913381	inventory
913382	inventory
913383	inventory
913384	inventory
913385	inventory
913386	inventory
913387	inventory
913388	inventory
913389	inventory
913390	inventory
913391	inventory
913392	inventory
913393	inventory
913394	inventory
913395	inventory
913396	inventory
913397	inventory
913398	inventory
913399	inventory
913400	inventory
913401	inventory
913402	inventory
913403	inventory
913404	inventory
913405	inventory
913406	inventory
913407	inventory
913408	inventory
913409	inventory
913410	inventory
913411	inventory
913412	inventory
913413	inventory
913414	inventory
913415	inventory
913416	inventory
913417	inventory
913418	inventory
913419	inventory
913420	inventory
913421	inventory
913422	inventory
913423	inventory
913424	inventory
913425	inventory
913426	inventory
913427	inventory
913428	inventory
913429	inventory
913430	inventory
913431	inventory
913432	inventory
913433	inventory
913434	inventory
913435	inventory
913436	inventory
913437	inventory
913438	inventory
913439	inventory
913440	inventory
913441	inventory
913442	inventory
913443	inventory
913444	inventory
913445	inventory
913446	inventory
913447	inventory
913448	inventory
913449	inventory
913450	inventory
913451	inventory
913452	inventory
913454	inventory
913455	inventory
913456	inventory
913457	inventory
913458	inventory
913459	inventory
913460	inventory
913461	inventory
913462	inventory
913463	inventory
913464	inventory
913465	inventory
913466	inventory
913467	inventory
913468	inventory
913469	inventory
913470	inventory
913472	inventory
913473	inventory
913474	inventory
913476	inventory
913477	inventory
913478	inventory
913479	inventory
913480	inventory
913481	inventory
913482	inventory
913483	inventory
913484	inventory
913485	inventory
913486	inventory
913487	inventory
913488	inventory
913489	inventory
913490	inventory
913491	inventory
913492	inventory
913493	inventory
913494	inventory
913495	inventory
913496	inventory
913497	inventory
913498	inventory
913499	inventory
913501	inventory
913502	inventory
913503	inventory
913504	inventory
913505	inventory
913506	inventory
913507	inventory
913508	inventory
913509	inventory
913510	inventory
913511	inventory
913512	inventory
913513	inventory
913514	inventory
913515	inventory
913516	inventory
913517	inventory
913518	inventory
913519	inventory
913520	inventory
913521	inventory
913523	inventory
913524	inventory
913525	inventory
913526	inventory
913527	inventory
913528	inventory
913529	inventory
913530	inventory
913531	inventory
913532	inventory
913533	inventory
913534	inventory
913535	inventory
913536	inventory
913537	inventory
913538	inventory
913539	inventory
913540	inventory
913541	inventory
913542	inventory
913543	inventory
913544	inventory
913545	inventory
913546	inventory
913548	inventory
913549	inventory
913550	inventory
913551	inventory
913552	inventory
913553	inventory
913554	inventory
913555	inventory
913556	inventory
913557	inventory
913558	inventory
913559	inventory
913560	inventory
913561	inventory
913562	inventory
913563	inventory
913564	inventory
913565	inventory
913566	inventory
913567	inventory
913568	inventory
913569	inventory
913570	inventory
913571	inventory
913572	inventory
913573	inventory
913574	inventory
913575	inventory
913576	inventory
913577	inventory
913578	inventory
913579	inventory
913580	inventory
913581	inventory
913582	inventory
913583	inventory
913584	inventory
913585	inventory
913586	inventory
913587	inventory
913588	inventory
913589	inventory
913590	inventory
913591	inventory
913592	inventory
913593	inventory
913594	inventory
913595	inventory
913596	inventory
913597	inventory
913598	inventory
913599	inventory
913600	inventory
913601	inventory
913602	inventory
913603	inventory
913604	inventory
913605	inventory
913606	inventory
913607	inventory
913608	inventory
913610	inventory
913611	inventory
913612	inventory
913613	inventory
913614	inventory
913615	inventory
913616	inventory
913618	inventory
913619	inventory
913620	inventory
913621	inventory
913623	inventory
913624	inventory
913625	inventory
913626	inventory
913627	inventory
913628	inventory
913629	inventory
913630	inventory
913631	inventory
913632	inventory
913633	inventory
913634	inventory
913635	inventory
913636	inventory
913637	inventory
913638	inventory
913639	inventory
913640	inventory
913641	inventory
913642	inventory
913643	inventory
913645	inventory
913646	inventory
913647	inventory
913648	inventory
913649	inventory
913650	inventory
913651	inventory
913652	inventory
913653	inventory
913654	inventory
913655	inventory
913656	inventory
913657	inventory
913658	inventory
913659	inventory
913660	inventory
913661	inventory
913662	inventory
913663	inventory
913664	inventory
913665	inventory
913666	inventory
913667	inventory
913668	inventory
913669	inventory
913670	inventory
913671	inventory
913673	inventory
913674	inventory
913675	inventory
913676	inventory
913677	inventory
913678	inventory
913679	inventory
913680	inventory
913681	listing
913689	url-variant
913693	listing
913694	listing
913695	listing
913727	listing
913728	listing
913729	listing
913730	listing
913733	listing
913737	listing
913740	listing
913744	url-variant
913745	listing
913746	listing
913747	listing
913753	listing
913754	listing
913755	listing
913756	listing
913757	listing
913758	listing
913759	listing
913760	listing
913761	listing
913766	listing
913769	url-variant
913771	listing
913772	listing
913773	listing
913774	listing
913775	listing
913776	listing
913777	listing
913778	listing
913779	listing
913780	listing
913781	listing
913782	listing
913784	listing
913785	listing
913786	listing
913787	listing
913788	listing
913789	listing
913790	listing
913791	listing
913792	listing
913793	listing
913794	listing
913795	listing
913796	listing
913797	listing
913798	listing
913799	listing
913800	listing
913801	listing
913802	listing
913803	listing
913804	listing
913805	listing
913806	listing
913807	listing
913808	listing
913809	listing
913810	listing
913811	listing
913812	listing
913813	listing
913814	listing
913815	listing
913816	listing
913817	listing
913818	listing
913819	listing
913820	listing
913821	listing
913822	listing
913823	listing
913824	listing
913825	listing
913826	listing
913827	listing
913828	listing
913829	listing
913830	listing
913831	listing
913832	listing
913833	listing
913834	listing
913835	listing
913836	listing
913837	listing
913838	listing
913839	listing
913840	listing
913841	listing
913842	listing
913843	listing
913844	listing
913845	listing
913846	listing
913847	listing
913848	listing
913849	listing
913850	listing
913851	listing
913852	listing
913853	listing
913854	listing
913855	listing
913856	listing
913857	listing
913858	listing
913859	listing
913860	listing
913861	listing
913862	listing
913863	listing
913864	listing
913865	listing
913866	listing
913867	listing
913868	listing
913869	listing
913870	listing
913871	listing
913872	listing
913873	listing
913874	listing
913875	listing
913876	listing
913877	listing
913878	listing
913879	listing
913880	listing
913881	listing
913882	listing
913883	listing
913884	listing
913885	listing
913886	listing
913887	listing
913888	listing
913889	listing
913890	listing
913891	listing
913892	listing
913894	listing
913895	listing
913896	listing
913897	listing
913898	listing
913899	listing
913900	listing
913901	listing
913902	listing
913903	listing
913904	listing
913905	listing
913906	listing
913907	listing
913909	listing
913910	listing
913911	listing
913912	listing
913913	listing
914325	inventory
915552	listing
915558	listing
915599	listing
915610	listing
915628	listing
915642	listing
915649	listing
915654	listing
915660	listing
915665	listing
915670	listing
915675	listing
915690	listing
915696	listing
915700	listing
915705	listing
915709	listing
915712	listing
915719	listing
915726	listing
915729	listing
915730	listing
915733	listing
915735	listing
915737	listing
915745	listing
915750	listing
915755	listing
915762	listing
915767	listing
915771	listing
915776	listing
915781	listing
915787	listing
915790	listing
915794	listing
915799	listing
915802	listing
915805	listing
915811	listing
915814	listing
915820	listing
915823	listing
915826	listing
915829	listing
915836	listing
915837	listing
915838	listing
915839	listing
915989	listing
917186	listing
917187	listing
917188	listing
917189	listing
917190	listing
917191	listing
917192	listing
917193	listing
917194	listing
917195	listing
917196	listing
917197	listing
917198	listing
917199	listing
917200	listing
917201	listing
917202	listing
917203	listing
917204	listing
917205	listing
917206	listing
917207	listing
917208	listing
917209	listing
917210	listing
917211	listing
917212	listing
917213	listing
917214	listing
917215	listing
917216	listing
917217	listing
917218	listing
917219	listing
917220	listing
917221	listing
917222	listing
917223	listing
917224	listing
917225	listing
917226	listing
917227	listing
917228	listing
917229	listing
917230	listing
917231	listing
917232	listing
917233	listing
917234	listing
917239	listing
917242	numeric-alias
917246	listing
917247	listing
917248	listing
917249	listing
917250	listing
917251	listing
917252	listing
917253	listing
917254	listing
917255	listing
917256	listing
917257	listing
917258	listing
917259	listing
917260	listing
917261	listing
917262	listing
917263	listing
917264	listing
917265	listing
917266	listing
917267	listing
917268	listing
917269	listing
917270	listing
917271	listing
917272	listing
917273	listing
917274	listing
917275	listing
917276	listing
917277	listing
917278	listing
917279	listing
917280	listing
917281	listing
917282	listing
917283	listing
917284	listing
917285	listing
917286	listing
917294	listing
917295	listing
917297	listing
917298	listing
917299	listing
917300	listing
917301	listing
917616	listing
917617	listing
917618	listing
917619	listing
917620	listing
917621	listing
917622	listing
917623	listing
917624	listing
917625	listing
917626	listing
917627	listing
917628	listing
917629	listing
917630	listing
917631	listing
917632	listing
917633	listing
917634	listing
917635	listing
917636	listing
917637	listing
917638	listing
917639	listing
917640	listing
917641	listing
917642	listing
917643	listing
917644	listing
917645	listing
917646	listing
917647	listing
917648	listing
917649	listing
917650	listing
917651	listing
917652	listing
917653	listing
917654	listing
917655	listing
917656	listing
917657	listing
917658	listing
917659	listing
917661	listing
917662	listing
917663	listing
917664	listing
